method,scenario,seed,nodes,rounds,probes,fixed_heads,PDR,timely_ratio,service_violation_rate,conditional_delay_ms,radio_energy_J,energy_data_J,energy_probe_J,energy_control_J,energy_aggregation_J,disabled_stored_J,energy_per_delivered_mJ,probe_cost_coverage,probe_delay_coverage,data_cost_coverage,data_delay_coverage,final_alive,searches,accepted_changes,fitness_evaluations,controller_seconds,simulation_seconds,trigger_initial,trigger_periodic,trigger_coverage,trigger_failure,group,run_id
ACR-MCR,S5,4000,60,160,1,4,0.7510606060606061,0.15575757575757576,0.8714285714285714,869.1709665302758,18.895842231102918,9.008949860582877,8.4653047977438,1.1580675727762397,0.2635199999999998,1.1850165856498809,1.719210465936031,0.9002503623665832,0.9010409803663196,0.845780556012502,0.821681197565389,50,17,9,559,0.38649057600332526,1.1518822650000402,1,14,1,1,heads,heads_N60_B1_K4_S5_4000_ACR-MCR
POINT-EA,S5,4000,60,160,1,4,0.7651515151515151,0.16121212121212122,0.9142857142857143,932.0301970606631,19.207755669414443,9.34548749072114,8.446069885685272,1.1555915775996854,0.2606067154083437,1.3420201572762973,1.7185072621825574,0.8964379947229552,0.8945910290237467,0.8507179402541674,0.8291797326291467,49,17,10,558,0.24189380499979052,1.0099006999998892,1,14,0,2,heads,heads_N60_B1_K4_S5_4000_POINT-EA
ACR-MCR,S5,4001,60,160,1,4,0.7589393939393939,0.13537878787878788,0.9142857142857143,865.4042126980994,19.26317170159656,9.340856102161846,8.489733327075413,1.1727622723592992,0.2598200000000004,1.1318604736946483,1.7295000629912514,0.8989598811292719,0.8988248007564501,0.8402317880794702,0.8155629139072847,51,17,11,559,0.3507806320014879,1.013665546999846,1,15,0,1,heads,heads_N60_B1_K4_S5_4001_ACR-MCR
POINT-EA,S5,4001,60,160,1,4,0.768560606060606,0.11962121212121211,0.9428571428571428,915.9720656042692,19.952148542914315,9.674791340822015,8.810725573292498,1.201191628799804,0.2654400000000002,1.0222513286018187,1.7711627645729529,0.8969901401141671,0.894784639335755,0.8429705215419501,0.8194849368318756,52,17,9,559,0.23312704499653591,0.9342674770000485,1,15,0,1,heads,heads_N60_B1_K4_S5_4001_POINT-EA
ACR-MCR,S5,4002,60,160,1,4,0.7703030303030303,0.10333333333333333,0.9714285714285714,927.2102169907054,19.319945370026094,9.377590107808306,8.538064142197804,1.141965578239651,0.2623255417803332,1.3177084807793593,1.7199274788592622,0.8993394980184941,0.8996036988110965,0.8362606697307945,0.8127051871306632,51,17,14,558,0.36991875800072194,1.0726977439999246,1,13,1,2,heads,heads_N60_B1_K4_S5_4002_ACR-MCR
POINT-EA,S5,4002,60,160,1,4,0.7526515151515152,0.1443939393939394,0.9,907.1622586255352,19.087632725324134,9.346902425754921,8.325027216502624,1.1586300292625311,0.25707305380405937,1.2615269470522497,1.7352393386658302,0.8936488508091935,0.8962328301373589,0.8459217034118535,0.8334311342107469,48,18,9,590,0.23254266599928997,0.9178974880001078,1,14,0,3,heads,heads_N60_B1_K4_S5_4002_POINT-EA
ACR-MCR,S5,4003,60,160,1,4,0.7533333333333333,0.1690909090909091,0.8285714285714286,849.2742670481475,18.482970279921894,8.784571598828085,8.0735895435351,1.3689924812802345,0.2558166562784736,1.2881229092137327,1.6860947162855222,0.9000545404963185,0.9001908917371149,0.8462253783075493,0.8059007523881985,49,18,9,591,0.43297021900207255,1.1329413409998779,1,14,1,2,heads,heads_N60_B1_K4_S5_4003_ACR-MCR
POINT-EA,S5,4003,60,160,1,4,0.7518939393939394,0.19083333333333333,0.8071428571428572,839.4055467691728,18.314005882986056,8.752428006761638,7.9489686695875985,1.35929637912873,0.25331282750808953,1.3421235064709514,1.6735818224422971,0.8972326519260186,0.8948685857321652,0.8490841860865078,0.8099578639607877,47,18,7,590,0.24077799999963645,0.941711714999883,1,14,0,3,heads,heads_N60_B1_K4_S5_4003_POINT-EA
ACR-MCR,S5,4004,60,160,1,4,0.7468939393939394,0.11537878787878787,0.95,1004.4532353795046,19.46483164133689,9.640426177505272,8.410520263193641,1.159331212858962,0.2545539877790146,1.292718083082516,1.7780973455135551,0.8988030467899891,0.8992110990206746,0.8282963583089159,0.8064462118041021,49,17,14,558,0.37019689699945957,1.0637850350001372,1,13,1,2,heads,heads_N60_B1_K4_S5_4004_ACR-MCR
POINT-EA,S5,4004,60,160,1,4,0.7713636363636364,0.11393939393939394,0.9285714285714286,933.3667964849898,19.60009466041766,9.634117634887765,8.542952155068308,1.1658038271997115,0.25722104326187567,1.2495295769322048,1.739138834109819,0.8968989126057189,0.8963619277755404,0.8506072200964898,0.8308101813342206,50,17,11,559,0.21633018399984394,0.8935063049998462,1,15,0,1,heads,heads_N60_B1_K4_S5_4004_POINT-EA
ACR-MCR,S5,4005,60,160,1,4,0.7227272727272728,0.09090909090909091,0.9785714285714285,929.4128677382173,19.07638772118064,9.40589735640194,8.158822832110513,1.2538733772799384,0.25779415538825023,1.4576705703808248,1.784340821361953,0.8993939393939394,0.8999326599326599,0.8359582228116711,0.8000663129973474,49,17,13,558,0.42381873399949654,1.1647118480000245,1,13,1,2,heads,heads_N60_B1_K4_S5_4005_ACR-MCR
POINT-EA,S5,4005,60,160,1,4,0.7150757575757576,0.13825757575757575,0.9071428571428571,1002.3064430641092,19.584684020033816,9.757551847283027,8.292073594830796,1.2748585779199926,0.2601999999999998,1.2852519221321295,1.8493563758294445,0.8953903051116101,0.8960507198520671,0.8355588526211671,0.8060501153972964,51,17,11,558,0.2588753529992118,1.0629237069999817,1,14,0,2,heads,heads_N60_B1_K4_S5_4005_POINT-EA
ACR-MCR,S5,4006,60,160,1,4,0.8165151515151515,0.1715151515151515,0.8714285714285714,928.8402468220899,19.419126585235674,9.270279073469473,8.709901737686463,1.174905774079737,0.2640400000000004,1.5579023336280677,1.6281652205278505,0.900893796004206,0.900105152471083,0.832547553243375,0.8021459925215412,52,16,13,527,0.3850654830005169,1.121599377999928,1,15,0,0,heads,heads_N60_B1_K4_S5_4006_ACR-MCR
POINT-EA,S5,4006,60,160,1,4,0.7782575757575757,0.16583333333333333,0.8642857142857143,890.0135681383217,19.25574875802641,9.313585535951034,8.483135228226462,1.2009999109105602,0.2580280829383547,1.4400701561052007,1.6858473785699886,0.8973908341219413,0.8946870352845748,0.8398763782158369,0.8152355496157702,46,17,9,558,0.2223278389974439,0.905970871999898,1,14,0,2,heads,heads_N60_B1_K4_S5_4006_POINT-EA
ACR-MCR,S5,4007,60,160,1,4,0.7595454545454545,0.09075757575757576,0.9857142857142858,958.9740990988456,19.169478822694767,9.270284034514054,8.403366410580823,1.2356683775998913,0.26016000000000006,1.420599168310404,1.7141624629075174,0.8994106616662202,0.9003482453790517,0.8331411629056169,0.8090924065228133,51,17,12,559,0.3841524950018993,1.0915711070001635,1,15,0,1,heads,heads_N60_B1_K4_S5_4007_ACR-MCR
POINT-EA,S5,4007,60,160,1,4,0.7691666666666667,0.09924242424242424,0.9857142857142858,962.1527364124706,19.485946999892104,9.569349573010504,8.42020137484004,1.2365840852474805,0.2598119667940774,1.594423702773226,1.7228954022893108,0.8964919301053755,0.8955582232893158,0.8413781761368309,0.8175314530055094,50,17,9,559,0.22691492299986749,0.9353080910000244,1,15,0,1,heads,heads_N60_B1_K4_S5_4007_POINT-EA
ACR-MCR,S5,4008,60,160,1,4,0.7671212121212121,0.17553030303030304,0.8285714285714286,943.7831725229778,19.061141054039165,9.17130275676949,8.328408572392329,1.3000342624577743,0.2613954624195703,1.4335317459529373,1.695831054629819,0.9002788474306201,0.9004116319213916,0.8376959054730451,0.7936325592844835,50,17,13,559,0.4147701939994022,1.1302062939998905,1,14,1,1,heads,heads_N60_B1_K4_S5_4008_ACR-MCR
POINT-EA,S5,4008,60,160,1,4,0.7462121212121212,0.13742424242424242,0.8857142857142857,905.2918202760992,18.895901480637768,9.322731857419985,8.098416223033965,1.2194793701544608,0.2552740300293558,1.2969024265595759,1.723449606041387,0.8966602792225568,0.8952915411990146,0.8373585542982604,0.8076338456341834,45,16,10,526,0.2197425169986218,0.9493225829999119,1,14,0,1,heads,heads_N60_B1_K4_S5_4008_POINT-EA
ACR-MCR,S5,4009,60,160,1,4,0.7552272727272727,0.14803030303030304,0.9071428571428571,864.7518569903633,18.619293294520904,8.920198563370166,8.247833954190959,1.1928207769597803,0.2584400000000004,1.5111821953389013,1.684851442812497,0.900244964616222,0.8998366902558519,0.8468851638729047,0.8197815027937619,48,17,13,559,0.3792555590000575,1.0609519039999213,1,14,1,1,heads,heads_N60_B1_K4_S5_4009_ACR-MCR
POINT-EA,S5,4009,60,160,1,4,0.7487121212121212,0.15378787878787878,0.8785714285714286,917.250108964257,19.2718923480385,9.49912128743795,8.364187019119177,1.150024041481372,0.2585600000000003,1.509701653502364,1.7575825214809393,0.8994503284622604,0.8965008714304866,0.8463257199602781,0.8210857332009268,50,16,11,527,0.21579339699906086,0.9069059360001575,1,15,0,0,heads,heads_N60_B1_K4_S5_4009_POINT-EA
ACR-MCR,S5,4000,60,160,1,5,0.7689393939393939,0.23303030303030303,0.7785714285714286,717.9219269570549,18.597153641859567,8.675266329086892,8.486700001579571,1.1698640281597223,0.26532328303338115,1.2403993223189789,1.6480994010864558,0.9002362824888422,0.9002362824888422,0.8436474064346684,0.8153315824031516,52,17,11,558,0.48364712499915186,1.2850570489999882,1,13,1,2,heads,heads_N60_B1_K5_S5_4000_ACR-MCR
POINT-EA,S5,4000,60,160,1,5,0.7971969696969697,0.23492424242424242,0.8071428571428572,755.6724655633934,19.43633208719541,9.29040120694153,8.684289751294093,1.1938811289597855,0.2677600000000001,1.2437119452788925,1.6673528426864037,0.8964546269038781,0.8953027006271599,0.8506409216290768,0.8232192114230082,54,17,11,559,0.25962464500116766,1.0004724590000933,1,15,0,1,heads,heads_N60_B1_K5_S5_4000_POINT-EA
ACR-MCR,S5,4001,60,160,1,5,0.7889393939393939,0.22113636363636363,0.8071428571428572,727.7253690451765,18.701526857046353,8.823690657353403,8.50999637633339,1.1054798233595586,0.2623599999999998,1.3867522379884594,1.6283436532038618,0.9004311506332525,0.8998922123416869,0.8421096071310663,0.8127269725982172,49,16,13,527,0.4205519450003976,1.1775688120001178,1,15,0,0,heads,heads_N60_B1_K5_S5_4001_ACR-MCR
POINT-EA,S5,4001,60,160,1,5,0.7682575757575758,0.21946969696969698,0.8071428571428572,773.9220364528791,19.205953984471723,9.306120976128891,8.53181831312699,1.109427773439568,0.25858692177627396,1.2388609133332338,1.7129819822040422,0.8975321888412017,0.8945815450643777,0.8279355588772629,0.8044344793223717,50,16,10,526,0.2437996030012073,0.9625649009999506,1,14,0,1,heads,heads_N60_B1_K5_S5_4001_POINT-EA
ACR-MCR,S5,4002,60,160,1,5,0.7615909090909091,0.19727272727272727,0.8071428571428572,734.2928089388746,18.994997232297898,9.018733875074298,8.481139483978362,1.2333839359998808,0.2617399372453569,1.3335509539630268,1.6993198454372784,0.9002788474306201,0.8993493559952198,0.8353950189675078,0.8097476496783771,47,19,12,623,0.446189191001622,1.1802066200000354,1,13,2,3,heads,heads_N60_B1_K5_S5_4002_ACR-MCR
POINT-EA,S5,4002,60,160,1,5,0.7836363636363637,0.20037878787878788,0.85,763.089040732809,19.4062757437906,9.35876604359433,8.688947225956746,1.092382474239526,0.26617999999999964,1.3581359234905022,1.6920634531162786,0.8948186528497409,0.8963730569948186,0.8364615635710788,0.8182634241880202,54,16,10,527,0.2317762489976758,0.916610645999981,1,15,0,0,heads,heads_N60_B1_K5_S5_4002_POINT-EA
ACR-MCR,S5,4003,60,160,1,5,0.8057575757575758,0.22848484848484849,0.8142857142857143,692.5776710743606,18.901431161944842,8.823695841318225,8.470713722150384,1.3416015984762328,0.26542000000000027,1.367190512476916,1.611787427470354,0.9012747138397502,0.9007544224765869,0.8448558322411533,0.8047182175622543,51,17,11,560,0.4738972599986937,1.2431706649999796,1,15,1,0,heads,heads_N60_B1_K5_S5_4003_ACR-MCR
POINT-EA,S5,4003,60,160,1,5,0.8227272727272728,0.2175757575757576,0.7642857142857142,744.5840795698568,19.26627062500861,9.191439615436845,8.471835424765773,1.3400646221967354,0.26293096260925375,1.3440570298373402,1.612105315455494,0.8983908642616143,0.8963145600830522,0.8356776435545259,0.8024987588945888,48,17,8,559,0.274529933001304,1.0001047910000125,1,15,0,1,heads,heads_N60_B1_K5_S5_4003_POINT-EA
ACR-MCR,S5,4004,60,160,1,5,0.7853030303030303,0.16613636363636364,0.8928571428571429,746.1714128843151,18.8732808591477,8.999764402892476,8.450175292710753,1.1642678271997076,0.2590733363447639,1.1111729116568272,1.6402990491176517,0.8995402920497566,0.8998107084910762,0.8370014893264934,0.811103756412378,50,17,9,558,0.4336987120013873,1.1453195389999564,1,13,1,2,heads,heads_N60_B1_K5_S5_4004_ACR-MCR
POINT-EA,S5,4004,60,160,1,5,0.7328787878787879,0.21825757575757576,0.8,802.5413235385176,19.27884958152751,9.444626701744335,8.420513743703905,1.15672913607927,0.25698000000000004,1.1258618002532703,1.7827676698286952,0.8967961826857532,0.8961145194274028,0.8350245222391341,0.8116015558937933,50,17,10,559,0.23596890799899484,0.9658811929998592,1,15,0,1,heads,heads_N60_B1_K5_S5_4004_POINT-EA
ACR-MCR,S5,4005,60,160,1,5,0.7671969696969697,0.11992424242424242,0.9428571428571428,790.2399874163026,19.151906093942245,9.233922787356938,8.372309678425292,1.2829136281600144,0.26276,1.408415326154294,1.6968110298522412,0.8992014661604922,0.8994632805341013,0.8332111735483345,0.8017753888753156,50,17,13,559,0.4939388360010071,1.3319005089999791,1,14,1,1,heads,heads_N60_B1_K5_S5_4005_ACR-MCR
POINT-EA,S5,4005,60,160,1,5,0.7768181818181819,0.19234848484848485,0.85,796.8408825611377,19.298254557536612,9.429735340175768,8.327055889360839,1.2795233280000051,0.2619400000000002,1.253160962111167,1.6907529838388482,0.8952143044964501,0.8956087299500395,0.8283060738061971,0.8001972548697296,49,17,12,559,0.23749740900098004,0.9142077320000226,1,15,0,1,heads,heads_N60_B1_K5_S5_4005_POINT-EA
ACR-MCR,S5,4006,60,160,1,5,0.7927272727272727,0.22946969696969696,0.7642857142857142,704.4110920322364,18.860623496423262,8.82314732532148,8.549414484858175,1.2273449779198704,0.260716708323736,1.2965941837137382,1.6204676945118361,0.9011534334763949,0.8991416309012875,0.8330579877746572,0.8031554601024286,51,17,11,558,0.49514540700170073,1.3172973850000744,1,14,0,2,heads,heads_N60_B1_K5_S5_4006_ACR-MCR
POINT-EA,S5,4006,60,160,1,5,0.7975,0.22590909090909092,0.7928571428571428,743.9798796895819,18.588147085749704,8.793100535462619,8.348562423567316,1.1889641267197706,0.2575199999999997,1.1878487315104915,1.588458988698488,0.8979675913210656,0.8950837681955507,0.8239858311545922,0.8011301340980012,47,17,7,559,0.29805698600011965,1.1415719040001022,1,15,0,1,heads,heads_N60_B1_K5_S5_4006_POINT-EA
ACR-MCR,S5,4007,60,160,1,5,0.7522727272727273,0.18727272727272729,0.8071428571428572,783.5082020197598,18.84657265814198,9.09297447016226,8.332530164940017,1.1626480230397043,0.2584200000000003,1.615402671099038,1.7038760200833543,0.8998509283100691,0.8999864480281881,0.821339744652628,0.7958050074614492,49,16,9,526,0.4292245670003467,1.1856569470000977,1,14,0,1,heads,heads_N60_B1_K5_S5_4007_ACR-MCR
POINT-EA,S5,4007,60,160,1,5,0.7871969696969697,0.22272727272727272,0.8071428571428572,776.210859521488,19.62242056233334,9.439825092351448,8.653889441258208,1.2640460287236828,0.26465999999999995,1.5512390382168548,1.703039451686629,0.8972059779077323,0.896816114359974,0.8429981241334312,0.8210586412201288,51,17,9,559,0.24199722299954374,0.9135211039999831,1,15,0,1,heads,heads_N60_B1_K5_S5_4007_POINT-EA
ACR-MCR,S5,4008,60,160,1,5,0.7349242424242424,0.23946969696969697,0.7571428571428571,662.5309317850683,18.28031967990448,8.696206501228907,7.949190322103577,1.381185368227585,0.2537374883444108,1.395936777134711,1.6882452604270852,0.8991467338089243,0.8999860120296544,0.8349008207934336,0.7871922024623803,48,19,7,623,0.47747556200101826,1.2388459639998928,1,14,1,3,heads,heads_N60_B1_K5_S5_4008_ACR-MCR
POINT-EA,S5,4008,60,160,1,5,0.7625,0.19507575757575757,0.8071428571428572,812.2185947427046,19.153839284226216,9.316826996475681,8.276914360070476,1.2994179276800568,0.2606800000000003,1.2370736604600088,1.71138664083508,0.8964,0.8954666666666666,0.83630335681724,0.8019063406547866,52,17,12,559,0.27548833499918146,1.030068779999965,1,15,0,1,heads,heads_N60_B1_K5_S5_4008_POINT-EA
ACR-MCR,S5,4009,60,160,1,5,0.7846969696969697,0.1662878787878788,0.8714285714285714,788.3545736015452,19.063564489820372,8.950815008193134,8.608240803227341,1.237208678399896,0.2672999999999999,1.405121367400266,1.6608785929447962,0.9004424778761062,0.9001821967725143,0.842096825905739,0.8101955755049696,52,17,14,560,0.39227029400103675,1.0456360969999423,1,15,1,0,heads,heads_N60_B1_K5_S5_4009_ACR-MCR
POINT-EA,S5,4009,60,160,1,5,0.7731060606060606,0.19787878787878788,0.8142857142857143,815.3337270352114,19.407931949149052,9.413754033088223,8.507353788060966,1.2249441279998636,0.2618799999999998,1.150770555805297,1.71372467542155,0.89951206646446,0.8964789661084004,0.8445536445536446,0.8194103194103194,49,17,12,559,0.2487661340012437,0.954070498999954,1,15,0,1,heads,heads_N60_B1_K5_S5_4009_POINT-EA
ACR-MCR,S5,4000,60,160,1,6,0.7937121212121212,0.2965151515151515,0.7785714285714286,598.8793564660315,18.791817909059226,8.679741160168371,8.652993351997761,1.1902833968930926,0.2687999999999999,1.3728556174792703,1.619705043014931,0.9000771604938271,0.9005915637860082,0.8394421018488485,0.8021407719753487,54,17,15,558,0.4939595370008192,1.2930305209999915,1,13,1,2,heads,heads_N60_B1_K6_S5_4000_ACR-MCR
POINT-EA,S5,4000,60,160,1,6,0.7961363636363636,0.27575757575757576,0.75,612.1593595591042,18.717077336596674,8.743614315687449,8.536232592749501,1.170990428159725,0.2662399999999997,1.2854609197299407,1.6088256263191227,0.8957055214723927,0.8949223338989688,0.8380380215620113,0.8066825775656324,49,17,8,559,0.3109739180001725,1.1443365850000191,1,15,0,1,heads,heads_N60_B1_K6_S5_4000_POINT-EA
ACR-MCR,S5,4001,60,160,1,6,0.7878787878787878,0.2797727272727273,0.75,607.2134890914411,18.9010989116522,8.834764035032725,8.672296302539856,1.1285185740796175,0.26552000000000014,1.4379515181477462,1.64086282764582,0.8996169594505349,0.8990886276581693,0.8368361029651352,0.8023786249592701,50,16,11,527,0.40455265600007806,1.1115311529999872,1,15,0,0,heads,heads_N60_B1_K6_S5_4001_ACR-MCR
POINT-EA,S5,4001,60,160,1,6,0.7958333333333333,0.2662878787878788,0.75,669.8706959585663,19.455854739551363,9.294501783530507,8.760495331701222,1.135037624319635,0.26581999999999945,1.4342679340398399,1.6737658929414456,0.8968668407310705,0.8941253263707571,0.8374826544771855,0.8107909558403396,53,16,12,527,0.2526265910003076,0.9155896759998541,1,15,0,0,heads,heads_N60_B1_K6_S5_4001_POINT-EA
ACR-MCR,S5,4002,60,160,1,6,0.7930303030303031,0.26121212121212123,0.7785714285714286,675.8113220854359,18.778265088200364,8.983564102113135,8.416618858727642,1.1162021273595861,0.2618799999999996,1.40825802392548,1.6227328973557178,0.8989533011272142,0.8992216854535695,0.8245354382502877,0.796250616674889,51,17,10,559,0.47420025300039015,1.2235269409998182,1,14,1,1,heads,heads_N60_B1_K6_S5_4002_ACR-MCR
POINT-EA,S5,4002,60,160,1,6,0.7677272727272727,0.2715909090909091,0.7571428571428571,675.2821072860289,18.877474524460585,9.05776663140253,8.440794175109884,1.117313717948172,0.2616000000000004,1.287646516632178,1.6797895109859926,0.8941742383752004,0.8956440406199893,0.8277131620784871,0.8069617605221321,47,17,10,559,0.24787046500046017,0.9145144659999005,1,15,0,1,heads,heads_N60_B1_K6_S5_4002_POINT-EA
ACR-MCR,S5,4003,60,160,1,6,0.8296969696969697,0.2893181818181818,0.7857142857142857,644.0731683255202,19.009124672081622,8.93089983355504,8.468155360126405,1.345189478400177,0.2648799999999996,1.2152376200488202,1.5734727813990252,0.9006622516556292,0.9004025451240099,0.8319758918390617,0.788564912852256,52,17,10,559,0.4653700549997666,1.2157614399998238,1,14,1,1,heads,heads_N60_B1_K6_S5_4003_ACR-MCR
POINT-EA,S5,4003,60,160,1,6,0.7721969696969697,0.3206818181818182,0.75,579.5868111115892,18.438288391708944,8.72544615024949,8.211199818419544,1.2426224230399106,0.2590199999999998,1.3620105827791815,1.6285363356040403,0.8981793661496965,0.8954821308159137,0.8366720654675646,0.7885943227346347,50,16,7,527,0.287795361999315,0.9773184549999314,1,15,0,0,heads,heads_N60_B1_K6_S5_4003_POINT-EA
ACR-MCR,S5,4004,60,160,1,6,0.7878787878787878,0.24106060606060606,0.8357142857142857,679.8922459544989,19.36655980568918,9.175691687331085,8.729114590038305,1.1971135283197922,0.2646400000000005,1.1560828094895546,1.6841951305060598,0.8993718921748234,0.9000261711593823,0.825775462020679,0.7949198078645282,52,17,16,559,0.41344704700054535,1.110218975999942,1,14,1,1,heads,heads_N60_B1_K6_S5_4004_ACR-MCR
POINT-EA,S5,4004,60,160,1,6,0.7983333333333333,0.2587878787878788,0.7785714285714286,691.6679882983312,19.518018079475727,9.376952344724815,8.737258360671264,1.1399873740796471,0.2638199999999996,1.159863421340262,1.6772379547542946,0.8963446475195822,0.8967362924281984,0.8399377763222532,0.8193875880137547,50,16,12,527,0.26176205900151217,0.9681947080000555,1,15,0,0,heads,heads_N60_B1_K6_S5_4004_POINT-EA
ACR-MCR,S5,4005,60,160,1,6,0.7651515151515151,0.2571969696969697,0.7857142857142857,679.0382213824951,18.956035961344554,9.05573167716846,8.350273159327065,1.285530378240021,0.2645007466090076,1.3389461648144574,1.6824386226452963,0.8988985051140834,0.8991607658012064,0.824806832045547,0.7892639284261895,49,17,10,558,0.4883565619993533,1.2167866049999247,1,13,1,2,heads,heads_N60_B1_K6_S5_4005_ACR-MCR
POINT-EA,S5,4005,60,160,1,6,0.7588636363636364,0.26227272727272727,0.7571428571428571,715.6931869643144,19.644314996627635,9.614901586559064,8.466819281428517,1.2986141286400557,0.2639799999999998,1.5023834301408507,1.7564659331748602,0.8951592026922082,0.8952886357753042,0.836697997548018,0.8052308949734368,51,17,9,559,0.2987583479996374,1.0801026819999606,1,15,0,1,heads,heads_N60_B1_K6_S5_4005_POINT-EA
ACR-MCR,S5,4006,60,160,1,6,0.8274242424242424,0.25636363636363635,0.8142857142857143,646.7551392158724,19.21543974491807,8.897892968077258,8.803202191518999,1.2476036586421109,0.2667409266796997,1.3183258640285471,1.5953042544556304,0.9007147498375568,0.899545159194282,0.8256285482562855,0.7871857258718573,53,17,12,559,0.4374261839989231,1.139588700999866,1,15,0,1,heads,heads_N60_B1_K6_S5_4006_ACR-MCR
POINT-EA,S5,4006,60,160,1,6,0.8249242424242424,0.3096969696969697,0.7142857142857143,632.5920924371194,19.203814164929316,9.044575188708219,8.716371652061353,1.1777273241597441,0.2651400000000001,1.266168428098558,1.5987191279494937,0.8969085669373854,0.8949436730416558,0.8226164079822617,0.7895212285456188,51,16,10,527,0.2567811160004112,0.9919959010001094,1,15,0,0,heads,heads_N60_B1_K6_S5_4006_POINT-EA
ACR-MCR,S5,4007,60,160,1,6,0.7556818181818182,0.28265151515151515,0.7785714285714286,651.3450265981733,18.833712678894194,8.903404179963681,8.489539975410766,1.1783485235197455,0.26242000000000015,1.4429420748694999,1.7047169332815164,0.8991093978466037,0.900039877708361,0.8345970001648261,0.8007252348772046,51,16,11,527,0.4062801209997815,1.0753595989999667,1,15,0,0,heads,heads_N60_B1_K6_S5_4007_ACR-MCR
POINT-EA,S5,4007,60,160,1,6,0.7901515151515152,0.24833333333333332,0.7714285714285715,691.3906134028646,19.87469950771947,9.603088912319201,8.732790966600277,1.2736396287999912,0.26517999999999986,1.3671248063953754,1.727784013537292,0.8963296844816484,0.8967160334835802,0.8362986432691526,0.8080266471687383,52,17,11,559,0.3130167850004,1.162508988000127,1,15,0,1,heads,heads_N60_B1_K6_S5_4007_POINT-EA
ACR-MCR,S5,4008,60,160,1,6,0.7641666666666667,0.305,0.7785714285714286,627.4198879002869,18.961329980379073,8.922645074620915,8.449815427358041,1.3221494784001167,0.2667199999999997,1.158306103733664,1.690862313213757,0.9002347417840375,0.9001043296817944,0.8362954508397196,0.7843632806130768,53,17,10,558,0.4321481349991245,1.1438107179999406,1,13,1,2,heads,heads_N60_B1_K6_S5_4008_ACR-MCR
POINT-EA,S5,4008,60,160,1,6,0.7717424242424242,0.2696969696969697,0.7714285714285715,697.7562554759257,19.109752146903716,9.114355975094686,8.4702696568842,1.259746514924832,0.2653799999999999,1.229567949115589,1.6890358977288065,0.8970454249642067,0.896004165039698,0.8367717445122957,0.7955108103647467,50,16,10,527,0.2591868060001161,0.9887814119999803,1,15,0,0,heads,heads_N60_B1_K6_S5_4008_POINT-EA
ACR-MCR,S5,4009,60,160,1,6,0.7713636363636364,0.28765151515151516,0.8214285714285714,624.8788440257953,18.64952994594632,8.71459507605317,8.451430642053303,1.2185842278398475,0.2649199999999996,1.226099107939754,1.6486501013035997,0.9003582327185883,0.8995621600106143,0.8374549623321323,0.8043727481166066,52,17,9,559,0.4292836699992222,1.105845066000029,1,14,1,1,heads,heads_N60_B1_K6_S5_4009_ACR-MCR
POINT-EA,S5,4009,60,160,1,6,0.7978030303030303,0.2421969696969697,0.7857142857142857,690.1503620993918,18.74806269494571,8.88402422354199,8.440287570968907,1.1602909004348116,0.26345999999999975,1.44639706064482,1.6077577133132412,0.8998538982600611,0.8964005844069598,0.8454590244703564,0.8185252093939892,50,16,6,527,0.27758077200041953,1.0401562800000193,1,15,0,0,heads,heads_N60_B1_K6_S5_4009_POINT-EA
ACI-EVENT,S1,1000,40,160,1,0,0.8494642857142857,0.7155357142857143,0.5,376.1396912063469,11.340250196301785,4.54137466328681,6.075725881815056,0.599929651199919,0.12321999999999984,0.0,2.057748175703463,0.8992137240886348,0.899928520371694,0.844749652294854,0.81884561891516,39,16,9,527,0.29724467100163565,1.0203902499999913,1,15,0,0,main,main_N40_B1_K0_S1_1000_ACI-EVENT
ACI-PER,S1,1000,40,160,1,0,0.8494642857142857,0.7155357142857143,0.5,376.1396912063469,11.340250196301785,4.54137466328681,6.075725881815056,0.599929651199919,0.12321999999999984,0.0,2.057748175703463,0.8992137240886348,0.899928520371694,0.844749652294854,0.81884561891516,39,16,9,527,0.3187336129999494,1.1626850089999152,1,15,0,0,main,main_N40_B1_K0_S1_1000_ACI-PER
ACR-MCR,S1,1000,40,160,1,0,0.8405357142857143,0.6423214285714286,0.5785714285714286,428.65570241204085,11.565340284889503,4.774005273769327,6.068905359920257,0.599929651199919,0.12249999999999994,0.0,2.1178063147572797,0.8991596638655462,0.8996960486322189,0.8340692934782609,0.8051970108695652,39,16,10,527,0.5284903159995338,1.2791424500001085,1,15,0,0,main,main_N40_B1_K0_S1_1000_ACR-MCR
FROZEN-CP,S1,1000,40,160,1,0,0.84,0.6475,0.5214285714285715,392.8323336115291,11.368877888472102,4.572426845201481,6.073401392070702,0.599929651199919,0.12311999999999981,0.0,2.0829750620139436,0.8630430895762561,0.857858036831754,0.7818308146604134,0.7668924787215564,38,16,10,527,0.27838192899935166,0.998220511999989,1,15,0,0,main,main_N40_B1_K0_S1_1000_FROZEN-CP
POINT-EA,S1,1000,40,160,1,0,0.82375,0.6258928571428571,0.5857142857142857,405.47570242107116,11.613439587576705,4.811756895085532,6.079833041291255,0.599929651199919,0.12191999999999989,0.0,2.16386055293026,0.8966071428571428,0.8964285714285715,0.8366127898805341,0.817814476458187,40,16,8,527,0.30869757200161985,1.1007192299998678,1,15,0,0,main,main_N40_B1_K0_S1_1000_POINT-EA
RANDOM-CH,S1,1000,40,160,1,0,0.5633928571428571,0.14357142857142857,0.9285714285714286,721.5231564236196,11.160359900274852,4.382937207783678,6.079833041291255,0.599929651199919,0.09765999999999987,0.0,2.8405090099961448,0.8966071428571428,0.8964285714285715,0.865195027861123,0.85533647663952,40,16,16,0,0.06763552700135733,0.8352909330001239,1,15,0,0,main,main_N40_B1_K0_S1_1000_RANDOM-CH
ROLL-CP,S1,1000,40,160,1,0,0.8451785714285714,0.6267857142857143,0.5571428571428572,409.54159619832404,11.351962469420647,4.555603499717151,6.073689318503577,0.599929651199919,0.12273999999999971,0.0,2.068883263973145,0.896514745308311,0.8963360142984808,0.8400274630964641,0.8075866803982149,39,16,9,527,0.28849481100110097,1.03299502699997,1,15,0,0,main,main_N40_B1_K0_S1_1000_ROLL-CP
ACI-EVENT,S1,1001,40,160,1,0,0.7923214285714286,0.6135714285714285,0.6428571428571429,402.7385539965563,11.552453223661105,4.688506416359076,6.221541756421986,0.5204450508800427,0.12196000000000012,0.0,2.2276230666527392,0.9003824439992716,0.9007466763795301,0.8208274894810659,0.7880434782608695,38,16,8,527,0.20460922899883371,0.6503572009999061,1,15,0,0,main,main_N40_B1_K0_S1_1001_ACI-EVENT
ACI-PER,S1,1001,40,160,1,0,0.7923214285714286,0.6135714285714285,0.6428571428571429,402.7385539965563,11.552453223661105,4.688506416359076,6.221541756421986,0.5204450508800427,0.12196000000000012,0.0,2.2276230666527392,0.9003824439992716,0.9007466763795301,0.8208274894810659,0.7880434782608695,38,16,8,527,0.2081376380006077,0.6722246930000892,1,15,0,0,main,main_N40_B1_K0_S1_1001_ACI-PER
ACR-MCR,S1,1001,40,160,1,0,0.8167857142857143,0.6235714285714286,0.5928571428571429,393.2163728987698,11.45271913237857,4.6231708866859265,6.188675144892599,0.5193131008000446,0.12155999999999985,0.0,2.1515534721733176,0.9001282756093092,0.9003115264797508,0.8463834269662921,0.8221558988764045,37,16,9,527,0.3229231560012522,0.7916756049999094,1,15,0,0,main,main_N40_B1_K0_S1_1001_ACR-MCR
FROZEN-CP,S1,1001,40,160,1,0,0.7907142857142857,0.6467857142857143,0.6,394.0868543250193,11.607897571434199,4.728265069236806,6.237207451317351,0.5204450508800427,0.12197999999999984,0.0,2.242205441652347,0.8214026162790697,0.8141351744186046,0.7325764192139738,0.7227947598253275,38,16,8,527,0.2116118589999587,0.7033951780001644,1,15,0,0,main,main_N40_B1_K0_S1_1001_FROZEN-CP
POINT-EA,S1,1001,40,160,1,0,0.8125,0.7007142857142857,0.5571428571428572,352.71206383060263,11.499831500393203,4.715306811347845,6.1497658384853064,0.5142788505600522,0.12047999999999975,0.0,2.1701889979983395,0.8970289721350803,0.8959217567816941,0.8360596800287614,0.8146683444184792,38,16,6,527,0.1801728630011894,0.6100623070001348,1,15,0,0,main,main_N40_B1_K0_S1_1001_POINT-EA
RANDOM-CH,S1,1001,40,160,1,0,0.73125,0.38410714285714287,0.7928571428571428,565.5916072439602,12.114992876898802,5.115847949959909,6.360805675738861,0.5286592512000301,0.10968000000000003,0.0,2.518186006422532,0.8969642857142858,0.8960714285714285,0.8472195862592522,0.8360220155627254,40,16,16,0,0.0443919690014809,0.5020656950000557,1,15,0,0,main,main_N40_B1_K0_S1_1001_RANDOM-CH
ROLL-CP,S1,1001,40,160,1,0,0.79125,0.6133928571428572,0.6428571428571429,402.09990854918857,11.547955765625659,4.685826635601799,6.219604079143817,0.5204450508800427,0.12208000000000009,0.0,2.229335089889123,0.8971043525769441,0.8956474230559097,0.8162692847124825,0.7848877980364657,38,16,8,527,0.23540487799823495,0.7792493140000261,1,15,0,0,main,main_N40_B1_K0_S1_1001_ROLL-CP
ACI-EVENT,S1,1002,40,160,1,0,0.7748214285714285,0.5826785714285714,0.6714285714285714,396.9753027024376,11.17258708953929,4.549555601069463,5.88610018734993,0.6143113011198967,0.12261999999999995,0.0,2.1889864987341867,0.8992637816484108,0.8987250852935895,0.8378050891466159,0.799376839189891,39,16,11,527,0.3150842059997103,0.9480696539999371,1,15,0,0,main,main_N40_B1_K0_S1_1002_ACI-EVENT
ACI-PER,S1,1002,40,160,1,0,0.7748214285714285,0.5826785714285714,0.6714285714285714,396.9753027024376,11.17258708953929,4.549555601069463,5.88610018734993,0.6143113011198967,0.12261999999999995,0.0,2.1889864987341867,0.8992637816484108,0.8987250852935895,0.8378050891466159,0.799376839189891,39,16,11,527,0.26031191900119666,0.8893240830000195,1,15,0,0,main,main_N40_B1_K0_S1_1002_ACI-PER
ACR-MCR,S1,1002,40,160,1,0,0.8325,0.5908928571428571,0.6428571428571429,427.58577187970633,11.134794276733535,4.589465301557788,5.8147647242958405,0.6083042508799061,0.12225999999999979,0.0,2.051740238941134,0.8993105950653121,0.8985849056603774,0.836470385080297,0.7993438093593507,39,16,11,526,0.41076475199861306,1.0369224690000465,1,14,0,1,main,main_N40_B1_K0_S1_1002_ACR-MCR
FROZEN-CP,S1,1002,40,160,1,0,0.7555357142857143,0.5830357142857143,0.6785714285714286,400.32448520939164,11.224562347395041,4.711406221223239,5.783924675291896,0.6086114508799058,0.12061999999999969,0.0,2.2467098373488876,0.8344250363901019,0.8262372634643377,0.7394588896697118,0.7210119465917076,38,16,12,527,0.23061157600091065,0.7946039449998352,1,15,0,0,main,main_N40_B1_K0_S1_1002_FROZEN-CP
POINT-EA,S1,1002,40,160,1,0,0.7883928571428571,0.6225,0.6214285714285714,409.0795751383122,11.284198272511201,4.625981366629613,5.919123254681694,0.6163136511998936,0.12277999999999974,0.0,2.178416654924942,0.8953862660944206,0.8927038626609443,0.837828432225509,0.8089437967635288,39,16,8,527,0.21044233100201382,0.7084486809999362,1,15,0,0,main,main_N40_B1_K0_S1_1002_POINT-EA
RANDOM-CH,S1,1002,40,160,1,0,0.7219642857142857,0.21607142857142858,0.9214285714285714,663.2974996592982,11.392953591663973,4.734249034322663,5.928730906141416,0.6163136511998936,0.11366000000000002,0.0,2.3884598724662416,0.8953571428571429,0.8926785714285714,0.8551073279052553,0.8451147298297558,40,16,16,0,0.05581110200000694,0.6414665170000262,1,15,0,0,main,main_N40_B1_K0_S1_1002_RANDOM-CH
ROLL-CP,S1,1002,40,160,1,0,0.7871428571428571,0.5839285714285715,0.6571428571428571,401.28868348879695,11.118800316634214,4.492957756236896,5.854136356237475,0.6488262041598428,0.12288,0.0,2.14939113022119,0.8946988820771727,0.8927154706094482,0.8387096774193549,0.7998612556364898,38,17,11,559,0.26379668599997785,0.8334867580001628,1,15,0,1,main,main_N40_B1_K0_S1_1002_ROLL-CP
ACI-EVENT,S1,1003,40,160,1,0,0.7639285714285714,0.6903571428571429,0.6214285714285714,347.8183549280751,11.255471364395012,4.543014103021186,6.016289284031676,0.5733079773421497,0.12285999999999987,0.0,2.2358902193871697,0.9002349539128863,0.900054220133743,0.8445035460992908,0.8062056737588652,38,16,9,527,0.21757466899930478,0.7250169989999904,1,15,0,0,main,main_N40_B1_K0_S1_1003_ACI-EVENT
ACI-PER,S1,1003,40,160,1,0,0.7639285714285714,0.6903571428571429,0.6214285714285714,347.8183549280751,11.255471364395012,4.543014103021186,6.016289284031676,0.5733079773421497,0.12285999999999987,0.0,2.2358902193871697,0.9002349539128863,0.900054220133743,0.8445035460992908,0.8062056737588652,38,16,9,527,0.18762850900020567,0.6163262149998445,1,15,0,0,main,main_N40_B1_K0_S1_1003_ACI-PER
ACR-MCR,S1,1003,40,160,1,0,0.8098214285714286,0.6453571428571429,0.65,396.26646646685293,11.439732332745951,4.70903420340939,6.006239825336646,0.602018303999916,0.12243999999999985,0.0,2.1621115730005576,0.900054220133743,0.8998734863545996,0.8401882188915999,0.8004531195538516,38,17,12,559,0.32203238000147394,0.7888998609998907,1,15,0,1,main,main_N40_B1_K0_S1_1003_ACR-MCR
FROZEN-CP,S1,1003,40,160,1,0,0.7907142857142857,0.6044642857142857,0.6857142857142857,386.7770195228809,11.303834999383792,4.5677641483862,6.039799294959815,0.573351556037777,0.12292000000000013,0.0,2.1805237267329844,0.8506657070888809,0.8344728319539403,0.7725284339457568,0.7557305336832896,39,16,10,527,0.24732145400002992,0.8028710629998841,1,15,0,0,main,main_N40_B1_K0_S1_1003_FROZEN-CP
POINT-EA,S1,1003,40,160,1,0,0.7958928571428572,0.6619642857142857,0.6214285714285714,378.1890698754482,11.409955401427128,4.720845428057106,5.99484182233006,0.5721681510399625,0.12209999999999989,0.0,2.188750316790165,0.8975424647632815,0.8959161546801591,0.8287283032235211,0.803931987247609,38,16,9,527,0.18294291200049884,0.6056904380000105,1,15,0,0,main,main_N40_B1_K0_S1_1003_POINT-EA
RANDOM-CH,S1,1003,40,160,1,0,0.7276785714285714,0.3273214285714286,0.9,542.2215910695373,11.338133599053739,4.567004313423563,6.08929643443022,0.5761728511999562,0.10565999999999985,0.0,2.5376306175142656,0.8975,0.8958928571428572,0.8370232558139535,0.8200930232558139,40,16,16,0,0.04895907800050736,0.6028321000001142,1,15,0,0,main,main_N40_B1_K0_S1_1003_RANDOM-CH
ROLL-CP,S1,1003,40,160,1,0,0.775,0.6666071428571428,0.6285714285714286,358.05981819535384,11.178333942020965,4.478524521197483,6.004545269783519,0.5724241510399621,0.12283999999999987,0.0,2.1935506165661236,0.8976634667632675,0.8965767071182756,0.8421985815602837,0.8113475177304964,37,16,10,527,0.19251391700026943,0.6323905729998387,1,15,0,0,main,main_N40_B1_K0_S1_1003_ROLL-CP
ACI-EVENT,S1,1004,40,160,1,0,0.8433928571428572,0.7576785714285714,0.45714285714285713,352.6367136323079,11.107548402956533,4.403611513325938,6.008191938590635,0.5728849510399614,0.12285999999999984,0.0,2.0369610128289994,0.900775753202237,0.9013169763665885,0.8465450719045948,0.8148018239214311,39,16,10,527,0.22122328999898855,0.7002048860001651,1,15,0,0,main,main_N40_B1_K0_S1_1004_ACI-EVENT
ACI-PER,S1,1004,40,160,1,0,0.8433928571428572,0.7576785714285714,0.45714285714285713,352.6367136323079,11.107548402956533,4.403611513325938,6.008191938590635,0.5728849510399614,0.12285999999999984,0.0,2.0369610128289994,0.900775753202237,0.9013169763665885,0.8465450719045948,0.8148018239214311,39,16,10,527,0.2141343700016023,0.6978022710000005,1,15,0,0,main,main_N40_B1_K0_S1_1004_ACI-PER
ACR-MCR,S1,1004,40,160,1,0,0.8251785714285714,0.7326785714285714,0.5357142857142857,367.4112577177052,11.073192645372806,4.463950761237445,5.917824833255396,0.5695970508799666,0.1218199999999997,0.0,2.0693688367357144,0.9005847953216374,0.9007675438596491,0.8354719634382141,0.8122692916153982,37,16,9,527,0.4314536319989202,1.0460940059999757,1,15,0,0,main,main_N40_B1_K0_S1_1004_ACR-MCR
FROZEN-CP,S1,1004,40,160,1,0,0.8505357142857143,0.7451785714285715,0.4857142857142857,355.79726686832646,11.07226741077781,4.473583140506475,5.910317258064445,0.5669870122068895,0.1213799999999998,0.0,2.0157049719238684,0.823475553927852,0.8271378868339132,0.7467590126087729,0.7430296572544841,37,16,8,527,0.17830332099924817,0.5836701050000102,1,15,0,0,main,main_N40_B1_K0_S1_1004_FROZEN-CP
POINT-EA,S1,1004,40,160,1,0,0.8358928571428571,0.7146428571428571,0.5571428571428572,369.47733570408013,11.23943692392259,4.5310182833436965,6.013260089538932,0.5730385510399612,0.12211999999999987,0.0,2.0771459848313785,0.8966450216450217,0.8959235209235209,0.8423185341789993,0.8231148696264975,38,16,9,527,0.21750262799901066,0.7147814960001142,1,15,0,0,main,main_N40_B1_K0_S1_1004_POINT-EA
RANDOM-CH,S1,1004,40,160,1,0,0.79375,0.23142857142857143,0.9571428571428572,664.7233111608692,11.884120980653332,5.10900727472466,6.081621654728718,0.5769920511999549,0.11649999999999981,0.0,2.3311339703125404,0.89625,0.89625,0.8520336605890603,0.8422159887798036,40,16,16,0,0.039617348000092534,0.4617664339998555,1,15,0,0,main,main_N40_B1_K0_S1_1004_RANDOM-CH
ROLL-CP,S1,1004,40,160,1,0,0.8501785714285715,0.7208928571428571,0.4642857142857143,362.7609364819851,11.129734359354803,4.384562072896833,6.046833785338012,0.5749385011199581,0.12339999999999976,0.0,2.02690481867689,0.8962670495333812,0.8959081119885139,0.8283373997908678,0.7955733705123736,39,16,10,527,0.2266688389997853,0.7535201289999804,1,15,0,0,main,main_N40_B1_K0_S1_1004_ROLL-CP
ACI-EVENT,S1,1005,40,160,1,0,0.7844642857142857,0.7030357142857143,0.5642857142857143,351.3742970000499,11.338423157892153,4.639675912658106,6.009204461378463,0.5678827838555853,0.12165999999999977,0.0,2.194391940757142,0.9001633690324923,0.9005264113269196,0.8444720938499822,0.8003910415926058,37,16,8,527,0.20367633500063675,0.6769120870001188,1,15,0,0,main,main_N40_B1_K0_S1_1005_ACI-EVENT
ACI-PER,S1,1005,40,160,1,0,0.7844642857142857,0.7030357142857143,0.5642857142857143,351.3742970000499,11.338423157892153,4.639675912658106,6.009204461378463,0.5678827838555853,0.12165999999999977,0.0,2.194391940757142,0.9001633690324923,0.9005264113269196,0.8444720938499822,0.8003910415926058,37,16,8,527,0.27464385999860497,0.9172377830000187,1,15,0,0,main,main_N40_B1_K0_S1_1005_ACI-PER
ACR-MCR,S1,1005,40,160,1,0,0.835,0.73,0.5,366.00454055395045,11.362346975297728,4.709163643358651,5.968166231139102,0.5638571007999755,0.12115999999999975,0.0,2.0848343073940785,0.9010968921389396,0.9010968921389396,0.8405874026893135,0.8156404812455768,38,16,6,527,0.32005717700076275,0.7699056040000869,1,15,0,0,main,main_N40_B1_K0_S1_1005_ACR-MCR
FROZEN-CP,S1,1005,40,160,1,0,0.8373214285714285,0.73625,0.5285714285714286,366.12731985585873,11.296190907067876,4.554316994213101,6.045158661654815,0.57371525119996,0.12300000000000005,0.0,2.06776329984768,0.8126915449792681,0.7885343428880476,0.7437784787942516,0.7201191728005608,36,16,9,527,0.24202721299798213,0.8162361980000696,1,15,0,0,main,main_N40_B1_K0_S1_1005_FROZEN-CP
POINT-EA,S1,1005,40,160,1,0,0.8010714285714285,0.71375,0.5214285714285715,345.75118825397965,11.234326619992073,4.607475315490643,5.911695009428004,0.5949360537599272,0.1202202413134986,0.0,2.1358035399224473,0.895483870967742,0.8951152073732719,0.8448713301920986,0.8274737223631751,36,17,7,559,0.19541000699882716,0.6229424530001779,1,15,0,1,main,main_N40_B1_K0_S1_1005_POINT-EA
RANDOM-CH,S1,1005,40,160,1,0,0.7366071428571429,0.18196428571428572,0.9357142857142857,791.3828829582721,11.807538835244713,5.0149688663913,6.1063547176534545,0.57371525119996,0.11249999999999993,0.0,2.4175959941123493,0.8956024311762603,0.895244905255631,0.8771961932650073,0.8603587115666179,39,16,16,0,0.046506274001330894,0.5177527319999626,1,15,0,0,main,main_N40_B1_K0_S1_1005_RANDOM-CH
ROLL-CP,S1,1005,40,160,1,0,0.7830357142857143,0.70375,0.5714285714285714,351.98163974235996,11.351672456824623,4.647635479684966,6.012185626099693,0.5701713510399656,0.12167999999999972,0.0,2.2003629495686416,0.8955575702629193,0.8959202175883952,0.8359083644112946,0.7991475759190197,37,16,8,527,0.18230852399960895,0.5908955120000883,1,15,0,0,main,main_N40_B1_K0_S1_1005_ROLL-CP
ACI-EVENT,S1,1006,40,160,1,0,0.7982142857142858,0.6514285714285715,0.5714285714285714,381.7888701216163,11.375394263619963,4.454252541631837,6.248168770948128,0.549332951039998,0.12364000000000011,0.0,2.194750967320078,0.9002525252525253,0.8998917748917749,0.8447140381282495,0.8136915077989602,39,16,9,527,0.19119087600097373,0.6470417369998813,1,15,0,0,main,main_N40_B1_K0_S1_1006_ACI-EVENT
ACI-PER,S1,1006,40,160,1,0,0.7982142857142858,0.6514285714285715,0.5714285714285714,381.7888701216163,11.375394263619963,4.454252541631837,6.248168770948128,0.549332951039998,0.12364000000000011,0.0,2.194750967320078,0.9002525252525253,0.8998917748917749,0.8447140381282495,0.8136915077989602,39,16,9,527,0.20564595600058055,0.6723582649999571,1,15,0,0,main,main_N40_B1_K0_S1_1006_ACI-PER
ACR-MCR,S1,1006,40,160,1,0,0.8030357142857143,0.6544642857142857,0.5928571428571429,395.1647429119031,11.398913356495262,4.5746454819207845,6.132250120974511,0.5702977535999656,0.12171999999999993,0.0,2.18789123925053,0.9001838235294117,0.9001838235294117,0.8375306051066806,0.7967820916404337,35,17,10,559,0.4436859079983151,1.0549837649998608,1,15,0,1,main,main_N40_B1_K0_S1_1006_ACR-MCR
FROZEN-CP,S1,1006,40,160,1,0,0.8141071428571428,0.6691071428571429,0.55,382.97488815801813,11.518548435414315,4.559797411586199,6.282155772628125,0.553235251199992,0.12335999999999982,0.0,2.1848536485990735,0.80304932735426,0.7939013452914798,0.7255208333333333,0.7175347222222223,39,16,12,527,0.2754123629983951,0.9091923089999909,1,15,0,0,main,main_N40_B1_K0_S1_1006_FROZEN-CP
POINT-EA,S1,1006,40,160,1,0,0.8158928571428572,0.7191071428571428,0.5428571428571428,371.30804215203085,11.437739961760817,4.5666420967190895,6.203389614161724,0.5453282508800044,0.12237999999999973,0.0,2.1654183948808816,0.8963447899618112,0.8954355337334061,0.8450828339795559,0.812830454705675,38,16,7,527,0.22650706800027365,0.7291614649998337,1,15,0,0,main,main_N40_B1_K0_S1_1006_POINT-EA
RANDOM-CH,S1,1006,40,160,1,0,0.6960714285714286,0.26857142857142857,0.9,607.246912789611,12.007005538829086,5.026196303886271,6.315493983742823,0.553235251199992,0.11208000000000001,0.0,2.6107861576058027,0.8967857142857143,0.8953571428571429,0.8455434582026204,0.8270898689795165,40,16,16,0,0.06255954500124972,0.6715842490000341,1,15,0,0,main,main_N40_B1_K0_S1_1006_RANDOM-CH
ROLL-CP,S1,1006,40,160,1,0,0.8123214285714285,0.6773214285714285,0.5428571428571428,379.87207282794236,11.375006029736802,4.449710508618577,6.218587716958281,0.5831878041599453,0.1235199999999996,0.0,2.1617267255296087,0.8965767071182756,0.8951276942582865,0.8366310628611452,0.8066888460864997,38,17,10,559,0.24187822899966704,0.7958903400001418,1,15,0,1,main,main_N40_B1_K0_S1_1006_ROLL-CP
ACI-EVENT,S1,1007,40,160,1,0,0.7369642857142857,0.6466071428571428,0.6428571428571429,368.7994103723253,11.443066264117412,4.60805603105487,6.137554981862582,0.57371525119996,0.12373999999999999,0.0,2.373095450874619,0.8992664161746288,0.8990874932903918,0.8311212015368494,0.8047502619629759,39,16,10,527,0.2419167569989895,0.7657722570002079,1,15,0,0,main,main_N40_B1_K0_S1_1007_ACI-EVENT
ACI-PER,S1,1007,40,160,1,0,0.7369642857142857,0.6466071428571428,0.6428571428571429,368.7994103723253,11.443066264117412,4.60805603105487,6.137554981862582,0.57371525119996,0.12373999999999999,0.0,2.373095450874619,0.8992664161746288,0.8990874932903918,0.8311212015368494,0.8047502619629759,39,16,10,527,0.18997673099943313,0.6220481360001031,1,15,0,0,main,main_N40_B1_K0_S1_1007_ACI-PER
ACR-MCR,S1,1007,40,160,1,0,0.785,0.6878571428571428,0.5785714285714286,380.7128654732532,11.324629023767065,4.541605533646936,6.060485186120208,0.5994583039999198,0.12308,0.0,2.2244409789367636,0.8987135350606994,0.8988947273056713,0.8373546259329977,0.8081930220447839,38,17,8,559,0.29549816499911685,0.7190182570000161,1,15,0,1,main,main_N40_B1_K0_S1_1007_ACR-MCR
FROZEN-CP,S1,1007,40,160,1,0,0.7698214285714285,0.65875,0.6214285714285714,390.47078174296826,11.401345824935957,4.675591779040624,6.037614595015361,0.5658594508799724,0.12228,0.0,2.277536121641222,0.8422581230713378,0.836449446360501,0.7648601398601399,0.75,38,16,13,527,0.20213438299856534,0.6544600209999771,1,15,0,0,main,main_N40_B1_K0_S1_1007_FROZEN-CP
POINT-EA,S1,1007,40,160,1,0,0.7475,0.6401785714285714,0.65,368.24127703756295,11.538404851408508,4.687440774063178,6.15408882614537,0.57371525119996,0.12316000000000003,0.0,2.363942809139215,0.8966071428571428,0.8942857142857142,0.8398733063522787,0.8226288931902165,40,16,11,527,0.2234138159997201,0.7564693049998823,1,15,0,0,main,main_N40_B1_K0_S1_1007_POINT-EA
RANDOM-CH,S1,1007,40,160,1,0,0.59625,0.13625,0.9642857142857143,753.5566028871143,12.004848406920102,5.1933003145344845,6.129578725175257,0.5732693672103604,0.10869999999999998,0.0,3.014778605454571,0.897021887334051,0.8946896304269825,0.8552581982661138,0.8437617791179797,39,16,16,0,0.04869622200158119,0.5424676009999985,1,15,0,0,main,main_N40_B1_K0_S1_1007_RANDOM-CH
ROLL-CP,S1,1007,40,160,1,0,0.77375,0.6576785714285714,0.6214285714285714,384.44161076268546,11.18123297944587,4.521146903230886,5.975957955915025,0.5615681202999591,0.12255999999999982,0.0,2.223793353111748,0.8960396039603961,0.894022735606894,0.8359019264448336,0.8031523642732049,37,16,11,527,0.20656073800296326,0.6714081469999655,1,15,0,0,main,main_N40_B1_K0_S1_1007_ROLL-CP
ACI-EVENT,S1,1008,40,160,1,0,0.7996428571428571,0.6716071428571428,0.6285714285714286,384.6761340254418,11.605733642997594,4.424994615336002,6.486908023501625,0.5696710041599663,0.12415999999999991,0.0,2.229299585669918,0.8997656390841896,0.8999459167117361,0.8400687876182287,0.8185726569217541,38,17,9,559,0.2006170330000714,0.643262003000018,1,15,0,1,main,main_N40_B1_K0_S1_1008_ACI-EVENT
ACI-PER,S1,1008,40,160,1,0,0.7996428571428571,0.6716071428571428,0.6285714285714286,384.6761340254418,11.605733642997594,4.424994615336002,6.486908023501625,0.5696710041599663,0.12415999999999991,0.0,2.229299585669918,0.8997656390841896,0.8999459167117361,0.8400687876182287,0.8185726569217541,38,17,9,559,0.19528695700228127,0.6293917230000261,1,15,0,1,main,main_N40_B1_K0_S1_1008_ACI-PER
ACR-MCR,S1,1008,40,160,1,0,0.8264285714285714,0.7169642857142857,0.5142857142857142,391.2464057133668,11.813789100347758,4.657983099942752,6.494899449364992,0.5379665510400157,0.12293999999999987,0.0,2.205711183784122,0.8996938591752206,0.9000540248514317,0.8311800172265289,0.8058570198105082,38,16,10,526,0.3451248269984717,0.8433049920001849,1,14,0,1,main,main_N40_B1_K0_S1_1008_ACR-MCR
FROZEN-CP,S1,1008,40,160,1,0,0.8064285714285714,0.6666071428571428,0.6571428571428571,381.3351610128136,11.73002730048522,4.491615775871965,6.541492620293295,0.5729589043199611,0.12395999999999958,0.0,2.2368473113053433,0.8519247985675917,0.8333034914950761,0.7807864780958952,0.7621593652983788,39,17,10,559,0.19051544700005252,0.6082998589999988,1,15,0,1,main,main_N40_B1_K0_S1_1008_FROZEN-CP
POINT-EA,S1,1008,40,160,1,0,0.7801785714285714,0.6155357142857143,0.6714285714285714,396.51229144038643,11.674314639265898,4.681689260002145,6.340833828543726,0.5305715507200273,0.12121999999999995,0.0,2.2904286127655284,0.8979554245717444,0.8950082888193037,0.8199186272775517,0.7992216522200601,36,16,8,527,0.20545076999928824,0.6861911319999763,1,15,0,0,main,main_N40_B1_K0_S1_1008_POINT-EA
RANDOM-CH,S1,1008,40,160,1,0,0.7066071428571429,0.2332142857142857,0.9285714285714286,608.855204782398,12.28675288332846,5.098384666531585,6.538420965596863,0.540947251200011,0.10899999999999985,0.0,2.6617748880694236,0.8972063037249284,0.8943409742120344,0.8444528444528444,0.8391608391608392,39,16,16,0,0.04228153999861206,0.5025332920001802,1,15,0,0,main,main_N40_B1_K0_S1_1008_RANDOM-CH
ROLL-CP,S1,1008,40,160,1,0,0.7964285714285714,0.64625,0.6357142857142857,393.2081318593635,11.652867766096035,4.484850652508947,6.504302612467074,0.5393545011200135,0.1243599999999999,0.0,2.24611946146801,0.8969609782413235,0.8939039741053767,0.8330765279917822,0.8051703475432289,39,16,9,527,0.2143565099991065,0.7186174199998732,1,15,0,0,main,main_N40_B1_K0_S1_1008_ROLL-CP
ACI-EVENT,S1,1009,40,160,1,0,0.79,0.5810714285714286,0.6785714285714286,433.53754350900664,11.457690965737006,4.640497678271269,6.132398733865761,0.5633345535999763,0.12145999999999965,0.0,2.232162666225795,0.8995761931085314,0.9001289847060991,0.8451534593376105,0.8137679902895787,37,17,9,559,0.24541891199896781,0.7858322320000752,1,15,0,1,main,main_N40_B1_K0_S1_1009_ACI-EVENT
ACI-PER,S1,1009,40,160,1,0,0.79,0.5810714285714286,0.6785714285714286,433.53754350900664,11.457690965737006,4.640497678271269,6.132398733865761,0.5633345535999763,0.12145999999999965,0.0,2.232162666225795,0.8995761931085314,0.9001289847060991,0.8451534593376105,0.8137679902895787,37,17,9,559,0.24932517399906828,0.8082511969998905,1,15,0,1,main,main_N40_B1_K0_S1_1009_ACI-PER
ACR-MCR,S1,1009,40,160,1,0,0.83375,0.6310714285714286,0.5928571428571429,424.16546946648697,11.866912958196398,4.881093171738815,6.317517335257579,0.5458624512000034,0.12244000000000019,0.0,2.2065661878386758,0.8991071428571429,0.9001785714285714,0.8322680946622906,0.7956469165659008,40,16,12,527,0.33305279300134316,0.827104583999926,1,15,0,0,main,main_N40_B1_K0_S1_1009_ACR-MCR
FROZEN-CP,S1,1009,40,160,1,0,0.8264285714285714,0.6351785714285715,0.6214285714285714,409.25622577812277,11.591588110443942,4.626805484940596,6.295620174303342,0.5458624512000034,0.12329999999999978,0.0,2.1719295691294627,0.8116383169203223,0.7926589077887198,0.7547814207650273,0.7371926229508197,39,16,8,527,0.2124987659992712,0.7188139590000446,1,15,0,0,main,main_N40_B1_K0_S1_1009_FROZEN-CP
POINT-EA,S1,1009,40,160,1,0,0.82375,0.60875,0.6214285714285714,410.46646068038825,11.747389543990195,4.761289757532613,6.317517335257579,0.5458624512000034,0.12271999999999984,0.0,2.207326107476549,0.8941071428571429,0.8955357142857143,0.8415893576054613,0.8260108524417994,40,16,10,527,0.19784147899940763,0.657329799000081,1,15,0,0,main,main_N40_B1_K0_S1_1009_POINT-EA
RANDOM-CH,S1,1009,40,160,1,0,0.7591071428571429,0.22803571428571429,0.9285714285714286,809.4831760175476,12.144658260004594,5.1678984735470115,6.317517335257579,0.5458624512000034,0.11338000000000008,0.0,2.426020427487933,0.8941071428571429,0.8955357142857143,0.8598471059337459,0.8481980342191482,40,16,16,0,0.047057025999947655,0.5632783389999076,1,15,0,0,main,main_N40_B1_K0_S1_1009_RANDOM-CH
ROLL-CP,S1,1009,40,160,1,0,0.8160714285714286,0.5425,0.6714285714285714,445.09094071081114,11.521717952712976,4.6515182859454,6.181033151520567,0.5670320537599705,0.12213446148703876,0.0,2.1825569147022117,0.893640350877193,0.8956505847953217,0.8381899211518684,0.8063078505313679,37,17,8,559,0.18371771700049067,0.5902290930000618,1,15,0,1,main,main_N40_B1_K0_S1_1009_ROLL-CP
ACI-EVENT,S1,1010,40,160,1,0,0.8030357142857143,0.6623214285714286,0.5928571428571429,396.01674475600663,11.194964708520217,4.423287472003706,6.112984785956494,0.5361924505600184,0.12249999999999979,0.0,2.127915740072271,0.8979139745246446,0.8988369946464833,0.8351285615010424,0.8179291174426685,38,16,6,527,0.1826641279994874,0.6018814819999534,1,15,0,0,main,main_N40_B1_K0_S1_1010_ACI-EVENT
ACI-PER,S1,1010,40,160,1,0,0.8030357142857143,0.6623214285714286,0.5928571428571429,396.01674475600663,11.194964708520217,4.423287472003706,6.112984785956494,0.5361924505600184,0.12249999999999979,0.0,2.127915740072271,0.8979139745246446,0.8988369946464833,0.8351285615010424,0.8179291174426685,38,16,6,527,0.1891438300012851,0.615980282999999,1,15,0,0,main,main_N40_B1_K0_S1_1010_ACI-PER
ACR-MCR,S1,1010,40,160,1,0,0.8130357142857143,0.6369642857142858,0.6285714285714286,400.16344681506695,11.345925804914092,4.528369739946403,6.126472277640346,0.5692437873273432,0.12183999999999981,0.0,2.1338961453665775,0.8978801843317973,0.8986175115207373,0.8343793584379359,0.8143305439330544,37,17,9,559,0.3403874569994514,0.8044445049999922,1,15,0,1,main,main_N40_B1_K0_S1_1010_ACR-MCR
FROZEN-CP,S1,1010,40,160,1,0,0.8223214285714285,0.6798214285714286,0.55,402.73938022824314,11.137081258103297,4.333093157772006,6.113497546731321,0.5674305535999699,0.12305999999999985,0.0,2.074330649674669,0.7979331980070123,0.800885772282709,0.7564257374504054,0.7524581680179403,37,17,10,559,0.19111896899880776,0.5982134580001457,1,15,0,1,main,main_N40_B1_K0_S1_1010_FROZEN-CP
POINT-EA,S1,1010,40,160,1,0,0.8301785714285714,0.6171428571428571,0.5857142857142857,419.1973073478183,11.414677299460994,4.5104663709582695,6.233764827165641,0.5474861013370842,0.12295999999999996,0.0,2.1087525031333816,0.8910675381263616,0.894880174291939,0.8393755420641804,0.8206418039895924,37,16,10,527,0.21462657600181956,0.6868998600000396,1,15,0,0,main,main_N40_B1_K0_S1_1010_POINT-EA
RANDOM-CH,S1,1010,40,160,1,0,0.7166071428571429,0.22232142857142856,0.9071428571428571,711.1870357710383,11.610643480924388,4.603183683215171,6.358482146509221,0.5507776511999958,0.0982,0.0,2.7077060356633367,0.8916071428571428,0.895,0.8398692810457516,0.8354479046520569,40,16,16,0,0.04454625799894529,0.5039582009999322,1,15,0,0,main,main_N40_B1_K0_S1_1010_RANDOM-CH
ROLL-CP,S1,1010,40,160,1,0,0.8033928571428571,0.6626785714285715,0.5857142857142857,397.1383045220457,11.193481096416814,4.423445205146303,6.111303440710493,0.5361924505600184,0.1225399999999998,0.0,2.1268252130755867,0.8917820867959372,0.894921514312096,0.8270232719694338,0.8134769017019798,38,16,6,527,0.18458107599894902,0.6075547980001375,1,15,0,0,main,main_N40_B1_K0_S1_1010_ROLL-CP
ACI-EVENT,S1,1011,40,160,1,0,0.8291071428571428,0.6528571428571428,0.6,407.8421369020757,11.421262747783324,4.490287338072326,6.277672305710971,0.5305431040000269,0.12275999999999992,0.0,2.1193658837972396,0.8991108691707494,0.9000181455271276,0.8555863023175372,0.8318920788654445,38,17,8,559,0.20296164700084773,0.6593034529998931,1,15,0,1,main,main_N40_B1_K0_S1_1011_ACI-EVENT
ACI-PER,S1,1011,40,160,1,0,0.8291071428571428,0.6528571428571428,0.6,407.8421369020757,11.421262747783324,4.490287338072326,6.277672305710971,0.5305431040000269,0.12275999999999992,0.0,2.1193658837972396,0.8991108691707494,0.9000181455271276,0.8555863023175372,0.8318920788654445,38,17,8,559,0.18289963599886505,0.5939533600001141,1,15,0,1,main,main_N40_B1_K0_S1_1011_ACI-PER
ACR-MCR,S1,1011,40,160,1,0,0.7944642857142857,0.6701785714285714,0.6714285714285714,389.05453116700625,11.602931768618262,4.577611554778046,6.394660162640153,0.5073600512000631,0.12329999999999966,0.0,2.233480609936143,0.8994642857142857,0.8996428571428572,0.8560082872928176,0.8330455801104972,40,16,13,527,0.32703602100104945,0.7987785639998037,1,15,0,0,main,main_N40_B1_K0_S1_1011_ACR-MCR
FROZEN-CP,S1,1011,40,160,1,0,0.8298214285714286,0.6991071428571428,0.5428571428571428,389.7748080760593,11.527480843982834,4.530015625569597,6.368220317293173,0.5056649011200657,0.12357999999999963,0.0,2.137489494526763,0.8566301812309348,0.8569890543692804,0.802076124567474,0.7932525951557093,39,16,10,527,0.2229550769980051,0.7272431190001498,1,15,0,0,main,main_N40_B1_K0_S1_1011_FROZEN-CP
POINT-EA,S1,1011,40,160,1,0,0.8294642857142858,0.72,0.5785714285714286,371.2979429278199,11.65819495958703,4.633334745746814,6.394660162640153,0.5073600512000631,0.12283999999999995,0.0,2.1625292078625544,0.8971428571428571,0.8971428571428571,0.8442551712150183,0.8306970276377542,40,16,9,527,0.1826823369997328,0.6021802259999731,1,15,0,0,main,main_N40_B1_K0_S1_1011_POINT-EA
RANDOM-CH,S1,1011,40,160,1,0,0.5814285714285714,0.34,0.8071428571428572,521.7767629150613,10.661419438518704,3.673399224678489,6.394660162640153,0.5073600512000631,0.08600000000000005,0.0,2.7527548253340313,0.8971428571428571,0.8971428571428571,0.8773206221776216,0.8677872553938786,40,16,16,0,0.04091990499887288,0.41967025700000704,1,15,0,0,main,main_N40_B1_K0_S1_1011_RANDOM-CH
ROLL-CP,S1,1011,40,160,1,0,0.8091071428571428,0.68125,0.5785714285714286,388.5871736263675,11.30406546142397,4.415584514909639,6.264612695634258,0.5005282508800736,0.12333999999999952,0.0,2.1421386131180538,0.8971043525769441,0.8971043525769441,0.8534467789546797,0.8383399895815246,38,16,7,527,0.18075210299889477,0.6022165710000991,1,15,0,0,main,main_N40_B1_K0_S1_1011_ROLL-CP
ACI-EVENT,S1,1012,40,160,1,0,0.7567857142857143,0.5964285714285714,0.6928571428571428,385.84574298052104,11.376730308977812,4.6132355764099815,6.082975431447846,0.5574793011199854,0.1230399999999996,0.0,2.3025157476174485,0.8979005921406783,0.8989772115557151,0.849026827985271,0.8286866561458881,39,16,9,527,0.1879745409996758,0.6193257390000326,1,15,0,0,main,main_N40_B1_K0_S1_1012_ACI-EVENT
ACI-PER,S1,1012,40,160,1,0,0.7567857142857143,0.5964285714285714,0.6928571428571428,385.84574298052104,11.376730308977812,4.6132355764099815,6.082975431447846,0.5574793011199854,0.1230399999999996,0.0,2.3025157476174485,0.8979005921406783,0.8989772115557151,0.849026827985271,0.8286866561458881,39,16,9,527,0.19227524099983384,0.643978142999913,1,15,0,0,main,main_N40_B1_K0_S1_1012_ACI-PER
ACR-MCR,S1,1012,40,160,1,0,0.7492857142857143,0.6760714285714285,0.6285714285714286,369.35194910799356,11.28243457328812,4.610459972587383,5.994862399740745,0.5533722009599918,0.12373999999999995,0.0,2.3030076695832045,0.8981851179673321,0.8987295825771325,0.8521693491952415,0.8275017494751574,37,16,8,527,0.29361294399950566,0.7197298869998576,1,15,0,0,main,main_N40_B1_K0_S1_1012_ACR-MCR
FROZEN-CP,S1,1012,40,160,1,0,0.7848214285714286,0.5998214285714286,0.6857142857142857,395.8316957572106,11.485435516741301,4.7474340149305085,6.0581822006908075,0.5574793011199854,0.12233999999999998,0.0,2.2529296815891136,0.8088552915766739,0.7865370770338372,0.7452184593788383,0.7103000526408142,38,16,8,527,0.2046593880020282,0.662346849999949,1,15,0,0,main,main_N40_B1_K0_S1_1012_FROZEN-CP
POINT-EA,S1,1012,40,160,1,0,0.7839285714285714,0.5875,0.7214285714285714,394.8521240363857,11.530461686769062,4.77323961214755,6.0777059735015255,0.5569161011199864,0.1225999999999999,0.0,2.2639822671841867,0.8944912973263951,0.8935941144805312,0.8437111938974632,0.83448642895157,39,16,9,527,0.17557353199867975,0.5883154630000718,1,15,0,0,main,main_N40_B1_K0_S1_1012_POINT-EA
RANDOM-CH,S1,1012,40,160,1,0,0.6260714285714286,0.22732142857142856,0.9857142857142858,674.1571091902144,11.886724766375478,5.193168363333316,6.029586253612066,0.5542701494300951,0.10969999999999988,0.0,2.8234500632720847,0.8938982437081296,0.8938982437081296,0.8532092669958222,0.854538549183441,39,16,16,0,0.04404926100028206,0.5093132110000624,1,15,0,0,main,main_N40_B1_K0_S1_1012_RANDOM-CH
ROLL-CP,S1,1012,40,160,1,0,0.7623214285714286,0.6060714285714286,0.6714285714285714,388.4602262621595,11.383629384223937,4.6174178891415565,6.085172193962395,0.5574793011199854,0.12355999999999977,0.0,2.289547341959762,0.8939910313901346,0.8936322869955157,0.8493438320209974,0.8309711286089239,39,16,7,527,0.20430096099880757,0.6763571609999417,1,15,0,0,main,main_N40_B1_K0_S1_1012_ROLL-CP
ACI-EVENT,S1,1013,40,160,1,0,0.7825,0.5935714285714285,0.6642857142857143,419.9463667601371,10.812648899427916,4.417841584013402,5.712775664854533,0.5600516505599814,0.12197999999999984,0.0,2.1305712117099342,0.8995909259947936,0.8988471550762365,0.8433014354066986,0.8246753246753247,37,16,7,527,0.18186253099975147,0.6057948629998009,1,15,0,0,main,main_N40_B1_K0_S1_1013_ACI-EVENT
ACI-PER,S1,1013,40,160,1,0,0.7825,0.5935714285714285,0.6642857142857143,419.9463667601371,10.812648899427916,4.417841584013402,5.712775664854533,0.5600516505599814,0.12197999999999984,0.0,2.1305712117099342,0.8995909259947936,0.8988471550762365,0.8433014354066986,0.8246753246753247,37,16,7,527,0.18228631300075904,0.6276383529998384,1,15,0,0,main,main_N40_B1_K0_S1_1013_ACI-PER
ACR-MCR,S1,1013,40,160,1,0,0.7723214285714286,0.6360714285714286,0.6571428571428571,410.6330022092122,10.981008961527028,4.480837851029402,5.779948706657705,0.5979624038399222,0.1222599999999998,0.0,2.188323826529898,0.8978129020400661,0.8979966917845984,0.8431978040830331,0.8169497340881798,37,17,11,559,0.3028979100004108,0.7283955980001338,1,15,0,1,main,main_N40_B1_K0_S1_1013_ACR-MCR
FROZEN-CP,S1,1013,40,160,1,0,0.74875,0.6385714285714286,0.5857142857142857,404.3619164798373,11.03420069876174,4.5517697583447,5.793621039617068,0.566109900799972,0.12269999999999993,0.0,2.2583300652398157,0.838958180484226,0.8396918561995598,0.7707543920082673,0.7664485015501206,38,16,9,527,0.19544468500043877,0.6471757179999713,1,15,0,0,main,main_N40_B1_K0_S1_1013_FROZEN-CP
POINT-EA,S1,1013,40,160,1,0,0.7960714285714285,0.5378571428571428,0.7071428571428572,434.2826311621172,11.200202801338163,4.655036817638859,5.852702582739338,0.5700634009599659,0.12239999999999984,0.0,2.1743744518225903,0.8945262775050009,0.8952536824877251,0.8354605036219386,0.8159710244912038,38,16,11,527,0.2016985230013688,0.6737162449999232,1,15,0,0,main,main_N40_B1_K0_S1_1013_POINT-EA
RANDOM-CH,S1,1013,40,160,1,0,0.5801785714285714,0.0875,0.9714285714285714,821.6425442716874,11.15138390380454,4.51016536443877,5.963465688165814,0.5761728511999562,0.10157999999999988,0.0,2.8563995655237036,0.8953592546138684,0.8950008958967927,0.8537037037037037,0.8477366255144033,39,16,16,0,0.04224037000108183,0.4580068449999999,1,15,0,0,main,main_N40_B1_K0_S1_1013_RANDOM-CH
ROLL-CP,S1,1013,40,160,1,0,0.7671428571428571,0.5632142857142857,0.6785714285714286,428.77262337533773,10.873012852658407,4.482680980174393,5.708400221924032,0.5600516505599814,0.1218799999999998,0.0,2.179397244469514,0.8963720930232558,0.896,0.8287566092444141,0.8110182500426403,37,16,8,527,0.2077812019999783,0.680809674000102,1,15,0,0,main,main_N40_B1_K0_S1_1013_ROLL-CP
ACI-EVENT,S1,1014,40,160,1,0,0.8105357142857142,0.6301785714285715,0.6642857142857143,386.52733698546035,11.513282817074131,4.598539188919175,6.2390786771149624,0.5524049510399933,0.12325999999999994,0.0,2.2077244136287884,0.8988824801730353,0.8994232155731795,0.8427356361742753,0.818955042527339,39,16,7,527,0.20165852199806977,0.6532329350000055,1,15,0,0,main,main_N40_B1_K0_S1_1014_ACI-EVENT
ACI-PER,S1,1014,40,160,1,0,0.8105357142857142,0.6301785714285715,0.6642857142857143,386.52733698546035,11.513282817074131,4.598539188919175,6.2390786771149624,0.5524049510399933,0.12325999999999994,0.0,2.2077244136287884,0.8988824801730353,0.8994232155731795,0.8427356361742753,0.818955042527339,39,16,7,527,0.21364694499925463,0.7519169550000697,1,15,0,0,main,main_N40_B1_K0_S1_1014_ACI-PER
ACR-MCR,S1,1014,40,160,1,0,0.8335714285714285,0.6414285714285715,0.5928571428571429,394.8109200197337,11.582818482583725,4.608571610824563,6.293454820559177,0.5565120511999868,0.12427999999999975,0.0,2.1674435783277928,0.8985714285714286,0.8994642857142857,0.8450534298517752,0.8205791106514995,40,16,11,527,0.3293737520002651,0.8205740769999466,1,15,0,0,main,main_N40_B1_K0_S1_1014_ACR-MCR
FROZEN-CP,S1,1014,40,160,1,0,0.8596428571428572,0.64875,0.6071428571428571,406.62691937636674,11.535372761649246,4.561265889890082,6.293454820559177,0.5565120511999868,0.12413999999999975,0.0,2.1011607944716295,0.8178571428571428,0.8183928571428571,0.7471205088533608,0.7359463641052089,40,16,8,527,0.21431296800119526,0.6985297000001083,1,15,0,0,main,main_N40_B1_K0_S1_1014_FROZEN-CP
POINT-EA,S1,1014,40,160,1,0,0.81875,0.65125,0.6571428571428571,382.4123886924088,11.489850855446063,4.562983403182547,6.248846551143526,0.5545609011199899,0.12345999999999992,0.0,2.183967089041259,0.8933645027872684,0.8940837978780795,0.8495792426367461,0.8290673211781207,38,16,9,527,0.20523286599768653,0.6734569600000668,1,15,0,0,main,main_N40_B1_K0_S1_1014_POINT-EA
RANDOM-CH,S1,1014,40,160,1,0,0.7189285714285715,0.22607142857142856,0.9357142857142857,700.5472482735639,12.464831084716595,5.503796906963517,6.290122126553091,0.5565120511999868,0.11439999999999986,0.0,2.630821250467833,0.8937120400142908,0.8940693104680243,0.8693870277975766,0.8624376336421953,39,16,16,0,0.043314317000067604,0.514119287000085,1,15,0,0,main,main_N40_B1_K0_S1_1014_RANDOM-CH
ROLL-CP,S1,1014,40,160,1,0,0.7926785714285715,0.6785714285714286,0.5785714285714286,368.36689134282904,11.491032170075838,4.556377081210209,6.256319787745641,0.5551753011199889,0.1231599999999999,0.0,2.24653610363164,0.8936132041621816,0.8936132041621816,0.8425004365287236,0.8142133752400909,39,16,11,527,0.18130523599893422,0.5980359870000029,1,15,0,0,main,main_N40_B1_K0_S1_1014_ROLL-CP
ACI-EVENT,S1,1015,40,160,1,0,0.7948214285714286,0.6414285714285715,0.6428571428571429,372.80291496107895,11.699883795024165,4.6184728486222815,6.402352345441898,0.557058600959986,0.1219999999999998,0.0,2.259100945167825,0.9001627780792186,0.8988967263519624,0.8406078812511044,0.8056193673793957,39,16,10,527,0.20408755799849132,0.6865109380000831,1,15,0,0,main,main_N40_B1_K0_S1_1015_ACI-EVENT
ACI-PER,S1,1015,40,160,1,0,0.7948214285714286,0.6414285714285715,0.6428571428571429,372.80291496107895,11.699883795024165,4.6184728486222815,6.402352345441898,0.557058600959986,0.1219999999999998,0.0,2.259100945167825,0.9001627780792186,0.8988967263519624,0.8406078812511044,0.8056193673793957,39,16,10,527,0.20816916400053742,0.6726059550001082,1,15,0,0,main,main_N40_B1_K0_S1_1015_ACI-PER
ACR-MCR,S1,1015,40,160,1,0,0.84625,0.6917857142857143,0.6,381.2047693042836,11.772088731649106,4.604141863857403,6.481801216591728,0.5630656511999766,0.12307999999999972,0.0,2.1532995667914956,0.9,0.8989285714285714,0.8487584650112867,0.811251953464143,40,16,10,527,0.3082270399991103,0.7576860350000061,1,15,0,0,main,main_N40_B1_K0_S1_1015_ACR-MCR
FROZEN-CP,S1,1015,40,160,1,0,0.8110714285714286,0.7025,0.5928571428571429,365.9968997013057,11.754770381939533,4.586443514147829,6.481801216591728,0.5630656511999766,0.12345999999999982,0.0,2.230506713840519,0.8223214285714285,0.8092857142857143,0.7511351728955641,0.7418791477471184,40,16,9,527,0.18993760599914822,0.6172716720000153,1,15,0,0,main,main_N40_B1_K0_S1_1015_FROZEN-CP
POINT-EA,S1,1015,40,160,1,0,0.8069642857142857,0.69375,0.6,357.9093008795479,11.781130326994209,4.612803459202506,6.481801216591728,0.5630656511999766,0.12345999999999957,0.0,2.2453078572506593,0.8948214285714285,0.895,0.8525629734014444,0.8279020609476836,40,16,6,527,0.1948980059992209,0.6438071879999825,1,15,0,0,main,main_N40_B1_K0_S1_1015_POINT-EA
RANDOM-CH,S1,1015,40,160,1,0,0.8001785714285714,0.28714285714285714,0.9214285714285714,642.8311531695198,12.489495132246638,5.325828264454935,6.481801216591728,0.5630656511999766,0.11879999999999963,0.0,2.418101671296542,0.8948214285714285,0.895,0.865974025974026,0.8481385281385282,40,16,16,0,0.043073912000181735,0.5088491050000812,1,15,0,0,main,main_N40_B1_K0_S1_1015_RANDOM-CH
ROLL-CP,S1,1015,40,160,1,0,0.8005357142857142,0.6333928571428571,0.65,365.5238676162042,11.626502595664045,4.569174471405625,6.3782135232984345,0.5573146009599858,0.12179999999999973,0.0,2.231146151537909,0.8946986201888163,0.8950617283950617,0.8402913483744893,0.8054716645940665,38,16,10,527,0.20794782399866563,0.6680805620001138,1,15,0,0,main,main_N40_B1_K0_S1_1015_ROLL-CP
ACI-EVENT,S1,1016,40,160,1,0,0.8435714285714285,0.7705357142857143,0.44285714285714284,352.92597488255404,11.029974056305107,4.39667929598873,5.984011552587181,0.5282232077291966,0.12105999999999993,0.0,2.00253704725946,0.8993238166791886,0.9006386175807664,0.8434813753581661,0.8219914040114613,37,17,6,559,0.1998106660018948,0.6251913429998694,1,15,0,1,main,main_N40_B1_K0_S1_1016_ACI-EVENT
ACI-PER,S1,1016,40,160,1,0,0.8435714285714285,0.7705357142857143,0.44285714285714284,352.92597488255404,11.029974056305107,4.39667929598873,5.984011552587181,0.5282232077291966,0.12105999999999993,0.0,2.00253704725946,0.8993238166791886,0.9006386175807664,0.8434813753581661,0.8219914040114613,37,17,6,559,0.25876096100000723,0.8204071420000218,1,15,0,1,main,main_N40_B1_K0_S1_1016_ACI-PER
ACR-MCR,S1,1016,40,160,1,0,0.8558928571428571,0.7101785714285714,0.5428571428571428,393.3890190576963,11.48911702794656,4.558652605109256,6.287077171637263,0.5204672512000427,0.12291999999999995,0.0,2.060089121023231,0.8986232790988736,0.8995172537099947,0.8357155157568452,0.808334768382986,39,16,10,527,0.48216205400126455,1.1855074210000112,1,15,0,0,main,main_N40_B1_K0_S1_1016_ACR-MCR
FROZEN-CP,S1,1016,40,160,1,0,0.8539285714285715,0.7521428571428571,0.45,372.14607059291666,11.185804747380539,4.518835655155277,6.042123041665195,0.5043460505600675,0.12049999999999983,0.0,2.0096666811679014,0.8237483714870649,0.8122091941187418,0.7581444759206799,0.7466359773371105,37,16,8,527,0.3059927549991244,0.9407736819998718,1,15,0,0,main,main_N40_B1_K0_S1_1016_FROZEN-CP
POINT-EA,S1,1016,40,160,1,0,0.8585714285714285,0.6751785714285714,0.5714285714285714,386.0696166165256,11.546890286522872,4.686392174862183,6.22185556062064,0.516462551040049,0.12218,0.0,2.064894543369612,0.8963150289017341,0.8961343930635838,0.8441057978630233,0.8262392713259765,38,16,7,527,0.27766150099887454,0.9420749729999898,1,15,0,0,main,main_N40_B1_K0_S1_1016_POINT-EA
RANDOM-CH,S1,1016,40,160,1,0,0.7939285714285714,0.3167857142857143,0.9285714285714286,562.7659894815689,12.231182773074078,5.29659362076695,6.294541901107085,0.5204672512000427,0.11957999999999983,0.0,2.389369559108044,0.8966071428571428,0.8958928571428572,0.848800834202294,0.843239485575252,40,16,16,0,0.05893651199994565,0.7273295459999645,1,15,0,0,main,main_N40_B1_K0_S1_1016_RANDOM-CH
ROLL-CP,S1,1016,40,160,1,0,0.8491071428571428,0.7466071428571428,0.4357142857142857,361.2348343728742,11.03301354562865,4.405577404673163,6.005712390555415,0.5004437504000735,0.12127999999999999,0.0,1.9918782353545135,0.8962546816479401,0.896816479400749,0.8321802377150966,0.8133759091715451,38,16,7,527,0.182295232000115,0.5957373149999512,1,15,0,0,main,main_N40_B1_K0_S1_1016_ROLL-CP
ACI-EVENT,S1,1017,40,160,1,0,0.8041071428571429,0.7260714285714286,0.5142857142857142,345.3462854078676,11.503692821719593,4.498029756692644,6.3033093639069975,0.5798537011199505,0.12249999999999975,0.0,2.1803815052539033,0.8997304582210243,0.9000898472596586,0.851380042462845,0.8154635527246992,38,16,6,527,0.2016052970009241,0.6591540849999546,1,15,0,0,main,main_N40_B1_K0_S1_1017_ACI-EVENT
ACI-PER,S1,1017,40,160,1,0,0.8041071428571429,0.7260714285714286,0.5142857142857142,345.3462854078676,11.503692821719593,4.498029756692644,6.3033093639069975,0.5798537011199505,0.12249999999999975,0.0,2.1803815052539033,0.8997304582210243,0.9000898472596586,0.851380042462845,0.8154635527246992,38,16,6,527,0.1982233560026998,0.6445522279998386,1,15,0,0,main,main_N40_B1_K0_S1_1017_ACI-PER
ACR-MCR,S1,1017,40,160,1,0,0.8385714285714285,0.7146428571428571,0.5142857142857142,387.32108813413123,11.578265682549764,4.657529067902716,6.22505476376709,0.5749218508799582,0.12075999999999991,0.0,2.1170718015267442,0.899581589958159,0.8999454247771512,0.8387883008356546,0.8046657381615598,38,16,7,527,0.2912093420002293,0.7132326100002047,1,15,0,0,main,main_N40_B1_K0_S1_1017_ACR-MCR
FROZEN-CP,S1,1017,40,160,1,0,0.8096428571428571,0.7010714285714286,0.5285714285714286,366.2043299202595,11.571004250373209,4.602578857807115,6.268726764599149,0.5778986279669447,0.12179999999999962,0.0,2.1803286697518764,0.8105814373420007,0.8149151318165403,0.7468667255075022,0.740864960282436,39,16,10,527,0.17650085899981605,0.5905436850000569,1,15,0,0,main,main_N40_B1_K0_S1_1017_FROZEN-CP
POINT-EA,S1,1017,40,160,1,0,0.8303571428571429,0.76,0.4928571428571429,343.3820151538124,11.597479361387109,4.546769812849196,6.346062297337966,0.5819072511999472,0.12273999999999992,0.0,2.1385726279526294,0.895,0.8969642857142858,0.8566359119943222,0.825762952448545,40,16,6,527,0.18529074900084197,0.6289395830001467,1,15,0,0,main,main_N40_B1_K0_S1_1017_POINT-EA
RANDOM-CH,S1,1017,40,160,1,0,0.7932142857142858,0.4017857142857143,0.8357142857142857,538.9233251289575,12.023264668945538,4.9792751204076255,6.346062297337966,0.5819072511999472,0.11601999999999994,0.0,2.312611015377099,0.895,0.8969642857142858,0.8697325027482594,0.8501282521069989,40,16,16,0,0.05086548200051766,0.5790091719998145,1,15,0,0,main,main_N40_B1_K0_S1_1017_RANDOM-CH
ROLL-CP,S1,1017,40,160,1,0,0.8044642857142857,0.7266071428571429,0.5142857142857142,344.27107773595617,11.498588727089857,4.492925662062909,6.3033093639069975,0.5798537011199505,0.12249999999999972,0.0,2.1785882393122122,0.8950584007187781,0.8966756513926325,0.8471337579617835,0.8128096249115357,38,16,6,527,0.20439847899911,0.6551201969998601,1,15,0,0,main,main_N40_B1_K0_S1_1017_ROLL-CP
ACI-EVENT,S1,1018,40,160,1,0,0.8217857142857142,0.7167857142857142,0.5285714285714286,364.66911932379577,11.701939280916031,4.492745738277157,6.531139891438884,0.5548736511999893,0.12318000000000023,0.0,2.1750816507278867,0.9003571428571429,0.8998214285714285,0.8416826671321348,0.8107872229010299,40,16,9,527,0.1792057970026235,0.6029187149999871,1,15,0,0,main,main_N40_B1_K0_S1_1018_ACI-EVENT
ACI-PER,S1,1018,40,160,1,0,0.8217857142857142,0.7167857142857142,0.5285714285714286,364.66911932379577,11.701939280916031,4.492745738277157,6.531139891438884,0.5548736511999893,0.12318000000000023,0.0,2.1750816507278867,0.9003571428571429,0.8998214285714285,0.8416826671321348,0.8107872229010299,40,16,9,527,0.17170769200015457,0.5797949990001143,1,15,0,0,main,main_N40_B1_K0_S1_1018_ACI-PER
ACR-MCR,S1,1018,40,160,1,0,0.8232142857142857,0.6401785714285714,0.5928571428571429,392.87873925012866,11.723618126963826,4.514324584324953,6.531139891438884,0.5548736511999893,0.12327999999999993,0.0,2.1758756731558697,0.9003571428571429,0.8998214285714285,0.848469212246302,0.8235294117647058,40,16,13,527,0.3346200729990869,0.809774945999834,1,15,0,0,main,main_N40_B1_K0_S1_1018_ACR-MCR
FROZEN-CP,S1,1018,40,160,1,0,0.8142857142857143,0.7148214285714286,0.5214285714285715,362.48576803081636,11.55955107866448,4.453691494908037,6.431365832716448,0.5510737510399953,0.12341999999999986,0.0,2.1655209963777597,0.853627646100959,0.8335444183101139,0.7843618513323983,0.758765778401122,39,16,10,527,0.17697835099966142,0.5866756959999293,1,15,0,0,main,main_N40_B1_K0_S1_1018_FROZEN-CP
POINT-EA,S1,1018,40,160,1,0,0.8353571428571429,0.6433928571428571,0.6142857142857143,385.88556025374584,11.619733425772875,4.559769557067615,6.388550067745262,0.5491738009599982,0.12223999999999946,0.0,2.1297165369818316,0.8982526392428103,0.8947943210775391,0.838698328935796,0.809674582233949,38,16,7,527,0.22527371499973015,0.7410346440001376,1,15,0,0,main,main_N40_B1_K0_S1_1018_POINT-EA
RANDOM-CH,S1,1018,40,160,1,0,0.6825,0.2598214285714286,0.8785714285714286,658.1037000881283,11.705474627525929,4.513461084887055,6.531139891438884,0.5548736511999893,0.10599999999999972,0.0,2.5513240251800196,0.8985714285714286,0.895,0.8593594589218222,0.8494131688880048,40,16,16,0,0.04366888400249991,0.488720720999936,1,15,0,0,main,main_N40_B1_K0_S1_1018_RANDOM-CH
ROLL-CP,S1,1018,40,160,1,0,0.825,0.7032142857142857,0.5571428571428572,368.0585545227606,11.604462227191247,4.491965531389258,6.438722944761993,0.5510737510399953,0.12269999999999982,0.0,2.1497706978864852,0.8989150090415913,0.895117540687161,0.8307259623835472,0.7892423976094217,39,16,8,527,0.2015376399986053,0.6651831980000225,1,15,0,0,main,main_N40_B1_K0_S1_1018_ROLL-CP
ACI-EVENT,S1,1019,40,160,1,0,0.8010714285714285,0.7141071428571428,0.5285714285714286,374.8384454639849,11.404724761606094,4.567461553448613,6.1299064043175395,0.5857768038399412,0.12157999999999988,0.0,2.1657282114709635,0.8984474885844749,0.8995433789954338,0.8301652158465092,0.7923254574524783,38,17,8,559,0.20804108099923724,0.6486930930000199,1,15,0,1,main,main_N40_B1_K0_S1_1019_ACI-EVENT
ACI-PER,S1,1019,40,160,1,0,0.8010714285714285,0.7141071428571428,0.5285714285714286,374.8384454639849,11.404724761606094,4.567461553448613,6.1299064043175395,0.5857768038399412,0.12157999999999988,0.0,2.1657282114709635,0.8984474885844749,0.8995433789954338,0.8301652158465092,0.7923254574524783,38,17,8,559,0.19253653999953713,0.6241712429998643,1,15,0,1,main,main_N40_B1_K0_S1_1019_ACI-PER
ACR-MCR,S1,1019,40,160,1,0,0.8155357142857143,0.6983928571428571,0.5785714285714286,367.06973695911563,11.622016972747312,4.685784401691122,6.250926919856213,0.5630656511999766,0.12224000000000007,0.0,2.1735584388904643,0.8986752595775153,0.899749373433584,0.8278587739329001,0.8016862813982083,39,16,13,527,0.35929344900068827,0.8659789170001204,1,15,0,0,main,main_N40_B1_K0_S1_1019_ACR-MCR
FROZEN-CP,S1,1019,40,160,1,0,0.8175,0.6553571428571429,0.6071428571428571,398.3035568055399,11.506663553124069,4.556687021178577,6.263850880745515,0.5630656511999766,0.12305999999999988,0.0,2.147566919209419,0.8260714285714286,0.81625,0.7385472914126459,0.7228705800383208,40,16,9,527,0.2221057669980837,0.7611737320000884,1,15,0,0,main,main_N40_B1_K0_S1_1019_FROZEN-CP
POINT-EA,S1,1019,40,160,1,0,0.7733928571428571,0.6976785714285715,0.5285714285714286,327.44840176270014,11.042889709093904,4.407165295959599,5.943642630120906,0.5723235532799624,0.11975822973343679,0.0,2.1606123476998444,0.890963969062441,0.8958687040181098,0.833394495412844,0.8163302752293577,36,17,4,559,0.21522910499993486,0.71225030100004,1,15,0,1,main,main_N40_B1_K0_S1_1019_POINT-EA
RANDOM-CH,S1,1019,40,160,1,0,0.7780357142857143,0.38410714285714287,0.8571428571428571,538.1542324469182,12.083018401734734,5.138481869789242,6.263850880745515,0.5630656511999766,0.11761999999999996,0.0,2.3645828574823353,0.8926785714285714,0.8960714285714285,0.8523622047244095,0.8430565497494631,40,16,16,0,0.0441748900022958,0.5204445740000665,1,15,0,0,main,main_N40_B1_K0_S1_1019_RANDOM-CH
ROLL-CP,S1,1019,40,160,1,0,0.81375,0.7060714285714286,0.55,375.5337355808811,11.242590745877235,4.498584167399867,6.074308527917368,0.5483780505599997,0.12131999999999996,0.0,2.106537520306771,0.8914285714285715,0.895852534562212,0.8242069821017189,0.797270955165692,37,16,6,526,0.2304280919984194,0.7487674689998585,1,14,0,1,main,main_N40_B1_K0_S1_1019_ROLL-CP
ACI-EVENT,S1,1020,40,160,1,0,0.7514285714285714,0.66,0.6142857142857143,344.3009135406408,11.289396121841879,4.564541154093117,6.009572079988979,0.5929828877597825,0.12229999999999967,0.0,2.2783846865473016,0.9008683068017366,0.8994211287988423,0.8419078242229368,0.7999285459092533,37,16,9,527,0.18140928799948597,0.6210206580001341,1,15,0,0,main,main_N40_B1_K0_S1_1020_ACI-EVENT
ACI-PER,S1,1020,40,160,1,0,0.7514285714285714,0.66,0.6142857142857143,344.3009135406408,11.289396121841879,4.564541154093117,6.009572079988979,0.5929828877597825,0.12229999999999967,0.0,2.2783846865473016,0.9008683068017366,0.8994211287988423,0.8419078242229368,0.7999285459092533,37,16,9,527,0.18923522599948228,0.6324951069998406,1,15,0,0,main,main_N40_B1_K0_S1_1020_ACI-PER
ACR-MCR,S1,1020,40,160,1,0,0.8126785714285715,0.6985714285714286,0.5214285714285715,369.24954536481215,11.43989561428232,4.615174850004856,6.069980259957595,0.6327605043198679,0.12197999999999981,0.0,2.159285695410026,0.9003584229390681,0.8991039426523297,0.8381916564845523,0.7949031244545296,38,17,7,559,0.33782796500145196,0.806081832000018,1,15,0,1,main,main_N40_B1_K0_S1_1020_ACR-MCR
FROZEN-CP,S1,1020,40,160,1,0,0.7946428571428571,0.6496428571428572,0.5928571428571429,366.14926854558087,11.155258301012307,4.504314293634496,5.914064653777916,0.6160193535998943,0.12085999999999975,0.0,2.1464803350033304,0.8027936041168903,0.8038963425840838,0.7299178864691181,0.7209925026776152,36,17,8,559,0.19463736900070217,0.613229998999941,1,15,0,1,main,main_N40_B1_K0_S1_1020_FROZEN-CP
POINT-EA,S1,1020,40,160,1,0,0.7982142857142858,0.6633928571428571,0.5642857142857143,391.9090543379707,11.206988891224382,4.580169310970223,5.921950265924494,0.5838693143296665,0.12099999999999983,0.0,2.1481673167000923,0.8968370724531077,0.892975358587716,0.8414526129317981,0.8120460584588131,38,16,7,527,0.2091892779990303,0.6938731699999607,1,15,0,0,main,main_N40_B1_K0_S1_1020_POINT-EA
RANDOM-CH,S1,1020,40,160,1,0,0.7482142857142857,0.2405357142857143,0.9142857142857143,653.7699185270687,12.147800213655138,5.3310451601899,6.098963002265315,0.597472051199923,0.12031999999999983,0.0,2.4610616316157086,0.8955357142857143,0.8926785714285714,0.8595352016404648,0.8506493506493507,40,16,16,0,0.04419871899995087,0.5170600479998484,1,15,0,0,main,main_N40_B1_K0_S1_1020_RANDOM-CH
ROLL-CP,S1,1020,40,160,1,0,0.7475,0.6094642857142857,0.6357142857142857,359.4210403392428,11.062749679844062,4.431479106653589,5.922908622470533,0.5864819507199402,0.12187999999999985,0.0,2.24260078650802,0.8956537685677609,0.8925362185952687,0.8405303709012721,0.7953771725497223,37,16,8,527,0.17607628800033126,0.584312557000203,1,15,0,0,main,main_N40_B1_K0_S1_1020_ROLL-CP
ACI-EVENT,S1,1021,40,160,1,0,0.8105357142857142,0.5889285714285715,0.6571428571428571,414.3235135522784,11.210943653532553,4.580345247957888,5.948008504774685,0.5609899007999798,0.12159999999999961,0.0,2.112482316474949,0.900255288110868,0.899343544857768,0.8373389063044235,0.7899686520376176,39,16,13,527,0.19240216200023497,0.6146468239999194,1,15,0,0,main,main_N40_B1_K0_S1_1021_ACI-EVENT
ACI-PER,S1,1021,40,160,1,0,0.8105357142857142,0.5889285714285715,0.6571428571428571,414.3235135522784,11.210943653532553,4.580345247957888,5.948008504774685,0.5609899007999798,0.12159999999999961,0.0,2.112482316474949,0.900255288110868,0.899343544857768,0.8373389063044235,0.7899686520376176,39,16,13,527,0.17400011300151164,0.5809401799999705,1,15,0,0,main,main_N40_B1_K0_S1_1021_ACI-PER
ACR-MCR,S1,1021,40,160,1,0,0.8339285714285715,0.6798214285714286,0.5714285714285714,407.49381894520826,11.312585240324163,4.598569539393833,6.02474514989036,0.5671505510399704,0.12211999999999992,0.0,2.080284155999294,0.8996757925072046,0.8993155619596542,0.8413220280325315,0.8020418757570514,39,16,11,527,0.2910445030017854,0.7133494669999436,1,15,0,0,main,main_N40_B1_K0_S1_1021_ACR-MCR
FROZEN-CP,S1,1021,40,160,1,0,0.83125,0.6669642857142857,0.6214285714285714,388.2373652865212,11.35035575419161,4.660064879751897,6.001700323399741,0.5671505510399704,0.1214399999999998,0.0,2.0930030894692253,0.8237208461399386,0.8311336105586693,0.7342146460253958,0.7312576100191338,39,16,10,527,0.17772879400104102,0.5911540249999234,1,15,0,0,main,main_N40_B1_K0_S1_1021_FROZEN-CP
POINT-EA,S1,1021,40,160,1,0,0.8151785714285714,0.6151785714285715,0.6214285714285714,404.88094330869285,11.469635414535462,4.703709317783702,6.0721084455517955,0.5712576511999639,0.12255999999999975,0.0,2.15069105841655,0.8954983922829582,0.8942479456948911,0.8355251621953358,0.7976503594599333,39,16,11,527,0.20957294100026047,0.686668569999938,1,15,0,0,main,main_N40_B1_K0_S1_1021_POINT-EA
RANDOM-CH,S1,1021,40,160,1,0,0.7141071428571428,0.22482142857142856,0.9428571428571428,691.8885777674283,11.455038474082423,4.69817884355272,6.07484197932974,0.5712576511999639,0.11075999999999993,0.0,2.4146371151101227,0.8955357142857143,0.8942857142857142,0.8550094517958412,0.8364839319470699,40,16,16,0,0.03828988499822117,0.4376250220000202,1,15,0,0,main,main_N40_B1_K0_S1_1021_RANDOM-CH
ROLL-CP,S1,1021,40,160,1,0,0.8153571428571429,0.6151785714285715,0.6428571428571429,405.9328359519971,11.209917243725233,4.586394624735547,5.940932718189707,0.5609899007999798,0.12159999999999965,0.0,2.101596783600531,0.8953997809419496,0.8937568455640745,0.8340901152637094,0.7844917918267551,38,16,13,527,0.19343332899961752,0.6462261409999428,1,15,0,0,main,main_N40_B1_K0_S1_1021_ROLL-CP
ACI-EVENT,S1,1022,40,160,1,0,0.8116071428571429,0.5964285714285714,0.6357142857142857,419.19048048527117,11.697955006871867,4.724663170056289,6.30183258561558,0.5491392511999982,0.1223199999999997,0.0,2.2422762136998022,0.8981928788692074,0.8992664161746288,0.8382150241212957,0.804789800137836,38,16,13,527,0.202194563000603,0.6602133410001443,1,15,0,0,main,main_N40_B1_K0_S1_1022_ACI-EVENT
ACI-PER,S1,1022,40,160,1,0,0.8116071428571429,0.5964285714285714,0.6357142857142857,419.19048048527117,11.697955006871867,4.724663170056289,6.30183258561558,0.5491392511999982,0.1223199999999997,0.0,2.2422762136998022,0.8981928788692074,0.8992664161746288,0.8382150241212957,0.804789800137836,38,16,13,527,0.21727138999835915,0.696673649000104,1,15,0,0,main,main_N40_B1_K0_S1_1022_ACI-PER
ACR-MCR,S1,1022,40,160,1,0,0.7919642857142857,0.6164285714285714,0.6642857142857143,407.216369887165,11.461970790270446,4.654297162862986,6.14374457652745,0.5419490508800096,0.12198000000000009,0.0,2.2443647523537193,0.8981565979193283,0.8996167183792663,0.8294076896432283,0.7982334603394527,38,16,9,527,0.2948457770000914,0.7399116689998664,1,15,0,0,main,main_N40_B1_K0_S1_1022_ACR-MCR
FROZEN-CP,S1,1022,40,160,1,0,0.8123214285714285,0.64875,0.6428571428571429,383.97824347305186,11.608011743384889,4.620192516376576,6.2853074727683635,0.5797117542399506,0.12280000000000012,0.0,2.223331113461959,0.8336022951407567,0.827685135377443,0.7527758501040944,0.7343858431644691,38,17,12,559,0.2307026240016512,0.714709922000111,1,15,0,1,main,main_N40_B1_K0_S1_1022_FROZEN-CP
POINT-EA,S1,1022,40,160,1,0,0.7796428571428572,0.6698214285714286,0.6571428571428571,369.2420901934518,11.596456871001683,4.680588834060962,6.248231085900716,0.5452369510400044,0.12239999999999988,0.0,2.3017977115922355,0.8944233892799134,0.8956866991517777,0.8239226033421284,0.7984168865435356,39,16,6,527,0.19508229499956542,0.6539468850000958,1,15,0,0,main,main_N40_B1_K0_S1_1022_POINT-EA
RANDOM-CH,S1,1022,40,160,1,0,0.7176785714285714,0.2505357142857143,0.9142857142857143,604.3443907606485,11.960201925751877,5.052291524942539,6.248653449769334,0.5452369510400044,0.11401999999999995,0.0,2.53447805165329,0.8944424395525081,0.8955250811981235,0.8429872495446266,0.8295081967213115,39,16,16,0,0.03889524100213748,0.44674008600009074,1,15,0,0,main,main_N40_B1_K0_S1_1022_RANDOM-CH
ROLL-CP,S1,1022,40,160,1,0,0.8205357142857143,0.6392857142857142,0.6714285714285714,395.7984107835742,11.462583903319311,4.5310299743566755,6.261072227842635,0.547341701120001,0.12313999999999993,0.0,2.176302240994743,0.8944524495677233,0.8955331412103746,0.8365900051876188,0.8044267681134359,37,16,11,527,0.1838463260005483,0.6106421440001668,1,15,0,0,main,main_N40_B1_K0_S1_1022_ROLL-CP
ACI-EVENT,S1,1023,40,160,1,0,0.8107142857142857,0.7123214285714285,0.5214285714285715,363.2279915520925,11.441010804931395,4.513597805515917,6.214213748215543,0.5900992511999344,0.12310000000000001,0.0,2.1599038710461382,0.8994642857142857,0.9,0.8313902905863929,0.7997215938750653,40,16,8,527,0.19120224999801394,0.6696390100000826,1,15,0,0,main,main_N40_B1_K0_S1_1023_ACI-EVENT
ACI-PER,S1,1023,40,160,1,0,0.8107142857142857,0.7123214285714285,0.5214285714285715,363.2279915520925,11.441010804931395,4.513597805515917,6.214213748215543,0.5900992511999344,0.12310000000000001,0.0,2.1599038710461382,0.8994642857142857,0.9,0.8313902905863929,0.7997215938750653,40,16,8,527,0.22745300700103144,0.7514514429999508,1,15,0,0,main,main_N40_B1_K0_S1_1023_ACI-PER
ACR-MCR,S1,1023,40,160,1,0,0.8255357142857143,0.6685714285714286,0.5785714285714286,383.3737447531451,11.508305128559496,4.600892438331579,6.1947534390279815,0.5900992511999344,0.1225599999999997,0.0,2.1390901725947016,0.899373321396598,0.9000895255147717,0.8352736750651607,0.8046915725456125,38,16,13,527,0.3688452910007527,0.9103439430000435,1,15,0,0,main,main_N40_B1_K0_S1_1023_ACR-MCR
FROZEN-CP,S1,1023,40,160,1,0,0.82625,0.7426785714285714,0.4714285714285714,361.79735766729067,11.50497504939287,4.583077474285743,6.208978323907192,0.5900992511999344,0.12281999999999986,0.0,2.1368824385945153,0.8441186986056489,0.8262424025741866,0.7755781359495445,0.7533286615276804,39,16,10,527,0.21682705500165866,0.6998421040000267,1,15,0,0,main,main_N40_B1_K0_S1_1023_FROZEN-CP
POINT-EA,S1,1023,40,160,1,0,0.7873214285714286,0.7242857142857143,0.5642857142857143,338.8196084029882,11.407043518524357,4.479170519108879,6.214213748215543,0.5900992511999344,0.12356000000000007,0.0,2.208099790655121,0.8953571428571429,0.895,0.8441166014930679,0.8117667970138642,40,16,8,527,0.17484896199971445,0.5855385350000688,1,15,0,0,main,main_N40_B1_K0_S1_1023_POINT-EA
RANDOM-CH,S1,1023,40,160,1,0,0.6876785714285715,0.26375,0.9285714285714286,636.2473366578068,11.90643755663506,4.990044557219583,6.214213748215543,0.5900992511999344,0.11208000000000021,0.0,2.5917365164638793,0.8953571428571429,0.895,0.8532718894009217,0.8446082949308755,40,16,16,0,0.05594047900035548,0.6344765740000184,1,15,0,0,main,main_N40_B1_K0_S1_1023_RANDOM-CH
ROLL-CP,S1,1023,40,160,1,0,0.8425,0.7044642857142858,0.5071428571428571,375.9276992624373,11.408090927651672,4.480517928236195,6.214213748215543,0.5900992511999344,0.12325999999999998,0.0,2.0836695758267894,0.8953571428571429,0.895,0.8316352961491971,0.7993438093593507,40,16,8,527,0.24854519700147648,0.8110284730000785,1,15,0,0,main,main_N40_B1_K0_S1_1023_ROLL-CP
ACI-EVENT,S1,1024,40,160,1,0,0.7783928571428571,0.6846428571428571,0.6285714285714286,371.5243257747459,11.291662387892089,4.459967284500235,6.151962252191867,0.555692851199988,0.12403999999999984,0.0,2.2002459836110853,0.8989447326059739,0.9003756036487212,0.8550927546377319,0.8228911445572279,39,16,6,527,0.17777548599815418,0.5977730590000192,1,15,0,0,main,main_N40_B1_K0_S1_1024_ACI-EVENT
ACI-PER,S1,1024,40,160,1,0,0.7783928571428571,0.6846428571428571,0.6285714285714286,371.5243257747459,11.291662387892089,4.459967284500235,6.151962252191867,0.555692851199988,0.12403999999999984,0.0,2.2002459836110853,0.8989447326059739,0.9003756036487212,0.8550927546377319,0.8228911445572279,39,16,6,527,0.2334863620003489,0.747396111999933,1,15,0,0,main,main_N40_B1_K0_S1_1024_ACI-PER
ACR-MCR,S1,1024,40,160,1,0,0.7755357142857143,0.6923214285714285,0.5785714285714286,371.1296028306591,11.366147049682802,4.525533124785051,6.161621073697763,0.555692851199988,0.12329999999999991,0.0,2.2216862880537143,0.8991071428571429,0.9005357142857143,0.8441084462982273,0.81091414668057,40,16,11,527,0.28135295100196345,0.6951093980001133,1,15,0,0,main,main_N40_B1_K0_S1_1024_ACR-MCR
FROZEN-CP,S1,1024,40,160,1,0,0.8082142857142857,0.7255357142857143,0.5,368.07585076509406,11.194113365101833,4.480403008031779,6.041853306190056,0.5491170508799983,0.12273999999999981,0.0,2.112495445386268,0.8546247501362892,0.8462656732691259,0.7847209998239747,0.7725752508361204,38,16,7,527,0.19219444499799465,0.6263935289998699,1,15,0,0,main,main_N40_B1_K0_S1_1024_FROZEN-CP
POINT-EA,S1,1024,40,160,1,0,0.8153571428571429,0.6864285714285714,0.5571428571428572,393.6276516749835,11.324694741506926,4.563402386948891,6.085602603518042,0.5526097510399929,0.12308000000000009,0.0,2.1211265670550525,0.8950505780346821,0.8977601156069365,0.8472803347280334,0.825139470013947,38,16,7,527,0.20508340100150235,0.6591079670001818,1,15,0,0,main,main_N40_B1_K0_S1_1024_POINT-EA
RANDOM-CH,S1,1024,40,160,1,0,0.7489285714285714,0.30428571428571427,0.8642857142857143,583.3211273809474,12.140157354202177,5.304223429304427,6.161621073697763,0.555692851199988,0.11862000000000003,0.0,2.4780888659322673,0.8955357142857143,0.8983928571428571,0.8595564941921858,0.8461809222104892,40,16,16,0,0.03844645400158697,0.4536216360002072,1,15,0,0,main,main_N40_B1_K0_S1_1024_RANDOM-CH
ROLL-CP,S1,1024,40,160,1,0,0.77875,0.6767857142857143,0.6571428571428571,375.1517895010139,11.290375267194209,4.461709563908051,6.148932852086171,0.555692851199988,0.12403999999999979,0.0,2.1991381509922494,0.895311381531854,0.8981746599856836,0.8522727272727273,0.8197552447552447,38,16,6,527,0.2204890700006672,0.7510513600000195,1,15,0,0,main,main_N40_B1_K0_S1_1024_ROLL-CP
ACI-EVENT,S1,1025,40,160,1,0,0.8080357142857143,0.5855357142857143,0.6928571428571428,410.3329092061349,11.278718210110103,4.529105593405984,6.037051565824186,0.591101050879933,0.12145999999999982,0.0,2.1381456322483605,0.8989477503628447,0.8991291727140783,0.8339734636871509,0.8114525139664804,39,16,9,527,0.2319431020016509,0.7522712530001172,1,15,0,0,main,main_N40_B1_K0_S1_1025_ACI-EVENT
ACI-PER,S1,1025,40,160,1,0,0.8080357142857143,0.5855357142857143,0.6928571428571428,410.3329092061349,11.278718210110103,4.529105593405984,6.037051565824186,0.591101050879933,0.12145999999999982,0.0,2.1381456322483605,0.8989477503628447,0.8991291727140783,0.8339734636871509,0.8114525139664804,39,16,9,527,0.1849682140011737,0.6091569059999529,1,15,0,0,main,main_N40_B1_K0_S1_1025_ACI-PER
ACR-MCR,S1,1025,40,160,1,0,0.8214285714285714,0.5108928571428571,0.7142857142857143,460.84069208113397,11.304959022218831,4.633810343740812,5.964489877838076,0.5852988006399421,0.1213599999999998,0.0,2.113076452751183,0.8996514401027335,0.8994679875252247,0.8323207776427703,0.806457212289533,38,16,11,526,0.35847482300050615,0.8685361350001131,1,14,0,1,main,main_N40_B1_K0_S1_1025_ACR-MCR
FROZEN-CP,S1,1025,40,160,1,0,0.8380357142857143,0.5496428571428571,0.6928571428571428,445.360665937569,11.339490185251055,4.636237084911994,5.992734399539124,0.5890987007999361,0.12141999999999994,0.0,2.0833162199616124,0.8087671232876712,0.7881278538812785,0.7232158360826533,0.703594374023268,39,16,9,527,0.25718405500083463,0.832243662999872,1,15,0,0,main,main_N40_B1_K0_S1_1025_FROZEN-CP
POINT-EA,S1,1025,40,160,1,0,0.8107142857142857,0.6539285714285714,0.6214285714285714,385.46469504035394,11.45992453479943,4.605614966253891,6.1327391173456185,0.5991104511999205,0.12245999999999987,0.0,2.166337341171915,0.89375,0.8948214285714285,0.840572126286412,0.8194662480376766,40,16,12,527,0.18463957499966455,0.6211772380002003,1,15,0,0,main,main_N40_B1_K0_S1_1025_POINT-EA
RANDOM-CH,S1,1025,40,160,1,0,0.8003571428571429,0.2332142857142857,0.9642857142857143,620.5334996911577,11.99802150154235,5.147751932996812,6.1327391173456185,0.5991104511999205,0.1184199999999999,0.0,2.3342454283156324,0.89375,0.8948214285714285,0.8343341575415048,0.824090427410809,40,16,16,0,0.04222033599853603,0.46350704399992537,1,15,0,0,main,main_N40_B1_K0_S1_1025_RANDOM-CH
ROLL-CP,S1,1025,40,160,1,0,0.8192857142857143,0.5444642857142857,0.6857142857142857,442.364123155188,11.238949755431674,4.488157138727557,6.037051565824186,0.591101050879933,0.12263999999999971,0.0,2.1054608009426143,0.8942307692307693,0.8945936139332366,0.8261471861471862,0.792034632034632,39,16,8,527,0.1987238709994017,0.6228795029999219,1,15,0,0,main,main_N40_B1_K0_S1_1025_ROLL-CP
ACI-EVENT,S1,1026,40,160,1,0,0.7675,0.5833928571428572,0.6214285714285714,400.0542995163978,11.087314676789507,4.377592900014923,6.088133016771673,0.49910755328007345,0.1224812067228386,0.0,2.189438127328102,0.8986372969945865,0.8986372969945865,0.8509033502894229,0.8312576740922645,37,17,10,558,0.19374042400022518,0.6207476800000222,1,14,0,2,main,main_N40_B1_K0_S1_1026_ACI-EVENT
ACI-PER,S1,1026,40,160,1,0,0.7675,0.5833928571428572,0.6214285714285714,400.0542995163978,11.087314676789507,4.377592900014923,6.088133016771673,0.49910755328007345,0.1224812067228386,0.0,2.189438127328102,0.8986372969945865,0.8986372969945865,0.8509033502894229,0.8312576740922645,37,17,10,558,0.1960929080007645,0.6260580810001102,1,14,0,2,main,main_N40_B1_K0_S1_1026_ACI-PER
ACR-MCR,S1,1026,40,160,1,0,0.7973214285714286,0.6682142857142858,0.5857142857142857,384.5522542156473,11.201969694159315,4.478899785091481,6.126735758667774,0.4744341504000606,0.12189999999999977,0.0,2.1414585536530906,0.8987153230310929,0.8985291379631354,0.8514105484492728,0.8309094094971088,37,16,10,526,0.3634641790015394,0.9072419979997903,1,14,0,1,main,main_N40_B1_K0_S1_1026_ACR-MCR
FROZEN-CP,S1,1026,40,160,1,0,0.7758928571428572,0.6869642857142857,0.55,370.1839771925002,11.294932452958536,4.517760668242866,6.175223384075606,0.47946840064006335,0.12247999999999983,0.0,2.209926130494724,0.8579083518107908,0.8481152993348116,0.7892165416157738,0.7722910486826033,37,16,10,527,0.2213288540015128,0.7592708649999622,1,15,0,0,main,main_N40_B1_K0_S1_1026_FROZEN-CP
POINT-EA,S1,1026,40,160,1,0,0.8091071428571428,0.6933928571428571,0.5714285714285714,381.69298527476644,11.44502258528784,4.510882051774865,6.321735582472907,0.48840495104006826,0.12399999999999976,0.0,2.1606612394351217,0.8977457168620379,0.8990081154192967,0.8512900976290098,0.8392608089260809,38,16,9,527,0.20191729899920574,0.7204728169999726,1,15,0,0,main,main_N40_B1_K0_S1_1026_POINT-EA
RANDOM-CH,S1,1026,40,160,1,0,0.6589285714285714,0.2019642857142857,0.9571428571428572,576.2569611371023,11.951384150859301,4.949686725341638,6.402542174317593,0.4917952512000701,0.10736000000000015,0.0,2.6996575899840303,0.8976785714285714,0.8992857142857142,0.8693214768992847,0.861782331335782,40,16,16,0,0.04054461300052026,0.48986125900000843,1,15,0,0,main,main_N40_B1_K0_S1_1026_RANDOM-CH
ROLL-CP,S1,1026,40,160,1,0,0.7667857142857143,0.5851785714285714,0.6214285714285714,398.90990116834865,11.092012593769418,4.379954705185458,6.0903103353038865,0.49910755328007345,0.12264000000000021,0.0,2.1920973505473156,0.896976483762598,0.8982829413960433,0.8469763365468886,0.8303242769500438,37,17,10,558,0.23842670500016538,0.7374233560001358,1,14,0,2,main,main_N40_B1_K0_S1_1026_ROLL-CP
ACI-EVENT,S1,1027,40,160,1,0,0.8219642857142857,0.63375,0.6071428571428571,402.63519613122105,11.622117905260122,4.814783999645076,6.114017054415084,0.5720768511999625,0.12124000000000001,0.0,2.170330141038305,0.8990858576805879,0.9001613192328374,0.830919560286163,0.8014308148665155,39,16,8,527,0.19427608600130952,0.6250878349999311,1,15,0,0,main,main_N40_B1_K0_S1_1027_ACI-EVENT
ACI-PER,S1,1027,40,160,1,0,0.8219642857142857,0.63375,0.6071428571428571,402.63519613122105,11.622117905260122,4.814783999645076,6.114017054415084,0.5720768511999625,0.12124000000000001,0.0,2.170330141038305,0.8990858576805879,0.9001613192328374,0.830919560286163,0.8014308148665155,39,16,8,527,0.20831648399939695,0.6856117509998967,1,15,0,0,main,main_N40_B1_K0_S1_1027_ACI-PER
ACR-MCR,S1,1027,40,160,1,0,0.82375,0.5919642857142857,0.65,411.66408873393766,11.51908499758198,4.746440393641364,6.082790052900648,0.5681745510399687,0.12167999999999995,0.0,2.147080148663929,0.8992080633549316,0.9001079913606912,0.8342837394159323,0.807153965785381,39,16,12,527,0.3196567480003978,0.7884390169999733,1,15,0,0,main,main_N40_B1_K0_S1_1027_ACR-MCR
FROZEN-CP,S1,1027,40,160,1,0,0.8014285714285714,0.6576785714285714,0.5928571428571429,386.44319120728994,11.39176320170563,4.69067498369882,6.012915217046838,0.5666330009599712,0.12153999999999988,0.0,2.1740006110125245,0.812329514457174,0.8125113657028551,0.73833421377003,0.7288254974467335,37,16,10,527,0.21744468300016706,0.7410326500000792,1,15,0,0,main,main_N40_B1_K0_S1_1027_FROZEN-CP
POINT-EA,S1,1027,40,160,1,0,0.8075,0.6546428571428572,0.6642857142857143,370.6053930857462,11.082274481675858,4.655372274542228,5.761140657053628,0.5465015500800026,0.11925999999999982,0.0,2.1013034663776753,0.89265429761454,0.8971980310488451,0.8322380430814166,0.8114275282949982,36,16,5,527,0.2558487980015798,0.8552027299999736,1,15,0,0,main,main_N40_B1_K0_S1_1027_POINT-EA
RANDOM-CH,S1,1027,40,160,1,0,0.7585714285714286,0.31125,0.8642857142857143,676.3673912217937,11.974582879547679,5.148777685074077,6.13270834327364,0.5720768511999625,0.12102000000000003,0.0,2.4166665750853036,0.8926785714285714,0.8973214285714286,0.848643006263048,0.8350730688935282,40,16,16,0,0.04911546499988617,0.5416286659999514,1,15,0,0,main,main_N40_B1_K0_S1_1027_RANDOM-CH
ROLL-CP,S1,1027,40,160,1,0,0.8105357142857142,0.6180357142857142,0.5928571428571429,412.86352718965264,11.261287390584027,4.6671211714344425,5.916455368589598,0.5570308505599861,0.12068000000000004,0.0,2.128385445205826,0.8926658045446149,0.8970995750969887,0.8265179677819083,0.8012037528766154,37,16,8,527,0.20853256600139503,0.6829455479999069,1,15,0,0,main,main_N40_B1_K0_S1_1027_ROLL-CP
ACI-EVENT,S1,1028,40,160,1,0,0.8105357142857142,0.59875,0.6642857142857143,416.762247732884,11.368542588802027,4.740609675894517,5.983354138901019,0.5229587740064914,0.12161999999999971,0.0,2.151910389703204,0.8986007632200618,0.89950935853171,0.8444092827004219,0.8173347398030942,38,16,10,527,0.19094382399907772,0.6186584550000589,1,15,0,0,main,main_N40_B1_K0_S1_1028_ACI-EVENT
ACI-PER,S1,1028,40,160,1,0,0.8105357142857142,0.59875,0.6642857142857143,416.762247732884,11.368542588802027,4.740609675894517,5.983354138901019,0.5229587740064914,0.12161999999999971,0.0,2.151910389703204,0.8986007632200618,0.89950935853171,0.8444092827004219,0.8173347398030942,38,16,10,527,0.20154968299834763,0.670543150000185,1,15,0,0,main,main_N40_B1_K0_S1_1028_ACI-PER
ACR-MCR,S1,1028,40,160,1,0,0.8264285714285714,0.6455357142857143,0.6642857142857143,412.6853224827601,11.55523592040326,4.89278205100483,6.014820968278397,0.5269129011200329,0.12071999999999973,0.0,2.1510118988092444,0.8985193210545324,0.899783315276273,0.8376083188908146,0.8102253032928943,38,16,9,527,0.32067630499886945,0.7989401510001244,1,15,0,0,main,main_N40_B1_K0_S1_1028_ACR-MCR
FROZEN-CP,S1,1028,40,160,1,0,0.81875,0.6283928571428572,0.6428571428571429,405.75674433156627,11.371757571134152,4.777837611462536,5.924562305911618,0.5484976537599993,0.12085999999999962,0.0,2.1339383695128826,0.8478181151448478,0.8531353135313532,0.7878627968337731,0.7797713280562885,36,17,11,559,0.21685423400003856,0.7004791829999704,1,15,0,1,main,main_N40_B1_K0_S1_1028_FROZEN-CP
POINT-EA,S1,1028,40,160,1,0,0.8203571428571429,0.6126785714285714,0.6357142857142857,416.38717839360106,11.598880022484396,4.950367201540919,6.002737469903442,0.5251153510400357,0.12065999999999995,0.0,2.1728887265800667,0.8932899258455417,0.895641164767589,0.8466819221967964,0.8260869565217391,37,16,11,527,0.2249025299981895,0.777442677999943,1,15,0,0,main,main_N40_B1_K0_S1_1028_POINT-EA
RANDOM-CH,S1,1028,40,160,1,0,0.7826785714285714,0.23785714285714285,0.9214285714285714,655.6521172678608,11.9630187626862,5.2315024906267205,6.08313702085945,0.5286592512000302,0.1197200000000001,0.0,2.347991906317213,0.8933928571428571,0.8953571428571429,0.8445205479452055,0.8333904109589041,40,16,16,0,0.04727214299919069,0.5641577429998961,1,15,0,0,main,main_N40_B1_K0_S1_1028_RANDOM-CH
ROLL-CP,S1,1028,40,160,1,0,0.8085714285714286,0.5667857142857143,0.6785714285714286,427.83738126071006,11.40547295188287,4.756275152042,6.0041975988808325,0.5234202009600383,0.12157999999999973,0.0,2.163405339886736,0.8933550606554409,0.8949846098135071,0.8409727081875438,0.812631210636809,39,16,8,527,0.22365769600105523,0.7193667999999889,1,15,0,0,main,main_N40_B1_K0_S1_1028_ROLL-CP
ACI-EVENT,S1,1029,40,160,1,0,0.8301785714285714,0.7342857142857143,0.5,356.20535970772596,11.232484708953582,4.456980754404993,6.090966053748612,0.5630379007999768,0.12149999999999964,0.0,2.0770127050579847,0.8988127853881278,0.8997260273972603,0.8590401983353994,0.8241544182751903,38,16,8,527,0.19784499599950323,0.6475383209999563,1,15,0,0,main,main_N40_B1_K0_S1_1029_ACI-EVENT
ACI-PER,S1,1029,40,160,1,0,0.8301785714285714,0.7342857142857143,0.5,356.20535970772596,11.232484708953582,4.456980754404993,6.090966053748612,0.5630379007999768,0.12149999999999964,0.0,2.0770127050579847,0.8988127853881278,0.8997260273972603,0.8590401983353994,0.8241544182751903,38,16,8,527,0.20368358200039438,0.6770150109998667,1,15,0,0,main,main_N40_B1_K0_S1_1029_ACI-PER
ACR-MCR,S1,1029,40,160,1,0,0.8503571428571428,0.6416071428571428,0.6,421.5138427222831,11.611412962144897,4.669959645491933,6.246677265453003,0.5728960511999613,0.12187999999999989,0.0,2.1031358380990577,0.8992857142857142,0.8998214285714285,0.84276621365904,0.8049200068811285,40,16,12,527,0.36084270899823423,0.898802035000017,1,15,0,0,main,main_N40_B1_K0_S1_1029_ACR-MCR
FROZEN-CP,S1,1029,40,160,1,0,0.8757142857142857,0.6516071428571428,0.4785714285714286,401.59301496052063,11.41957360354848,4.581291054414992,6.149779948173519,0.5670426009599705,0.12145999999999965,0.0,2.0165236806548616,0.8375339981867633,0.8241160471441523,0.7697929354445798,0.7550026100574213,38,16,10,527,0.21624199400093858,0.7008287890000702,1,15,0,0,main,main_N40_B1_K0_S1_1029_FROZEN-CP
POINT-EA,S1,1029,40,160,1,0,0.8607142857142858,0.7478571428571429,0.4785714285714286,362.9398132764051,11.319233841205218,4.551296594338508,6.082872946066735,0.5641643007999751,0.12089999999999985,0.0,2.0289001328562857,0.8937454279444038,0.8964886613021215,0.8463988674570873,0.8209166519200142,37,16,7,527,0.27245682200054944,0.9028377859999637,1,15,0,0,main,main_N40_B1_K0_S1_1029_POINT-EA
RANDOM-CH,S1,1029,40,160,1,0,0.8283928571428572,0.44392857142857145,0.7714285714285715,537.1351699261688,11.783383778522776,4.845770461869812,6.246677265453003,0.5728960511999613,0.11803999999999996,0.0,2.191034544165633,0.8941071428571429,0.89625,0.8432647165041531,0.825929938605995,40,16,16,0,0.0482822839965138,0.5490513579998151,1,15,0,0,main,main_N40_B1_K0_S1_1029_RANDOM-CH
ROLL-CP,S1,1029,40,160,1,0,0.8525,0.7194642857142857,0.5,369.1533313353468,11.344493386863318,4.487030123289062,6.168000662614286,0.5670426009599705,0.1224199999999998,0.0,2.0503331622742307,0.8938133140376266,0.8965267727930536,0.8444132608314331,0.8088054727240835,39,16,8,527,0.2656544689996281,0.8361333820000709,1,15,0,0,main,main_N40_B1_K0_S1_1029_ROLL-CP
ACI-EVENT,S2,1000,40,160,1,0,0.8230357142857143,0.7157142857142857,0.45,362.39674683698365,11.112078752282377,4.495742777812315,5.861155420230195,0.6334205542398668,0.12175999999999998,0.0,2.07198932543024,0.9014742898238044,0.9000359582883855,0.8497301062162633,0.8361483545185443,39,17,11,560,0.2328650460008248,0.7749196699999175,1,14,2,0,main,main_N40_B1_K0_S2_1000_ACI-EVENT
ACI-PER,S2,1000,40,160,1,0,0.83,0.6955357142857143,0.45,380.15132240233305,11.188914820559498,4.651963678886953,5.825190890792614,0.5919202508799317,0.11983999999999986,0.0,2.071254131906608,0.9013265491550063,0.9004179538433582,0.8370228342339202,0.8204636569635698,39,16,10,527,0.22548234599889838,0.7772702269999172,1,15,0,0,main,main_N40_B1_K0_S2_1000_ACI-PER
ACR-MCR,S2,1000,40,160,1,0,0.84,0.6605357142857143,0.5,413.2525666771162,11.403741121013978,4.761224808976259,5.884911057637859,0.6374252543998604,0.12017999999999998,0.0,2.0893626092000694,0.9017155110793423,0.9004646175839885,0.8386931235032501,0.8251796099897366,39,17,14,560,0.3722493280006347,0.8937277940001422,1,14,2,0,main,main_N40_B1_K0_S2_1000_ACR-MCR
FROZEN-CP,S2,1000,40,160,1,0,0.8319642857142857,0.6835714285714286,0.4357142857142857,390.8316497397581,11.215115314122684,4.605655661760123,5.888290001162643,0.599929651199919,0.12123999999999996,0.0,2.0718853342181203,0.8815859974995535,0.8751562779067691,0.7874056280027454,0.7760809883321894,39,16,10,527,0.22225342800152248,0.7579057729999477,1,15,0,0,main,main_N40_B1_K0_S2_1000_FROZEN-CP
POINT-EA,S2,1000,40,160,1,0,0.8185714285714286,0.715,0.45,376.7752452721136,11.29261737976726,4.682637908603268,5.888709819964073,0.599929651199919,0.12133999999999981,0.0,2.1155146833584224,0.90125,0.8983928571428571,0.8303431457934157,0.8132729489635951,40,16,7,527,0.22031948200014995,0.7611094290000437,1,15,0,0,main,main_N40_B1_K0_S2_1000_POINT-EA
RANDOM-CH,S2,1000,40,160,1,0,0.65,0.26142857142857145,0.85,607.8141905400907,10.597394504766227,4.010035033602235,5.888709819964073,0.599929651199919,0.09871999999999971,0.0,2.400859652189902,0.90125,0.8983928571428571,0.8798014674147605,0.8757013379369875,40,16,16,0,0.07527528200216693,0.8335626539999339,1,15,0,0,main,main_N40_B1_K0_S2_1000_RANDOM-CH
ROLL-CP,S2,1000,40,160,1,0,0.8469642857142857,0.74875,0.39285714285714285,374.21085981921976,11.146599657999731,4.595219632804486,5.83519507415532,0.5959249510399254,0.12025999999999987,0.0,2.0277605344733005,0.9008862362090794,0.8978115391571713,0.8332461189604047,0.8151055293912437,38,16,10,527,0.22724763800124492,0.7993980109999939,1,15,0,0,main,main_N40_B1_K0_S2_1000_ROLL-CP
ACI-EVENT,S2,1001,40,160,1,0,0.8192857142857143,0.7271428571428571,0.42857142857142855,365.27823126117767,11.334290270890161,4.58149408184204,6.057187632248165,0.575588556799957,0.12001999999999986,0.0,2.123719368725906,0.9020914306866555,0.9013511012400518,0.8395958879829848,0.8316199929103155,37,18,10,592,0.21941611400006877,0.6897391640000023,1,14,2,1,main,main_N40_B1_K0_S2_1001_ACI-EVENT
ACI-PER,S2,1001,40,160,1,0,0.8042857142857143,0.6791071428571429,0.5571428571428572,379.27501757361847,11.299674085894416,4.563330404665913,6.099105730508454,0.516337950720049,0.1208999999999997,0.0,2.151089679401183,0.9020542920029347,0.9015040352164343,0.8403920196009801,0.8307665383269164,38,16,9,527,0.22883494299981066,0.7848177700000178,1,15,0,0,main,main_N40_B1_K0_S2_1001_ACI-PER
ACR-MCR,S2,1001,40,160,1,0,0.8389285714285715,0.7160714285714286,0.44285714285714284,366.2622263111678,11.406331536634923,4.495869716344568,6.226501365890377,0.5617004543999786,0.12226000000000009,0.0,2.094057561342927,0.9023214285714286,0.9014285714285715,0.8448993754337266,0.8381332408049965,40,17,9,560,0.3945309409998572,0.930625598000006,1,14,2,0,main,main_N40_B1_K0_S2_1001_ACR-MCR
FROZEN-CP,S2,1001,40,160,1,0,0.8253571428571429,0.6732142857142858,0.55,392.6202612204098,11.192189397830512,4.538712136694063,6.02427911073639,0.5087381504000608,0.12045999999999969,0.0,2.0838185436288423,0.8363466915191053,0.8288909599254427,0.7795275590551181,0.7704286964129484,38,16,9,527,0.22497827500046697,0.717337255000075,1,15,0,0,main,main_N40_B1_K0_S2_1001_FROZEN-CP
POINT-EA,S2,1001,40,160,1,0,0.8305357142857143,0.7364285714285714,0.4142857142857143,348.3443287862845,11.329717678870617,4.552910011464278,6.133698616526297,0.5214690508800411,0.12163999999999986,0.0,2.0980958664575216,0.8983976693372178,0.8983976693372178,0.8582565556343019,0.848334514528703,38,16,9,527,0.18112014899952555,0.6309858710001208,1,15,0,0,main,main_N40_B1_K0_S2_1001_POINT-EA
RANDOM-CH,S2,1001,40,160,1,0,0.7108928571428571,0.4108928571428571,0.75,552.3197139095694,11.972478483368171,5.108117866277764,6.226501365890377,0.5286592512000301,0.10919999999999991,0.0,2.548962845085836,0.8985714285714286,0.8989285714285714,0.8458498023715415,0.8434029738377564,40,16,16,0,0.04171542099857106,0.4850134190000972,1,15,0,0,main,main_N40_B1_K0_S2_1001_RANDOM-CH
ROLL-CP,S2,1001,40,160,1,0,0.8216071428571429,0.7030357142857143,0.4928571428571429,367.3866927498617,11.179514834031583,4.44954541798794,6.092191465323594,0.516337950720049,0.12143999999999952,0.0,2.0896289409404827,0.8984948604992657,0.8990455212922174,0.8356526334331513,0.8199753390875463,38,16,6,527,0.22104657699992458,0.7347281719999046,1,15,0,0,main,main_N40_B1_K0_S2_1001_ROLL-CP
ACI-EVENT,S2,1002,40,160,1,0,0.7885714285714286,0.6305357142857143,0.5571428571428572,382.6938851161295,11.108876188547038,4.602459510617341,5.73230337360986,0.6529333043198363,0.12117999999999965,0.0,2.144156762892692,0.9011659192825112,0.9013452914798207,0.8337694051979766,0.8199895342752486,39,17,14,560,0.2453616649995638,0.7604924400000073,1,14,2,0,main,main_N40_B1_K0_S2_1002_ACI-EVENT
ACI-PER,S2,1002,40,160,1,0,0.7969642857142857,0.6444642857142857,0.5142857142857142,387.91185226897045,11.01433701471583,4.511011105428582,5.764372258087353,0.6163136511998936,0.12264000000000017,0.0,2.1067974396931577,0.9007142857142857,0.9008928571428572,0.835124826629681,0.8219486823855756,40,16,12,527,0.24696508599845401,0.8018225240000447,1,15,0,0,main,main_N40_B1_K0_S2_1002_ACI-PER
ACR-MCR,S2,1002,40,160,1,0,0.8076785714285715,0.6244642857142857,0.6,413.9792115787446,11.044459950360102,4.592832319189897,5.684323777090359,0.646823854079846,0.12047999999999999,0.0,2.0885892493116684,0.9009990917347865,0.9006357856494096,0.8324090121317158,0.8183708838821491,39,17,14,560,0.4228095109995138,0.9815146729999924,1,14,2,0,main,main_N40_B1_K0_S2_1002_ACR-MCR
FROZEN-CP,S2,1002,40,160,1,0,0.8205357142857143,0.6653571428571429,0.4642857142857143,401.1216270488182,10.963927955864667,4.501828198809556,5.727670806015212,0.6123089510398999,0.12211999999999976,0.0,2.045508946989677,0.8468322534197265,0.8396328293736501,0.7738650094942171,0.759709994821336,39,16,12,527,0.20634457600067435,0.6624816529999862,1,15,0,0,main,main_N40_B1_K0_S2_1002_FROZEN-CP
POINT-EA,S2,1002,40,160,1,0,0.79,0.6375,0.55,392.6896508005029,11.065507138771466,4.602370725075926,5.725242762495646,0.6163136511998936,0.12157999999999967,0.0,2.1324931853481335,0.9006824712643678,0.9010416666666666,0.8263525305410122,0.8172774869109948,38,16,12,527,0.24357772800112798,0.7998796560000301,1,15,0,0,main,main_N40_B1_K0_S2_1002_POINT-EA
RANDOM-CH,S2,1002,40,160,1,0,0.7333928571428572,0.2757142857142857,0.8785714285714286,640.7765051696665,11.07405585216759,4.581209942880342,5.764372258087353,0.6163136511998936,0.1121599999999999,0.0,2.2908679876225877,0.9003571428571429,0.9005357142857143,0.8551814933233026,0.8499153658077864,40,16,16,0,0.06958961300142619,0.7644136530000196,1,15,0,0,main,main_N40_B1_K0_S2_1002_RANDOM-CH
ROLL-CP,S2,1002,40,160,1,0,0.785,0.6901785714285714,0.5,374.1834020751817,11.177935271179313,4.675989361892066,5.764372258087353,0.6163136511998936,0.12125999999999987,0.0,2.1658467876727983,0.9003571428571429,0.9005357142857143,0.8229856993372864,0.8092082316009767,40,16,9,527,0.274910496000075,0.8611846199999036,1,15,0,0,main,main_N40_B1_K0_S2_1002_ROLL-CP
ACI-EVENT,S2,1003,40,160,1,0,0.7939285714285714,0.7128571428571429,0.5,335.5543218024768,11.082809716238028,4.421716204352944,5.9326305077251735,0.6060230041599097,0.12244000000000001,0.0,2.1304901415298017,0.9009220755740373,0.9011028747062014,0.8552283547875155,0.8421795097866337,39,17,11,560,0.18767480499855083,0.5937312969999766,1,14,2,0,main,main_N40_B1_K0_S2_1003_ACI-EVENT
ACI-PER,S2,1003,40,160,1,0,0.8,0.7325,0.5,330.793269793191,10.969468739966395,4.365651536438402,5.911505002568027,0.5700122009599659,0.12230000000000002,0.0,2.0950093086261257,0.9010350463047031,0.9013982204467041,0.8529827038475115,0.8365690081186022,38,16,8,527,0.19890076400020007,0.660860651999883,1,15,0,0,main,main_N40_B1_K0_S2_1003_ACI-PER
ACR-MCR,S2,1003,40,160,1,0,0.8042857142857143,0.7198214285714286,0.5142857142857142,348.5509495255461,11.225958445388367,4.504853422722041,5.985921368266425,0.6121836543999,0.12300000000000012,0.0,2.1342126322031114,0.9007142857142857,0.9007142857142857,0.8260642919200695,0.8140747176368376,40,17,10,560,0.3164447349981856,0.7617671549999159,1,14,2,0,main,main_N40_B1_K0_S2_1003_ACR-MCR
FROZEN-CP,S2,1003,40,160,1,0,0.7878571428571428,0.6944642857142858,0.5785714285714286,356.6765065050974,11.065262868456323,4.421665144320583,5.948851973095777,0.5720657510399627,0.12268000000000014,0.0,2.141111236156409,0.8647334293948127,0.8488832853025937,0.804055235098759,0.7865757734661772,39,16,11,527,0.20668779699963125,0.6679709670002012,1,15,0,0,main,main_N40_B1_K0_S2_1003_FROZEN-CP
POINT-EA,S2,1003,40,160,1,0,0.7892857142857143,0.7128571428571429,0.4928571428571429,346.5469896205508,10.958288293593395,4.492330650816104,5.757420792662701,0.5886619033599371,0.11987494675465316,0.0,2.1171345234917687,0.8996435940724067,0.9015194147439505,0.8456678700361011,0.8317689530685921,36,17,8,559,0.22126637700011997,0.7031638930000099,1,15,0,1,main,main_N40_B1_K0_S2_1003_POINT-EA
RANDOM-CH,S2,1003,40,160,1,0,0.7346428571428572,0.39732142857142855,0.7642857142857142,504.40320518794556,11.08493751185864,4.41678329239226,5.985921368266425,0.5761728511999562,0.10605999999999988,0.0,2.459493568195838,0.8998214285714285,0.9007142857142857,0.865274440953613,0.8600997967104047,40,16,16,0,0.04260376999673099,0.471923457999992,1,15,0,0,main,main_N40_B1_K0_S2_1003_RANDOM-CH
ROLL-CP,S2,1003,40,160,1,0,0.8021428571428572,0.6839285714285714,0.5642857142857143,360.2436067166822,11.19377936865123,4.508525149184848,5.985921368266425,0.5761728511999562,0.12315999999999981,0.0,2.1329610077460424,0.8998214285714285,0.9007142857142857,0.839622641509434,0.8280922431865828,40,16,10,527,0.21421175999944353,0.6880997189998652,1,15,0,0,main,main_N40_B1_K0_S2_1003_ROLL-CP
ACI-EVENT,S2,1004,40,160,1,0,0.8348214285714286,0.7296428571428571,0.4642857142857143,344.91057454704816,11.08873750360923,4.387352630033858,5.965590819175474,0.6130540543998986,0.12273999999999986,0.0,2.051570305940653,0.9010714285714285,0.9007142857142857,0.8498257839721254,0.8343205574912892,40,17,9,560,0.18765254299933076,0.5986112389998652,1,14,2,0,main,main_N40_B1_K0_S2_1004_ACI-EVENT
ACI-PER,S2,1004,40,160,1,0,0.8030357142857143,0.73125,0.4357142857142857,326.42617783711563,10.980934207105753,4.352169070369681,5.931973035616114,0.5750921011199579,0.12169999999999996,0.0,2.100810064493161,0.901294498381877,0.9007551240560949,0.8545936395759718,0.8450530035335689,39,16,12,527,0.2557431929994891,0.8156428199999937,1,15,0,0,main,main_N40_B1_K0_S2_1004_ACI-PER
ACR-MCR,S2,1004,40,160,1,0,0.8305357142857143,0.7348214285714286,0.44285714285714284,352.210745268118,11.126452344626095,4.425287471050723,5.965590819175474,0.6130540543998986,0.12251999999999973,0.0,2.0677294823687227,0.9010714285714285,0.9007142857142857,0.8477502615974887,0.8308336239972096,40,17,11,560,0.3455376049998904,0.7909838220000438,1,14,2,0,main,main_N40_B1_K0_S2_1004_ACR-MCR
FROZEN-CP,S2,1004,40,160,1,0,0.8494642857142857,0.7344642857142857,0.40714285714285714,349.1790594797068,10.839361753409081,4.289067064122521,5.86105358848659,0.5674411007999699,0.12179999999999977,0.0,1.9754623206504613,0.8363802559414991,0.8363802559414991,0.7759620453347391,0.7712177121771218,38,16,8,527,0.20740624099676097,0.6637761130000399,1,15,0,0,main,main_N40_B1_K0_S2_1004_FROZEN-CP
POINT-EA,S2,1004,40,160,1,0,0.8498214285714286,0.7323214285714286,0.4357142857142857,358.58786218339554,10.94898805830996,4.329958043305166,5.921729113884835,0.575040901119958,0.12225999999999985,0.0,1.994714530572046,0.8974173740292577,0.8963337547408344,0.8585520521402149,0.8458692971639951,38,16,10,527,0.20858834799946635,0.6924966549997862,1,15,0,0,main,main_N40_B1_K0_S2_1004_POINT-EA
RANDOM-CH,S2,1004,40,160,1,0,0.7933928571428571,0.28125,0.9071428571428571,588.7202323346329,11.770334601443986,5.109131731068558,5.965590819175474,0.5769920511999549,0.11861999999999974,0.0,2.3097202907072187,0.8975,0.8969642857142858,0.859979633401222,0.8525118805159538,40,16,16,0,0.05163259500068307,0.602807496999958,1,15,0,0,main,main_N40_B1_K0_S2_1004_RANDOM-CH
ROLL-CP,S2,1004,40,160,1,0,0.8525,0.7728571428571429,0.39285714285714285,339.2951819921977,11.038792439213644,4.3735695688382155,5.965590819175474,0.5769920511999549,0.12263999999999975,0.0,2.0055945565431768,0.8975,0.8969642857142858,0.8415997205728257,0.8309465595529165,40,16,12,527,0.19890074700037985,0.6471149169999535,1,15,0,0,main,main_N40_B1_K0_S2_1004_ROLL-CP
ACI-EVENT,S2,1005,40,160,1,0,0.8105357142857142,0.7096428571428571,0.4642857142857143,347.6385353075454,11.364306440087063,4.7036856950330455,5.930128290654113,0.609572454399904,0.12092000000000001,0.0,2.1389622510986377,0.9021428571428571,0.9017857142857143,0.8299295774647887,0.8202464788732394,40,17,13,560,0.22787436899989189,0.7371568710000247,1,14,2,0,main,main_N40_B1_K0_S2_1005_ACI-EVENT
ACI-PER,S2,1005,40,160,1,0,0.8107142857142857,0.7098214285714286,0.4642857142857143,347.66457515630293,11.32848020850664,4.703716666652567,5.930128290654113,0.57371525119996,0.12092000000000003,0.0,2.1318178789060296,0.9021428571428571,0.9017857142857143,0.8299295774647887,0.8202464788732394,40,16,13,527,0.1988692059992445,0.6569264170000224,1,15,0,0,main,main_N40_B1_K0_S2_1005_ACI-PER
ACR-MCR,S2,1005,40,160,1,0,0.815,0.7251785714285715,0.4357142857142857,348.2585389958837,11.33197753104995,4.671256785995934,5.930128290654113,0.609572454399904,0.12101999999999997,0.0,2.122888259844502,0.9021428571428571,0.9017857142857143,0.8350606007377481,0.82733181099596,40,17,11,560,0.34683215500149345,0.810107933999916,1,14,2,0,main,main_N40_B1_K0_S2_1005_ACR-MCR
FROZEN-CP,S2,1005,40,160,1,0,0.8192857142857143,0.7194642857142857,0.45714285714285713,354.1907406231297,11.238310330047115,4.612986788193043,5.930128290654113,0.57371525119996,0.12147999999999996,0.0,2.095917629624602,0.8355357142857143,0.8135714285714286,0.767779136816355,0.7503057836798882,40,16,10,527,0.19717166500004168,0.6702717359999042,1,15,0,0,main,main_N40_B1_K0_S2_1005_FROZEN-CP
POINT-EA,S2,1005,40,160,1,0,0.8101785714285714,0.71625,0.4785714285714286,338.1199717019214,11.007235164178896,4.548054171430551,5.750979223952029,0.5889077504698581,0.11929401832645718,0.0,2.0725353349988507,0.8957751721570817,0.8987530243811651,0.8369860532512226,0.8277485962687919,36,17,7,559,0.18495774300095036,0.5887881870000911,1,15,0,1,main,main_N40_B1_K0_S2_1005_POINT-EA
RANDOM-CH,S2,1005,40,160,1,0,0.6594642857142857,0.18839285714285714,0.9428571428571428,690.2802451322177,11.162913127614045,4.554989585759972,5.930128290654113,0.57371525119996,0.10407999999999977,0.0,2.507392885807288,0.89625,0.8980357142857143,0.8781504266719588,0.8652510418733875,40,16,16,0,0.03993074499794602,0.44830226599992784,1,15,0,0,main,main_N40_B1_K0_S2_1005_RANDOM-CH
ROLL-CP,S2,1005,40,160,1,0,0.8039285714285714,0.7225,0.4642857142857143,332.85245315462987,11.189686134607001,4.575865968124591,5.91830491528245,0.57371525119996,0.1218,0.0,2.120865453867893,0.8963480128893663,0.8981382026494809,0.8382639503985828,0.824977856510186,38,16,9,527,0.2611383500009197,0.8594502649998503,1,15,0,0,main,main_N40_B1_K0_S2_1005_ROLL-CP
ACI-EVENT,S2,1006,40,160,1,0,0.7916071428571428,0.6821428571428572,0.5,361.79600977389305,11.029040757771547,4.291240809983378,6.038752991120841,0.5762069566673285,0.12283999999999982,0.0,2.1432259537060916,0.9019357195032871,0.9013878743608473,0.8445722251263287,0.8269733403031887,37,17,10,559,0.2232806210020044,0.7211280969997915,1,14,1,1,main,main_N40_B1_K0_S2_1006_ACI-EVENT
ACI-PER,S2,1006,40,160,1,0,0.7641071428571429,0.6807142857142857,0.5571428571428572,345.0385109574366,11.075319930365724,4.311812508817632,6.061553117548141,0.5792343039999516,0.12271999999999969,0.0,2.218613768102108,0.9018181818181819,0.902,0.8476057322614471,0.8310031457532331,37,17,9,559,0.24601412800052458,0.7957616410001265,1,15,0,1,main,main_N40_B1_K0_S2_1006_ACI-PER
ACR-MCR,S2,1006,40,160,1,0,0.7914285714285715,0.6832142857142857,0.4785714285714286,359.6691371107055,11.058048885540838,4.4004615211737566,5.971124710927108,0.5654226534399729,0.12104000000000008,0.0,2.1492806385890844,0.9013170098312001,0.9024299758857355,0.8455869450780839,0.8348833128619056,37,17,12,559,0.380176155999834,0.8932230360001086,1,14,1,1,main,main_N40_B1_K0_S2_1006_ACR-MCR
FROZEN-CP,S2,1006,40,160,1,0,0.7994642857142857,0.7119642857142857,0.4714285714285714,339.5890883640933,11.11799284251389,4.354122275384828,6.089177666009068,0.5512329011199951,0.1234600000000002,0.0,2.1421951527001717,0.8249729339588596,0.8204619271021292,0.7651673640167364,0.7609832635983264,38,16,8,527,0.2066566019993843,0.6822113430000627,1,15,0,0,main,main_N40_B1_K0_S2_1006_FROZEN-CP
POINT-EA,S2,1006,40,160,1,0,0.7941071428571429,0.6753571428571429,0.4857142857142857,369.1834963302413,11.134566775323638,4.419432485598797,6.048143638844837,0.5454306508800042,0.12155999999999993,0.0,2.1578617781634954,0.8982308954951669,0.8978661316797374,0.8559634639030388,0.8463024767258036,38,16,9,527,0.21161379900104293,0.6739265020000857,1,15,0,0,main,main_N40_B1_K0_S2_1006_POINT-EA
RANDOM-CH,S2,1006,40,160,1,0,0.7310714285714286,0.30642857142857144,0.8571428571428571,559.053009552829,11.520195356316894,4.708102194875334,6.144897910241568,0.553235251199992,0.11395999999999983,0.0,2.402543348554097,0.8982142857142857,0.8982142857142857,0.8497782705099778,0.8481152993348116,40,16,16,0,0.04837730899885173,0.5653768199999831,1,15,0,0,main,main_N40_B1_K0_S2_1006_RANDOM-CH
ROLL-CP,S2,1006,40,160,1,0,0.8025,0.6908928571428572,0.4857142857142857,357.43775554144787,11.225977843883106,4.479523396179283,6.075791846743823,0.5478426009600005,0.12281999999999967,0.0,2.155939666580201,0.8985507246376812,0.8978260869565218,0.8306381498869762,0.810641627543036,38,16,11,527,0.18750041800035433,0.6264318290000119,1,15,0,0,main,main_N40_B1_K0_S2_1006_ROLL-CP
ACI-EVENT,S2,1007,40,160,1,0,0.7621428571428571,0.6823214285714285,0.4928571428571429,355.988843879596,11.097672911470328,4.497140056009191,5.880889701541215,0.5977631539199225,0.12187999999999997,0.0,2.236081586030693,0.8999634235552304,0.9005120702267739,0.8487616370981907,0.8387493412963288,38,17,13,560,0.20602276300019184,0.6405260619999353,1,14,2,0,main,main_N40_B1_K0_S2_1007_ACI-EVENT
ACI-PER,S2,1007,40,160,1,0,0.7464285714285714,0.6571428571428571,0.5357142857142857,358.7888169659065,11.059396462273515,4.492055529577807,5.882171811404699,0.5632291212910091,0.12193999999999998,0.0,2.2685941461073877,0.9003291880029262,0.9008778346744697,0.8523147333215984,0.8410491110719943,37,16,12,527,0.19261550699957297,0.6374261260000367,1,15,0,0,main,main_N40_B1_K0_S2_1007_ACI-PER
ACR-MCR,S2,1007,40,160,1,0,0.745,0.6457142857142857,0.5428571428571428,361.308644914547,11.063929614125392,4.537209035891989,5.81405807455347,0.5916025036799322,0.12106000000000017,0.0,2.2732544923208122,0.9000556276654923,0.9009827554236974,0.842548709847288,0.8306126031244515,37,17,7,560,0.3747594760006905,0.8743049510001129,1,14,2,0,main,main_N40_B1_K0_S2_1007_ACR-MCR
FROZEN-CP,S2,1007,40,160,1,0,0.7410714285714286,0.6382142857142857,0.6071428571428571,372.74117237402396,11.134511981731539,4.5412822845744545,5.904839046277112,0.5659106508799722,0.12247999999999991,0.0,2.298144887870287,0.8564419407595857,0.8506269307650373,0.784832144720821,0.7773525830579231,39,16,11,527,0.21915607899859424,0.7309680920000119,1,15,0,0,main,main_N40_B1_K0_S2_1007_FROZEN-CP
POINT-EA,S2,1007,40,160,1,0,0.7321428571428571,0.6414285714285715,0.5928571428571429,368.0273058694489,11.218071997545373,4.6913711513133265,5.845473245592067,0.5609276006399803,0.12029999999999973,0.0,2.339535348810297,0.9008660401695228,0.8977335544499724,0.8451704545454546,0.8362926136363636,36,16,9,527,0.21642420099942683,0.7159593480000694,1,15,0,0,main,main_N40_B1_K0_S2_1007_POINT-EA
RANDOM-CH,S2,1007,40,160,1,0,0.6430357142857143,0.1825,0.9214285714285714,670.0219987880579,11.649512756603237,4.975458433301237,5.99077907210204,0.57371525119996,0.10955999999999978,0.0,2.744937030302365,0.8998214285714285,0.8975,0.8613992079954743,0.8540448802564586,40,16,16,0,0.04237815899978159,0.4610225299998092,1,15,0,0,main,main_N40_B1_K0_S2_1007_RANDOM-CH
ROLL-CP,S2,1007,40,160,1,0,0.7508928571428571,0.66875,0.55,368.0731723646574,11.083861766289655,4.569097083972033,5.8332162816776405,0.5601084006399811,0.12143999999999966,0.0,2.2620126053652356,0.9004233388551445,0.8982146143935211,0.842215621177704,0.8266643368862485,38,16,8,527,0.19643911999855845,0.642623771999979,1,15,0,0,main,main_N40_B1_K0_S2_1007_ROLL-CP
ACI-EVENT,S2,1008,40,160,1,0,0.8280357142857143,0.7242857142857143,0.45714285714285713,364.3631197750863,11.432117614119873,4.439813093316314,6.30207586672359,0.5676686540799695,0.12255999999999977,0.0,2.1308700119515143,0.900344890179706,0.9012524959157742,0.8485531103794837,0.8424883035869,38,17,8,560,0.2106116350003049,0.6884096499998122,1,14,2,0,main,main_N40_B1_K0_S2_1008_ACI-EVENT
ACI-PER,S2,1008,40,160,1,0,0.8066071428571429,0.6705357142857142,0.5214285714285715,386.3204433922128,11.58887649293519,4.506256269266261,6.386278919348968,0.5730613043199609,0.12327999999999988,0.0,2.209509340883735,0.9003756036487212,0.9012698980504382,0.84732955521209,0.840460243860553,39,17,8,559,0.20563590099959583,0.6546537090000584,1,15,0,1,main,main_N40_B1_K0_S2_1008_ACI-PER
ACR-MCR,S2,1008,40,160,1,0,0.83375,0.7117857142857142,0.42142857142857143,368.4478106258651,11.709945429707888,4.633917671692277,6.381008853695651,0.5729589043199611,0.12205999999999986,0.0,2.169713809469685,0.9002507163323782,0.9011461318051576,0.8441491197790818,0.8375906109768726,39,17,12,560,0.38083443199911926,0.9159155019999616,1,14,2,0,main,main_N40_B1_K0_S2_1008_ACR-MCR
FROZEN-CP,S2,1008,40,160,1,0,0.8157142857142857,0.6967857142857142,0.4714285714285714,369.04353414318945,11.379177016533367,4.42161055873623,6.298103856837119,0.5363226009600183,0.1231399999999998,0.0,2.148636143605243,0.8633641807294502,0.8426782798040283,0.8051970400963689,0.7859232490104974,38,16,11,527,0.22006071700025132,0.7373036080000475,1,15,0,0,main,main_N40_B1_K0_S2_1008_FROZEN-CP
POINT-EA,S2,1008,40,160,1,0,0.8307142857142857,0.6903571428571429,0.45,380.11443912956224,11.595780496953331,4.557094341283993,6.377316454549325,0.5391497011200138,0.12221999999999968,0.0,2.15534953474969,0.8990858576805879,0.8990858576805879,0.8453536754507628,0.8347780859916782,39,16,10,527,0.19828772099845082,0.6825176759998612,1,15,0,0,main,main_N40_B1_K0_S2_1008_POINT-EA
RANDOM-CH,S2,1008,40,160,1,0,0.7191071428571428,0.3167857142857143,0.8714285714285714,586.9187020632248,12.027391421610885,4.985427413261155,6.390996757149718,0.540947251200011,0.11002000000000005,0.0,2.5666648360245166,0.8994103984277292,0.898874396998392,0.850018747656543,0.8466441694788152,39,16,16,0,0.048869377000755776,0.5979239900000266,1,15,0,0,main,main_N40_B1_K0_S2_1008_RANDOM-CH
ROLL-CP,S2,1008,40,160,1,0,0.81125,0.685,0.5071428571428571,363.0071119318877,11.554045252932026,4.517232261525252,6.372985740206763,0.540947251200011,0.12287999999999982,0.0,2.192002514310762,0.89978486912872,0.8990677662244532,0.8406650502251473,0.8283685486664357,38,16,9,527,0.19676675499977136,0.6149313870000697,1,15,0,0,main,main_N40_B1_K0_S2_1008_ROLL-CP
ACI-EVENT,S2,1009,40,160,1,0,0.795,0.6644642857142857,0.55,375.1307877721286,11.216801579812518,4.488261770930927,6.0326615548016305,0.5731982540799607,0.12267999999999976,0.0,2.173377558576345,0.9008354522339266,0.9011986923356339,0.8546409807355516,0.8399299474605955,38,17,9,560,0.2051201339986619,0.6664989299999888,1,14,2,0,main,main_N40_B1_K0_S2_1009_ACI-EVENT
ACI-PER,S2,1009,40,160,1,0,0.8117857142857143,0.675,0.4928571428571429,378.90157009622584,11.380860486088254,4.632558586034935,6.081540998933314,0.5443209011200059,0.12244000000000001,0.0,2.1657203589130836,0.9006099748833871,0.9009687836383208,0.8509154315605929,0.8319093286835222,39,16,11,527,0.22387739700161546,0.7292067490000136,1,15,0,0,main,main_N40_B1_K0_S2_1009_ACI-PER
ACR-MCR,S2,1009,40,160,1,0,0.7966071428571428,0.70875,0.4642857142857143,353.78700376960046,11.323607867644812,4.598949178728398,6.030174834836453,0.5725838540799619,0.1219000000000001,0.0,2.1902529724651476,0.900618856934838,0.9008008736803786,0.8489968321013728,0.8305174234424498,37,17,11,560,0.3382611479989919,0.830269090999991,1,14,2,0,main,main_N40_B1_K0_S2_1009_ACR-MCR
FROZEN-CP,S2,1009,40,160,1,0,0.81125,0.6683928571428571,0.4928571428571429,377.73124652337344,11.181811929582253,4.4966892711133015,6.024405607588936,0.5388770508800143,0.12183999999999995,0.0,2.1290578693035513,0.834241103848947,0.8173565722585331,0.7733913043478261,0.7589565217391304,39,16,9,527,0.21165493500120647,0.7003954229999181,1,15,0,0,main,main_N40_B1_K0_S2_1009_FROZEN-CP
POINT-EA,S2,1009,40,160,1,0,0.7982142857142858,0.6669642857142857,0.5214285714285715,389.8663791376973,11.519066413992439,4.748452147340284,6.103651815452152,0.5458624512000034,0.1210999999999999,0.0,2.224187374781317,0.8989285714285714,0.8989285714285714,0.8418840833479251,0.8301523375941167,40,16,13,527,0.1782262490012272,0.598888640000041,1,15,0,0,main,main_N40_B1_K0_S2_1009_POINT-EA
RANDOM-CH,S2,1009,40,160,1,0,0.7708928571428572,0.20892857142857144,0.95,708.2512170613985,11.891995611699826,5.127894553128072,6.102198607371752,0.5458624512000034,0.11603999999999996,0.0,2.344636358773625,0.898874396998392,0.898874396998392,0.868249780123131,0.8548812664907651,39,16,16,0,0.040543118999494254,0.4594371549999323,1,15,0,0,main,main_N40_B1_K0_S2_1009_RANDOM-CH
ROLL-CP,S2,1009,40,160,1,0,0.7921428571428571,0.6641071428571429,0.4857142857142857,379.3147518471505,11.392714358714954,4.657103526336201,6.071978681338745,0.5424721510400087,0.12115999999999975,0.0,2.2143273777871633,0.8988662947633616,0.898326435126867,0.843312324929972,0.8263305322128851,39,16,10,527,0.20325435999916408,0.6802682319998894,1,15,0,0,main,main_N40_B1_K0_S2_1009_ROLL-CP
ACI-EVENT,S2,1010,40,160,1,0,0.8239285714285715,0.7130357142857143,0.42857142857142855,376.58925165539597,11.134958470288774,4.403490079987298,6.043858636701506,0.5669697535999705,0.12063999999999997,0.0,2.0704645723854176,0.9021252796420581,0.9026845637583892,0.8503827418232429,0.8302018093249826,38,17,7,560,0.19884753800056387,0.6470158669999364,1,14,2,0,main,main_N40_B1_K0_S2_1010_ACI-EVENT
ACI-PER,S2,1010,40,160,1,0,0.8042857142857143,0.7083928571428572,0.42142857142857143,361.5791469343405,11.071937232419929,4.381820661848723,6.03845437025118,0.5309022003200266,0.12076000000000003,0.0,2.101734478439622,0.9019607843137255,0.9025210084033614,0.846667838930895,0.833479866361878,38,16,9,527,0.18893792099970597,0.6121334110000589,1,15,0,0,main,main_N40_B1_K0_S2_1010_ACI-PER
ACR-MCR,S2,1010,40,160,1,0,0.8067857142857143,0.7164285714285714,0.4642857142857143,361.175499087375,11.148962646822394,4.408044420828053,6.051266122314373,0.5689721036799674,0.12068000000000005,0.0,2.1107464306744403,0.9021395348837209,0.9028837209302325,0.8520917206371433,0.8345877822510065,38,17,8,560,0.3531166650036539,0.8362037280001005,1,14,2,0,main,main_N40_B1_K0_S2_1010_ACR-MCR
FROZEN-CP,S2,1010,40,160,1,0,0.8082142857142857,0.6757142857142857,0.42142857142857143,386.26674690929184,11.10122301202539,4.427599692318684,6.0196987693066815,0.5329045504000235,0.1210199999999999,0.0,2.0985298699480888,0.8094170403587444,0.8084828101644245,0.7617647058823529,0.757439446366782,38,16,6,527,0.18688907000091604,0.6097014399999807,1,15,0,0,main,main_N40_B1_K0_S2_1010_FROZEN-CP
POINT-EA,S2,1010,40,160,1,0,0.8305357142857143,0.7208928571428571,0.4857142857142857,355.97256783534004,11.389725706244743,4.472961807311728,6.243346247733019,0.5507776511999958,0.12263999999999979,0.0,2.1033657813933044,0.8980357142857143,0.8996428571428572,0.8519163763066202,0.8440766550522648,40,16,9,527,0.2019689169992489,0.6419780579999497,1,15,0,0,main,main_N40_B1_K0_S2_1010_POINT-EA
RANDOM-CH,S2,1010,40,160,1,0,0.6955357142857143,0.3325,0.8071428571428572,621.4488461760022,11.376030646477274,4.536794441666786,6.195425653770484,0.5466705510400023,0.0971400000000002,0.0,2.72806490323196,0.8978708047636232,0.8996752075063154,0.861046511627907,0.8560077519379845,39,16,16,0,0.04069971100261682,0.4548226409999643,1,15,0,0,main,main_N40_B1_K0_S2_1010_RANDOM-CH
ROLL-CP,S2,1010,40,160,1,0,0.7998214285714286,0.7035714285714286,0.45,368.4159113438728,11.126547294803252,4.437774197351255,6.035910510638036,0.5324425868139623,0.12041999999999979,0.0,2.122171904406495,0.8995143817706388,0.8998879342547628,0.8394147717257183,0.8184382161114049,38,16,6,527,0.18925510399958512,0.6401003089999904,1,15,0,0,main,main_N40_B1_K0_S2_1010_ROLL-CP
ACI-EVENT,S2,1011,40,160,1,0,0.81375,0.7007142857142857,0.5071428571428571,370.6530510511799,11.20777958341885,4.454585373682268,6.104090205896551,0.527204003840032,0.12189999999999969,0.0,2.113479084182321,0.9014652014652015,0.9009157509157509,0.862158873631149,0.8545106900747436,39,17,9,559,0.20284699300032116,0.6499090469999373,1,14,1,1,main,main_N40_B1_K0_S2_1011_ACI-EVENT
ACI-PER,S2,1011,40,160,1,0,0.8205357142857143,0.7032142857142857,0.5,362.5637114616259,11.231955789037963,4.460777466038338,6.147139104522803,0.5016392184768231,0.12239999999999959,0.0,2.1029686929485045,0.9016333938294011,0.9009074410163339,0.8550977653631285,0.8468924581005587,39,16,8,527,0.17564199699995697,0.6087048780000259,1,15,0,0,main,main_N40_B1_K0_S2_1011_ACI-PER
ACR-MCR,S2,1011,40,160,1,0,0.8101785714285714,0.68125,0.5071428571428571,381.5969728735835,11.363414946418876,4.590207988325415,6.122767804173432,0.5288991539200294,0.12153999999999987,0.0,2.1509397967857042,0.9016782196278731,0.9009485589201022,0.8579121070001737,0.8492270279659545,39,17,15,560,0.3145803910013001,0.7481999980000182,1,15,1,0,main,main_N40_B1_K0_S2_1011_ACR-MCR
FROZEN-CP,S2,1011,40,160,1,0,0.8467857142857143,0.7160714285714286,0.4714285714285714,373.67566951599224,11.202905020771226,4.354917974718662,6.216306994852501,0.5073600512000631,0.12431999999999971,0.0,2.0413456670501504,0.875,0.8680357142857142,0.8218025751072962,0.8097854077253219,40,16,9,527,0.21297759500203028,0.7069266349999452,1,15,0,0,main,main_N40_B1_K0_S2_1011_FROZEN-CP
POINT-EA,S2,1011,40,160,1,0,0.8085714285714286,0.69375,0.5214285714285715,354.4078144345035,11.332570113836953,4.526268495926315,6.178659116790572,0.5055625011200658,0.12207999999999995,0.0,2.1487618721723463,0.8996402877697842,0.8987410071942447,0.8569422503071792,0.8455327365279972,39,16,9,527,0.17465819199946964,0.5894515049999427,1,15,0,0,main,main_N40_B1_K0_S2_1011_POINT-EA
RANDOM-CH,S2,1011,40,160,1,0,0.5833928571428572,0.3026785714285714,0.8571428571428571,493.99406686500424,10.679103926039467,3.8686968799869033,6.216306994852501,0.5073600512000631,0.08673999999999994,0.0,2.749511824417988,0.8992857142857142,0.89875,0.8641703377386197,0.8604992657856094,40,16,16,0,0.03804376900052375,0.42935996400001386,1,15,0,0,main,main_N40_B1_K0_S2_1011_RANDOM-CH
ROLL-CP,S2,1011,40,160,1,0,0.8335714285714285,0.7010714285714286,0.4714285714285714,379.0768973597904,11.219461849451983,4.418294709730978,6.174217388680938,0.5039697510400684,0.12297999999999971,0.0,2.0723054764410755,0.8988460151460512,0.8986657050126217,0.8589589417625837,0.841092595773922,39,16,9,527,0.18074310000042715,0.5881287560000601,1,15,0,0,main,main_N40_B1_K0_S2_1011_ROLL-CP
ACI-EVENT,S2,1012,40,160,1,0,0.76875,0.6703571428571429,0.5214285714285715,347.8253464928408,11.269934452818326,4.625512354940536,5.933727893717854,0.5894342041599355,0.12125999999999988,0.0,2.250386272527621,0.8991702741702742,0.8997113997113997,0.8605062842981058,0.8433351035581519,39,17,9,560,0.2118522709993158,0.6802728500001649,1,14,2,0,main,main_N40_B1_K0_S2_1012_ACI-EVENT
ACI-PER,S2,1012,40,160,1,0,0.7676785714285714,0.6348214285714285,0.5642857142857143,373.0895954195365,11.18346210392706,4.59108924235506,5.918544610692008,0.5530082508799923,0.12081999999999976,0.0,2.235798101544794,0.8993118435349511,0.8998551249547265,0.8568920105355575,0.839332748024583,39,16,11,527,0.17326951799987,0.5830036100001053,1,15,0,0,main,main_N40_B1_K0_S2_1012_ACI-PER
ACR-MCR,S2,1012,40,160,1,0,0.7696428571428572,0.6519642857142857,0.6214285714285714,383.0451480304085,11.452716792755522,4.762734909985089,5.974756628370505,0.5939052543999286,0.12131999999999975,0.0,2.284603389737786,0.8989285714285714,0.8994642857142857,0.8487206085753803,0.8328146611341632,40,17,10,560,0.33997768799940786,0.812324684000032,1,14,2,0,main,main_N40_B1_K0_S2_1012_ACR-MCR
FROZEN-CP,S2,1012,40,160,1,0,0.7848214285714286,0.6655357142857142,0.4857142857142857,368.1968132965161,11.400966751045832,4.752297090451863,5.968940009393986,0.5589696511999831,0.12076,0.0,2.2363606808642276,0.8322303702378823,0.8125558934001074,0.7660462689163333,0.7392590015654896,39,16,9,527,0.18886295799939035,0.5987338180000279,1,15,0,0,main,main_N40_B1_K0_S2_1012_FROZEN-CP
POINT-EA,S2,1012,40,160,1,0,0.7541071428571429,0.6060714285714286,0.6642857142857143,376.24923665072015,11.260327768630246,4.675600138807018,5.910798628863235,0.5528090009599926,0.12111999999999996,0.0,2.2858968267621287,0.8959202175883952,0.8935630099728015,0.8416225749559083,0.8305114638447971,39,16,11,527,0.18691990399884162,0.6222740849998445,1,15,0,0,main,main_N40_B1_K0_S2_1012_POINT-EA
RANDOM-CH,S2,1012,40,160,1,0,0.6242857142857143,0.29428571428571426,0.8785714285714286,620.9003504538679,11.786800950300874,5.225081418702704,5.9013089823915985,0.5520305492065722,0.10838000000000005,0.0,2.8063811786430652,0.8956743002544529,0.8938567793529626,0.8558404558404559,0.8526115859449193,39,16,16,0,0.04620675999922241,0.5174713010001142,1,15,0,0,main,main_N40_B1_K0_S2_1012_RANDOM-CH
ROLL-CP,S2,1012,40,160,1,0,0.785,0.6617857142857143,0.5285714285714286,373.18221706499344,11.253710954831623,4.598244675261135,5.974756628370505,0.5589696511999831,0.12173999999999997,0.0,2.2070427446227936,0.8960714285714285,0.8942857142857142,0.8487771271098863,0.827936617292456,40,16,11,527,0.1951770960004069,0.6373727469999722,1,15,0,0,main,main_N40_B1_K0_S2_1012_ROLL-CP
ACI-EVENT,S2,1013,40,160,1,0,0.7553571428571428,0.6457142857142857,0.5357142857142857,392.32723226372696,10.968412909923739,4.52308907172396,5.721647934199864,0.6019159039999161,0.12175999999999938,0.0,2.2279936847295834,0.8999817484942507,0.899434203321774,0.8429922613929492,0.8251074806534824,39,17,10,560,0.22672468299970205,0.7074776030001431,1,14,2,0,main,main_N40_B1_K0_S2_1013_ACI-EVENT
ACI-PER,S2,1013,40,160,1,0,0.7405357142857143,0.6480357142857143,0.5071428571428571,386.32516820472176,11.030635035811558,4.626204021491429,5.71499236344016,0.5679586508799691,0.12147999999999995,0.0,2.2790568255809003,0.9002192982456141,0.8998538011695907,0.8403723495948975,0.8220996379934494,37,16,10,527,0.21906190099866762,0.7228674689999934,1,15,0,0,main,main_N40_B1_K0_S2_1013_ACI-PER
ACR-MCR,S2,1013,40,160,1,0,0.7617857142857143,0.6383928571428571,0.55,397.23603897412056,10.881954229632385,4.4907155907218,5.671329835070662,0.5978088038399224,0.12209999999999978,0.0,2.1943848012971134,0.899540018399264,0.8991720331186752,0.8446132596685083,0.8292472375690608,39,17,11,560,0.3388907410005686,0.7970872369999142,1,14,2,0,main,main_N40_B1_K0_S2_1013_ACR-MCR
FROZEN-CP,S2,1013,40,160,1,0,0.7830357142857143,0.6644642857142857,0.5071428571428571,390.6941606368913,10.769944398661401,4.427508415755124,5.632760529466339,0.5881554534399375,0.12151999999999978,0.0,2.1209027961129188,0.8451203582757977,0.8473595820115694,0.7932700603968939,0.7889559965487489,38,17,12,559,0.19501581700001225,0.6029629459999342,1,15,0,1,main,main_N40_B1_K0_S2_1013_FROZEN-CP
POINT-EA,S2,1013,40,160,1,0,0.7814285714285715,0.5778571428571428,0.6285714285714286,420.6849221303332,11.124826736299594,4.658265044543884,5.772715940715747,0.5720657510399627,0.12177999999999996,0.0,2.194678780094613,0.8972738761509298,0.8983571041704279,0.8514680483592401,0.8400690846286701,39,16,11,527,0.22875672099985422,0.6863324659998398,1,15,0,0,main,main_N40_B1_K0_S2_1013_POINT-EA
RANDOM-CH,S2,1013,40,160,1,0,0.6005357142857143,0.15071428571428572,0.9642857142857143,708.322762845185,10.951061031948205,4.434314003309716,5.838634177438533,0.5761728511999562,0.10193999999999986,0.0,2.7255005057113504,0.8978571428571429,0.8982142857142857,0.8695652173913043,0.8589007383100903,40,16,16,0,0.04667119199871195,0.49936350799998763,1,15,0,0,main,main_N40_B1_K0_S2_1013_RANDOM-CH
ROLL-CP,S2,1013,40,160,1,0,0.7955357142857142,0.63875,0.5142857142857142,417.4184237548559,10.830892726340409,4.480591278050887,5.667196247649543,0.5621052006399782,0.12099999999999977,0.0,2.1039030159946406,0.8973932334997227,0.8988722499537808,0.8409634437991117,0.8209771096686027,38,16,9,527,0.2028173640019304,0.6851883070000895,1,15,0,0,main,main_N40_B1_K0_S2_1013_ROLL-CP
ACI-EVENT,S2,1014,40,160,1,0,0.7828571428571428,0.6901785714285714,0.5214285714285715,345.9716821443776,11.18403317437241,4.433914719679645,6.05096880093281,0.5771696537599545,0.1219799999999999,0.0,2.210283236041978,0.9014343508642884,0.9021699154100772,0.8474815075730892,0.8286368439591405,38,17,8,560,0.2024500600018655,0.6485056369999711,1,14,2,0,main,main_N40_B1_K0_S2_1014_ACI-EVENT
ACI-PER,S2,1014,40,160,1,0,0.7794642857142857,0.6475,0.5428571428571428,367.67932670772444,11.384553045558524,4.605726889699751,6.108738704978775,0.548707450879999,0.12138000000000002,0.0,2.2583917963813778,0.9014903671392221,0.9025808796801164,0.8402377206782031,0.8225834644292955,39,16,8,527,0.19596053400073288,0.6451645320000807,1,15,0,0,main,main_N40_B1_K0_S2_1014_ACI-PER
ACR-MCR,S2,1014,40,160,1,0,0.8439285714285715,0.7026785714285714,0.4714285714285714,376.78393706712774,11.537139888757649,4.669499239315145,6.154606595042571,0.5912940543999325,0.12173999999999985,0.0,2.1357163807400315,0.9013477088948787,0.9024258760107817,0.8335618786424409,0.8183064792595132,37,17,9,560,0.3557331169981808,0.8277697349999471,1,14,2,0,main,main_N40_B1_K0_S2_1014_ACR-MCR
FROZEN-CP,S2,1014,40,160,1,0,0.8180357142857143,0.6528571428571428,0.5071428571428571,382.36062731341906,11.452657941834781,4.6388636110844566,6.138826179710332,0.5529681510399924,0.12199999999999951,0.0,2.178553917031535,0.837935390723696,0.8390182277567226,0.755056179775281,0.7507346585998271,38,16,10,527,0.2003634219986452,0.6491716340001403,1,15,0,0,main,main_N40_B1_K0_S2_1014_FROZEN-CP
POINT-EA,S2,1014,40,160,1,0,0.7892857142857143,0.6858928571428572,0.55,342.44202003051777,11.338484423095611,4.554465444633179,6.113611527582433,0.548707450879999,0.12169999999999988,0.0,2.224977320073707,0.8999273519796586,0.9001089720305122,0.8448670540588131,0.8318365909491108,39,16,5,527,0.1859438070005126,0.6076901940000425,1,15,0,0,main,main_N40_B1_K0_S2_1014_POINT-EA
RANDOM-CH,S2,1014,40,160,1,0,0.7364285714285714,0.32160714285714287,0.8571428571428571,615.5475115204575,12.115291908694545,5.258351830811279,6.18326802668328,0.5565120511999868,0.11715999999999968,0.0,2.5052299232205426,0.8996428571428572,0.9007142857142857,0.8813945339873861,0.8761387526278906,40,16,16,0,0.040285520999304936,0.46499496999990697,1,15,0,0,main,main_N40_B1_K0_S2_1014_RANDOM-CH
ROLL-CP,S2,1014,40,160,1,0,0.8021428571428572,0.6685714285714286,0.5142857142857142,369.54067019991845,11.446868775984926,4.599226165758483,6.1410739561465,0.5843086540799436,0.12225999999999987,0.0,2.214951388541975,0.8996752075063154,0.9007578491519307,0.8292259632072198,0.8071850052065255,37,17,9,559,0.19589183000152843,0.6855055979999634,1,15,0,1,main,main_N40_B1_K0_S2_1014_ROLL-CP
ACI-EVENT,S2,1015,40,160,1,0,0.8283928571428572,0.7039285714285715,0.4714285714285714,372.0741277513816,11.540081391695177,4.555555936937257,6.268363300517993,0.5946621542399274,0.12149999999999998,0.0,2.1501921728517193,0.9007220216606499,0.9010830324909748,0.831991599579979,0.8101155057752888,39,17,11,560,0.2163917119994494,0.6869208240000262,1,14,2,0,main,main_N40_B1_K0_S2_1015_ACI-EVENT
ACI-PER,S2,1015,40,160,1,0,0.8285714285714286,0.7041071428571428,0.4714285714285714,372.3598818326474,11.507659164482277,4.557332068600354,6.269336544841941,0.5594705510399823,0.12152,0.0,2.143751707243345,0.9005774088776615,0.9011187297004691,0.8320797621129963,0.8102151478047928,39,16,11,527,0.17997006600171517,0.6021448219999002,1,15,0,0,main,main_N40_B1_K0_S2_1015_ACI-PER
ACR-MCR,S2,1015,40,160,1,0,0.8091071428571428,0.6878571428571428,0.4857142857142857,355.2106622158312,11.526744294975355,4.522553895317001,6.28524189533843,0.5964085043199246,0.12253999999999986,0.0,2.191812948274454,0.9011680143755616,0.9013477088948787,0.8436401967673929,0.8250175685172172,39,17,10,560,0.35073513599945727,0.8312184200001411,1,14,2,0,main,main_N40_B1_K0_S2_1015_ACR-MCR
FROZEN-CP,S2,1015,40,160,1,0,0.85625,0.7321428571428571,0.42857142857142855,366.34244046525595,11.3893888405971,4.385585550243397,6.317157639153726,0.5630656511999766,0.12357999999999993,0.0,2.0621743328982616,0.8446428571428571,0.8346428571428571,0.7761789181692095,0.7656033287101248,40,16,7,527,0.19823461300143208,0.6540019209999173,1,15,0,0,main,main_N40_B1_K0_S2_1015_FROZEN-CP
POINT-EA,S2,1015,40,160,1,0,0.8005357142857142,0.7330357142857142,0.4785714285714286,345.96937276826026,11.585904983112872,4.583981692759169,6.317157639153726,0.5630656511999766,0.12169999999999973,0.0,2.223355398793489,0.8976785714285714,0.8991071428571429,0.841688654353562,0.8214599824098505,40,16,9,527,0.18632724299914116,0.6277914310001051,1,15,0,0,main,main_N40_B1_K0_S2_1015_POINT-EA
RANDOM-CH,S2,1015,40,160,1,0,0.8025,0.3394642857142857,0.85,584.6749192512906,12.164028665415511,5.165345375061809,6.317157639153726,0.5630656511999766,0.11845999999999986,0.0,2.3491750995394964,0.8976785714285714,0.8991071428571429,0.8589831672964617,0.8450704225352113,40,16,16,0,0.040575411000645545,0.47486631799984025,1,15,0,0,main,main_N40_B1_K0_S2_1015_RANDOM-CH
ROLL-CP,S2,1015,40,160,1,0,0.8296428571428571,0.7025,0.45714285714285713,371.81577289879164,11.499552564818257,4.546015602902939,6.272486410875337,0.5594705510399823,0.12157999999999987,0.0,2.139849751547871,0.897385031559964,0.8995491433724075,0.828641370869033,0.8053855569155447,39,16,11,527,0.18439387700050247,0.6115919639998992,1,15,0,0,main,main_N40_B1_K0_S2_1015_ROLL-CP
ACI-EVENT,S2,1016,40,160,1,0,0.8233928571428571,0.6925,0.4642857142857143,365.80810680933536,10.970504232254372,4.413289178036398,5.877603847817992,0.5597912063999813,0.11982000000000019,0.0,2.0334576890184195,0.9014694800301432,0.9025998492840994,0.8413658189578517,0.826071492086075,38,18,10,592,0.20482210700060932,0.6483985460001804,1,14,2,1,main,main_N40_B1_K0_S2_1016_ACI-EVENT
ACI-PER,S2,1016,40,160,1,0,0.8105357142857142,0.6741071428571429,0.4785714285714286,364.6814434756441,10.779791643475415,4.3733279073052955,5.7946652852335125,0.4919984509366063,0.11980000000000016,0.0,2.025134631500172,0.9016708277318993,0.9022469752256578,0.8421995343005553,0.8262582840766612,37,16,9,527,0.2334024180004235,0.7585643059999256,1,15,0,0,main,main_N40_B1_K0_S2_1016_ACI-PER
ACR-MCR,S2,1016,40,160,1,0,0.8425,0.7196428571428571,0.4,379.8911614427412,11.338229695406044,4.5509136355672375,6.111719605438814,0.552996454399992,0.12259999999999999,0.0,2.0607469457299246,0.9018766756032172,0.9020554066130474,0.8465269357353196,0.8293781396154513,39,17,13,560,0.42750196099973437,1.0187342340000214,1,14,2,0,main,main_N40_B1_K0_S2_1016_ACR-MCR
FROZEN-CP,S2,1016,40,160,1,0,0.8078571428571428,0.6769642857142857,0.4928571428571429,368.5975380316417,10.89354378082984,4.429168408956359,5.850018671713409,0.49443670016007113,0.11991999999999975,0.0,2.0522878260794726,0.8394547519878833,0.8260128739113972,0.7680824595699307,0.7616847343166874,38,16,6,527,0.18551133699929778,0.6146930340000836,1,15,0,0,main,main_N40_B1_K0_S2_1016_FROZEN-CP
POINT-EA,S2,1016,40,160,1,0,0.8342857142857143,0.7175,0.40714285714285714,365.514174840893,11.029636925432992,4.580639162994452,5.837908962438471,0.49242880000007005,0.1186599999999998,0.0,2.0215610200573666,0.8978812750524909,0.8999809123878603,0.84099892202659,0.8269852676967302,37,16,4,527,0.29500826599860375,0.9615693270000065,1,15,0,0,main,main_N40_B1_K0_S2_1016_POINT-EA
RANDOM-CH,S2,1016,40,160,1,0,0.72,0.33875,0.7857142857142857,554.8013260671906,11.453662970131262,4.711513791139654,6.115381927791565,0.5204672512000427,0.10630000000000003,0.0,2.434359823619822,0.8985714285714286,0.9001785714285714,0.8540967423494571,0.8422507403751234,40,16,16,0,0.038986912000609664,0.4707677850001346,1,15,0,0,main,main_N40_B1_K0_S2_1016_RANDOM-CH
ROLL-CP,S2,1016,40,160,1,0,0.8121428571428572,0.6801785714285714,0.45,363.46610969420766,10.90047269212264,4.450217458122097,5.834986232336791,0.4957690016637525,0.11950000000000013,0.0,2.0443497172022957,0.8991086667930969,0.9008154750616347,0.8307226771092916,0.8131007475970096,38,16,5,527,0.23159784100153047,0.7608437559999857,1,15,0,0,main,main_N40_B1_K0_S2_1016_ROLL-CP
ACI-EVENT,S2,1017,40,160,1,0,0.8105357142857142,0.7069642857142857,0.4857142857142857,350.5476923437415,11.458180836752621,4.594330609117725,6.1244137732350055,0.6182764543998904,0.12115999999999982,0.0,2.1570370551115627,0.9012744570095136,0.9010949560222581,0.8428546317454737,0.8309017402003868,38,17,9,560,0.1953572889985935,0.6108363590001318,1,14,2,0,main,main_N40_B1_K0_S2_1017_ACI-EVENT
ACI-PER,S2,1017,40,160,1,0,0.8101785714285714,0.7114285714285714,0.45714285714285713,348.3921043136616,11.391559629271187,4.619403459829089,6.077573518562138,0.5741026508799595,0.1204799999999999,0.0,2.1453031316894893,0.9016512429686082,0.9018326982398839,0.8462897526501767,0.8323321554770318,39,16,9,527,0.1718821330011906,0.5751358889999665,1,15,0,0,main,main_N40_B1_K0_S2_1017_ACI-PER
ACR-MCR,S2,1017,40,160,1,0,0.8364285714285714,0.71875,0.37857142857142856,366.04136326839006,11.417330684264888,4.581654822202102,6.102036857902887,0.6126790041598993,0.1209599999999998,0.0,2.092235786011524,0.9015890213073312,0.9014084507042254,0.8377162629757785,0.8224913494809688,38,17,12,560,0.3687994620011068,0.877933295000048,1,14,2,0,main,main_N40_B1_K0_S2_1017_ACR-MCR
FROZEN-CP,S2,1017,40,160,1,0,0.8425,0.7085714285714285,0.38571428571428573,372.7559446960032,11.368841218852051,4.51536786263145,6.1496861050206535,0.5819072511999472,0.12188000000000004,0.0,2.070450048962311,0.8332142857142857,0.8385714285714285,0.7825336555056955,0.7777010700724888,40,16,7,527,0.18564507200267144,0.6219984110000496,1,15,0,0,main,main_N40_B1_K0_S2_1017_FROZEN-CP
POINT-EA,S2,1017,40,160,1,0,0.82125,0.7183928571428572,0.44285714285714284,353.22314394728323,11.50196182824244,4.649168472021839,6.1496861050206535,0.5819072511999472,0.12120000000000004,0.0,2.1410949047361205,0.9005357142857143,0.90125,0.8316551845963611,0.8237060590001767,40,16,8,527,0.1792976119991181,0.6090328560001126,1,15,0,0,main,main_N40_B1_K0_S2_1017_POINT-EA
RANDOM-CH,S2,1017,40,160,1,0,0.7714285714285715,0.4725,0.6857142857142857,498.3447362911675,11.818459960867102,4.971486604646502,6.1496861050206535,0.5819072511999472,0.11537999999999998,0.0,2.3278432067888715,0.9005357142857143,0.90125,0.8658491947291361,0.8605417276720352,40,16,16,0,0.04246836699985579,0.47941402399987965,1,15,0,0,main,main_N40_B1_K0_S2_1017_RANDOM-CH
ROLL-CP,S2,1017,40,160,1,0,0.8201785714285714,0.7364285714285714,0.40714285714285714,351.3894127067693,11.379247387684265,4.525394031463663,6.1496861050206535,0.5819072511999472,0.12226000000000012,0.0,2.120620087156963,0.9005357142857143,0.90125,0.844067203360168,0.8337416870843543,40,16,6,527,0.17373993599835558,0.5882250499998918,1,15,0,0,main,main_N40_B1_K0_S2_1017_ROLL-CP
ACI-EVENT,S2,1018,40,160,1,0,0.7942857142857143,0.6976785714285715,0.4357142857142857,352.54943984389973,11.275426732466888,4.368847103194948,6.174299136285428,0.610933207039902,0.12134728594660951,0.0,2.157563477318578,0.9011211174416468,0.9007535379525823,0.8390441047267616,0.8183096116675452,39,18,10,592,0.20175771199978954,0.6178837270001623,1,14,2,1,main,main_N40_B1_K0_S2_1018_ACI-EVENT
ACI-PER,S2,1018,40,160,1,0,0.8228571428571428,0.6748214285714286,0.4642857142857143,358.2336276268433,11.158955389687597,4.323534785170779,6.140915700836856,0.5725049036799618,0.12199999999999969,0.0,2.071844669455551,0.9007393715341959,0.900369685767098,0.8490432317505315,0.82512402551382,38,17,9,559,0.19581258399762191,0.6140475980000701,1,15,0,1,main,main_N40_B1_K0_S2_1018_ACI-PER
ACR-MCR,S2,1018,40,160,1,0,0.8251785714285714,0.7383928571428572,0.4714285714285714,349.6400952346618,11.491650580927695,4.4689385384018285,6.282479835165977,0.6180722073598909,0.12215999999999985,0.0,2.12847760343169,0.901627486437613,0.901627486437613,0.8459113990544563,0.8298021362283313,39,18,13,593,0.39082171299833135,0.8897917060000964,1,14,3,0,main,main_N40_B1_K0_S2_1018_ACR-MCR
FROZEN-CP,S2,1018,40,160,1,0,0.8073214285714285,0.7032142857142857,0.4642857142857143,350.66496322060846,11.254971507357354,4.361020924288403,6.225203868267503,0.5473762508800011,0.1213704639214469,0.0,2.1239802806864225,0.8717434869739479,0.8546183275642193,0.8017986245812027,0.777640627755246,38,16,13,526,0.20798035100096968,0.662031154000033,1,14,0,1,main,main_N40_B1_K0_S2_1018_FROZEN-CP
POINT-EA,S2,1018,40,160,1,0,0.8253571428571429,0.7166071428571429,0.44285714285714284,349.0075241885267,11.176805090542196,4.363971177594431,6.152204662387752,0.5394692505600133,0.1211599999999998,0.0,2.0697787204707767,0.899204734603292,0.8984649528389125,0.8499822883457315,0.8287283032235211,38,16,8,527,0.17912501299929318,0.5838315600001351,1,15,0,0,main,main_N40_B1_K0_S2_1018_POINT-EA
RANDOM-CH,S2,1018,40,160,1,0,0.6139285714285714,0.20946428571428571,0.9,729.7045281240369,11.69245258318834,4.705208605546871,6.3310303264414785,0.5548736511999893,0.1013399999999999,0.0,2.781268454611879,0.90125,0.89875,0.8482197355035606,0.8341810783316378,40,16,16,0,0.03921802000081698,0.43799419700008,1,15,0,0,main,main_N40_B1_K0_S2_1018_RANDOM-CH
ROLL-CP,S2,1018,40,160,1,0,0.8158928571428572,0.69375,0.44285714285714284,362.1738222985109,11.23147100559831,4.368728737810447,6.164368663947907,0.5762536038399559,0.12211999999999995,0.0,2.1005182355710326,0.9009755199705504,0.8978464936499172,0.8454912989980664,0.8161364035858675,39,17,12,559,0.19489434200022515,0.6289194149999275,1,15,0,1,main,main_N40_B1_K0_S2_1018_ROLL-CP
ACI-EVENT,S2,1019,40,160,1,0,0.8375,0.7653571428571428,0.40714285714285714,351.5870023374748,11.116320729885217,4.391944943687955,6.014456682197324,0.5883991039999372,0.12151999999999985,0.0,2.0322341370905335,0.901582681462616,0.901582681462616,0.8492091388400703,0.8360281195079086,38,17,10,560,0.22510545499972068,0.6893206909999208,1,14,2,0,main,main_N40_B1_K0_S2_1019_ACI-EVENT
ACI-PER,S2,1019,40,160,1,0,0.8303571428571429,0.7616071428571428,0.37142857142857144,352.8336435442593,10.923902205937654,4.3375823960519595,5.895204206685731,0.5709356031999644,0.12017999999999994,0.0,2.0117683620511335,0.9017957351290684,0.9016086793864572,0.8370146063412897,0.8204488778054863,36,17,4,559,0.23296384600189413,0.7360157000000527,1,15,0,1,main,main_N40_B1_K0_S2_1019_ACI-PER
ACR-MCR,S2,1019,40,160,1,0,0.8105357142857142,0.7182142857142857,0.4928571428571429,344.4126607710025,11.402305445935294,4.589884511250235,6.093423680285137,0.5982572543999217,0.12074000000000018,0.0,2.143693447252358,0.9008928571428572,0.90125,0.8361433087460485,0.821917808219178,40,17,12,560,0.3510622879987295,0.8259993359999953,1,14,2,0,main,main_N40_B1_K0_S2_1019_ACR-MCR
FROZEN-CP,S2,1019,40,160,1,0,0.8167857142857143,0.7023214285714285,0.4857142857142857,376.2412212702458,11.172631255539947,4.470360631192057,6.026077135572235,0.5547334887756554,0.12146000000000028,0.0,2.086782079854305,0.8409958204615664,0.8317281482827549,0.7730321214260502,0.7652665019414049,39,16,11,527,0.1958591630002502,0.6513766559999112,1,15,0,0,main,main_N40_B1_K0_S2_1019_FROZEN-CP
POINT-EA,S2,1019,40,160,1,0,0.8030357142857143,0.7016071428571429,0.5071428571428571,336.4312527994508,11.188643245831589,4.4217880299868195,6.081929564644793,0.5630656511999766,0.12185999999999991,0.0,2.1202659173453835,0.8952176249328319,0.8971878918144367,0.8502759480149547,0.8317607263663878,39,16,5,527,0.18433098199989217,0.5981860589999997,1,15,0,0,main,main_N40_B1_K0_S2_1019_POINT-EA
RANDOM-CH,S2,1019,40,160,1,0,0.7973214285714286,0.36178571428571427,0.8357142857142857,539.7462054437943,11.781351114302483,5.007761782817369,6.093423680285137,0.5630656511999766,0.11709999999999977,0.0,2.2578288835382296,0.8955357142857143,0.8975,0.8599464763603925,0.8549509366636932,40,16,16,0,0.04960066299986465,0.5974493650001023,1,15,0,0,main,main_N40_B1_K0_S2_1019_RANDOM-CH
ROLL-CP,S2,1019,40,160,1,0,0.8055357142857142,0.7376785714285714,0.4642857142857143,345.80630933395014,11.025971897820368,4.398735292673504,5.956577004506867,0.549919600639997,0.1207399999999996,0.0,2.083910772598822,0.8958833302565996,0.8977293705002769,0.8389106443574226,0.8225347098611605,37,16,5,527,0.18906804099924557,0.6100005109999529,1,15,0,0,main,main_N40_B1_K0_S2_1019_ROLL-CP
ACI-EVENT,S2,1020,40,160,1,0,0.7696428571428572,0.7,0.5,333.3020613016048,11.032468159682798,4.45212111031976,5.8317415952831615,0.6272654540798765,0.1213399999999995,0.0,2.181623128274233,0.9005264113269196,0.900344890179706,0.8346931536005676,0.8205037247250798,38,17,10,560,0.18820409800082416,0.6023928490001254,1,14,2,0,main,main_N40_B1_K0_S2_1020_ACI-EVENT
ACI-PER,S2,1020,40,160,1,0,0.8001785714285714,0.6925,0.4142857142857143,352.10897846868437,11.050844706971448,4.520338883666005,5.819922372425509,0.5899234508799349,0.12065999999999992,0.0,2.1137805483878056,0.9008926944798689,0.9007105119329568,0.8340124003542958,0.8228520814880426,38,16,10,527,0.17891616299925772,0.6610035829999106,1,15,0,0,main,main_N40_B1_K0_S2_1020_ACI-PER
ACR-MCR,S2,1020,40,160,1,0,0.7939285714285714,0.6716071428571428,0.4642857142857143,368.54735005095085,11.163756155179112,4.502142216755193,5.903939884024053,0.6348140543998646,0.12286000000000018,0.0,2.1497701049834608,0.9005357142857143,0.9005357142857143,0.8362411470029366,0.8253584384176887,40,17,10,560,0.31274077199987005,0.7634934669999893,1,14,2,0,main,main_N40_B1_K0_S2_1020_ACR-MCR
FROZEN-CP,S2,1020,40,160,1,0,0.7714285714285715,0.69,0.4857142857142857,340.507770134163,10.787355783210044,4.448961523008928,5.618957707241198,0.6002565529599188,0.11917999999999988,0.0,2.1289433162048637,0.8166571374118544,0.8139889460644177,0.7437658113480303,0.7361763642934587,37,17,8,559,0.20448737299898312,0.6213565929999731,1,15,0,1,main,main_N40_B1_K0_S2_1020_FROZEN-CP
POINT-EA,S2,1020,40,160,1,0,0.7982142857142858,0.69375,0.42857142857142855,364.16984331776683,10.974790565073935,4.547874604238074,5.728085010435909,0.5788309503999524,0.11999999999999997,0.0,2.1036592994199603,0.8974120275553901,0.8938745112641966,0.8401932712956335,0.8287401574803149,37,16,9,527,0.22052469699997346,0.7105561629998647,1,15,0,0,main,main_N40_B1_K0_S2_1020_POINT-EA
RANDOM-CH,S2,1020,40,160,1,0,0.7475,0.2714285714285714,0.8785714285714286,611.3149490714908,11.817199230109148,5.196067294885172,5.903939884024053,0.597472051199923,0.11971999999999983,0.0,2.3960257968591137,0.8971428571428571,0.8932142857142857,0.855094726062468,0.8545826932923707,40,16,16,0,0.04090633199916738,0.4751046349999797,1,15,0,0,main,main_N40_B1_K0_S2_1020_RANDOM-CH
ROLL-CP,S2,1020,40,160,1,0,0.79125,0.7091071428571428,0.4357142857142857,353.09464773958797,11.02594796245292,4.4660961561385655,5.846346005354422,0.5919258009599317,0.12158000000000008,0.0,2.129383538519297,0.8973060929307539,0.8935093111553064,0.8286215978928885,0.8133450395083407,39,16,8,527,0.20367236900119678,0.6693716159998075,1,15,0,0,main,main_N40_B1_K0_S2_1020_ROLL-CP
ACI-EVENT,S2,1021,40,160,1,0,0.8123214285714285,0.6808928571428572,0.5071428571428571,374.13693330208093,11.239400772185512,4.63287250037391,5.8828541175716875,0.6028541542399146,0.12081999999999987,0.0,2.1138613451543184,0.9017518511829511,0.9017518511829511,0.833972793861179,0.8189745378444367,38,17,13,560,0.20567863100063732,0.6447458860000097,1,14,2,0,main,main_N40_B1_K0_S2_1021_ACI-EVENT
ACI-PER,S2,1021,40,160,1,0,0.8167857142857143,0.6871428571428572,0.44285714285714284,372.6484665671426,11.175976174257475,4.570974941245515,5.912743581811995,0.5712576511999639,0.12100000000000008,0.0,2.092095876873357,0.9019888908797706,0.9016305321626948,0.8440654368256179,0.8327532196310476,39,16,12,527,0.21391542499941352,0.701395950999995,1,15,0,0,main,main_N40_B1_K0_S2_1021_ACI-PER
ACR-MCR,S2,1021,40,160,1,0,0.8117857142857143,0.6153571428571428,0.5714285714285714,419.8077942046933,11.291188322717646,4.6918027031605956,5.875499465317137,0.6033661542399138,0.12052000000000003,0.0,2.124800211275432,0.9025225225225225,0.9018018018018018,0.8267079676475649,0.8108759249698847,39,17,12,560,0.3899790759996904,0.9441380769999341,1,14,2,0,main,main_N40_B1_K0_S2_1021_ACR-MCR
FROZEN-CP,S2,1021,40,160,1,0,0.8505357142857143,0.7067857142857142,0.42142857142857143,385.14742538539844,11.111084056818946,4.511539463650461,5.908320492048517,0.5692041011199671,0.12201999999999973,0.0,2.008874354875962,0.8398493543758967,0.8457675753228121,0.783007440733691,0.7812770375497491,39,16,15,527,0.22706089399912344,0.7393637140000919,1,15,0,0,main,main_N40_B1_K0_S2_1021_FROZEN-CP
POINT-EA,S2,1021,40,160,1,0,0.81625,0.7314285714285714,0.4357142857142857,346.112515092634,11.182569227497552,4.580965499020977,5.908266077276611,0.5712576511999639,0.1220799999999999,0.0,2.0945063171937726,0.8995155212632334,0.898080028709851,0.8461131676361714,0.8325401022386745,38,16,11,527,0.17796205899935558,0.5878095360001225,1,15,0,0,main,main_N40_B1_K0_S2_1021_POINT-EA
RANDOM-CH,S2,1021,40,160,1,0,0.7248214285714286,0.25089285714285714,0.8785714285714286,648.4719614586752,11.064840303095732,4.455864299387215,5.926178352508554,0.5712576511999639,0.11153999999999993,0.0,2.30325568340877,0.9,0.8985714285714286,0.8689538807649044,0.8623922009748781,40,16,16,0,0.04367294499888885,0.5027289279998968,1,15,0,0,main,main_N40_B1_K0_S2_1021_RANDOM-CH
ROLL-CP,S2,1021,40,160,1,0,0.8458928571428571,0.7017857142857142,0.40714285714285714,378.40468751484497,11.010027860547082,4.529751350361565,5.801240159465535,0.558936350719983,0.12009999999999957,0.0,2.000005060953148,0.9000734753857458,0.8987876561351947,0.8375571981696586,0.8213657162970784,39,16,13,527,0.18007188400270024,0.5969348759999775,1,15,0,0,main,main_N40_B1_K0_S2_1021_ROLL-CP
ACI-EVENT,S2,1022,40,160,1,0,0.8107142857142857,0.6973214285714285,0.42857142857142855,373.83511778317927,11.223015013336418,4.516812682764933,6.010476026571527,0.5746263039999586,0.12109999999999961,0.0,2.1533029572786684,0.9001278071937192,0.9001278071937192,0.8364966045620755,0.8251784781473097,38,17,12,560,0.21425404200294906,0.6862723980000283,1,14,2,0,main,main_N40_B1_K0_S2_1022_ACI-EVENT
ACI-PER,S2,1022,40,160,1,0,0.82,0.7083928571428572,0.5,362.96680615295696,11.22599817234328,4.476791872403017,6.081609348900259,0.5452369510400044,0.12235999999999998,0.0,2.1325984369953037,0.8997119193374145,0.9000720201656464,0.8512339242266249,0.835245046923879,39,16,10,527,0.20209309400070197,0.6610154909999437,1,15,0,0,main,main_N40_B1_K0_S2_1022_ACI-PER
ACR-MCR,S2,1022,40,160,1,0,0.8021428571428572,0.6819642857142857,0.5071428571428571,384.86264190060746,11.360030849941928,4.554429213074094,6.101692332547886,0.5815093043199477,0.12239999999999986,0.0,2.199851055372178,0.8996235884567126,0.9001613192328374,0.8448782173086888,0.8308861634133702,39,17,13,560,0.34159348900084296,0.8120653600001333,1,14,2,0,main,main_N40_B1_K0_S2_1022_ACR-MCR
FROZEN-CP,S2,1022,40,160,1,0,0.8028571428571428,0.6564285714285715,0.5285714285714286,381.6688391253455,11.345423232264137,4.5845528224850085,6.091582308659127,0.5471881011200013,0.12209999999999992,0.0,2.1953218328684474,0.8511135057471264,0.8455459770114943,0.7808147632311978,0.7672353760445683,39,16,10,527,0.21007132900012948,0.6865388530000018,1,15,0,0,main,main_N40_B1_K0_S2_1022_FROZEN-CP
POINT-EA,S2,1022,40,160,1,0,0.7844642857142857,0.6476785714285714,0.5214285714285715,384.476265041123,11.175177237713834,4.500551804186742,6.011850490199608,0.5409949433274838,0.12178000000000012,0.0,2.2063528603581117,0.8980113118044153,0.8991060025542784,0.8479246599232647,0.8393791419602372,38,16,7,527,0.1798423080001612,0.6005787659998987,1,15,0,0,main,main_N40_B1_K0_S2_1022_POINT-EA
RANDOM-CH,S2,1022,40,160,1,0,0.7285714285714285,0.3273214285714286,0.7928571428571428,570.6857054112503,11.57959512032511,4.8463951816421105,6.073842987642995,0.5452369510400044,0.11411999999999992,0.0,2.4225094393985587,0.8979812545061283,0.8990627253064167,0.8583121134958167,0.8470352855583849,39,16,16,0,0.03870614899915381,0.45799895100003596,1,15,0,0,main,main_N40_B1_K0_S2_1022_RANDOM-CH
ROLL-CP,S2,1022,40,160,1,0,0.7885714285714286,0.66375,0.5428571428571428,368.9452243458307,11.244119825415781,4.567610119140545,6.015786205475223,0.5393835008000133,0.12133999999999989,0.0,2.2099292109700825,0.8973703433162893,0.8984660336011687,0.8293789253314724,0.8136775994417307,39,16,11,527,0.19195266499900754,0.6234357570001521,1,15,0,0,main,main_N40_B1_K0_S2_1022_ROLL-CP
ACI-EVENT,S2,1023,40,160,1,0,0.8257142857142857,0.7733928571428571,0.45714285714285713,330.3789992098323,11.093246111855853,4.3558581381889105,5.986727519267066,0.6269804543998768,0.12368000000000026,0.0,2.0615584671726173,0.9003571428571429,0.9008928571428572,0.8321983586519993,0.821721669285839,40,17,8,560,0.30189489600047636,0.9662917489999927,1,15,1,0,main,main_N40_B1_K0_S2_1023_ACI-EVENT
ACI-PER,S2,1023,40,160,1,0,0.8294642857142858,0.7591071428571429,0.4785714285714286,344.5470702509388,11.030166341812047,4.391416046627622,5.932731694224481,0.5839386009599442,0.12207999999999981,0.0,2.0418671495394385,0.9010313008865569,0.9006694409263615,0.8305114330598709,0.820911153779019,39,16,9,527,0.2517931040010808,0.843331790999855,1,15,0,0,main,main_N40_B1_K0_S2_1023_ACI-PER
ACR-MCR,S2,1023,40,160,1,0,0.82625,0.7530357142857143,0.45714285714285713,344.0860978553465,11.162574812878816,4.449357951597126,5.9680435070418065,0.6228733542398833,0.1222999999999999,0.0,2.073286555140939,0.9003769520732364,0.9009154550350027,0.8367703600139811,0.8278573925200978,39,17,12,560,0.2963642269980937,0.7474728629999845,1,15,1,0,main,main_N40_B1_K0_S2_1023_ACR-MCR
FROZEN-CP,S2,1023,40,160,1,0,0.8323214285714285,0.7433928571428572,0.4785714285714286,324.5444843970586,11.087653123890933,4.388366353423932,5.986727519267066,0.5900992511999344,0.12245999999999986,0.0,2.046447605000172,0.8648214285714285,0.8489285714285715,0.7985548114205147,0.7848078956644342,40,16,9,527,0.2798458809991189,0.9310544140000729,1,15,0,0,main,main_N40_B1_K0_S2_1023_FROZEN-CP
POINT-EA,S2,1023,40,160,1,0,0.8305357142857143,0.73875,0.4714285714285714,332.3779231684709,11.106403039788074,4.407136269321073,5.986727519267066,0.5900992511999344,0.12243999999999987,0.0,2.053698786943061,0.8992857142857142,0.8980357142857143,0.8483454255883914,0.8350734383294992,40,16,9,527,0.17591851500105804,0.5847460100001172,1,15,0,0,main,main_N40_B1_K0_S2_1023_POINT-EA
RANDOM-CH,S2,1023,40,160,1,0,0.7296428571428571,0.35517857142857145,0.7928571428571428,569.8542769790487,11.490482316893619,4.804202775538867,5.984520290154817,0.5900992511999344,0.11166000000000026,0.0,2.379474490969894,0.8992137240886348,0.897962830593281,0.8606754013655656,0.8632589038568002,39,16,16,0,0.04921414999876106,0.5566022340001382,1,15,0,0,main,main_N40_B1_K0_S2_1023_RANDOM-CH
ROLL-CP,S2,1023,40,160,1,0,0.8333928571428572,0.7623214285714286,0.4642857142857143,353.99537988637485,11.059269215845966,4.42047892066154,5.932731694224481,0.5839386009599442,0.1221199999999998,0.0,2.038950814130893,0.8988601411253845,0.8981364212049937,0.822882096069869,0.8078602620087336,39,16,10,527,0.18258888999889678,0.6079153820001011,1,15,0,0,main,main_N40_B1_K0_S2_1023_ROLL-CP
ACI-EVENT,S2,1024,40,160,1,0,0.78125,0.7026785714285714,0.4857142857142857,359.0650602657369,11.091712096632191,4.45295094646148,5.936200446170762,0.5803607039999497,0.12219999999999989,0.0,2.1545672293380322,0.9004911770056394,0.9001273421866473,0.8456293706293706,0.8314685314685315,38,17,10,560,0.2604296640015491,0.8220778509999036,1,15,1,0,main,main_N40_B1_K0_S2_1024_ACI-EVENT
ACI-PER,S2,1024,40,160,1,0,0.7903571428571429,0.6992857142857143,0.5,351.66902761298746,11.169017660875367,4.493617258247822,5.999941101507553,0.5536393011199913,0.12181999999999998,0.0,2.148301146542675,0.9008976660682226,0.9,0.8385915983963744,0.8300505490674569,39,16,9,527,0.22221412599992618,0.7196725250000782,1,15,0,0,main,main_N40_B1_K0_S2_1024_ACI-PER
ACR-MCR,S2,1024,40,160,1,0,0.7885714285714286,0.7183928571428572,0.4785714285714286,352.60595525329154,11.282368006830858,4.574960978346137,5.99886807424478,0.5864189542399402,0.12211999999999983,0.0,2.1742856054790627,0.9006824712643678,0.8997844827586207,0.8361115985260572,0.8227759256009827,38,17,10,560,0.33404086599944094,0.8101126470000963,1,15,1,0,main,main_N40_B1_K0_S2_1024_ACR-MCR
FROZEN-CP,S2,1024,40,160,1,0,0.7966071428571428,0.7,0.5357142857142857,351.443532890679,10.974903752763797,4.367920134936373,5.934676966947427,0.5495266508799975,0.12278000000000001,0.0,2.0968482523431025,0.8708212209302325,0.8633720930232558,0.81585856817784,0.7994048660948714,38,16,8,527,0.18242274800218183,0.5981369979999727,1,15,0,0,main,main_N40_B1_K0_S2_1024_FROZEN-CP
POINT-EA,S2,1024,40,160,1,0,0.81125,0.7035714285714286,0.5,360.14000763758224,11.045018641012398,4.501454169868387,5.879344020584004,0.5433604505600071,0.12086000000000013,0.0,2.077693499061775,0.8974972396025027,0.8991534781008466,0.8365793201133145,0.8220609065155807,38,16,5,527,0.215227628999628,0.6986516260001281,1,15,0,0,main,main_N40_B1_K0_S2_1024_POINT-EA
RANDOM-CH,S2,1024,40,160,1,0,0.7448214285714285,0.45035714285714284,0.7142857142857143,536.7702139685935,12.00001221735235,5.305166682763683,6.022272683388679,0.555692851199988,0.11687999999999982,0.0,2.4610361397359206,0.8980357142857143,0.89875,0.8546186144156753,0.8495451364590623,40,16,16,0,0.042733795999538415,0.5126033080000525,1,15,0,0,main,main_N40_B1_K0_S2_1024_RANDOM-CH
ROLL-CP,S2,1024,40,160,1,0,0.8019642857142857,0.7026785714285714,0.5,353.23091941229484,11.15813585598952,4.47155651679326,6.008286487996272,0.555692851199988,0.12259999999999975,0.0,2.1197066595724774,0.8982261243504748,0.8985844830675506,0.8333041498861845,0.813342672036421,39,16,7,527,0.23128205500188415,0.7710922680000749,1,15,0,0,main,main_N40_B1_K0_S2_1024_ROLL-CP
ACI-EVENT,S2,1025,40,160,1,0,0.7944642857142857,0.6351785714285715,0.5642857142857143,402.8100123301936,11.267869022475482,4.574349413917467,5.939489454318147,0.6325501542398683,0.12147999999999977,0.0,2.167314680222251,0.9015833033465275,0.9019431450161929,0.8210690732384589,0.8080527594585214,38,17,9,560,0.25444816700041883,0.7165798319999794,1,14,2,0,main,main_N40_B1_K0_S2_1025_ACI-EVENT
ACI-PER,S2,1025,40,160,1,0,0.8239285714285715,0.6776785714285715,0.5,391.9486803478731,11.152860414383445,4.481222279958861,5.95247003330466,0.5971081011199236,0.12205999999999999,0.0,2.079205893807503,0.9012013627398243,0.9017392863546709,0.8366250866250866,0.8286555786555787,39,16,11,527,0.19465056499939237,0.648595419000003,1,15,0,0,main,main_N40_B1_K0_S2_1025_ACI-PER
ACR-MCR,S2,1025,40,160,1,0,0.7925,0.6466071428571428,0.4857142857142857,399.4626056379304,11.178821281137905,4.579332711553393,5.854247815664632,0.6245407539198807,0.12069999999999995,0.0,2.1547458136349085,0.9010807840263785,0.9014471514929474,0.8208588957055215,0.8068361086765995,39,17,10,560,0.3192439729996295,0.7557580860000144,1,14,2,0,main,main_N40_B1_K0_S2_1025_ACR-MCR
FROZEN-CP,S2,1025,40,160,1,0,0.8096428571428571,0.6416071428571428,0.4642857142857143,397.97182735350447,11.162393427132905,4.5126847513151835,5.930971774697797,0.5970569011199237,0.1216799999999997,0.0,2.112489293552783,0.8300594701748063,0.8073526761578663,0.7552362818071664,0.7393110611043794,38,16,9,527,0.21507497700031308,0.6977603600000748,1,15,0,0,main,main_N40_B1_K0_S2_1025_FROZEN-CP
POINT-EA,S2,1025,40,160,1,0,0.8296428571428571,0.6891071428571428,0.4928571428571429,377.0300007558394,11.313568354552768,4.621156008036452,5.9718018953163945,0.5991104511999205,0.12149999999999957,0.0,2.096658331088356,0.8975,0.8989285714285714,0.8502973067506121,0.8377054914305702,40,16,8,527,0.1882640569990599,0.6459798470000351,1,15,0,0,main,main_N40_B1_K0_S2_1025_POINT-EA
RANDOM-CH,S2,1025,40,160,1,0,0.7873214285714286,0.37535714285714283,0.8357142857142857,559.4397701740234,11.630628490092361,4.941936143576046,5.9718018953163945,0.5991104511999205,0.11777999999999988,0.0,2.2953677699017883,0.8975,0.8989285714285714,0.8490365918331271,0.8417889340639915,40,16,16,0,0.04187950700043075,0.48075583300010294,1,15,0,0,main,main_N40_B1_K0_S2_1025_RANDOM-CH
ROLL-CP,S2,1025,40,160,1,0,0.8158928571428572,0.6576785714285714,0.5357142857142857,394.4333146576077,11.143654244015798,4.470371501063349,5.953954641832525,0.5971081011199236,0.12221999999999993,0.0,2.095065659713442,0.8976335604159197,0.8988884904983865,0.8308067607597143,0.8116396584770866,39,16,9,527,0.18544005300100252,0.6107416390000253,1,15,0,0,main,main_N40_B1_K0_S2_1025_ROLL-CP
ACI-EVENT,S2,1026,40,160,1,0,0.7614285714285715,0.6823214285714285,0.4928571428571429,347.3734577337514,10.942437961893068,4.381342167808564,5.946602491044435,0.4940733030400707,0.12041999999999997,0.0,2.1754349824837114,0.9015740565143182,0.9010051204248056,0.8511968560200072,0.8290460878885316,36,17,9,559,0.2346576410002399,0.7432866149999882,1,14,1,1,main,main_N40_B1_K0_S2_1026_ACI-EVENT
ACI-PER,S2,1026,40,160,1,0,0.7660714285714286,0.6778571428571428,0.5142857142857142,350.93156708743106,10.99082058408619,4.420815036538234,5.978458497307898,0.47032705024005833,0.12122000000000027,0.0,2.173817362358819,0.9016177577125658,0.9010534236267871,0.8498233215547704,0.8316254416961131,37,16,8,527,0.210129612999026,0.6724123929998314,1,15,0,0,main,main_N40_B1_K0_S2_1026_ACI-PER
ACR-MCR,S2,1026,40,160,1,0,0.7710714285714285,0.665,0.5571428571428572,369.8607134325053,10.929188541675162,4.376900692143596,5.939324146491495,0.49238370304006973,0.12058000000000006,0.0,2.1497223724774117,0.9017670530115903,0.9013870416112484,0.8624357383442652,0.8432901967736217,36,17,10,560,0.3463170719978734,0.8308717550000893,1,15,1,0,main,main_N40_B1_K0_S2_1026_ACR-MCR
FROZEN-CP,S2,1026,40,160,1,0,0.7953571428571429,0.6632142857142858,0.5214285714285715,379.8625904875585,11.091665545170718,4.466237760552137,6.030088034218521,0.47381975040006025,0.12151999999999999,0.0,2.124840142753011,0.8654240447343896,0.8581547064305685,0.7983828440850764,0.7850237300052734,38,16,7,527,0.17729934499857336,0.57654562599987,1,15,0,0,main,main_N40_B1_K0_S2_1026_FROZEN-CP
POINT-EA,S2,1026,40,160,1,0,0.7585714285714286,0.6360714285714286,0.6,367.0634330276363,10.977502126336178,4.345052658659628,6.03570886735649,0.4749406003200609,0.12179999999999985,0.0,2.189370188738767,0.9030640668523677,0.903435468895079,0.8543174995585379,0.8389546176938019,38,16,12,526,0.2000475190002362,0.6639132880000034,1,14,0,1,main,main_N40_B1_K0_S2_1026_POINT-EA
RANDOM-CH,S2,1026,40,160,1,0,0.5873214285714285,0.23732142857142857,0.9357142857142857,559.6833577510017,11.16662176111061,4.3273610593682195,6.254085450542321,0.4917952512000701,0.09337999999999996,0.0,2.7736268656509213,0.9035714285714286,0.9044642857142857,0.8614087075450194,0.8607248689309323,40,16,16,0,0.04153441599987673,0.4820438489998651,1,15,0,0,main,main_N40_B1_K0_S2_1026_RANDOM-CH
ROLL-CP,S2,1026,40,160,1,0,0.7873214285714286,0.67625,0.5,365.2390311276805,10.835430887263529,4.330264026292872,5.918466060970601,0.466060800000056,0.12064000000000001,0.0,2.0938030700026142,0.9028094153378892,0.9029992406985573,0.8609142452161588,0.8437278525868178,37,16,8,527,0.18820045800089247,0.6253578409998681,1,15,0,0,main,main_N40_B1_K0_S2_1026_ROLL-CP
ACI-EVENT,S2,1027,40,160,1,0,0.8117857142857143,0.6894642857142858,0.4142857142857143,361.5571061964156,11.242702058516864,4.6138217431589625,5.876397966116217,0.6320331571198692,0.12044919212181415,0.0,2.1220653187083545,0.901018922852984,0.9008369723435226,0.8282935455349248,0.8203359858532272,36,18,9,592,0.2018147930014038,0.6248304769999322,1,14,2,1,main,main_N40_B1_K0_S2_1027_ACI-EVENT
ACI-PER,S2,1027,40,160,1,0,0.8258928571428571,0.6989285714285715,0.40714285714285714,383.9452117647303,11.349200707284549,4.695185405738901,5.960898450345685,0.5720768511999625,0.12103999999999994,0.0,2.1106938269080433,0.9005357142857143,0.9001785714285714,0.8290896407394489,0.8177537495640042,40,16,12,527,0.1784621260003405,0.6043616459999157,1,15,0,0,main,main_N40_B1_K0_S2_1027_ACI-PER
ACR-MCR,S2,1027,40,160,1,0,0.8169642857142857,0.6942857142857143,0.4357142857142857,387.15810686066817,11.311182353167174,4.6395960382151555,5.945245810632108,0.6058805043199098,0.12046000000000011,0.0,2.1233681909455933,0.9005732712289501,0.9003941239699033,0.8379501385041551,0.8260041551246537,39,17,12,560,0.3065049060005549,0.7353117249999741,1,14,2,0,main,main_N40_B1_K0_S2_1027_ACR-MCR
FROZEN-CP,S2,1027,40,160,1,0,0.8183928571428571,0.6923214285714285,0.45,368.1259269676367,11.19296309448292,4.637038495208213,5.872311252634833,0.5636533466398741,0.11995999999999998,0.0,2.098024947419479,0.8376504925209778,0.8360087559284932,0.7584397411229666,0.7465453909393038,38,16,6,527,0.2744588080004178,0.8189113500000076,1,15,0,0,main,main_N40_B1_K0_S2_1027_FROZEN-CP
POINT-EA,S2,1027,40,160,1,0,0.8219642857142857,0.7167857142857142,0.45714285714285713,359.0598551441258,11.272393972402204,4.670382021185897,5.913599800176339,0.5680721510399689,0.12033999999999967,0.0,2.105022217068572,0.899440332189926,0.8969128001444304,0.847544761567098,0.8434674703066832,39,16,8,527,0.21311673899867856,0.6906057210001109,1,15,0,0,main,main_N40_B1_K0_S2_1027_POINT-EA
RANDOM-CH,S2,1027,40,160,1,0,0.7639285714285714,0.38571428571428573,0.8071428571428572,594.3240981551367,11.742648515556738,5.09067321401109,5.960898450345685,0.5720768511999625,0.11899999999999997,0.0,2.3555964925891146,0.8989285714285714,0.8973214285714286,0.8559735283873214,0.8436084987809126,40,16,16,0,0.04203077700094582,0.4887846999999965,1,15,0,0,main,main_N40_B1_K0_S2_1027_RANDOM-CH
ROLL-CP,S2,1027,40,160,1,0,0.8021428571428572,0.7057142857142857,0.4142857142857143,360.30655544721714,11.271059083478603,4.749646735222518,5.843784747616101,0.558367600639984,0.11925999999999999,0.0,2.149324768016515,0.8997245179063361,0.8971533516988063,0.8185040765685927,0.8080467919177596,38,16,11,527,0.23879318500030422,0.7902746229999593,1,15,0,0,main,main_N40_B1_K0_S2_1027_ROLL-CP
ACI-EVENT,S2,1028,40,160,1,0,0.8082142857142857,0.65875,0.4714285714285714,402.08566672121503,11.130743748635197,4.586990294648518,5.871191100066684,0.5512223539199949,0.12133999999999999,0.0,2.1120955879763184,0.90040278286342,0.9015012815818382,0.8469495091164095,0.841164095371669,39,17,9,560,0.24737779300107832,0.7931529320001118,1,14,2,0,main,main_N40_B1_K0_S2_1028_ACI-EVENT
ACI-PER,S2,1028,40,160,1,0,0.7755357142857143,0.63875,0.4928571428571429,387.12153628272114,11.310105668865308,4.735219677567377,5.929339440257895,0.5251665510400355,0.12038000000000001,0.0,2.223335102981189,0.900523560209424,0.9016067882289222,0.8280154277699859,0.8222300140252454,39,16,9,527,0.18496609100111527,0.6245684040000015,1,15,0,0,main,main_N40_B1_K0_S2_1028_ACI-PER
ACR-MCR,S2,1028,40,160,1,0,0.8191071428571428,0.6294642857142857,0.4928571428571429,405.53774267192017,11.173070601528048,4.647415501911115,5.8553070957769355,0.5499880038399969,0.12035999999999987,0.0,2.0958676798964637,0.9006975036710719,0.9016152716593245,0.8499825965889314,0.846849982596589,38,17,13,560,0.37378740000144717,0.9379065059999903,1,14,2,0,main,main_N40_B1_K0_S2_1028_ACR-MCR
FROZEN-CP,S2,1028,40,160,1,0,0.7778571428571428,0.6291071428571429,0.5714285714285714,396.1767577950758,11.36123504881324,4.832571307774497,5.860963052822764,0.5482416537599996,0.11945903445598059,0.0,2.2276931468261254,0.8601321585903083,0.8623348017621145,0.786366830639494,0.7849613492621222,38,17,11,559,0.22475252000231194,0.7213341189999483,1,15,0,1,main,main_N40_B1_K0_S2_1028_FROZEN-CP
POINT-EA,S2,1028,40,160,1,0,0.8344642857142858,0.6575,0.5285714285714286,390.990231066836,11.454557114724373,4.869829410287574,5.937490803316766,0.5266569011200333,0.12057999999999991,0.0,2.114557340728147,0.9002520705797623,0.9007922218221102,0.8330394922425952,0.8316290550070522,38,16,10,527,0.23553176700079348,0.7762392790000376,1,15,0,0,main,main_N40_B1_K0_S2_1028_POINT-EA
RANDOM-CH,S2,1028,40,160,1,0,0.7742857142857142,0.2869642857142857,0.8571428571428571,654.6923261680446,11.85861784536186,5.235810163979118,5.9743084301827105,0.5286592512000302,0.11983999999999997,0.0,2.349171522456787,0.9001785714285714,0.9010714285714285,0.8455506307534947,0.8440163654960791,40,16,16,0,0.047147468999355624,0.5697182099997917,1,15,0,0,main,main_N40_B1_K0_S2_1028_RANDOM-CH
ROLL-CP,S2,1028,40,160,1,0,0.8235714285714286,0.6764285714285714,0.45714285714285713,397.70263213168056,11.287978068539491,4.679263332548014,5.959015484791447,0.5286592512000302,0.1210399999999999,0.0,2.1075388477482244,0.9001792114695341,0.9008960573476702,0.8297019348091337,0.8195921213177619,39,16,10,527,0.2677832599974863,0.8735226339999826,1,15,0,0,main,main_N40_B1_K0_S2_1028_ROLL-CP
ACI-EVENT,S2,1029,40,160,1,0,0.8675,0.6516071428571428,0.5214285714285715,394.68256653409975,11.305554080104379,4.507500756695397,6.067771269009077,0.6087020543999054,0.12157999999999977,0.0,2.0127388428172295,0.9025,0.9023214285714286,0.8482049494597421,0.8379226211223423,40,17,9,560,0.2837960220003879,0.889333760999989,1,14,2,0,main,main_N40_B1_K0_S2_1029_ACI-EVENT
ACI-PER,S2,1029,40,160,1,0,0.8541071428571428,0.7446428571428572,0.38571428571428573,348.4336857636384,11.272293421769433,4.510486101560395,6.067771269009077,0.5728960511999613,0.12114000000000019,0.0,2.033975716667166,0.9025,0.9023214285714286,0.8599577762139339,0.849929627023223,40,16,7,527,0.2355508589987494,0.7717254639999283,1,15,0,0,main,main_N40_B1_K0_S2_1029_ACI-PER
ACR-MCR,S2,1029,40,160,1,0,0.85625,0.6694642857142857,0.4714285714285714,414.12112987151244,11.41615537228461,4.644684289972883,6.042986577991819,0.6069045043199083,0.12157999999999991,0.0,2.0554835023918994,0.9025355151951088,0.9019960438770005,0.8495850622406639,0.838865836791148,39,17,9,560,0.39385778400105664,0.8940301469999667,1,14,2,0,main,main_N40_B1_K0_S2_1029_ACR-MCR
FROZEN-CP,S2,1029,40,160,1,0,0.8578571428571429,0.7167857142857142,0.42142857142857143,377.8267608816784,11.06894212647107,4.445641557718686,5.943404968112402,0.5591356006399829,0.12075999999999978,0.0,1.989743326707005,0.8504587155963302,0.838348623853211,0.8036895231465367,0.7876783849634529,38,16,8,527,0.24217509599930054,0.7779018549999819,1,15,0,0,main,main_N40_B1_K0_S2_1029_FROZEN-CP
POINT-EA,S2,1029,40,160,1,0,0.82625,0.7258928571428571,0.4142857142857143,334.94077563476765,10.887618241372264,4.351859988583856,5.8628957598408595,0.5530224929475497,0.1198399999999998,0.0,2.021466439170491,0.8999626726390444,0.8982829413960433,0.8576022869394319,0.8493835983562623,36,16,4,527,0.1902454160012894,0.6177995149998878,1,15,0,0,main,main_N40_B1_K0_S2_1029_POINT-EA
RANDOM-CH,S2,1029,40,160,1,0,0.8241071428571428,0.44571428571428573,0.6714285714285714,517.4629543017581,11.53599999339399,4.779112673184952,6.067771269009077,0.5728960511999613,0.11621999999999993,0.0,2.154650727193498,0.9001785714285714,0.8989285714285714,0.8634305379460243,0.8520195616736098,40,16,16,0,0.06140902999868558,0.6865458700001454,1,15,0,0,main,main_N40_B1_K0_S2_1029_RANDOM-CH
ROLL-CP,S2,1029,40,160,1,0,0.8378571428571429,0.7285714285714285,0.44285714285714284,344.4751357718058,11.203055771665836,4.518573073131924,5.996900543982516,0.5666821545513959,0.12090000000000009,0.0,2.055229457285973,0.8997457319288049,0.8990192517253904,0.8466947960618847,0.8329817158931083,38,16,9,527,0.2556339590000789,0.827057343999968,1,15,0,0,main,main_N40_B1_K0_S2_1029_ROLL-CP
ACI-EVENT,S3,1000,40,160,1,0,0.9364349775784754,0.2751121076233184,0.7071428571428572,616.6496482214895,11.933094555420476,5.847143790897921,5.294665999228883,0.5999247652936709,0.1913600000000004,0.0,1.3107529168959224,0.9004297994269341,0.9002507163323782,0.8485601355166572,0.8400903444381705,39,16,13,527,0.2286933229997885,0.8643326640001305,1,15,0,0,main,main_N40_B1_K0_S3_1000_ACI-EVENT
ACI-PER,S3,1000,40,160,1,0,0.9364349775784754,0.2751121076233184,0.7071428571428572,616.6496482214895,11.933094555420476,5.847143790897921,5.294665999228883,0.5999247652936709,0.1913600000000004,0.0,1.3107529168959224,0.9004297994269341,0.9002507163323782,0.8485601355166572,0.8400903444381705,39,16,13,527,0.18848096600140707,0.7006753139999091,1,15,0,0,main,main_N40_B1_K0_S3_1000_ACI-PER
ACR-MCR,S3,1000,40,160,1,0,0.929372197309417,0.2874439461883408,0.7142857142857143,608.2648572798989,12.016484053641346,5.912646986060073,5.312247416381354,0.599929651199919,0.1916600000000002,0.0,1.3291100601306653,0.9001785714285714,0.9001785714285714,0.847816248019914,0.842724598325413,40,16,13,527,0.40402377300074477,1.0550461319999158,1,15,0,0,main,main_N40_B1_K0_S3_1000_ACR-MCR
FROZEN-CP,S3,1000,40,160,1,0,0.9162556053811659,0.28340807174887894,0.6785714285714286,642.761627303343,11.97213899256443,5.841797741590376,5.3032632842259755,0.6358325043198629,0.191245462428216,0.0,1.3415664491892012,0.926230975828111,0.9181736794986571,0.8642212189616253,0.8446952595936794,39,17,13,559,0.22707760500088625,0.8038718530001461,1,15,0,1,main,main_N40_B1_K0_S3_1000_FROZEN-CP
POINT-EA,S3,1000,40,160,1,0,0.9006726457399103,0.35952914798206276,0.6642857142857143,565.7569980463627,11.633399409727192,5.615746356352133,5.232753652415131,0.5946394009599274,0.1902599999999997,0.0,1.324234423418007,0.9017970593574152,0.9032492285351243,0.8583566108007449,0.8526536312849162,37,16,9,527,0.20143229600057566,0.7618169370000487,1,15,0,0,main,main_N40_B1_K0_S3_1000_POINT-EA
RANDOM-CH,S3,1000,40,160,1,0,0.7030269058295964,0.09360986547085202,0.9285714285714286,1181.7253415529385,11.472734731898658,5.404857664317387,5.312247416381354,0.599929651199919,0.15569999999999967,0.0,1.6287244082763568,0.9021428571428571,0.9035714285714286,0.877726830623871,0.8696679171877171,40,16,16,0,0.04314040599888358,0.5734904070000084,1,15,0,0,main,main_N40_B1_K0_S3_1000_RANDOM-CH
ROLL-CP,S3,1000,40,160,1,0,0.9179372197309417,0.2954035874439462,0.7214285714285714,610.5694101782764,11.854136898147624,5.805712574638743,5.261636972468957,0.5960273510399252,0.19075999999999987,0.0,1.3261144309371993,0.9023775216138329,0.9036383285302594,0.8553287981859411,0.8482993197278912,39,16,12,527,0.24156518700101515,0.9410253149999335,1,15,0,0,main,main_N40_B1_K0_S3_1000_ROLL-CP
ACI-EVENT,S3,1001,40,160,1,0,0.851457399103139,0.3227578475336323,0.6714285714285714,541.7902607733238,11.627914882872545,5.558488473236213,5.351919808264321,0.5322804264556923,0.18522617491631943,0.0,1.3959081492043872,0.9007604562737642,0.9013307984790875,0.872461029759093,0.8643127066603684,36,17,7,559,0.23734923999813873,0.7954054639999413,1,15,0,1,main,main_N40_B1_K0_S3_1001_ACI-EVENT
ACI-PER,S3,1001,40,160,1,0,0.851457399103139,0.3227578475336323,0.6714285714285714,541.7902607733238,11.627914882872545,5.558488473236213,5.351919808264321,0.5322804264556923,0.18522617491631943,0.0,1.3959081492043872,0.9007604562737642,0.9013307984790875,0.872461029759093,0.8643127066603684,36,17,7,559,0.2338837930005866,0.783439018000081,1,15,0,1,main,main_N40_B1_K0_S3_1001_ACI-PER
ACR-MCR,S3,1001,40,160,1,0,0.8866591928251121,0.3350896860986547,0.6714285714285714,560.2202663876297,11.815894208394747,5.689050205918802,5.426058701995892,0.5135053004800536,0.1872799999999997,0.0,1.3669475021280366,0.9010251630941286,0.9015843429636533,0.8630216833760783,0.8584751690370716,34,16,7,527,0.40240534499957903,1.0227406139999857,1,15,0,0,main,main_N40_B1_K0_S3_1001_ACR-MCR
FROZEN-CP,S3,1001,40,160,1,0,0.9130044843049328,0.31995515695067267,0.6857142857142857,596.178089106823,12.088915375523309,5.813126243937228,5.560507380546044,0.524961751040036,0.19032000000000027,0.0,1.3615176681521917,0.8916712030484486,0.8758845944474687,0.8490501258869306,0.8329137102311742,37,16,7,527,0.19482512900231086,0.6809728700000051,1,15,0,0,main,main_N40_B1_K0_S3_1001_FROZEN-CP
POINT-EA,S3,1001,40,160,1,0,0.9054932735426009,0.30414798206278026,0.7142857142857143,601.676509137484,11.980165557300863,5.784774590307569,5.489399416273248,0.5177715507200469,0.18821999999999986,0.0,1.359528547129013,0.9004608294930876,0.9015668202764977,0.8694174188254601,0.8612120501699684,36,16,8,527,0.22890430899951753,0.7898430130001088,1,15,0,0,main,main_N40_B1_K0_S3_1001_POINT-EA
RANDOM-CH,S3,1001,40,160,1,0,0.7931614349775785,0.2282511210762332,0.7857142857142857,895.0616752209133,12.746441187835382,6.4099987200529895,5.637743216582363,0.5286592512000301,0.1700399999999998,0.0,1.6364669646726644,0.9017857142857143,0.9017857142857143,0.874128533400938,0.8648751426036253,40,16,16,0,0.04384849799907897,0.5584072589999778,1,15,0,0,main,main_N40_B1_K0_S3_1001_RANDOM-CH
ROLL-CP,S3,1001,40,160,1,0,0.8756726457399103,0.30908071748878924,0.6714285714285714,550.8323336286795,11.529052132319466,5.493126063267008,5.323101621670779,0.5280637472576228,0.1847607001240561,0.0,1.349058288359404,0.9005736137667304,0.9009560229445507,0.8732961953300936,0.8671328671328671,36,17,6,559,0.21776682899985644,0.7342001659999369,1,15,0,1,main,main_N40_B1_K0_S3_1001_ROLL-CP
ACI-EVENT,S3,1002,40,160,1,0,0.9373318385650224,0.3247757847533632,0.7071428571428572,590.7502778543865,11.633057505728411,5.6757621410908365,5.153766413597674,0.6123089510398999,0.19121999999999978,0.0,1.2748556170661274,0.8990428029618928,0.8994040093913672,0.8490952543530215,0.8416979628997382,38,16,9,527,0.26500324199992065,0.9061205880000216,1,15,0,0,main,main_N40_B1_K0_S3_1002_ACI-EVENT
ACI-PER,S3,1002,40,160,1,0,0.9373318385650224,0.3247757847533632,0.7071428571428572,590.7502778543865,11.633057505728411,5.6757621410908365,5.153766413597674,0.6123089510398999,0.19121999999999978,0.0,1.2748556170661274,0.8990428029618928,0.8994040093913672,0.8490952543530215,0.8416979628997382,38,16,9,527,0.2598998700004813,0.8789698789998965,1,15,0,0,main,main_N40_B1_K0_S3_1002_ACI-PER
ACR-MCR,S3,1002,40,160,1,0,0.9038116591928251,0.32466367713004485,0.7785714285714286,638.9949960724344,11.703122834118613,5.755615791675718,5.117436564045308,0.640250478397587,0.18981999999999985,0.0,1.3259826460592128,0.8991994177583698,0.8995633187772926,0.848744292237443,0.8430365296803652,36,17,16,559,0.3820461640013946,0.9606741679999686,1,15,0,1,main,main_N40_B1_K0_S3_1002_ACR-MCR
FROZEN-CP,S3,1002,40,160,1,0,0.9266816143497758,0.2996636771300448,0.7,598.2925143347381,11.606386562664175,5.641760906693229,5.160776704931046,0.6123089510398999,0.19153999999999982,0.0,1.2853141265408832,0.905895078420768,0.8842617631151974,0.8595352016404648,0.8340168603326498,39,16,10,527,0.18306317900169233,0.6335669449999841,1,15,0,0,main,main_N40_B1_K0_S3_1002_FROZEN-CP
POINT-EA,S3,1002,40,160,1,0,0.8376681614349776,0.42847533632286994,0.75,520.105845420228,11.296890835470982,5.57950936885417,4.911868963576927,0.6216125030398858,0.1839000000000002,0.0,1.3716477459289682,0.9006685768863419,0.8999044890162369,0.8513661202185793,0.8473588342440801,36,17,7,559,0.24626537900053336,0.8396170009998514,1,15,0,1,main,main_N40_B1_K0_S3_1002_POINT-EA
RANDOM-CH,S3,1002,40,160,1,0,0.7792600896860986,0.11995515695067265,0.9214285714285714,912.4129155952309,11.820182879350167,5.822972576373781,5.205996651776493,0.6163136511998936,0.1748999999999999,0.0,1.5402896637151637,0.9008928571428572,0.9008928571428572,0.8697056266302323,0.8654825487517078,40,16,16,0,0.04501755700061949,0.5311585239999204,1,15,0,0,main,main_N40_B1_K0_S3_1002_RANDOM-CH
ROLL-CP,S3,1002,40,160,1,0,0.9360986547085202,0.3201793721973094,0.7,586.9308039046224,11.648613002042264,5.678448332199826,5.166255718802538,0.6123089510398999,0.19160000000000013,0.0,1.2781010535486355,0.9007743562038538,0.9007743562038538,0.8466278671687778,0.8404655939746662,39,16,10,527,0.2327973040012239,0.8121911880000425,1,15,0,0,main,main_N40_B1_K0_S3_1002_ROLL-CP
ACI-EVENT,S3,1003,40,160,1,0,0.8606502242152466,0.3257847533632287,0.7785714285714286,575.0690473323693,11.802269529932076,5.728499328076368,5.310168450815746,0.5723217510399623,0.19127999999999967,0.0,1.4010291464781668,0.9002349539128863,0.900054220133743,0.854473714749913,0.8527329697110363,37,16,9,527,0.20560165199958647,0.7322142629998325,1,15,0,0,main,main_N40_B1_K0_S3_1003_ACI-EVENT
ACI-PER,S3,1003,40,160,1,0,0.8606502242152466,0.3257847533632287,0.7785714285714286,575.0690473323693,11.802269529932076,5.728499328076368,5.310168450815746,0.5723217510399623,0.19127999999999967,0.0,1.4010291464781668,0.9002349539128863,0.900054220133743,0.854473714749913,0.8527329697110363,37,16,9,527,0.1947100019995105,0.6927475709999271,1,15,0,0,main,main_N40_B1_K0_S3_1003_ACI-PER
ACR-MCR,S3,1003,40,160,1,0,0.8859865470852017,0.39103139013452914,0.6857142857142857,539.1840036910027,11.689139386869883,5.561606436127837,5.35868009954209,0.5761728511999562,0.19268000000000002,0.0,1.35134559385779,0.900035765379113,0.9003934191702432,0.8687850040004572,0.8642130529203338,38,16,11,527,0.30523915400021906,0.7921373189999485,1,15,0,0,main,main_N40_B1_K0_S3_1003_ACR-MCR
FROZEN-CP,S3,1003,40,160,1,0,0.8951793721973094,0.3376681614349776,0.8071428571428572,553.3820169829936,11.675454064205333,5.540980428033778,5.365360784971598,0.5761728511999562,0.19293999999999953,0.0,1.3370881887546189,0.91625,0.8951785714285714,0.8769124582997815,0.8539054411595537,40,16,11,527,0.19032485599950633,0.6750664630001211,1,15,0,0,main,main_N40_B1_K0_S3_1003_FROZEN-CP
POINT-EA,S3,1003,40,160,1,0,0.9045964125560538,0.2960762331838565,0.6928571428571428,591.9698964729125,11.785583537834468,5.714932347605494,5.309640589269009,0.5703706009599654,0.19064000000000017,0.0,1.33684023795763,0.901410998552822,0.8994211287988423,0.8668359104546504,0.864297253634895,38,16,9,527,0.20869615299830002,0.7357004460000098,1,15,0,0,main,main_N40_B1_K0_S3_1003_POINT-EA
RANDOM-CH,S3,1003,40,160,1,0,0.8404708520179373,0.20739910313901344,0.8857142857142857,751.6219736280801,11.882767166703909,5.766193530532355,5.365360784971598,0.5761728511999562,0.1750399999999997,0.0,1.5066270022446948,0.9016071428571428,0.8994642857142857,0.856015307342741,0.8529060033484812,40,16,16,0,0.04185346999929607,0.5178581350000968,1,15,0,0,main,main_N40_B1_K0_S3_1003_RANDOM-CH
ROLL-CP,S3,1003,40,160,1,0,0.9154708520179372,0.32769058295964126,0.7,565.6938215042125,11.783223424478916,5.672973413707157,5.344210709651798,0.5741193011199595,0.19192,0.0,1.3220266379983077,0.9013452914798207,0.8993721973094171,0.8569790113545132,0.8520472531253585,39,16,13,527,0.2040345889981836,0.7039547300000777,1,15,0,0,main,main_N40_B1_K0_S3_1003_ROLL-CP
ACI-EVENT,S3,1004,40,160,1,0,0.9491031390134529,0.40997757847533634,0.6785714285714286,553.23692094917,11.54631102300708,5.478932472537927,5.3026863994291915,0.5731921510399609,0.19149999999999992,0.0,1.2553066996093802,0.9005405405405406,0.9005405405405406,0.8598280802292264,0.8548997134670487,39,16,9,527,0.20082380999883753,0.7078542080000716,1,15,0,0,main,main_N40_B1_K0_S3_1004_ACI-EVENT
ACI-PER,S3,1004,40,160,1,0,0.9491031390134529,0.40997757847533634,0.6785714285714286,553.23692094917,11.54631102300708,5.478932472537927,5.3026863994291915,0.5731921510399609,0.19149999999999992,0.0,1.2553066996093802,0.9005405405405406,0.9005405405405406,0.8598280802292264,0.8548997134670487,39,16,9,527,0.21132662999980312,0.7760513959999571,1,15,0,0,main,main_N40_B1_K0_S3_1004_ACI-PER
ACR-MCR,S3,1004,40,160,1,0,0.9443946188340807,0.42017937219730944,0.6785714285714286,540.3028658075357,11.532495515050194,5.457334657635276,5.308248756294959,0.5750921011199579,0.19181999999999994,0.0,1.2595560850863035,0.9004500450045004,0.9006300630063007,0.8615702479338843,0.858356290174472,38,16,7,527,0.3468297549984527,0.9052910100001554,1,15,0,0,main,main_N40_B1_K0_S3_1004_ACR-MCR
FROZEN-CP,S3,1004,40,160,1,0,0.9491031390134529,0.36356502242152466,0.6928571428571428,540.82323138969,11.583756314419505,5.499244802662662,5.317539410636885,0.5750921011199579,0.1918799999999998,0.0,1.2593777249858127,0.9046336206896551,0.8924209770114943,0.8618044424089765,0.8497824593542478,39,16,13,527,0.20736472499766023,0.732793532000187,1,15,0,0,main,main_N40_B1_K0_S3_1004_FROZEN-CP
POINT-EA,S3,1004,40,160,1,0,0.9149103139013453,0.4226457399103139,0.6571428571428571,564.6234433269939,11.441998336497864,5.489436006824221,5.199257929033669,0.564204400639975,0.18909999999999988,0.0,1.286629746598208,0.9013254786450663,0.8991163475699558,0.8647574517825832,0.8617182933956751,37,16,6,527,0.1887264159993265,0.6858989499999097,1,15,0,0,main,main_N40_B1_K0_S3_1004_POINT-EA
RANDOM-CH,S3,1004,40,160,1,0,0.8937219730941705,0.16042600896860987,0.9357142857142857,1043.24160317794,12.686598982564561,6.581069121435981,5.340017809928626,0.5769920511999549,0.18851999999999983,0.0,1.4714218258599583,0.90125,0.8996428571428572,0.864615037763499,0.8626986810957051,40,16,16,0,0.05305752199933522,0.6428426089998993,1,15,0,0,main,main_N40_B1_K0_S3_1004_RANDOM-CH
ROLL-CP,S3,1004,40,160,1,0,0.935762331838565,0.44013452914798207,0.6785714285714286,546.7216713344336,11.44828587045148,5.408817914421472,5.247335651843213,0.6018079539199164,0.19032435026687916,0.0,1.2609633076827271,0.9011109087597887,0.8998360954288837,0.8609662843239485,0.856795272853667,38,17,9,559,0.1953050380006971,0.6664182290001008,1,15,0,1,main,main_N40_B1_K0_S3_1004_ROLL-CP
ACI-EVENT,S3,1005,40,160,1,0,0.8971973094170403,0.3424887892376682,0.6714285714285714,591.0822567949012,11.638850815859314,5.670504406815165,5.1824680052042265,0.5969384038399239,0.18893999999999955,0.0,1.3290911060704937,0.9008810572687225,0.9012481644640234,0.8556701030927835,0.8526584037993745,37,17,7,559,0.194994682001834,0.6474518150000677,1,15,0,1,main,main_N40_B1_K0_S3_1005_ACI-EVENT
ACI-PER,S3,1005,40,160,1,0,0.8971973094170403,0.3424887892376682,0.6714285714285714,591.0822567949012,11.638850815859314,5.670504406815165,5.1824680052042265,0.5969384038399239,0.18893999999999955,0.0,1.3290911060704937,0.9008810572687225,0.9012481644640234,0.8556701030927835,0.8526584037993745,37,17,7,559,0.22395307000056164,0.7521553130000029,1,15,0,1,main,main_N40_B1_K0_S3_1005_ACI-PER
ACR-MCR,S3,1005,40,160,1,0,0.8912556053811659,0.40560538116591927,0.6714285714285714,547.9872133050975,11.484118948635487,5.573562799664652,5.163901298410851,0.5580548505599845,0.1885999999999997,0.0,1.3194070483266873,0.9013901760889713,0.9010194624652456,0.8541179223210108,0.8470987365465606,37,16,7,527,0.41232825400220463,1.066036029000088,1,15,0,0,main,main_N40_B1_K0_S3_1005_ACR-MCR
FROZEN-CP,S3,1005,40,160,1,0,0.9286995515695067,0.3522421524663677,0.6785714285714286,572.7148164811895,11.70629040786085,5.665950605669379,5.278837251151505,0.5702225510399656,0.19127999999999964,0.0,1.2952301845387089,0.8877881844380403,0.8740994236311239,0.8506233558275191,0.831636737961798,39,16,7,527,0.24816693099796794,0.9004929160000756,1,15,0,0,main,main_N40_B1_K0_S3_1005_FROZEN-CP
POINT-EA,S3,1005,40,160,1,0,0.8691704035874439,0.3952914798206278,0.6785714285714286,533.2654918148895,11.512914838656654,5.646205256764141,5.09801356019414,0.5825068031999465,0.18618921849842673,0.0,1.353346048978095,0.901522270249953,0.899454989663597,0.869960521593492,0.8583562627108505,36,17,9,559,0.2342113699996844,0.7831876840000405,1,15,0,1,main,main_N40_B1_K0_S3_1005_POINT-EA
RANDOM-CH,S3,1005,40,160,1,0,0.8312780269058296,0.07713004484304933,0.9928571428571429,1132.2963256355324,12.21081833766514,6.188343084890016,5.272804651815156,0.5690906009599672,0.18058,0.0,1.4947751668092961,0.9010671007415446,0.8996201844818231,0.8812269646890976,0.8737367732730947,39,16,16,0,0.03869021799982875,0.48735571399993205,1,15,0,0,main,main_N40_B1_K0_S3_1005_RANDOM-CH
ROLL-CP,S3,1005,40,160,1,0,0.8993273542600897,0.33239910313901344,0.6714285714285714,598.602008945558,11.605745685828998,5.638554460823931,5.181252821165144,0.5969384038399239,0.1889999999999996,0.0,1.3224413953770506,0.902165932452276,0.8997797356828194,0.858266805507347,0.8527131782945736,37,17,7,559,0.23333855699956985,0.7769205649999549,1,15,0,1,main,main_N40_B1_K0_S3_1005_ROLL-CP
ACI-EVENT,S3,1006,40,160,1,0,0.8711883408071749,0.3409192825112108,0.7214285714285714,559.4956393389076,11.752293004212946,5.531181814320251,5.458727936132733,0.5722032537599624,0.1901800000000002,0.0,1.3878475441914202,0.9006416131989001,0.9011915673693859,0.851039260969977,0.8448036951501154,38,17,12,558,0.19990941600008227,0.692147241000157,1,14,0,2,main,main_N40_B1_K0_S3_1006_ACI-EVENT
ACI-PER,S3,1006,40,160,1,0,0.8711883408071749,0.3409192825112108,0.7214285714285714,559.4956393389076,11.752293004212946,5.531181814320251,5.458727936132733,0.5722032537599624,0.1901800000000002,0.0,1.3878475441914202,0.9006416131989001,0.9011915673693859,0.851039260969977,0.8448036951501154,38,17,12,558,0.232851806996905,0.819734163000021,1,14,0,2,main,main_N40_B1_K0_S3_1006_ACI-PER
ACR-MCR,S3,1006,40,160,1,0,0.8801569506726458,0.44428251121076234,0.6642857142857143,543.569126826429,11.82417166181104,5.55124981892432,5.533131084413422,0.5487307584732972,0.1910599999999999,0.0,1.3832676253873468,0.9004164403403947,0.9013217454282093,0.859602801056136,0.8554700952818276,37,16,8,527,0.38498389699793734,1.0077323270002125,1,15,0,0,main,main_N40_B1_K0_S3_1006_ACR-MCR
FROZEN-CP,S3,1006,40,160,1,0,0.9012331838565022,0.318609865470852,0.6642857142857143,590.5315196133932,11.757940561869045,5.604606928154572,5.423872433074461,0.5406012006400117,0.1888599999999998,0.0,1.3459181046095519,0.8773847008705316,0.8577514354510094,0.8459496884375721,0.8274867297484422,35,16,6,527,0.21680468900171945,0.7471210109999902,1,15,0,0,main,main_N40_B1_K0_S3_1006_FROZEN-CP
POINT-EA,S3,1006,40,160,1,0,0.8890134529147982,0.3947309417040359,0.6785714285714286,536.9135365853336,11.968355410263635,5.685885233236601,5.544501976067033,0.5472282009600014,0.1907399999999998,0.0,1.387313713951969,0.899602026049204,0.8999638205499276,0.859454461396209,0.8546000924641701,39,16,7,527,0.20882170099980613,0.7331177620001199,1,15,0,0,main,main_N40_B1_K0_S3_1006_POINT-EA
RANDOM-CH,S3,1006,40,160,1,0,0.8420403587443946,0.15134529147982062,0.9142857142857143,937.4130562909697,12.535254286959935,6.203018225651198,5.599280810108744,0.553235251199992,0.1797200000000001,0.0,1.5290624892607874,0.8996428571428572,0.8994642857142857,0.8666506487265737,0.8646083613647285,40,16,16,0,0.046558231998005795,0.5839795249999042,1,15,0,0,main,main_N40_B1_K0_S3_1006_RANDOM-CH
ROLL-CP,S3,1006,40,160,1,0,0.8733183856502242,0.33901345291479823,0.7214285714285714,559.7612682748053,11.75572722788001,5.534151606660189,5.459212367459858,0.5722032537599624,0.1901600000000002,0.0,1.3851451900412408,0.8995601173020528,0.8979105571847508,0.8496709386906823,0.8434360928299273,38,17,12,558,0.2452288280017001,0.8121875429999363,1,14,0,2,main,main_N40_B1_K0_S3_1006_ROLL-CP
ACI-EVENT,S3,1007,40,160,1,0,0.875,0.288677130044843,0.7285714285714285,581.4698525397849,11.8364376862172,5.67934770909167,5.398704176165562,0.5676058009599697,0.1907799999999998,0.0,1.3910492051025034,0.8995649021029731,0.8995649021029731,0.8636572478750287,0.857799218929474,38,16,13,527,0.2377665660008006,0.8049827950001145,1,15,0,0,main,main_N40_B1_K0_S3_1007_ACI-EVENT
ACI-PER,S3,1007,40,160,1,0,0.875,0.288677130044843,0.7285714285714285,581.4698525397849,11.8364376862172,5.67934770909167,5.398704176165562,0.5676058009599697,0.1907799999999998,0.0,1.3910492051025034,0.8995649021029731,0.8995649021029731,0.8636572478750287,0.857799218929474,38,16,13,527,0.21227901200086308,0.7647014020001279,1,15,0,0,main,main_N40_B1_K0_S3_1007_ACI-PER
ACR-MCR,S3,1007,40,160,1,0,0.8688340807174888,0.3273542600896861,0.7,560.0045150593955,11.842454716510282,5.696940046959077,5.388699218671234,0.5661154508799718,0.1906999999999995,0.0,1.4008108252318765,0.8993288590604027,0.8996916379466715,0.8632026669732153,0.8586044372916427,38,16,11,527,0.3140420319978148,0.825577082999871,1,15,0,0,main,main_N40_B1_K0_S3_1007_ACR-MCR
FROZEN-CP,S3,1007,40,160,1,0,0.8726457399103139,0.3132286995515695,0.7285714285714285,571.89411702003,11.902138366229577,5.7559397653393,5.388187999930308,0.5678106009599694,0.19019999999999992,0.0,1.4022311930053697,0.9131774515135037,0.8981330433206453,0.8654641544117647,0.8483455882352942,38,16,12,527,0.2534632719994079,0.8837263279999661,1,15,0,0,main,main_N40_B1_K0_S3_1007_FROZEN-CP
POINT-EA,S3,1007,40,160,1,0,0.8649103139013453,0.3610986547085202,0.75,607.5479163566433,12.230199955196975,6.069130136401796,5.40324801783521,0.5678618009599692,0.1899599999999997,0.0,1.452690337949516,0.9008846362159234,0.9003430222061743,0.8581371070641457,0.8495534160770212,39,16,9,527,0.1728513429998202,0.6179869909999525,1,15,0,0,main,main_N40_B1_K0_S3_1007_POINT-EA
RANDOM-CH,S3,1007,40,160,1,0,0.7770179372197309,0.0726457399103139,0.9571428571428572,1091.6211611097563,12.528420084870794,6.360676148410814,5.417720431365802,0.571143505094178,0.17887999999999996,0.0,1.660273003560932,0.9012635379061372,0.9005415162454874,0.8782566934806099,0.8726137591547605,38,16,16,0,0.04671828100140374,0.5937927770000897,1,15,0,0,main,main_N40_B1_K0_S3_1007_RANDOM-CH
ROLL-CP,S3,1007,40,160,1,0,0.8781390134529148,0.2991031390134529,0.75,571.399554442651,11.752232387978006,5.615347745202246,5.378820391895791,0.56734425087997,0.1907199999999996,0.0,1.3766232151784008,0.901090909090909,0.9005454545454545,0.8716200600878207,0.8638779755026578,38,16,10,527,0.24879051999982948,0.8807839549999699,1,15,0,0,main,main_N40_B1_K0_S3_1007_ROLL-CP
ACI-EVENT,S3,1008,40,160,1,0,0.8930493273542601,0.30594170403587445,0.7571428571428571,577.1671338917776,12.153443213062522,5.657990238299685,5.7370527482972795,0.5677198540799694,0.1906803723855881,0.0,1.3979115727010032,0.9000544168329403,0.8996916379466715,0.8579571363429093,0.8518011855905153,38,17,10,559,0.19521668200172826,0.6792469179999898,1,15,0,1,main,main_N40_B1_K0_S3_1008_ACI-EVENT
ACI-PER,S3,1008,40,160,1,0,0.8930493273542601,0.30594170403587445,0.7571428571428571,577.1671338917776,12.153443213062522,5.657990238299685,5.7370527482972795,0.5677198540799694,0.1906803723855881,0.0,1.3979115727010032,0.9000544168329403,0.8996916379466715,0.8579571363429093,0.8518011855905153,38,17,10,559,0.24277301000074658,0.8142891249999593,1,15,0,1,main,main_N40_B1_K0_S3_1008_ACI-PER
ACR-MCR,S3,1008,40,160,1,0,0.9021300448430494,0.31513452914798207,0.6714285714285714,580.2420942125308,12.364917154137776,5.82361482847208,5.778973307450628,0.5710589542399641,0.19127006397510368,0.0,1.409107367992909,0.9000900090009001,0.8997299729972997,0.8547798311658681,0.8503308236367785,37,17,10,559,0.37058704299897727,0.9282195569999203,1,15,0,1,main,main_N40_B1_K0_S3_1008_ACR-MCR
FROZEN-CP,S3,1008,40,160,1,0,0.9201793721973094,0.3135650224215247,0.7428571428571429,585.9901401368185,12.202159475373556,5.676468244639783,5.792543979533761,0.540947251200011,0.19220000000000015,0.0,1.3655057604491445,0.9107206884187881,0.8906418070993187,0.8671786763044952,0.8473006550711543,38,16,10,527,0.1785850589983511,0.6383792609999546,1,15,0,0,main,main_N40_B1_K0_S3_1008_FROZEN-CP
POINT-EA,S3,1008,40,160,1,0,0.8739910313901346,0.30818385650224217,0.7214285714285714,621.0461911706159,12.39751722086555,5.983323011461363,5.694885058684161,0.5304691507200273,0.18883999999999956,0.0,1.454424826474138,0.9008067473414008,0.8991565823248991,0.8555709983785036,0.8485059068797777,38,16,10,527,0.193699906000802,0.6721883770001114,1,15,0,0,main,main_N40_B1_K0_S3_1008_POINT-EA
RANDOM-CH,S3,1008,40,160,1,0,0.7570627802690583,0.11715246636771301,0.9428571428571428,981.4729899391473,13.153957173343839,6.64388779448168,5.803542127662148,0.540947251200011,0.16558,0.0,1.7782827056027901,0.9015571863253983,0.8992303561839986,0.8607174773394612,0.8596961572832886,39,16,16,0,0.039377937000153906,0.5038413340000716,1,15,0,0,main,main_N40_B1_K0_S3_1008_RANDOM-CH
ROLL-CP,S3,1008,40,160,1,0,0.8975336322869956,0.29641255605381167,0.7571428571428571,589.1210485860279,12.361524913670662,5.8129593309001475,5.815718331570504,0.540947251200011,0.19190000000000002,0.0,1.4153337432643305,0.9016071428571428,0.8989285714285714,0.8552898714189037,0.8485224452966389,40,16,8,527,0.1808257390007384,0.6546803390001514,1,15,0,0,main,main_N40_B1_K0_S3_1008_ROLL-CP
ACI-EVENT,S3,1009,40,160,1,0,0.9368834080717489,0.3147982062780269,0.6714285714285714,612.6533581796683,12.050694777424711,5.8323722560267,5.455698363292677,0.5725838540799617,0.19004030402537356,0.0,1.3336315601399635,0.8997103548153512,0.9004344677769732,0.8634496919917864,0.8550079853981292,39,17,10,559,0.2123044119982751,0.710141281999995,1,15,0,1,main,main_N40_B1_K0_S3_1009_ACI-EVENT
ACI-PER,S3,1009,40,160,1,0,0.9368834080717489,0.3147982062780269,0.6714285714285714,612.6533581796683,12.050694777424711,5.8323722560267,5.455698363292677,0.5725838540799617,0.19004030402537356,0.0,1.3336315601399635,0.8997103548153512,0.9004344677769732,0.8634496919917864,0.8550079853981292,39,17,10,559,0.2231450500023584,0.7525781030001326,1,15,0,1,main,main_N40_B1_K0_S3_1009_ACI-PER
ACR-MCR,S3,1009,40,160,1,0,0.898542600896861,0.3494394618834081,0.7857142857142857,608.7848869291366,11.84300921650997,5.702344555122462,5.41367876058749,0.5369259008000173,0.19005999999999962,0.0,1.3622048788256234,0.8996704503844746,0.9011351153423655,0.8722863741339492,0.8646651270207852,37,16,11,527,0.3120965179994073,0.804222240999934,1,15,0,0,main,main_N40_B1_K0_S3_1009_ACR-MCR
FROZEN-CP,S3,1009,40,160,1,0,0.934304932735426,0.3245515695067265,0.6857142857142857,652.2719332515184,12.172626088998356,5.9186763906692725,5.5166472471290815,0.5458624512000034,0.1914399999999997,0.0,1.35056319638282,0.8867857142857143,0.8775,0.8506956226671191,0.8359914036873657,40,16,13,527,0.198788944000853,0.7142047500001354,1,15,0,0,main,main_N40_B1_K0_S3_1009_FROZEN-CP
POINT-EA,S3,1009,40,160,1,0,0.9225336322869955,0.27309417040358747,0.75,641.0014911643814,12.33636718788002,6.0825774895509355,5.5166472471290815,0.5458624512000034,0.19128000000000034,0.0,1.3848638513560867,0.8980357142857143,0.8992857142857142,0.8636676612347945,0.8550608216662842,40,16,9,527,0.17222625900035382,0.6231901959999959,1,15,0,0,main,main_N40_B1_K0_S3_1009_POINT-EA
RANDOM-CH,S3,1009,40,160,1,0,0.8482062780269058,0.11681614349775785,0.9357142857142857,1237.12838659519,12.739995418078662,6.513000227873125,5.5048127390055335,0.5458624512000034,0.1763199999999999,0.0,1.531433515816644,0.8978860623432462,0.8993192404156216,0.8763990853291611,0.8689372969069683,38,16,16,0,0.03830460499966648,0.48992498200004775,1,15,0,0,main,main_N40_B1_K0_S3_1009_RANDOM-CH
ROLL-CP,S3,1009,40,160,1,0,0.9280269058295965,0.32690582959641257,0.6785714285714286,581.3982771826612,12.051203668783835,5.832721451411196,5.455698363292677,0.5725838540799617,0.1902000000000002,0.0,1.345450895253303,0.8982621288921072,0.8988052136133237,0.8629854507961966,0.8545079619658609,39,17,10,559,0.1888104449981256,0.6454985889999989,1,15,0,1,main,main_N40_B1_K0_S3_1009_ROLL-CP
ACI-EVENT,S3,1010,40,160,1,0,0.8701793721973095,0.28598654708520177,0.7285714285714285,591.8036922701795,11.599082173350498,5.470285455983661,5.381269966528356,0.560234803199981,0.1872919476385004,0.0,1.3610751200833722,0.9007532956685499,0.9007532956685499,0.8583936493112304,0.8561755778659818,36,17,5,559,0.19887345999836725,0.6538695250001183,1,15,0,1,main,main_N40_B1_K0_S3_1010_ACI-EVENT
ACI-PER,S3,1010,40,160,1,0,0.8701793721973095,0.28598654708520177,0.7285714285714285,591.8036922701795,11.599082173350498,5.470285455983661,5.381269966528356,0.560234803199981,0.1872919476385004,0.0,1.3610751200833722,0.9007532956685499,0.9007532956685499,0.8583936493112304,0.8561755778659818,36,17,5,559,0.19537093999906574,0.6569730210001126,1,15,0,1,main,main_N40_B1_K0_S3_1010_ACI-PER
ACR-MCR,S3,1010,40,160,1,0,0.8994394618834081,0.3350896860986547,0.6928571428571428,613.9085404034757,11.885214482680157,5.6102977242957826,5.511263154544414,0.5736936038399599,0.18996000000000002,0.0,1.3532067041648816,0.9013904134650567,0.9017563117453348,0.8655211912943872,0.8616265750286369,39,17,11,559,0.30519270999820947,0.761200289000044,1,15,0,1,main,main_N40_B1_K0_S3_1010_ACR-MCR
FROZEN-CP,S3,1010,40,160,1,0,0.8980941704035874,0.3401345291479821,0.6857142857142857,590.8339495857018,11.854456290778787,5.664960309692664,5.462314780446108,0.5393212006400138,0.18786000000000008,0.0,1.3515512815846296,0.8906538603620244,0.8764314739564093,0.8596225535880708,0.8449440820130475,35,16,5,527,0.2155851440013521,0.7457864519999475,1,15,0,0,main,main_N40_B1_K0_S3_1010_FROZEN-CP
POINT-EA,S3,1010,40,160,1,0,0.8899103139013453,0.3782511210762332,0.7357142857142858,568.7924566518885,11.447101184587096,5.410963481040233,5.3204457777732985,0.5295519257735651,0.18613999999999958,0.0,1.3160612996766035,0.9029015740565143,0.9008154750616347,0.8778248587570622,0.8745291902071564,36,16,6,526,0.18593992000023718,0.649244304999911,1,14,0,1,main,main_N40_B1_K0_S3_1010_POINT-EA
RANDOM-CH,S3,1010,40,160,1,0,0.7773542600896861,0.12298206278026906,0.9071428571428571,1040.6404115024902,12.06632626207801,5.7434808035714475,5.6160478073065665,0.5507776511999958,0.15601999999999983,0.0,1.674483244806829,0.902810094863075,0.9010202255235368,0.8647636269697753,0.8606303280805994,39,16,16,0,0.04085147899945696,0.47558391200004735,1,15,0,0,main,main_N40_B1_K0_S3_1010_RANDOM-CH
ROLL-CP,S3,1010,40,160,1,0,0.8741031390134529,0.30336322869955157,0.7285714285714285,621.4315522399894,11.678937217196765,5.5335206775789105,5.397172522829746,0.5609571532799799,0.1872868635081282,0.0,1.3648401562693426,0.9014269620728502,0.9004881712354488,0.8558063384399486,0.851479359139282,37,17,7,559,0.1863953490012591,0.6360500929999944,1,15,0,1,main,main_N40_B1_K0_S3_1010_ROLL-CP
ACI-EVENT,S3,1011,40,160,1,0,0.8887892376681614,0.30291479820627804,0.6928571428571428,550.2745205464876,11.818245405342962,5.5165691145982185,5.6105376398646705,0.5001186508800742,0.19101999999999958,0.0,1.362647919444594,0.9003998545983278,0.9005816066884769,0.8805476326297775,0.872903593839133,38,16,9,527,0.19231744799981243,0.6874755399999231,1,15,0,0,main,main_N40_B1_K0_S3_1011_ACI-EVENT
ACI-PER,S3,1011,40,160,1,0,0.8887892376681614,0.30291479820627804,0.6928571428571428,550.2745205464876,11.818245405342962,5.5165691145982185,5.6105376398646705,0.5001186508800742,0.19101999999999958,0.0,1.362647919444594,0.9003998545983278,0.9005816066884769,0.8805476326297775,0.872903593839133,38,16,9,527,0.17502923699976236,0.6313787039998715,1,15,0,0,main,main_N40_B1_K0_S3_1011_ACI-PER
ACR-MCR,S3,1011,40,160,1,0,0.9178251121076233,0.34405829596412557,0.7142857142857143,577.6514927082769,11.915951366052672,5.6420682033081295,5.583586111864469,0.5004770508800737,0.1898199999999998,0.0,1.3340742684788034,0.9012616566099836,0.9012616566099836,0.8754301445285616,0.8661390227116311,37,16,14,527,0.29910656200172525,0.7994589760000963,1,15,0,0,main,main_N40_B1_K0_S3_1011_ACR-MCR
FROZEN-CP,S3,1011,40,160,1,0,0.9052690582959642,0.33486547085201795,0.6857142857142857,551.8233942055058,11.839743957351354,5.542494304388238,5.606299802083042,0.5001698508800742,0.19078000000000012,0.0,1.342374598339156,0.9067442283221232,0.8956553353935648,0.885626142595978,0.8713436928702011,39,16,7,527,0.19576323700198373,0.6732622269998956,1,15,0,0,main,main_N40_B1_K0_S3_1011_FROZEN-CP
POINT-EA,S3,1011,40,160,1,0,0.8929372197309418,0.35022421524663677,0.7142857142857143,553.7706047963519,12.146543320771563,5.7829919576494735,5.666341662002025,0.5058697011200654,0.1913399999999998,0.0,1.3945514719599958,0.9011701170117011,0.8999099909991,0.8679288582903041,0.8626506024096385,38,16,8,527,0.2165065019994472,0.748763752999821,1,15,0,0,main,main_N40_B1_K0_S3_1011_POINT-EA
RANDOM-CH,S3,1011,40,160,1,0,0.6955156950672646,0.19786995515695066,0.8357142857142857,835.1739919332309,11.630292901233187,5.272440126288016,5.702492723745107,0.5073600512000631,0.148,0.0,1.705571623586037,0.9010714285714285,0.8996428571428572,0.875,0.8666764018691588,40,16,16,0,0.04445092400010253,0.5426837380000507,1,15,0,0,main,main_N40_B1_K0_S3_1011_RANDOM-CH
ROLL-CP,S3,1011,40,160,1,0,0.9183856502242153,0.3795964125560538,0.7,557.1996803001841,11.847883046707029,5.499366326248173,5.6257912663788305,0.5312654540800258,0.19145999999999946,0.0,1.3257114296416057,0.9015233949945594,0.9004352557127312,0.8776020930497099,0.8708906836537368,39,17,10,559,0.19576791700092144,0.6724968339999577,1,15,0,1,main,main_N40_B1_K0_S3_1011_ROLL-CP
ACI-EVENT,S3,1012,40,160,1,0,0.8599775784753363,0.2810538116591928,0.75,590.7642363622539,11.609058214456367,5.653277614032233,5.193693996904172,0.5734666035199606,0.18862,0.0,1.386984255012708,0.8991643454038997,0.8991643454038997,0.8679837303893085,0.8588030214991285,37,17,12,559,0.2148856880000949,0.7529541040000822,1,14,1,1,main,main_N40_B1_K0_S3_1012_ACI-EVENT
ACI-PER,S3,1012,40,160,1,0,0.8598654708520179,0.2810538116591928,0.75,591.2403611556077,11.608500245443757,5.653295167418287,5.19313847450551,0.5734666035199606,0.18860000000000002,0.0,1.3870833128741493,0.8991643454038997,0.8991643454038997,0.8679683867968386,0.858786610878661,37,17,12,559,0.23246680700094657,0.8091793080000116,1,15,0,1,main,main_N40_B1_K0_S3_1012_ACI-PER
ACR-MCR,S3,1012,40,160,1,0,0.9208520179372197,0.3084080717488789,0.7142857142857143,596.7321426862637,11.707724966370202,5.707285041501776,5.238695721348466,0.5733642035199608,0.1883799999999995,0.0,1.3135560379636713,0.8993896800443869,0.8988348437211022,0.8751146788990826,0.8653669724770642,37,17,10,559,0.3666385000003629,0.8977797300001384,1,14,1,1,main,main_N40_B1_K0_S3_1012_ACR-MCR
FROZEN-CP,S3,1012,40,160,1,0,0.8760089686098654,0.2679372197309417,0.7571428571428571,598.5645224876633,11.82294934164859,5.797262386797478,5.284289903971118,0.5516770508799945,0.18971999999999986,0.0,1.3888111525488769,0.8831477085995983,0.8555778710973161,0.8494648406030614,0.8212682702267234,37,16,10,527,0.19324268099853725,0.6871671840001454,1,15,0,0,main,main_N40_B1_K0_S3_1012_FROZEN-CP
POINT-EA,S3,1012,40,160,1,0,0.8466367713004485,0.3853139013452915,0.7428571428571429,584.2637407313441,11.681692838989601,5.702453050057503,5.242305838212099,0.5485939507199994,0.18833999999999976,0.0,1.4157911573130046,0.8992248062015504,0.8977482465854559,0.8804551853589864,0.8738854997653683,35,16,6,527,0.1994283540016113,0.7116170189999593,1,15,0,0,main,main_N40_B1_K0_S3_1012_POINT-EA
RANDOM-CH,S3,1012,40,160,1,0,0.7307174887892377,0.16244394618834082,0.9857142857142858,946.8850724537355,12.39059119856125,6.359170555777447,5.3106251919038066,0.5507554508799958,0.1700399999999999,0.0,1.718290278541291,0.8978700163844894,0.8978700163844894,0.8793675082887019,0.8723539913287427,39,16,16,0,0.04286247300137802,0.5333667730001252,1,15,0,0,main,main_N40_B1_K0_S3_1012_RANDOM-CH
ROLL-CP,S3,1012,40,160,1,0,0.8560538116591928,0.3002242152466368,0.75,575.131397806828,11.673387337234159,5.72098768481461,5.190573048899587,0.5734666035199606,0.1883599999999999,0.0,1.4005263751930603,0.8989786443825442,0.8976787372330548,0.8653061224489796,0.856326530612245,37,17,12,559,0.23741952099976515,0.7933952579999186,1,15,0,1,main,main_N40_B1_K0_S3_1012_ROLL-CP
ACI-EVENT,S3,1013,40,160,1,0,0.8846412556053812,0.31210762331838565,0.7785714285714286,609.1530020523367,11.439975036172385,5.594043464159934,5.101448621612465,0.5563029503999873,0.1881799999999993,0.0,1.3344191107164802,0.8988805970149254,0.8990671641791045,0.8607551487414188,0.8562929061784897,37,16,10,526,0.19332222099751561,0.6750372659998902,1,14,0,1,main,main_N40_B1_K0_S3_1013_ACI-EVENT
ACI-PER,S3,1013,40,160,1,0,0.8846412556053812,0.31210762331838565,0.7785714285714286,609.1530020523367,11.439975036172385,5.594043464159934,5.101448621612465,0.5563029503999873,0.1881799999999993,0.0,1.3344191107164802,0.8988805970149254,0.8990671641791045,0.8607551487414188,0.8562929061784897,37,16,10,526,0.18903309799861745,0.6696300319999864,1,14,0,1,main,main_N40_B1_K0_S3_1013_ACI-PER
ACR-MCR,S3,1013,40,160,1,0,0.9006726457399103,0.3289237668161435,0.7214285714285714,596.1186212737252,11.441517215841232,5.527654034342648,5.162302780858606,0.5619004006399785,0.1896599999999998,0.0,1.3127027553741661,0.8986361960928861,0.8993733873940287,0.8708941605839416,0.864963503649635,38,16,10,527,0.2943334299993694,0.7836553449999428,1,15,0,0,main,main_N40_B1_K0_S3_1013_ACR-MCR
FROZEN-CP,S3,1013,40,160,1,0,0.8496636771300449,0.3229820627802691,0.7428571428571429,572.5418945145182,11.465921750201916,5.561703498512843,5.155026601129092,0.5600516505599814,0.18913999999999992,0.0,1.387958086212555,0.8968004438690587,0.8897725171074533,0.8641298137355731,0.8495029139526912,38,16,10,527,0.22193230200105063,0.7560971710001922,1,15,0,0,main,main_N40_B1_K0_S3_1013_FROZEN-CP
POINT-EA,S3,1013,40,160,1,0,0.8467488789237668,0.277914798206278,0.75,629.0267725549371,11.672942907176285,5.8742081395254555,5.031476564770885,0.5839182028799444,0.18334,0.0,1.4174794058501863,0.898421152748716,0.8965189271447593,0.8683867913362529,0.8643626464670375,34,17,11,559,0.2039661990015702,0.7001737420000609,1,15,0,1,main,main_N40_B1_K0_S3_1013_POINT-EA
RANDOM-CH,S3,1013,40,160,1,0,0.6637892376681614,0.055381165919282514,0.9714285714285714,1258.468214717939,11.625550674498546,5.57850633663805,5.31545148666054,0.5761728511999562,0.1554200000000001,0.0,1.7686825915865734,0.9001252908537677,0.897798460712368,0.876127063392981,0.8747399084477736,38,16,16,0,0.039248535000297124,0.48362609400010115,1,15,0,0,main,main_N40_B1_K0_S3_1013_RANDOM-CH
ROLL-CP,S3,1013,40,160,1,0,0.8511210762331839,0.29719730941704037,0.7857142857142857,624.9246496775265,11.437299461674561,5.604872428991514,5.090790432363057,0.5545566003199901,0.18707999999999983,0.0,1.3823180398446413,0.8994927672365207,0.8981777193312042,0.8633904937277017,0.8574059155253769,36,16,10,527,0.19110372899876893,0.6825809230001596,1,15,0,0,main,main_N40_B1_K0_S3_1013_ROLL-CP
ACI-EVENT,S3,1014,40,160,1,0,0.8756726457399103,0.3672645739910314,0.7714285714285715,550.0134557502867,11.788529743404903,5.588435840256682,5.432423148417683,0.5783016038399529,0.18936915089058579,0.0,1.3924556748647416,0.9005858659831564,0.90040278286342,0.8684883720930232,0.8627906976744186,37,17,8,559,0.2006905000016559,0.7189488230001189,1,15,0,1,main,main_N40_B1_K0_S3_1014_ACI-EVENT
ACI-PER,S3,1014,40,160,1,0,0.8756726457399103,0.3672645739910314,0.7714285714285715,550.0134557502867,11.788529743404903,5.588435840256682,5.432423148417683,0.5783016038399529,0.18936915089058579,0.0,1.3924556748647416,0.9005858659831564,0.90040278286342,0.8684883720930232,0.8627906976744186,37,17,8,559,0.22125863900055265,0.7457738040000095,1,15,0,1,main,main_N40_B1_K0_S3_1014_ACI-PER
ACR-MCR,S3,1014,40,160,1,0,0.9380044843049328,0.3797085201793722,0.7214285714285714,573.1716983601927,11.876616194402825,5.682504303328265,5.45570924019456,0.5485026508799994,0.18989999999999993,0.0,1.3164061399249418,0.9011309740970449,0.9011309740970449,0.8501602564102564,0.842948717948718,38,16,9,527,0.30146380299925113,0.7904767459999675,1,15,0,0,main,main_N40_B1_K0_S3_1014_ACR-MCR
FROZEN-CP,S3,1014,40,160,1,0,0.8772421524663677,0.2873318385650224,0.7,580.8384195130302,11.839562642330629,5.636101220582488,5.43434443977584,0.5793256038399514,0.18979137813234942,0.0,1.3961748398974798,0.8951495258935084,0.8925966447848286,0.8597420543528328,0.8488023952095808,37,17,7,559,0.20002150800064555,0.6797721450000154,1,15,0,1,main,main_N40_B1_K0_S3_1014_FROZEN-CP
POINT-EA,S3,1014,40,160,1,0,0.877017937219731,0.3507847533632287,0.75,589.1004792992902,11.870381041135627,5.776756603825933,5.361999186749687,0.543565250560007,0.18805999999999967,0.0,1.4001393065741479,0.8996482132938345,0.897611553416034,0.8665497076023392,0.8625730994152047,37,16,9,527,0.1863439610012847,0.6758867060000284,1,15,0,0,main,main_N40_B1_K0_S3_1014_POINT-EA
RANDOM-CH,S3,1014,40,160,1,0,0.8130044843049328,0.12219730941704036,0.9571428571428572,918.9715430404592,13.174491566787765,6.894074308466512,5.542345207121267,0.5565120511999868,0.1815599999999995,0.0,1.654878980880262,0.9005357142857143,0.8985714285714286,0.8768259904172023,0.8768259904172023,40,16,16,0,0.04103757100142502,0.5471121880000283,1,15,0,0,main,main_N40_B1_K0_S3_1014_RANDOM-CH
ROLL-CP,S3,1014,40,160,1,0,0.9048206278026906,0.33307174887892377,0.7142857142857143,577.8328889420673,12.086739829405111,5.834318184174575,5.508037494190544,0.553224151039992,0.1911599999999999,0.0,1.385140938506201,0.9000898472596586,0.8986522911051213,0.8532372454815832,0.8445435827041867,39,16,6,526,0.20911573699777364,0.7428705759998593,1,14,0,1,main,main_N40_B1_K0_S3_1014_ROLL-CP
ACI-EVENT,S3,1015,40,160,1,0,0.9137892376681614,0.37309417040358744,0.75,519.1667114684058,11.934185741215327,5.557132209382454,5.635437981112879,0.552075550719994,0.1895399999999998,0.0,1.3391141989694038,0.9018348623853211,0.9009174311926605,0.8648711670747348,0.8603241226536085,37,16,8,527,0.22839941499933047,0.8292112060000818,1,15,0,0,main,main_N40_B1_K0_S3_1015_ACI-EVENT
ACI-PER,S3,1015,40,160,1,0,0.9137892376681614,0.37309417040358744,0.75,519.1667114684058,11.934185741215327,5.557132209382454,5.635437981112879,0.552075550719994,0.1895399999999998,0.0,1.3391141989694038,0.9018348623853211,0.9009174311926605,0.8648711670747348,0.8603241226536085,37,16,8,527,0.20820248100017125,0.75596419600015,1,15,0,0,main,main_N40_B1_K0_S3_1015_ACI-PER
ACR-MCR,S3,1015,40,160,1,0,0.9271300448430493,0.3672645739910314,0.6571428571428571,551.7363620469866,11.933640008202898,5.537048362445823,5.625441942077128,0.5816697036799479,0.18947999999999968,0.0,1.3214084828039971,0.9015095729013255,0.9011413843888071,0.859596194012532,0.8534462752378742,36,17,10,559,0.32583580200071083,0.825570240999923,1,15,0,1,main,main_N40_B1_K0_S3_1015_ACR-MCR
FROZEN-CP,S3,1015,40,160,1,0,0.9024663677130045,0.41177130044843047,0.7071428571428572,557.9625894932027,11.936100857784018,5.538537615787917,5.6225168381561605,0.5861864038399408,0.1888599999999998,0.0,1.3546817452938393,0.8868653421633554,0.8743561442236939,0.8579771081523009,0.8394066806820836,36,17,9,559,0.2229586250016382,0.7595846240001265,1,15,0,1,main,main_N40_B1_K0_S3_1015_FROZEN-CP
POINT-EA,S3,1015,40,160,1,0,0.9237668161434978,0.39181614349775784,0.65,557.0933594629397,12.360173339100003,5.877265298715839,5.730899939264185,0.5612681011199795,0.19074000000000016,0.0,1.3732000154538389,0.8989935298346513,0.8997124370956147,0.8633317929759704,0.8576709796672828,39,16,9,527,0.19165554499841164,0.6844189569999344,1,15,0,0,main,main_N40_B1_K0_S3_1015_POINT-EA
RANDOM-CH,S3,1015,40,160,1,0,0.9025784753363228,0.11917040358744395,0.9428571428571428,1029.8628100988924,13.29592423961353,6.785423702136423,5.759734886277131,0.5630656511999766,0.18769999999999978,0.0,1.5230153768171284,0.8989285714285714,0.9,0.8800633627517538,0.8724824620954967,40,16,16,0,0.04011300999854939,0.5207091859999764,1,15,0,0,main,main_N40_B1_K0_S3_1015_RANDOM-CH
ROLL-CP,S3,1015,40,160,1,0,0.9139013452914798,0.37791479820627805,0.75,518.743998802541,11.939358204689484,5.559893305382108,5.63633116152242,0.5535737377849562,0.18955999999999976,0.0,1.3395442841567917,0.8996514401027335,0.8998348926802422,0.8643889925373134,0.8591417910447762,37,16,8,527,0.21044166600017888,0.7505607220000456,1,15,0,0,main,main_N40_B1_K0_S3_1015_ROLL-CP
ACI-EVENT,S3,1016,40,160,1,0,0.8977578475336323,0.34080717488789236,0.6357142857142857,560.468973549396,12.011397695714965,5.8377987649583405,5.450502579369871,0.5350777036800198,0.18801864770673443,0.0,1.3666398561514355,0.9008493353028065,0.9010339734121122,0.8558987459359034,0.8519507663725034,37,17,8,559,0.22995153700185256,0.7771390559998963,1,15,0,1,main,main_N40_B1_K0_S3_1016_ACI-EVENT
ACI-PER,S3,1016,40,160,1,0,0.8977578475336323,0.34080717488789236,0.6357142857142857,560.468973549396,12.011397695714965,5.8377987649583405,5.450502579369871,0.5350777036800198,0.18801864770673443,0.0,1.3666398561514355,0.9008493353028065,0.9010339734121122,0.8558987459359034,0.8519507663725034,37,17,8,559,0.23709194100001696,0.808064308999974,1,15,0,1,main,main_N40_B1_K0_S3_1016_ACI-PER
ACR-MCR,S3,1016,40,160,1,0,0.885762331838565,0.42477578475336325,0.6928571428571428,529.0376083348484,11.686193946278312,5.594086642442903,5.399883553435341,0.5042837504000677,0.18793999999999964,0.0,1.346025563957419,0.900838769804287,0.9013979496738117,0.8678140732935253,0.8641845217187683,37,16,10,527,0.2940983900025458,0.7590622019999955,1,15,0,0,main,main_N40_B1_K0_S3_1016_ACR-MCR
FROZEN-CP,S3,1016,40,160,1,0,0.9162556053811659,0.3702914798206278,0.6357142857142857,596.4661183233478,12.046456911698035,5.894710097132971,5.455138463845004,0.5082483507200615,0.1883599999999996,0.0,1.3453715559189228,0.8912041305550433,0.8840125391849529,0.8435657301422129,0.8335067637877211,38,16,10,527,0.24582437500089327,0.8551739900001394,1,15,0,0,main,main_N40_B1_K0_S3_1016_FROZEN-CP
POINT-EA,S3,1016,40,160,1,0,0.9219730941704036,0.35269058295964123,0.6642857142857143,552.5687412901934,12.25489946607038,5.9914154573088085,5.556961457721523,0.516462551040049,0.19006000000000012,0.0,1.3608994409850506,0.8996752075063154,0.9000360880548538,0.8564836179049377,0.8516382095062298,39,16,5,527,0.2104602090003027,0.725005063000026,1,15,0,0,main,main_N40_B1_K0_S3_1016_POINT-EA
RANDOM-CH,S3,1016,40,160,1,0,0.8721973094170403,0.1945067264573991,0.8857142857142857,821.0324773119579,13.01968559456712,6.717880487046159,5.599897856320918,0.5204672512000427,0.18144000000000018,0.0,1.5407911946233277,0.9001785714285714,0.9005357142857143,0.8663986758098842,0.8640340506029794,40,16,16,0,0.049797963999481,0.6927793910001583,1,15,0,0,main,main_N40_B1_K0_S3_1016_RANDOM-CH
ROLL-CP,S3,1016,40,160,1,0,0.897982062780269,0.34080717488789236,0.6357142857142857,559.9117418437808,12.0116129161954,5.838025351170337,5.450491213638309,0.5350777036800198,0.1880186477067344,0.0,1.3663534201109544,0.8999261447562777,0.9002954209748892,0.8547375754760799,0.8509057129586624,37,17,8,559,0.21763725200207773,0.7556937570000173,1,15,0,1,main,main_N40_B1_K0_S3_1016_ROLL-CP
ACI-EVENT,S3,1017,40,160,1,0,0.8911434977578475,0.4454035874439462,0.6571428571428571,524.1860416506609,11.954288201099459,5.686538473912598,5.496256026066911,0.5798537011199505,0.19163999999999978,0.0,1.3721634757919488,0.8997309417040359,0.8999103139013452,0.8687709561799052,0.8634524222453462,39,16,6,527,0.17905244400117226,0.6346633499999825,1,15,0,0,main,main_N40_B1_K0_S3_1017_ACI-EVENT
ACI-PER,S3,1017,40,160,1,0,0.8911434977578475,0.4454035874439462,0.6571428571428571,524.1860416506609,11.954288201099459,5.686538473912598,5.496256026066911,0.5798537011199505,0.19163999999999978,0.0,1.3721634757919488,0.8997309417040359,0.8999103139013452,0.8687709561799052,0.8634524222453462,39,16,6,527,0.17174716300132786,0.6177365949999967,1,15,0,0,main,main_N40_B1_K0_S3_1017_ACI-PER
ACR-MCR,S3,1017,40,160,1,0,0.9273542600896861,0.40414798206278024,0.6142857142857143,570.8882648844759,11.756344913674027,5.616551515354278,5.381010597679783,0.5696828006399663,0.1890999999999998,0.0,1.3012003224874407,0.9003866691217087,0.9003866691217087,0.8700564971751412,0.8623313732272571,37,16,9,527,0.34389521500042974,0.9164789919998384,1,15,0,0,main,main_N40_B1_K0_S3_1017_ACR-MCR
FROZEN-CP,S3,1017,40,160,1,0,0.8855381165919283,0.3442825112107623,0.65,540.4087528264281,11.801063876140793,5.674860437496636,5.341505585204234,0.5972178534399235,0.18748000000000006,0.0,1.3623948136851527,0.8884551031790295,0.8903141847927124,0.8578632578867128,0.850592236425472,37,17,8,559,0.18447206899850244,0.6281656689998272,1,15,0,1,main,main_N40_B1_K0_S3_1017_FROZEN-CP
POINT-EA,S3,1017,40,160,1,0,0.8848654708520179,0.4131165919282511,0.6428571428571429,521.2022401644141,12.064708649562979,5.774473319444866,5.516108078918167,0.5819072511999472,0.19221999999999975,0.0,1.3937972099772389,0.9003571428571429,0.8996428571428572,0.8765175164758932,0.8691178170886807,40,16,7,527,0.19221947800110684,0.6871731109999928,1,15,0,0,main,main_N40_B1_K0_S3_1017_POINT-EA
RANDOM-CH,S3,1017,40,160,1,0,0.8550448430493274,0.21973094170403587,0.8785714285714286,787.1664891920373,12.605701938756706,6.325646608638592,5.516108078918167,0.5819072511999472,0.18203999999999987,0.0,1.5056977948825496,0.9003571428571429,0.8996428571428572,0.8817230176874022,0.881121405366382,40,16,16,0,0.04069170800175925,0.502680570999928,1,15,0,0,main,main_N40_B1_K0_S3_1017_RANDOM-CH
ROLL-CP,S3,1017,40,160,1,0,0.8669282511210762,0.3604260089686099,0.6428571428571429,554.1435902374732,11.793007493660932,5.69326345268466,5.347153140496298,0.565370900479973,0.18721999999999997,0.0,1.3880658537736503,0.9008524833209784,0.8995552260934025,0.854988809047002,0.8516904229002238,37,16,8,527,0.1782088060008391,0.6321469580000212,1,15,0,0,main,main_N40_B1_K0_S3_1017_ROLL-CP
ACI-EVENT,S3,1018,40,160,1,0,0.9030269058295964,0.37791479820627805,0.6642857142857143,562.2458452533153,11.687026392806048,5.459666589783762,5.504137602702268,0.5360222003200188,0.18719999999999964,0.0,1.329733347685294,0.9008975317875841,0.9016454749439042,0.8646421845574388,0.8585216572504708,35,16,10,527,0.1986436820000108,0.7061510000000908,1,15,0,0,main,main_N40_B1_K0_S3_1018_ACI-EVENT
ACI-PER,S3,1018,40,160,1,0,0.9030269058295964,0.37791479820627805,0.6642857142857143,562.2458452533153,11.687026392806048,5.459666589783762,5.504137602702268,0.5360222003200188,0.18719999999999964,0.0,1.329733347685294,0.9008975317875841,0.9016454749439042,0.8646421845574388,0.8585216572504708,35,16,10,527,0.20526059700000587,0.726756941000076,1,15,0,0,main,main_N40_B1_K0_S3_1018_ACI-PER
ACR-MCR,S3,1018,40,160,1,0,0.9089686098654709,0.38150224215246636,0.7214285714285714,536.6492775471379,11.883554984132461,5.5086830473060155,5.582714591248822,0.6036918067199135,0.1884655388577112,0.0,1.3439894802230785,0.9010138248847926,0.9013824884792627,0.8598910650133271,0.8507358906014602,36,18,11,591,0.3427713470009621,0.8343822470001214,1,15,0,2,main,main_N40_B1_K0_S3_1018_ACR-MCR
FROZEN-CP,S3,1018,40,160,1,0,0.9012331838565022,0.37152466367713005,0.6642857142857143,543.5828402399267,11.62516095411174,5.391396189749984,5.510162564041738,0.5360222003200188,0.18757999999999975,0.0,1.3251066857530764,0.9151718983557549,0.898355754857997,0.8762947269303202,0.8533427495291902,36,16,10,527,0.23553538299961474,0.7897372750001068,1,15,0,0,main,main_N40_B1_K0_S3_1018_FROZEN-CP
POINT-EA,S3,1018,40,160,1,0,0.9159192825112108,0.3554932735426009,0.7214285714285714,558.8962135516588,12.177183078614107,5.755053523551788,5.680053404022323,0.5511761510399952,0.19089999999999963,0.0,1.3676081624678917,0.9028530155290718,0.9014084507042254,0.8681331337095474,0.8592652309109755,38,16,9,527,0.18008983999834527,0.6447401020000143,1,15,0,0,main,main_N40_B1_K0_S3_1018_POINT-EA
RANDOM-CH,S3,1018,40,160,1,0,0.702354260089686,0.13654708520179373,0.8714285714285714,1088.5094730842607,12.025631278184218,5.595258811841029,5.719182765223196,0.5532297011199919,0.15795999999999988,0.0,1.7113464178432072,0.9026008968609865,0.90152466367713,0.8732567678424938,0.866420563303254,39,16,16,0,0.040136898998525794,0.4882090959999914,1,15,0,0,main,main_N40_B1_K0_S3_1018_RANDOM-CH
ROLL-CP,S3,1018,40,160,1,0,0.883744394618834,0.38408071748878925,0.6642857142857143,555.9226123173477,11.671318564187246,5.444926101716154,5.503030262151074,0.5360222003200188,0.1873399999999994,0.0,1.3544526591838513,0.9034611786716558,0.9019644527595884,0.8693242127609387,0.8618940912843496,35,16,10,527,0.20038879700109646,0.6935128280001663,1,15,0,0,main,main_N40_B1_K0_S3_1018_ROLL-CP
ACI-EVENT,S3,1019,40,160,1,0,0.8903587443946188,0.42914798206278026,0.6785714285714286,501.35668258603357,11.31210022060013,5.38732824963543,5.203255785618702,0.5354368000000196,0.18607938534597715,0.0,1.298152423754892,0.9013095464034921,0.9009299677358132,0.8716940671908506,0.8653800333571599,36,16,7,526,0.184669309001265,0.6415627090000271,1,14,0,1,main,main_N40_B1_K0_S3_1019_ACI-EVENT
ACI-PER,S3,1019,40,160,1,0,0.8903587443946188,0.42914798206278026,0.6785714285714286,501.35668258603357,11.31210022060013,5.38732824963543,5.203255785618702,0.5354368000000196,0.18607938534597715,0.0,1.298152423754892,0.9013095464034921,0.9009299677358132,0.8716940671908506,0.8653800333571599,36,16,7,526,0.20149717099957343,0.6991017029999966,1,14,0,1,main,main_N40_B1_K0_S3_1019_ACI-PER
ACR-MCR,S3,1019,40,160,1,0,0.9184977578475336,0.38632286995515697,0.6642857142857143,556.1881804839857,11.816949420330651,5.599611732983084,5.461672036147591,0.5630656511999766,0.19259999999999985,0.0,1.318120403829409,0.90125,0.9010714285714285,0.8614374568071873,0.8555632342778162,40,16,12,527,0.2986294869997437,0.7783353729998908,1,15,0,0,main,main_N40_B1_K0_S3_1019_ACR-MCR
FROZEN-CP,S3,1019,40,160,1,0,0.8881165919282511,0.34955156950672645,0.7,544.4400840410522,11.38702887254583,5.439774885007733,5.218987205635245,0.5414467819028531,0.18681999999999965,0.0,1.3097571742058696,0.8944988696307461,0.8813112283345893,0.8579706717123936,0.8427152317880795,37,16,8,527,0.18260199899987128,0.6389106079998328,1,15,0,0,main,main_N40_B1_K0_S3_1019_FROZEN-CP
POINT-EA,S3,1019,40,160,1,0,0.9091928251121076,0.37993273542600897,0.6785714285714286,538.8016107670838,11.857197646777433,5.666254006242037,5.43665798933542,0.5630656511999766,0.1912200000000001,0.0,1.3349693364982473,0.9017600574712644,0.8999640804597702,0.8617999767144021,0.8533007334963325,38,16,4,527,0.18107436799959942,0.6510265280001022,1,15,0,0,main,main_N40_B1_K0_S3_1019_POINT-EA
RANDOM-CH,S3,1019,40,160,1,0,0.8705156950672646,0.20807174887892377,0.9142857142857143,774.5568960276355,12.72113484487982,6.509777157532254,5.461672036147591,0.5630656511999766,0.18661999999999962,0.0,1.4978376127257529,0.9016071428571428,0.8998214285714285,0.867948717948718,0.8602564102564103,40,16,16,0,0.04583555600061118,0.5941472940000949,1,15,0,0,main,main_N40_B1_K0_S3_1019_RANDOM-CH
ROLL-CP,S3,1019,40,160,1,0,0.8680493273542601,0.40661434977578476,0.6785714285714286,513.5936001170534,11.428230430892402,5.507080880153212,5.200407198157375,0.5354368000000196,0.18530555258179573,0.0,1.3421292343972286,0.9008735282947209,0.8997341435624763,0.8607458761654315,0.8553669615108773,36,16,8,526,0.20429447999822514,0.7233903469998495,1,14,0,1,main,main_N40_B1_K0_S3_1019_ROLL-CP
ACI-EVENT,S3,1020,40,160,1,0,0.8667040358744394,0.3329596412556054,0.7357142857142858,566.6104155360267,11.359171941047615,5.450472514399664,5.10933352328805,0.6114459033599013,0.18792,0.0,1.3420571763997653,0.8991048116374487,0.8991048116374487,0.8648743836581357,0.8615872270486029,36,17,9,559,0.22285763200056863,0.7190523639999356,1,15,0,1,main,main_N40_B1_K0_S3_1020_ACI-EVENT
ACI-PER,S3,1020,40,160,1,0,0.8667040358744394,0.3329596412556054,0.7357142857142858,566.6104155360267,11.359171941047615,5.450472514399664,5.10933352328805,0.6114459033599013,0.18792,0.0,1.3420571763997653,0.8991048116374487,0.8991048116374487,0.8648743836581357,0.8615872270486029,36,17,9,559,0.27238103000104275,0.9114851520000684,1,15,0,1,main,main_N40_B1_K0_S3_1020_ACI-PER
ACR-MCR,S3,1020,40,160,1,0,0.9021300448430494,0.34820627802690585,0.6357142857142857,603.7218673641398,11.636440102250575,5.644358140873739,5.214160860576898,0.5879211007999381,0.1899999999999995,0.0,1.32533486358207,0.8993974803724667,0.8997626437830929,0.8615208690680389,0.8508862206975415,38,16,9,527,0.2916386649985725,0.7616865239999697,1,15,0,0,main,main_N40_B1_K0_S3_1020_ACR-MCR
FROZEN-CP,S3,1020,40,160,1,0,0.9052690582959642,0.30493273542600896,0.7142857142857143,613.6283719858033,11.526188616053421,5.573586611393218,5.180646354100257,0.5828356505599459,0.18912000000000004,0.0,1.3086045204420325,0.8834987137081955,0.8728408673281882,0.845156810554334,0.8347413493808586,38,16,11,527,0.19191143199964245,0.6789226920000146,1,15,0,0,main,main_N40_B1_K0_S3_1020_FROZEN-CP
POINT-EA,S3,1020,40,160,1,0,0.8840807174887892,0.3545964125560538,0.6785714285714286,610.7506937451712,11.47446506391094,5.592083428888847,5.118108234702137,0.5770334003199551,0.18723999999999982,0.0,1.3312988819945397,0.897143923837969,0.8973305954825462,0.8623777542123248,0.8543655001767408,37,16,9,527,0.2201957700008279,0.7190538160000415,1,15,0,0,main,main_N40_B1_K0_S3_1020_POINT-EA
RANDOM-CH,S3,1020,40,160,1,0,0.8510089686098655,0.1460762331838565,0.9357142857142857,957.919759494517,12.697019781184073,6.594905091089142,5.314442638895008,0.597472051199923,0.19019999999999976,0.0,1.5235204921027206,0.8975,0.8978571428571429,0.8791643139469226,0.8717108977978543,40,16,16,0,0.040913366999120626,0.5186687360001088,1,15,0,0,main,main_N40_B1_K0_S3_1020_RANDOM-CH
ROLL-CP,S3,1020,40,160,1,0,0.8845291479820628,0.29159192825112107,0.7357142857142858,564.9794473929646,11.372678673344476,5.423489229346738,5.145958040477841,0.6146314035198963,0.18859999999999988,0.0,1.318877267000403,0.8971841422749166,0.8964431270841052,0.8649532710280374,0.8602803738317757,38,17,10,559,0.28672079199873224,0.963836596999954,1,15,0,1,main,main_N40_B1_K0_S3_1020_ROLL-CP
ACI-EVENT,S3,1021,40,160,1,0,0.9173766816143498,0.34439461883408073,0.6714285714285714,589.329973568602,11.538320373302025,5.533448869954573,5.220836299507522,0.5938152038399289,0.19021999999999953,0.0,1.289053778717688,0.9005102040816326,0.9010568513119533,0.868372733532247,0.8593068625200826,37,17,13,559,0.2049868420006078,0.6902032140001211,1,15,0,1,main,main_N40_B1_K0_S3_1021_ACI-EVENT
ACI-PER,S3,1021,40,160,1,0,0.9173766816143498,0.34439461883408073,0.6714285714285714,589.329973568602,11.538320373302025,5.533448869954573,5.220836299507522,0.5938152038399289,0.19021999999999953,0.0,1.289053778717688,0.9005102040816326,0.9010568513119533,0.868372733532247,0.8593068625200826,37,17,13,559,0.22118310399946495,0.7208233980002205,1,15,0,1,main,main_N40_B1_K0_S3_1021_ACI-PER
ACR-MCR,S3,1021,40,160,1,0,0.9317264573991031,0.336322869955157,0.7214285714285714,574.7556385218572,11.668417858854557,5.614913468403754,5.292375489330838,0.5694089011199668,0.19171999999999967,0.0,1.2852095890356379,0.9007003052612678,0.9007003052612678,0.858066712049013,0.8463807578851826,39,16,10,527,0.3007711469995229,0.7978716170000553,1,15,0,0,main,main_N40_B1_K0_S3_1021_ACR-MCR
FROZEN-CP,S3,1021,40,160,1,0,0.9160313901345292,0.3359865470852018,0.6714285714285714,550.3712426419355,11.521046292573253,5.52930231566521,5.23563977594807,0.5654042009599731,0.1907000000000002,0.0,1.288851805858961,0.9108083560399637,0.9055404178019982,0.8651788795582652,0.8524099850454389,38,16,10,527,0.21329771999808145,0.7568903470000805,1,15,0,0,main,main_N40_B1_K0_S3_1021_FROZEN-CP
POINT-EA,S3,1021,40,160,1,0,0.9109865470852018,0.3071748878923767,0.7,598.1438302815508,11.751783095682688,5.676827841366724,5.311917603116,0.5712576511999639,0.19177999999999998,0.0,1.3213158416553505,0.9,0.9,0.8738574040219378,0.8638025594149908,39,16,11,527,0.24832708000099046,0.8387452040001335,1,15,0,0,main,main_N40_B1_K0_S3_1021_POINT-EA
RANDOM-CH,S3,1021,40,160,1,0,0.814237668161435,0.11210762331838565,0.9857142857142858,1020.5539121230288,11.92611253220229,5.858918916680929,5.318195964321397,0.5712576511999639,0.17773999999999998,0.0,1.4922563228481343,0.8998214285714285,0.9,0.8695016449372487,0.8612160350919946,40,16,16,0,0.039052822000712695,0.48640061600008266,1,15,0,0,main,main_N40_B1_K0_S3_1021_RANDOM-CH
ROLL-CP,S3,1021,40,160,1,0,0.915695067264574,0.34495515695067264,0.6785714285714286,584.312829511188,11.507793328732829,5.511927501072313,5.213688871120031,0.5920688537599317,0.19010810278055304,0.0,1.28780140205157,0.9005837285662167,0.9000364830353885,0.865556831228473,0.8583237657864523,36,17,14,559,0.18256590900023184,0.6312188039999,1,15,0,1,main,main_N40_B1_K0_S3_1021_ROLL-CP
ACI-EVENT,S3,1022,40,160,1,0,0.9341928251121077,0.2718609865470852,0.7142857142857143,614.1483202076892,12.13050872021835,5.807871839820951,5.5822973253272,0.5487195550701981,0.19161999999999996,0.0,1.3470859211791615,0.8989247311827957,0.8994623655913978,0.8579700272479565,0.8505903723887375,38,16,14,527,0.1960929390002093,0.6972744049999164,1,15,0,0,main,main_N40_B1_K0_S3_1022_ACI-EVENT
ACI-PER,S3,1022,40,160,1,0,0.9341928251121077,0.2718609865470852,0.7142857142857143,614.1483202076892,12.13050872021835,5.807871839820951,5.5822973253272,0.5487195550701981,0.19161999999999996,0.0,1.3470859211791615,0.8989247311827957,0.8994623655913978,0.8579700272479565,0.8505903723887375,38,16,14,527,0.20348694800031808,0.7355144450000353,1,15,0,0,main,main_N40_B1_K0_S3_1022_ACI-PER
ACR-MCR,S3,1022,40,160,1,0,0.8995515695067264,0.3353139013452915,0.7071428571428572,599.5896260398687,11.970125649754976,5.730041176513305,5.506673643669924,0.5433108295717471,0.19009999999999988,0.0,1.3765093893462486,0.8991092528631158,0.8996546082530449,0.8572752548656163,0.8529888785912882,36,16,12,526,0.3463528390013835,0.892842834000021,1,14,0,1,main,main_N40_B1_K0_S3_1022_ACR-MCR
FROZEN-CP,S3,1022,40,160,1,0,0.9135650224215247,0.27286995515695067,0.7642857142857142,621.2087314717447,12.106456715580457,5.758034611756719,5.576730349583787,0.5797117542399506,0.1919799999999995,0.0,1.3724585325451146,0.9055216923628541,0.8935102187163858,0.8600612870275791,0.846441947565543,38,17,12,559,0.1994253000000299,0.684245583999882,1,15,0,1,main,main_N40_B1_K0_S3_1022_FROZEN-CP
POINT-EA,S3,1022,40,160,1,0,0.8834080717488789,0.30257847533632287,0.7571428571428571,587.553335435466,12.345871591768018,6.069694310408883,5.543131480399129,0.5432858009600073,0.18975999999999985,0.0,1.4436238998793287,0.8983203901029438,0.8977785804587322,0.8539312889093844,0.8492045192529398,39,16,9,527,0.19051257700016322,0.6784367759998986,1,15,0,0,main,main_N40_B1_K0_S3_1022_POINT-EA
RANDOM-CH,S3,1022,40,160,1,0,0.8146860986547085,0.11423766816143498,0.95,846.8852745521474,12.679226766730059,6.443062394544622,5.513209721305427,0.5413346508800103,0.18161999999999984,0.0,1.5944701668423111,0.8981262506821903,0.897580498453702,0.8648360752751805,0.8612853592141082,39,16,16,0,0.047514699001794725,0.6070457569999235,1,15,0,0,main,main_N40_B1_K0_S3_1022_RANDOM-CH
ROLL-CP,S3,1022,40,160,1,0,0.929932735426009,0.2874439461883408,0.7142857142857143,631.9594157812159,12.081373055595284,5.776347430591535,5.566948723883748,0.5471369011200014,0.19094000000000022,0.0,1.3473149387303762,0.8982197446502428,0.8982197446502428,0.8625910746812386,0.8561020036429873,37,16,13,527,0.18356330800247633,0.6414908720000767,1,15,0,0,main,main_N40_B1_K0_S3_1022_ROLL-CP
ACI-EVENT,S3,1023,40,160,1,0,0.9331838565022421,0.3608744394618834,0.6785714285714286,579.1044922502073,11.834161199134197,5.71696807081132,5.33720262720294,0.5882505011199374,0.19173999999999977,0.0,1.3024610608776357,0.8999640804597702,0.9005028735632183,0.8433776351970669,0.8383363886342805,38,16,10,527,0.2267362630025218,0.7936800170000424,1,15,0,0,main,main_N40_B1_K0_S3_1023_ACI-EVENT
ACI-PER,S3,1023,40,160,1,0,0.9331838565022421,0.3608744394618834,0.6785714285714286,579.1044922502073,11.834161199134197,5.71696807081132,5.33720262720294,0.5882505011199374,0.19173999999999977,0.0,1.3024610608776357,0.8999640804597702,0.9005028735632183,0.8433776351970669,0.8383363886342805,38,16,10,527,0.18894771000123,0.669627558000002,1,15,0,0,main,main_N40_B1_K0_S3_1023_ACI-PER
ACR-MCR,S3,1023,40,160,1,0,0.9124439461883408,0.36412556053811657,0.6642857142857143,581.2244890227041,11.714283740212075,5.6782240461217945,5.264321920376853,0.5820177737134279,0.18972000000000006,0.0,1.3160637838683378,0.8994169096209913,0.8999635568513119,0.8468458078652982,0.8438473071156729,38,16,9,527,0.336884992000023,0.9276966800000537,1,15,0,0,main,main_N40_B1_K0_S3_1023_ACR-MCR
FROZEN-CP,S3,1023,40,160,1,0,0.9139013452914798,0.34798206278026905,0.6642857142857143,551.6203316815515,11.797530279559844,5.678490684652237,5.337320343707671,0.5900992511999344,0.19162,0.0,1.3234833160825492,0.9189868870127538,0.8967127716903179,0.8638356796676667,0.8362566351257789,38,16,9,527,0.25459138500059453,0.8392241670001113,1,15,0,0,main,main_N40_B1_K0_S3_1023_FROZEN-CP
POINT-EA,S3,1023,40,160,1,0,0.8943946188340807,0.38721973094170403,0.6857142857142857,558.7492890481859,11.599866554888793,5.511667520190613,5.310448483658239,0.5863505510399404,0.1913999999999998,0.0,1.3272158529621045,0.9012635379061372,0.9012635379061372,0.8635094251803583,0.8602513381428903,38,16,9,527,0.2869310179985405,0.9685950049999974,1,15,0,0,main,main_N40_B1_K0_S3_1023_POINT-EA
RANDOM-CH,S3,1023,40,160,1,0,0.8528026905829597,0.1374439461883408,0.9142857142857143,1116.1556648054532,12.442782848833883,6.306693109053153,5.364550488580795,0.5900992511999344,0.18143999999999982,0.0,1.4878372412811052,0.9014109662439721,0.9012323629219503,0.8703307161551272,0.8684273138234594,40,16,16,0,0.06086908100110122,0.7715415689999645,1,15,0,0,main,main_N40_B1_K0_S3_1023_RANDOM-CH
ROLL-CP,S3,1023,40,160,1,0,0.9332959641255605,0.3649103139013453,0.6714285714285714,578.527586493978,11.830385010819587,5.71313188249671,5.33720262720294,0.5882505011199374,0.19179999999999972,0.0,1.3019021691228774,0.9010416666666666,0.9010416666666666,0.8458013518157864,0.8386985909038837,38,16,10,527,0.18453545099782787,0.6430953199999294,1,15,0,0,main,main_N40_B1_K0_S3_1023_ROLL-CP
ACI-EVENT,S3,1024,40,160,1,0,0.9,0.3297085201793722,0.6571428571428571,570.2745704877924,11.753144399595472,5.571434923395264,5.439790875240211,0.550658600959996,0.19126000000000007,0.0,1.3352811178817852,0.9000722804481388,0.9018792916516083,0.8776235806858584,0.8693657529533203,38,16,9,527,0.17720752599916523,0.6277578809999795,1,15,0,0,main,main_N40_B1_K0_S3_1024_ACI-EVENT
ACI-PER,S3,1024,40,160,1,0,0.9,0.3297085201793722,0.6571428571428571,570.2745704877924,11.753144399595472,5.571434923395264,5.439790875240211,0.550658600959996,0.19126000000000007,0.0,1.3352811178817852,0.9000722804481388,0.9018792916516083,0.8776235806858584,0.8693657529533203,38,16,9,527,0.17949576800128852,0.6583202099998289,1,15,0,0,main,main_N40_B1_K0_S3_1024_ACI-PER
ACR-MCR,S3,1024,40,160,1,0,0.844170403587444,0.368609865470852,0.65,549.189005906839,11.8877254604521,5.663692296097762,5.476360313154349,0.555692851199988,0.19197999999999987,0.0,1.4315661681661969,0.9004305705059203,0.9020452099031216,0.8670103092783505,0.8623138602520046,38,16,8,527,0.32487928899945473,0.8405273449998276,1,15,0,0,main,main_N40_B1_K0_S3_1024_ACR-MCR
FROZEN-CP,S3,1024,40,160,1,0,0.887780269058296,0.33621076233183855,0.6571428571428571,560.1204594568368,11.702462339400807,5.527379729999663,5.433204008441147,0.550658600959996,0.1912200000000003,0.0,1.3461937581273216,0.9071829202098788,0.8977745612447983,0.8830705489699621,0.8693750719300265,38,16,9,527,0.17963513799963948,0.6411715209999329,1,15,0,0,main,main_N40_B1_K0_S3_1024_FROZEN-CP
POINT-EA,S3,1024,40,160,1,0,0.8849775784753363,0.39405829596412556,0.7142857142857143,530.9313716254196,11.88358555578904,5.701070675456347,5.439472329292698,0.5523025510399934,0.19073999999999983,0.0,1.3709720299710475,0.900524507144149,0.9026948815337312,0.87195263524495,0.8648711400046436,37,16,7,527,0.23017610900092222,0.8181413659999635,1,15,0,0,main,main_N40_B1_K0_S3_1024_POINT-EA
RANDOM-CH,S3,1024,40,160,1,0,0.8438340807174888,0.14338565022421523,0.9071428571428571,882.5082710712601,12.916729339580487,6.675755281655286,5.498961206725212,0.555692851199988,0.1863199999999998,0.0,1.575403017389985,0.9007142857142857,0.9026785714285714,0.8767641996557659,0.8713711990820424,40,16,16,0,0.0373796929980017,0.49259084400000575,1,15,0,0,main,main_N40_B1_K0_S3_1024_RANDOM-CH
ROLL-CP,S3,1024,40,160,1,0,0.8807174887892377,0.33643497757847535,0.6571428571428571,573.6307878141604,11.679956925046424,5.467808681275541,5.438641939770937,0.5823063039999467,0.19120000000000012,0.0,1.3534133169231084,0.9004156876920296,0.9029459606000362,0.8741957720588235,0.8663832720588235,38,17,9,559,0.20793259599781777,0.7130607669998881,1,15,0,1,main,main_N40_B1_K0_S3_1024_ROLL-CP
ACI-EVENT,S3,1025,40,160,1,0,0.907286995515695,0.30930493273542603,0.7285714285714285,589.4073621410116,11.535383614772709,5.534184421900905,5.2242756421518655,0.5874035507199388,0.18951999999999988,0.0,1.3049076487299445,0.8997424576894776,0.9004782928623988,0.8598357811957904,0.8526656643922748,36,16,7,527,0.21897530800083587,0.7733534569999847,1,15,0,0,main,main_N40_B1_K0_S3_1025_ACI-EVENT
ACI-PER,S3,1025,40,160,1,0,0.907286995515695,0.30930493273542603,0.7285714285714285,589.4073621410116,11.535383614772709,5.534184421900905,5.2242756421518655,0.5874035507199388,0.18951999999999988,0.0,1.3049076487299445,0.8997424576894776,0.9004782928623988,0.8598357811957904,0.8526656643922748,36,16,7,527,0.20577290300138884,0.6849047620000874,1,15,0,0,main,main_N40_B1_K0_S3_1025_ACI-PER
ACR-MCR,S3,1025,40,160,1,0,0.9187219730941704,0.3309417040358744,0.6714285714285714,594.5375200170055,11.690417382331027,5.67630658404044,5.237529647570647,0.587301150719939,0.18928000000000017,0.0,1.307360476664172,0.8996507994853887,0.9003859584635178,0.8553343307630337,0.8477385199677754,38,16,8,527,0.3021874500013837,0.7912284139999883,1,15,0,0,main,main_N40_B1_K0_S3_1025_ACR-MCR
FROZEN-CP,S3,1025,40,160,1,0,0.8760089686098654,0.3321748878923767,0.7285714285714285,570.9986830303726,11.63255912060099,5.561260969005417,5.262763132717623,0.619352903679889,0.1891821151980597,0.0,1.358785085924657,0.8896400511602411,0.8757536999817285,0.8444495998144067,0.8229903723465956,35,17,7,559,0.2151254869991135,0.7327643870000884,1,15,0,1,main,main_N40_B1_K0_S3_1025_FROZEN-CP
POINT-EA,S3,1025,40,160,1,0,0.8993273542600897,0.3773542600896861,0.6714285714285714,588.9543700667149,11.909147274509772,5.776361992237712,5.342878751389866,0.5984865308821951,0.19142000000000015,0.0,1.3580963934895396,0.8994794471369593,0.8992999461497039,0.869804822043628,0.8601607347876005,38,16,8,527,0.19086471300033736,0.6710164609999083,1,15,0,0,main,main_N40_B1_K0_S3_1025_POINT-EA
RANDOM-CH,S3,1025,40,160,1,0,0.8848654708520179,0.14573991031390135,0.9785714285714285,871.9681651784834,12.510294521028543,6.356463129128015,5.366740940700608,0.5991104511999205,0.18798,0.0,1.463534688936423,0.8992857142857142,0.8994642857142857,0.8704579536278694,0.8628446187564887,40,16,16,0,0.04199170399874674,0.5293521040000542,1,15,0,0,main,main_N40_B1_K0_S3_1025_RANDOM-CH
ROLL-CP,S3,1025,40,160,1,0,0.8913677130044843,0.30728699551569505,0.7285714285714285,616.8449513019681,11.693766711071067,5.626426677978726,5.285958982212407,0.591101050879933,0.19028000000000042,0.0,1.344420178325025,0.8990358377296708,0.8993996725486629,0.8573065902578797,0.8489398280802293,38,16,11,527,0.22454376600035175,0.7893623779998507,1,15,0,0,main,main_N40_B1_K0_S3_1025_ROLL-CP
ACI-EVENT,S3,1026,40,160,1,0,0.840134529147982,0.34652466367713003,0.7142857142857143,561.732498687817,12.028200465221673,5.721790534505861,5.6072490769557515,0.5093808537600596,0.18978000000000006,0.0,1.4561986035377328,0.8999816816266716,0.8997984978933871,0.8749567024593004,0.8703382981180002,38,17,13,559,0.24613051299820654,0.8599866429999565,1,15,0,1,main,main_N40_B1_K0_S3_1026_ACI-EVENT
ACI-PER,S3,1026,40,160,1,0,0.840134529147982,0.34652466367713003,0.7142857142857143,561.732498687817,12.028200465221673,5.721790534505861,5.6072490769557515,0.5093808537600596,0.18978000000000006,0.0,1.4561986035377328,0.8999816816266716,0.8997984978933871,0.8749567024593004,0.8703382981180002,38,17,13,559,0.2202082300004804,0.765217008000036,1,15,0,1,main,main_N40_B1_K0_S3_1026_ACI-PER
ACR-MCR,S3,1026,40,160,1,0,0.9036995515695068,0.30358744394618836,0.6928571428571428,580.4194659334476,11.83672337682759,5.613752382045624,5.556907344221904,0.4773636505600622,0.18870000000000017,0.0,1.34096786867878,0.8999258710155671,0.9006671608598962,0.8723013321084061,0.8677078548461186,38,16,10,527,0.2940941399995154,0.8083157549999669,1,15,0,0,main,main_N40_B1_K0_S3_1026_ACR-MCR
FROZEN-CP,S3,1026,40,160,1,0,0.8679372197309417,0.33363228699551567,0.7142857142857143,573.5365453205646,11.949048837604192,5.677981092330698,5.577646791673428,0.5043009536000673,0.18911999999999968,0.0,1.4044486174899145,0.9062038404726735,0.8980797636632201,0.879092907555247,0.8596552123105403,37,17,11,559,0.20017726800210767,0.6701796799998192,1,15,0,1,main,main_N40_B1_K0_S3_1026_FROZEN-CP
POINT-EA,S3,1026,40,160,1,0,0.8853139013452915,0.3077354260089686,0.7714285714285715,598.3678985440945,12.218614939864045,5.845280520470559,5.690539168193416,0.4917952512000701,0.19099999999999995,0.0,1.4104369086764452,0.9025094782451706,0.9025094782451706,0.8789093825180433,0.871692060946271,36,16,10,527,0.21671617400079413,0.7807934830000249,1,15,0,0,main,main_N40_B1_K0_S3_1026_POINT-EA
RANDOM-CH,S3,1026,40,160,1,0,0.715695067264574,0.107847533632287,0.9571428571428572,881.1305542642729,12.51527770847451,6.106221205854639,5.751561251419802,0.4917952512000701,0.1657000000000003,0.0,1.7644547735054998,0.9023214285714286,0.9017857142857143,0.8871907783965808,0.8826576868281311,40,16,16,0,0.038598495000087496,0.5086902269999882,1,15,0,0,main,main_N40_B1_K0_S3_1026_RANDOM-CH
ROLL-CP,S3,1026,40,160,1,0,0.8649103139013453,0.35695067264573993,0.7142857142857143,546.8704136455083,11.939660451095433,5.651343590390678,5.61364540982469,0.4844514508800661,0.19021999999999964,0.0,1.4078128111184334,0.9010968921389396,0.9012797074954296,0.8786060466189707,0.8738749134548811,37,16,9,527,0.21986129100218932,0.7780343860001722,1,15,0,0,main,main_N40_B1_K0_S3_1026_ROLL-CP
ACI-EVENT,S3,1027,40,160,1,0,0.9434977578475336,0.32690582959641257,0.6857142857142857,593.8873228292242,11.824224571403917,5.7841887584518465,5.285565962072095,0.5641698508799751,0.19030000000000008,0.0,1.2897278110170065,0.9000181785129976,0.8996546082530449,0.8542673107890499,0.8464458247066943,38,16,9,526,0.18636936599887122,0.6504375300000902,1,14,0,1,main,main_N40_B1_K0_S3_1027_ACI-EVENT
ACI-PER,S3,1027,40,160,1,0,0.9434977578475336,0.32690582959641257,0.6857142857142857,593.8873228292242,11.824224571403917,5.7841887584518465,5.285565962072095,0.5641698508799751,0.19030000000000008,0.0,1.2897278110170065,0.9000181785129976,0.8996546082530449,0.8542673107890499,0.8464458247066943,38,16,9,526,0.18085884600031932,0.6401307900000575,1,14,0,1,main,main_N40_B1_K0_S3_1027_ACI-PER
ACR-MCR,S3,1027,40,160,1,0,0.8971973094170403,0.3785874439461883,0.6857142857142857,560.0432190636463,11.891043790413647,5.799081875481386,5.331210973327804,0.5697309416044569,0.19102,0.0,1.3582003187222897,0.900287976961843,0.8997480201583873,0.863761784318234,0.8519199816049666,39,16,9,527,0.31198334599821465,0.8168443590000152,1,15,0,0,main,main_N40_B1_K0_S3_1027_ACR-MCR
FROZEN-CP,S3,1027,40,160,1,0,0.9161434977578475,0.37993273542600897,0.65,612.9927525543393,11.935265720064718,5.842043680268631,5.301218877412627,0.6019270041599161,0.19007615822354432,0.0,1.3374345271251367,0.8939448875997099,0.8881435823060189,0.8551407237219989,0.8444572085008616,37,17,11,559,0.19324046200154044,0.6456846419998783,1,15,0,1,main,main_N40_B1_K0_S3_1027_FROZEN-CP
POINT-EA,S3,1027,40,160,1,0,0.9126681614349775,0.35336322869955156,0.7,605.4246196582576,12.002796191986741,5.945332799221104,5.301591191805666,0.5661722009599719,0.18970000000000034,0.0,1.3496903398163433,0.9003623188405797,0.8994565217391305,0.8679025300221522,0.8592748047102716,37,16,8,527,0.18000148100190927,0.6396016130001954,1,15,0,0,main,main_N40_B1_K0_S3_1027_POINT-EA
RANDOM-CH,S3,1027,40,160,1,0,0.8683856502242152,0.2086322869955157,0.8571428571428571,839.6934981961073,12.474430856265542,6.348161647149914,5.363632357915666,0.5720768511999625,0.19055999999999979,0.0,1.476963160817611,0.9005357142857143,0.8992857142857142,0.8742016423357665,0.8658759124087592,40,16,16,0,0.03976999099791101,0.5099663400001191,1,15,0,0,main,main_N40_B1_K0_S3_1027_RANDOM-CH
ROLL-CP,S3,1027,40,160,1,0,0.943609865470852,0.32443946188340805,0.6857142857142857,595.1174097582531,11.8247208018012,5.78466498884913,5.285565962072095,0.5641698508799751,0.19032000000000013,0.0,1.2896412696914823,0.8998363933830212,0.8985638974731867,0.8541522889348976,0.8461007591442374,38,16,9,526,0.19181020700011686,0.6684842889999345,1,14,0,1,main,main_N40_B1_K0_S3_1027_ROLL-CP
ACI-EVENT,S3,1028,40,160,1,0,0.909304932735426,0.30437219730941706,0.8357142857142857,601.0389456767945,11.839825285538598,5.800875548120885,5.330170236617668,0.5191595008000447,0.1896200000000001,0.0,1.3370779543239524,0.8992346938775511,0.8994169096209913,0.870722433460076,0.8638091946076737,38,16,9,527,0.21870714000078806,0.7298781870001676,1,15,0,0,main,main_N40_B1_K0_S3_1028_ACI-EVENT
ACI-PER,S3,1028,40,160,1,0,0.909304932735426,0.30437219730941706,0.8357142857142857,601.0389456767945,11.839825285538598,5.800875548120885,5.330170236617668,0.5191595008000447,0.1896200000000001,0.0,1.3370779543239524,0.8992346938775511,0.8994169096209913,0.870722433460076,0.8638091946076737,38,16,9,527,0.1921176469998045,0.6837288210001589,1,15,0,0,main,main_N40_B1_K0_S3_1028_ACI-PER
ACR-MCR,S3,1028,40,160,1,0,0.8818385650224215,0.2781390134529148,0.7,620.1308063013213,12.21886572304852,6.172063930057173,5.311843454770665,0.5482416537599996,0.18671668446068146,0.0,1.4191481676014541,0.9002749770852428,0.9006416131989001,0.8636101831586223,0.8516299965441769,38,17,11,559,0.3522353090013439,0.8822522769999068,1,15,0,1,main,main_N40_B1_K0_S3_1028_ACR-MCR
FROZEN-CP,S3,1028,40,160,1,0,0.9376681614349776,0.31513452914798207,0.7857142857142857,624.9379564078587,11.91892079030962,5.792939483542436,5.3775967026072,0.5570246041599861,0.19135999999999914,0.0,1.308621079304965,0.9115952466690673,0.8995318689232985,0.8737020316027088,0.8545146726862303,38,17,10,559,0.2194260180015135,0.754181127000038,1,15,0,1,main,main_N40_B1_K0_S3_1028_FROZEN-CP
POINT-EA,S3,1028,40,160,1,0,0.9081838565022422,0.36748878923766815,0.7214285714285714,618.3064652131342,12.236513802107735,6.143805973416498,5.3759085275712035,0.5267593011200331,0.19004,0.0,1.3834385304813719,0.9006491164803462,0.9006491164803462,0.8722151679556736,0.867020662588018,38,16,11,527,0.24420106400066288,0.8638222649999534,1,15,0,0,main,main_N40_B1_K0_S3_1028_POINT-EA
RANDOM-CH,S3,1028,40,160,1,0,0.8609865470852018,0.16961883408071748,0.9285714285714286,895.2727394558835,12.634390175034468,6.4974401649867035,5.4201507588477345,0.5286592512000302,0.18814000000000006,0.0,1.5058867908265159,0.9003571428571429,0.9003571428571429,0.8713323438748716,0.862313049434867,40,16,16,0,0.05013478900082191,0.6637676170000759,1,15,0,0,main,main_N40_B1_K0_S3_1028_RANDOM-CH
ROLL-CP,S3,1028,40,160,1,0,0.8873318385650224,0.21087443946188342,0.8071428571428572,638.4841194769396,11.731505681120494,5.836021516562462,5.174110957666035,0.5364323532800178,0.18494085361197932,0.0,1.3548337777018702,0.900737379466818,0.9016827377576101,0.8693195196609371,0.8629620908876854,37,17,8,559,0.22898291099863854,0.7735127629998715,1,15,0,1,main,main_N40_B1_K0_S3_1028_ROLL-CP
ACI-EVENT,S3,1029,40,160,1,0,0.9479820627802691,0.3550448430493274,0.6214285714285714,563.2642518785258,11.802298382382965,5.61329825866429,5.424164072518713,0.5728960511999613,0.19194000000000025,0.0,1.282440332759205,0.9010556450169976,0.9014134907854715,0.8713323438748716,0.8664231076606919,39,16,8,527,0.2251903439985199,0.776642357000128,1,15,0,0,main,main_N40_B1_K0_S3_1029_ACI-EVENT
ACI-PER,S3,1029,40,160,1,0,0.9479820627802691,0.3550448430493274,0.6214285714285714,563.2642518785258,11.802298382382965,5.61329825866429,5.424164072518713,0.5728960511999613,0.19194000000000025,0.0,1.282440332759205,0.9010556450169976,0.9014134907854715,0.8713323438748716,0.8664231076606919,39,16,8,527,0.18704281199984507,0.6635538049999923,1,15,0,0,main,main_N40_B1_K0_S3_1029_ACI-PER
ACR-MCR,S3,1029,40,160,1,0,0.9150224215246637,0.4118834080717489,0.6571428571428571,523.5111620335539,11.626080402513784,5.561458585442259,5.280873763311599,0.5954480537599263,0.18829999999999977,0.0,1.3049815245834306,0.900811209439528,0.9011799410029498,0.8669241573033708,0.8606039325842697,36,17,11,559,0.34536382000078447,0.8832261330001074,1,15,0,1,main,main_N40_B1_K0_S3_1029_ACR-MCR
FROZEN-CP,S3,1029,40,160,1,0,0.9380044843049328,0.3560538116591928,0.6214285714285714,558.6363958329559,11.798532963356875,5.60786068123125,5.425776230925663,0.5728960511999613,0.1920000000000003,0.0,1.2945504677810922,0.9093023255813953,0.8957066189624329,0.8788294467306813,0.8620256058527663,39,16,8,527,0.19860586600020724,0.6908827539998583,1,15,0,0,main,main_N40_B1_K0_S3_1029_FROZEN-CP
POINT-EA,S3,1029,40,160,1,0,0.9394618834080718,0.3947309417040359,0.6428571428571429,544.0600098731313,11.931086755257612,5.772854184295031,5.397110069842616,0.5708425011199646,0.1902799999999998,0.0,1.3072298406111111,0.9018515189645875,0.8998741686140571,0.872109158186864,0.8669056429232193,38,16,8,527,0.19256532200074616,0.6936654720000206,1,15,0,0,main,main_N40_B1_K0_S3_1029_POINT-EA
RANDOM-CH,S3,1029,40,160,1,0,0.920067264573991,0.23486547085201795,0.8357142857142857,818.2131781916319,12.514442588366098,6.321362783607834,5.431503753558301,0.5728960511999613,0.1886800000000003,0.0,1.3991997527242954,0.9025,0.9003571428571429,0.869700460829493,0.8610599078341014,40,16,16,0,0.05743854300203566,0.7148229199999605,1,15,0,0,main,main_N40_B1_K0_S3_1029_RANDOM-CH
ROLL-CP,S3,1029,40,160,1,0,0.9485426008968609,0.3552690582959641,0.6214285714285714,562.9036826277037,11.803229316903517,5.614782547960744,5.42365071774281,0.5728960511999613,0.1919000000000003,0.0,1.2818450604803993,0.9022906227630637,0.9001431639226914,0.871903185295125,0.8659664345244891,39,16,8,527,0.21710085999893636,0.804791140999896,1,15,0,0,main,main_N40_B1_K0_S3_1029_ROLL-CP
ACI-EVENT,S4,1000,40,160,1,0,0.89125,0.8703571428571428,0.24285714285714285,332.59953110054846,9.526053177570065,3.7963132257215295,5.023478149608592,0.5846418022399429,0.12162000000000002,0.9490224311119064,1.661038043168276,0.9003523884103367,0.8995693030540329,0.851632579834948,0.8476856835306782,35,17,9,559,0.2021825100011938,0.6403474669998559,1,15,0,1,main,main_N40_B1_K0_S4_1000_ACI-EVENT
ACI-PER,S4,1000,40,160,1,0,0.89125,0.8703571428571428,0.24285714285714285,332.59953110054846,9.526053177570065,3.7963132257215295,5.023478149608592,0.5846418022399429,0.12162000000000002,0.9490224311119064,1.661038043168276,0.9003523884103367,0.8995693030540329,0.851632579834948,0.8476856835306782,35,17,9,559,0.24413369299918486,0.7927678959999866,1,15,0,1,main,main_N40_B1_K0_S4_1000_ACI-PER
ACR-MCR,S4,1000,40,160,1,0,0.9203571428571429,0.8483928571428572,0.2357142857142857,359.94430028082945,9.656113777691575,3.91046756449107,5.065149113680522,0.5585970995199834,0.1218999999999999,1.0193990231506653,1.63718443161946,0.9004849660523764,0.8997090203685743,0.8471493529206016,0.8422525358516963,37,16,10,527,0.38577217099918926,0.8654318470000817,1,15,0,0,main,main_N40_B1_K0_S4_1000_ACR-MCR
FROZEN-CP,S4,1000,40,160,1,0,0.9075,0.8894642857142857,0.18571428571428572,339.81699866031164,9.494986946375558,3.7648911867700323,5.0236139573655825,0.5846418022399429,0.12183999999999995,0.9977075207439492,1.6297608902120766,0.9291446467018986,0.9357995693873556,0.8766071428571428,0.86625,36,17,8,559,0.2077993219995733,0.6548272360000738,1,15,0,1,main,main_N40_B1_K0_S4_1000_FROZEN-CP
POINT-EA,S4,1000,40,160,1,0,0.8782142857142857,0.8423214285714286,0.3,318.09513691844785,9.761736491275418,4.0163502780749125,5.065149113680522,0.5585970995199834,0.12163999999999989,1.0353964271368687,1.7240792107515752,0.9022308438409311,0.9037827352085354,0.8550118246316173,0.8533745679461524,37,16,10,527,0.1792399429998568,0.6092614500000764,1,15,0,0,main,main_N40_B1_K0_S4_1000_POINT-EA
RANDOM-CH,S4,1000,40,160,1,0,0.7157142857142857,0.28910714285714284,0.85,556.6723224425778,9.746824285028742,4.018678071828237,5.065149113680522,0.5585970995199834,0.10439999999999973,1.1031947613177366,2.0407923544867552,0.9022308438409311,0.9037827352085354,0.8687219273172724,0.8666802776643528,37,16,16,0,0.057063702998902954,0.6270803759998671,1,15,0,0,main,main_N40_B1_K0_S4_1000_RANDOM-CH
ROLL-CP,S4,1000,40,160,1,0,0.89125,0.8701785714285715,0.24285714285714285,332.33227223480804,9.523769140086612,3.795142275911205,5.022365061935465,0.5846418022399429,0.12162000000000005,0.948576115476214,1.6606397803115278,0.9019185591229444,0.90407204385278,0.8528884104772156,0.8498385360602799,36,17,9,559,0.26383790399904683,0.8771148710000034,1,15,0,1,main,main_N40_B1_K0_S4_1000_ROLL-CP
ACI-EVENT,S4,1001,40,160,1,0,0.8675,0.8410714285714286,0.37142857142857144,324.6244039753023,9.804817536186501,3.916423076673547,5.2796148102328875,0.4877196492800675,0.12105999999999992,1.0551744958403537,1.7561915701569948,0.9017420238794285,0.9017420238794285,0.8649087953765577,0.8580458732165432,35,16,7,527,0.272482067001647,0.8710693499999707,1,15,0,0,main,main_N40_B1_K0_S4_1001_ACI-EVENT
ACI-PER,S4,1001,40,160,1,0,0.8675,0.8410714285714286,0.37142857142857144,324.6244039753023,9.804817536186501,3.916423076673547,5.2796148102328875,0.4877196492800675,0.12105999999999992,1.0551744958403537,1.7561915701569948,0.9017420238794285,0.9017420238794285,0.8649087953765577,0.8580458732165432,35,16,7,527,0.21660170500240383,0.6964949390001038,1,15,0,0,main,main_N40_B1_K0_S4_1001_ACI-PER
ACR-MCR,S4,1001,40,160,1,0,0.88625,0.8558928571428571,0.2785714285714286,323.59572968493006,9.795404235173187,3.8639646787895203,5.270936301343654,0.5390632550400132,0.12143999999999995,0.8387848962738219,1.7221174815705322,0.9016875981161695,0.901883830455259,0.8557483731019523,0.848879248011569,36,18,12,591,0.36747462099833683,0.8135880229999657,1,15,0,2,main,main_N40_B1_K0_S4_1001_ACR-MCR
FROZEN-CP,S4,1001,40,160,1,0,0.8901785714285714,0.8591071428571428,0.2571428571428571,323.0488639879136,9.75773771591103,3.898219384628746,5.253157032082219,0.48546129920006625,0.12089999999999963,1.0551043842221537,1.7088857646078863,0.8916042569964525,0.892392589672842,0.8552346570397112,0.8532490974729242,34,16,4,527,0.26130151400070645,0.8649352029999591,1,15,0,0,main,main_N40_B1_K0_S4_1001_FROZEN-CP
POINT-EA,S4,1001,40,160,1,0,0.8757142857142857,0.8407142857142857,0.30714285714285716,298.56585415133065,9.901672158243795,4.013883440398076,5.279536268565652,0.48741244928006733,0.12083999999999988,1.055270524014361,1.7590463951401305,0.9017996870109546,0.9043427230046949,0.860181246532273,0.8546328832994267,35,16,6,527,0.18008084899975074,0.5867054959999223,1,15,0,0,main,main_N40_B1_K0_S4_1001_POINT-EA
RANDOM-CH,S4,1001,40,160,1,0,0.8217857142857142,0.47910714285714284,0.7214285714285714,489.3899499896514,10.511544938044704,4.5601162555396515,5.344204382984983,0.49234429952007003,0.11487999999999998,0.912427127768225,1.979575317899191,0.9019683519876496,0.9044770358934774,0.8708893871449925,0.8643497757847534,37,16,16,0,0.05528559700064761,0.6721859889998996,1,15,0,0,main,main_N40_B1_K0_S4_1001_RANDOM-CH
ROLL-CP,S4,1001,40,160,1,0,0.86375,0.8246428571428571,0.36428571428571427,333.1706700667685,9.741365627512073,3.8549271767845505,5.277238801447454,0.4877196492800675,0.12147999999999988,1.0549971951611012,1.7514141725120589,0.9018416927899686,0.904192789968652,0.8645833333333334,0.8591954022988506,35,16,6,527,0.22547784599737497,0.7574285030000283,1,15,0,0,main,main_N40_B1_K0_S4_1001_ROLL-CP
ACI-EVENT,S4,1002,40,160,1,0,0.8864285714285715,0.8121428571428572,0.3357142857142857,348.29009136000917,9.607450334797191,3.9079452437205036,4.97050823859678,0.6067768524799083,0.12221999999999962,1.0383106527794759,1.6772783405721354,0.8994760333786144,0.8994760333786144,0.8525402726146221,0.8392635864754824,37,17,11,559,0.2570217790009792,0.7990400609999142,1,15,0,1,main,main_N40_B1_K0_S4_1002_ACI-EVENT
ACI-PER,S4,1002,40,160,1,0,0.8864285714285715,0.8121428571428572,0.3357142857142857,348.29009136000917,9.607450334797191,3.9079452437205036,4.97050823859678,0.6067768524799083,0.12221999999999962,1.0383106527794759,1.6772783405721354,0.8994760333786144,0.8994760333786144,0.8525402726146221,0.8392635864754824,37,17,11,559,0.22992138900212922,0.6989795329998287,1,15,0,1,main,main_N40_B1_K0_S4_1002_ACI-PER
ACR-MCR,S4,1002,40,160,1,0,0.8733928571428572,0.78875,0.42857142857142855,366.51616918965965,9.67221094858426,4.011897741186932,4.935893855077414,0.6030793523199142,0.12133999999999978,1.0211084133217376,1.7103821306072962,0.8992960500586625,0.8992960500586625,0.8395039858281665,0.832949512843224,36,17,12,559,0.34852573400166875,0.818020456999875,1,15,0,1,main,main_N40_B1_K0_S4_1002_ACR-MCR
FROZEN-CP,S4,1002,40,160,1,0,0.9066071428571428,0.81,0.34285714285714286,360.65183489264126,9.569794204729519,3.8711792047847036,4.969578147464906,0.6067768524799083,0.12225999999999992,1.0400715617431726,1.6383828462128947,0.9099204038050864,0.9188507086002717,0.8624955814775539,0.8596677271120537,36,17,12,559,0.2757106569993084,0.8010754289998658,1,15,0,1,main,main_N40_B1_K0_S4_1002_FROZEN-CP
POINT-EA,S4,1002,40,160,1,0,0.8378571428571429,0.8257142857142857,0.36428571428571427,308.3500899560597,9.649697125960992,3.9505520348843044,4.97050823859678,0.6067768524799083,0.12185999999999972,0.9800376561833357,1.768639502558833,0.899864156801863,0.9029691441878518,0.8465618141916605,0.8412582297000731,37,17,7,559,0.19506528400097523,0.5974572210000133,1,15,0,1,main,main_N40_B1_K0_S4_1002_POINT-EA
RANDOM-CH,S4,1002,40,160,1,0,0.7926785714285715,0.25892857142857145,0.9071428571428571,613.950877960846,9.78595214962777,4.12781961151103,4.97050823859678,0.574264299519959,0.11335999999999971,1.0940262258264122,1.8983418330994706,0.899864156801863,0.9029691441878518,0.8644100210365271,0.8571428571428571,37,16,16,0,0.05050608100100362,0.5587872200001129,1,15,0,0,main,main_N40_B1_K0_S4_1002_RANDOM-CH
ROLL-CP,S4,1002,40,160,1,0,0.8857142857142857,0.8114285714285714,0.3357142857142857,347.9721883579458,9.60521023786283,3.905725146786142,4.97050823859678,0.6067768524799083,0.12219999999999966,1.0383106527794759,1.6780590911710045,0.899864156801863,0.9029691441878518,0.8523109615725164,0.8418629360722507,37,17,12,559,0.2576702620006017,0.7880355479999253,1,15,0,1,main,main_N40_B1_K0_S4_1002_ROLL-CP
ACI-EVENT,S4,1003,40,160,1,0,0.8616071428571429,0.8032142857142858,0.4,336.3146793995199,9.68388287261697,3.9636703786499963,5.0648553445269515,0.5336571494400222,0.12169999999999986,0.8904230081412283,1.7367078322483802,0.9002338269680437,0.9008183943881528,0.8461538461538461,0.8431056123363816,36,16,9,527,0.1821205779997399,0.5826172390000011,1,15,0,0,main,main_N40_B1_K0_S4_1003_ACI-EVENT
ACI-PER,S4,1003,40,160,1,0,0.8616071428571429,0.8032142857142858,0.4,336.3146793995199,9.68388287261697,3.9636703786499963,5.0648553445269515,0.5336571494400222,0.12169999999999986,0.8904230081412283,1.7367078322483802,0.9002338269680437,0.9008183943881528,0.8461538461538461,0.8431056123363816,36,16,9,527,0.20891074799828857,0.6734972620001827,1,15,0,0,main,main_N40_B1_K0_S4_1003_ACI-PER
ACR-MCR,S4,1003,40,160,1,0,0.86625,0.8141071428571428,0.37142857142857144,320.390579875321,9.70796740230332,3.9604080957760694,5.089982207007232,0.5355570995200192,0.12201999999999993,0.9818236202193866,1.7329466980191575,0.9000774593338497,0.900852052672347,0.847194659931445,0.8426844668951831,37,16,9,527,0.29721609499938495,0.7352114150000943,1,15,0,0,main,main_N40_B1_K0_S4_1003_ACR-MCR
FROZEN-CP,S4,1003,40,160,1,0,0.8510714285714286,0.8176785714285715,0.35,313.2118054201089,9.551222423192172,3.869298206034098,5.030766967878046,0.529857249280028,0.12129999999999959,1.0100553675864843,1.7312348057263316,0.9179587831207066,0.9144259077526987,0.8722079824240205,0.8645184913950934,36,16,9,527,0.24512355200204183,0.7763491829998657,1,15,0,0,main,main_N40_B1_K0_S4_1003_FROZEN-CP
POINT-EA,S4,1003,40,160,1,0,0.8728571428571429,0.8489285714285715,0.2857142857142857,321.7899818166521,9.708037606631486,3.930349747144282,5.089982207007232,0.5657656524799721,0.12194000000000016,0.8249041441604048,1.7215885097768195,0.9006584043377227,0.9018202943454686,0.8555091668179343,0.8513341804320204,37,17,7,559,0.20353482899918163,0.6119556129999637,1,15,0,1,main,main_N40_B1_K0_S4_1003_POINT-EA
RANDOM-CH,S4,1003,40,160,1,0,0.78,0.49785714285714283,0.7,478.6105666139402,9.516490939285559,3.785551632758308,5.089982207007232,0.5355570995200192,0.10539999999999988,1.026670846374706,2.000103181859092,0.9006584043377227,0.9018202943454686,0.8607570490536887,0.8623020471224411,37,16,16,0,0.04073251099976005,0.4475207760001467,1,15,0,0,main,main_N40_B1_K0_S4_1003_RANDOM-CH
ROLL-CP,S4,1003,40,160,1,0,0.8758928571428571,0.8496428571428571,0.32142857142857145,314.6069635253266,9.570828865942282,3.8636233815304872,5.053588285051769,0.5317571993600251,0.12185999999999987,1.0077723462746742,1.6921550328752266,0.9008006248779535,0.9017769966803358,0.8590726542533772,0.855056589996349,36,16,11,527,0.22708345300111432,0.754969636999931,1,15,0,0,main,main_N40_B1_K0_S4_1003_ROLL-CP
ACI-EVENT,S4,1004,40,160,1,0,0.8958928571428572,0.8476785714285714,0.30714285714285716,326.4576250228897,9.43498935097127,3.699080792227935,5.048290906263361,0.5649976524799732,0.12262000000000003,0.8553113035572686,1.6411531311482466,0.9006829268292683,0.9000975609756098,0.8610763454317898,0.8542821383872699,37,17,11,559,0.20185996899931524,0.6243543600000976,1,15,0,1,main,main_N40_B1_K0_S4_1004_ACI-EVENT
ACI-PER,S4,1004,40,160,1,0,0.8958928571428572,0.8476785714285714,0.30714285714285716,326.4576250228897,9.43498935097127,3.699080792227935,5.048290906263361,0.5649976524799732,0.12262000000000003,0.8553113035572686,1.6411531311482466,0.9006829268292683,0.9000975609756098,0.8610763454317898,0.8542821383872699,37,17,11,559,0.24936756700162732,0.7413188089999494,1,15,0,1,main,main_N40_B1_K0_S4_1004_ACI-PER
ACR-MCR,S4,1004,40,160,1,0,0.9025,0.885,0.17142857142857143,328.5079974975153,9.484687560820579,3.7818487252159065,5.0458561360846526,0.53494269952002,0.12203999999999997,1.1348153805874635,1.6392477637090528,0.9008393519422213,0.9002537575639273,0.8526484180590117,0.8471382865268396,36,16,12,527,0.34098076100099206,0.8142288179999468,1,15,0,0,main,main_N40_B1_K0_S4_1004_ACR-MCR
FROZEN-CP,S4,1004,40,160,1,0,0.9058928571428572,0.87,0.2714285714285714,318.92178365204,9.456101804259008,3.720313245515674,5.048290906263361,0.5649976524799732,0.12249999999999983,0.8616829550107878,1.6289581058155052,0.9075121951219512,0.9114146341463415,0.8563734290843806,0.8581687612208259,37,17,12,559,0.24864763199957451,0.7481375529998786,1,15,0,1,main,main_N40_B1_K0_S4_1004_FROZEN-CP
POINT-EA,S4,1004,40,160,1,0,0.8855357142857143,0.8630357142857142,0.2714285714285714,305.09484505816835,9.4052656227409,3.6997920169575194,5.048290906263361,0.53494269952002,0.12223999999999993,1.1545612934810905,1.6526560574136182,0.9004878048780488,0.9014634146341464,0.8579978237214363,0.8541893362350381,37,16,7,527,0.21662584800151308,0.7270795970000563,1,15,0,0,main,main_N40_B1_K0_S4_1004_POINT-EA
RANDOM-CH,S4,1004,40,160,1,0,0.8594642857142857,0.3392857142857143,0.9,541.4487459819496,10.192057608334363,4.489524002550982,5.048290906263361,0.53494269952002,0.11929999999999977,0.9876570791578423,1.8666772176436561,0.9004878048780488,0.9014634146341464,0.8688582537999293,0.8649699540473665,37,16,16,0,0.04914078699857782,0.5214153819999865,1,15,0,0,main,main_N40_B1_K0_S4_1004_RANDOM-CH
ROLL-CP,S4,1004,40,160,1,0,0.8957142857142857,0.8816071428571428,0.22142857142857142,311.48149269561424,9.431867226990821,3.6960786682474867,5.048290906263361,0.5649976524799732,0.12249999999999985,0.8507437353467646,1.6408954813832328,0.9004878048780488,0.9014634146341464,0.8592486068667985,0.8560129426568398,37,17,11,559,0.21598787700054345,0.6699085840000407,1,15,0,1,main,main_N40_B1_K0_S4_1004_ROLL-CP
ACI-EVENT,S4,1005,40,160,1,0,0.8869642857142858,0.87125,0.2571428571428571,325.66516094123983,9.722330246396298,3.9649208391368673,5.073743754779453,0.5619256524799779,0.12173999999999989,1.2068964931186532,1.7006000081154975,0.9009765625,0.9009765625,0.864135324815548,0.8517185531761742,37,17,11,559,0.18937928399850534,0.5847365629999786,1,15,0,1,main,main_N40_B1_K0_S4_1005_ACI-EVENT
ACI-PER,S4,1005,40,160,1,0,0.8869642857142858,0.87125,0.2571428571428571,325.66516094123983,9.722330246396298,3.9649208391368673,5.073743754779453,0.5619256524799779,0.12173999999999989,1.2068964931186532,1.7006000081154975,0.9009765625,0.9009765625,0.864135324815548,0.8517185531761742,37,17,11,559,0.3001582959982443,0.9269254450000517,1,15,0,1,main,main_N40_B1_K0_S4_1005_ACI-PER
ACR-MCR,S4,1005,40,160,1,0,0.8798214285714285,0.8267857142857142,0.32142857142857145,337.5339870681334,9.704496425433272,3.9770083711337945,5.073743754779453,0.5320242995200245,0.1217199999999997,1.238159291019386,1.709440976824603,0.9009765625,0.9009765625,0.867248752672844,0.8544191019244476,37,16,10,527,0.4169815600000675,0.98960052800021,1,15,0,0,main,main_N40_B1_K0_S4_1005_ACR-MCR
FROZEN-CP,S4,1005,40,160,1,0,0.8880357142857143,0.8683928571428572,0.2642857142857143,313.4988588396574,9.711479347552462,3.954169940293032,5.073743754779453,0.5619256524799779,0.12163999999999964,1.2135521635170143,1.6969210811728923,0.880859375,0.8876953125,0.8432889528607412,0.8391507736595898,37,17,9,559,0.2726944590006042,0.856812471000012,1,15,0,1,main,main_N40_B1_K0_S4_1005_FROZEN-CP
POINT-EA,S4,1005,40,160,1,0,0.8546428571428571,0.83875,0.32857142857142857,302.0022890280539,9.72865680385589,3.9714873965964594,5.073743754779453,0.5619256524799779,0.12149999999999996,1.141917485221205,1.7573440758410204,0.901171875,0.9005859375,0.8567746686303387,0.851620029455081,37,17,8,559,0.20431356899916864,0.6248518440002044,1,15,0,1,main,main_N40_B1_K0_S4_1005_POINT-EA
RANDOM-CH,S4,1005,40,160,1,0,0.7705357142857143,0.24321428571428572,0.9214285714285714,633.5681266921957,9.852369873097983,4.133521818798505,5.073743754779453,0.5320242995200245,0.11308000000000007,0.944664742566285,1.9432682195459532,0.901171875,0.9005859375,0.8892700590813798,0.8835525061940156,37,16,16,0,0.04389702000048601,0.5294393730000593,1,15,0,0,main,main_N40_B1_K0_S4_1005_RANDOM-CH
ROLL-CP,S4,1005,40,160,1,0,0.8798214285714285,0.8341071428571428,0.3,328.91083339223866,9.624715817578684,3.897087763279208,5.073743754779453,0.5320242995200245,0.12185999999999954,1.2337807411561543,1.6953876726402475,0.901171875,0.9005859375,0.8566571224051539,0.8462777380100215,37,16,7,527,0.2067201929987732,0.6533634180000263,1,15,0,0,main,main_N40_B1_K0_S4_1005_ROLL-CP
ACI-EVENT,S4,1006,40,160,1,0,0.8466071428571429,0.8341071428571428,0.30714285714285716,296.5349611571256,9.645003993011429,3.78590333775405,5.229844956057317,0.507835699200062,0.12141999999999982,1.0951555386030907,1.7782087007764433,0.8998031496062993,0.9007874015748032,0.8476953907815631,0.8413190016396429,36,16,7,526,0.1805934619992513,0.581837675000088,1,14,0,1,main,main_N40_B1_K0_S4_1006_ACI-EVENT
ACI-PER,S4,1006,40,160,1,0,0.8466071428571429,0.8341071428571428,0.30714285714285716,296.5349611571256,9.645003993011429,3.78590333775405,5.229844956057317,0.507835699200062,0.12141999999999982,1.0951555386030907,1.7782087007764433,0.8998031496062993,0.9007874015748032,0.8476953907815631,0.8413190016396429,36,16,7,526,0.20404105800025718,0.6320153829999526,1,14,0,1,main,main_N40_B1_K0_S4_1006_ACI-PER
ACR-MCR,S4,1006,40,160,1,0,0.8903571428571428,0.8866071428571428,0.19285714285714287,321.8339919115885,9.74289886370384,3.79281083360282,5.284325577621013,0.5434424524800068,0.12231999999999998,0.9182917130592912,1.7186274234792451,0.9002527707563679,0.9006416488430877,0.855338078291815,0.8480427046263345,37,17,9,559,0.3254054860017277,0.7767158120000204,1,15,0,1,main,main_N40_B1_K0_S4_1006_ACR-MCR
FROZEN-CP,S4,1006,40,160,1,0,0.8510714285714286,0.8392857142857143,0.30714285714285716,300.5827432078346,9.64769862328228,3.761107568781843,5.253547455140379,0.5111235993600569,0.12191999999999996,1.101231913669872,1.7705448014832594,0.8810969637610186,0.8785504407443683,0.8373570520965693,0.8319114176801597,36,16,8,527,0.17870987300216257,0.5741994759998761,1,15,0,0,main,main_N40_B1_K0_S4_1006_FROZEN-CP
POINT-EA,S4,1006,40,160,1,0,0.8873214285714286,0.8730357142857142,0.21428571428571427,313.85523026059064,9.805243259696876,3.8553152295958566,5.284325577621013,0.5434424524800068,0.12215999999999966,0.9923423515351545,1.7348271867828866,0.8977250631926891,0.8983083803227688,0.8606631636165972,0.8532342815727487,37,17,10,559,0.23791054999946937,0.7117675710001095,1,15,0,1,main,main_N40_B1_K0_S4_1006_POINT-EA
RANDOM-CH,S4,1006,40,160,1,0,0.7782142857142857,0.37392857142857144,0.7785714285714286,528.774023702021,10.137748064367711,4.226870987226647,5.284325577621013,0.5144114995200519,0.11214,1.0524767956426737,2.0098628200570405,0.8977250631926891,0.8983083803227688,0.8659754224270353,0.8648233486943164,37,16,16,0,0.04769678899879182,0.58224482300011,1,15,0,0,main,main_N40_B1_K0_S4_1006_RANDOM-CH
ROLL-CP,S4,1006,40,160,1,0,0.8546428571428571,0.8373214285714285,0.2785714285714286,302.4976683214868,9.662040240354427,3.802739952190651,5.228947388624021,0.5088728995397552,0.12147999999999992,1.0951555386030907,1.7666923094449491,0.8974207521165584,0.8982083087221894,0.8474545454545455,0.8407272727272728,36,16,8,527,0.23397020500055987,0.7507631779999429,1,15,0,0,main,main_N40_B1_K0_S4_1006_ROLL-CP
ACI-EVENT,S4,1007,40,160,1,0,0.8339285714285715,0.8323214285714285,0.35,312.8659862136911,9.611995400439941,3.8666362193411956,5.093932381738718,0.5296067993600284,0.12181999999999966,1.0821270437971298,1.79562776021669,0.8989049667579194,0.8992960500586625,0.865092145285382,0.8559670781893004,36,16,7,527,0.21406384300144055,0.6625915299998724,1,15,0,0,main,main_N40_B1_K0_S4_1007_ACI-EVENT
ACI-PER,S4,1007,40,160,1,0,0.8339285714285715,0.8323214285714285,0.35,312.8659862136911,9.611995400439941,3.8666362193411956,5.093932381738718,0.5296067993600284,0.12181999999999966,1.0821270437971298,1.79562776021669,0.8989049667579194,0.8992960500586625,0.865092145285382,0.8559670781893004,36,16,7,527,0.210664824000105,0.6757837190000373,1,15,0,0,main,main_N40_B1_K0_S4_1007_ACI-PER
ACR-MCR,S4,1007,40,160,1,0,0.8625,0.8142857142857143,0.36428571428571427,338.8579457537976,9.832025122566497,4.002445837152496,5.1444048329340255,0.5631544524799761,0.12202000000000006,0.6421217026176913,1.783425561865862,0.8988372093023256,0.8988372093023256,0.8595927116827439,0.8511968560200072,37,17,13,559,0.3175472510004056,0.7581612469998618,1,15,0,1,main,main_N40_B1_K0_S4_1007_ACR-MCR
FROZEN-CP,S4,1007,40,160,1,0,0.8344642857142858,0.8189285714285715,0.37142857142857144,329.76735708135357,9.750198888161792,3.9665175138301225,5.128601874811647,0.5330994995200229,0.1219799999999996,1.082382759327484,1.820425483226623,0.9170390518748786,0.9081018068777928,0.8690118437334277,0.8582287431500796,36,16,8,527,0.20356222100144805,0.633315107000044,1,15,0,0,main,main_N40_B1_K0_S4_1007_FROZEN-CP
POINT-EA,S4,1007,40,160,1,0,0.83,0.8048214285714286,0.4357142857142857,314.7964316453441,9.935006862834888,4.105527577420886,5.1444048329340255,0.5631544524799761,0.12191999999999997,0.9374976993242188,1.8636291245235204,0.9001937984496124,0.9,0.8566478205362028,0.8508115994893306,37,17,10,559,0.18147277400271378,0.5744230540001354,1,15,0,1,main,main_N40_B1_K0_S4_1007_POINT-EA
RANDOM-CH,S4,1007,40,160,1,0,0.5908928571428571,0.2,0.9214285714285714,584.46380581829,9.556353358584209,3.7516340731702065,5.1444048329340255,0.5631544524799761,0.09716000000000022,0.8121296914628159,2.4422063272640453,0.9001937984496124,0.9,0.8806843764070239,0.8811346240432237,37,17,17,0,0.03896513599943319,0.4093843849998393,1,15,0,1,main,main_N40_B1_K0_S4_1007_RANDOM-CH
ROLL-CP,S4,1007,40,160,1,0,0.8060714285714285,0.7971428571428572,0.45,315.60286842038624,9.590647095979099,3.840427567176314,5.09690637936276,0.5313531494400257,0.1219599999999996,1.0821270437971298,1.8454198760783334,0.900312744331509,0.8999218139171228,0.8644556596971882,0.8586878154289834,36,16,5,527,0.2021006209990901,0.6489759880000747,1,15,0,0,main,main_N40_B1_K0_S4_1007_ROLL-CP
ACI-EVENT,S4,1008,40,160,1,0,0.8632142857142857,0.7951785714285714,0.40714285714285714,353.2597788424613,10.100407161324434,3.947124587442662,5.5013353214017435,0.5295672524800281,0.12237999999999986,0.8503939207416327,1.8189099876327093,0.9004849660523764,0.8997090203685743,0.8510376362996834,0.8482237073513894,37,17,11,559,0.21491872500018872,0.6572241929998199,1,15,0,1,main,main_N40_B1_K0_S4_1008_ACI-EVENT
ACI-PER,S4,1008,40,160,1,0,0.8632142857142857,0.7951785714285714,0.40714285714285714,353.2597788424613,10.100407161324434,3.947124587442662,5.5013353214017435,0.5295672524800281,0.12237999999999986,0.8503939207416327,1.8189099876327093,0.9004849660523764,0.8997090203685743,0.8510376362996834,0.8482237073513894,37,17,11,559,0.21048470300024746,0.6714672160001101,1,15,0,1,main,main_N40_B1_K0_S4_1008_ACI-PER
ACR-MCR,S4,1008,40,160,1,0,0.8698214285714285,0.8457142857142858,0.30714285714285716,337.5257378923794,9.985356181360057,3.891984096574231,5.450379782705786,0.5215523020800406,0.12143999999999963,1.026585521156072,1.7862891201001891,0.9001572327044025,0.8995676100628931,0.8610017889087657,0.8554561717352415,34,17,10,559,0.3467252549992281,0.8243251220001184,1,15,0,1,main,main_N40_B1_K0_S4_1008_ACR-MCR
FROZEN-CP,S4,1008,40,160,1,0,0.8576785714285714,0.8058928571428572,0.40714285714285714,336.90863725602117,10.143088150853536,3.9900255769717647,5.5013353214017435,0.5295672524800281,0.12215999999999957,0.8512043078663518,1.8368504438343964,0.9121241513094084,0.9028128031037828,0.8563034188034188,0.8450854700854701,37,17,7,559,0.18290878599964344,0.5773732820000532,1,15,0,1,main,main_N40_B1_K0_S4_1008_FROZEN-CP
POINT-EA,S4,1008,40,160,1,0,0.8541071428571428,0.78375,0.4,356.14635508239445,10.17807227392888,4.053570253007065,5.5013353214017435,0.5014066995200719,0.12175999999999973,0.9380076972831131,1.8498859094745328,0.9012609117361785,0.9004849660523764,0.8506179473401397,0.845423607379545,37,16,10,527,0.20782171399764593,0.675801416000013,1,15,0,0,main,main_N40_B1_K0_S4_1008_POINT-EA
RANDOM-CH,S4,1008,40,160,1,0,0.7192857142857143,0.25839285714285715,0.8642857142857143,614.5350932320803,10.29171142854523,4.1557888546634585,5.5013353214017435,0.5295672524800281,0.10501999999999986,0.9384520779426903,2.2156536982874555,0.9012609117361785,0.9004849660523764,0.8624414102302833,0.8610148767067455,37,17,17,0,0.03921862999982295,0.4271414869999717,1,15,0,1,main,main_N40_B1_K0_S4_1008_RANDOM-CH
ROLL-CP,S4,1008,40,160,1,0,0.8633928571428572,0.7933928571428571,0.42142857142857143,352.94048196764385,10.099632010954076,3.9463494370723047,5.5013353214017435,0.5295672524800281,0.12237999999999982,0.8496832059264848,1.818442925991011,0.9012609117361785,0.9004849660523764,0.8535513361462729,0.8477496483825597,37,17,11,559,0.18952568500026246,0.5843595499998173,1,15,0,1,main,main_N40_B1_K0_S4_1008_ROLL-CP
ACI-EVENT,S4,1009,40,160,1,0,0.9014285714285715,0.8457142857142858,0.29285714285714287,350.6649210259957,9.893955041657609,4.039012601901093,5.226920540236453,0.5063218995200642,0.12169999999999984,1.0561533603764495,1.7272966204011189,0.9006223259432128,0.9014002333722287,0.8544349070100143,0.8413805436337625,37,16,9,527,0.21630090300118354,0.6853408500001024,1,15,0,0,main,main_N40_B1_K0_S4_1009_ACI-EVENT
ACI-PER,S4,1009,40,160,1,0,0.9014285714285715,0.8457142857142858,0.29285714285714287,350.6649210259957,9.893955041657609,4.039012601901093,5.226920540236453,0.5063218995200642,0.12169999999999984,1.0561533603764495,1.7272966204011189,0.9006223259432128,0.9014002333722287,0.8544349070100143,0.8413805436337625,37,16,9,527,0.18438081800013606,0.6186981220000689,1,15,0,0,main,main_N40_B1_K0_S4_1009_ACI-PER
ACR-MCR,S4,1009,40,160,1,0,0.8855357142857143,0.8430357142857143,0.34285714285714286,337.1321032166187,9.958271583360242,4.0751813906437695,5.226920540236453,0.53478965248002,0.1213799999999998,1.048326851317551,1.7659641041603549,0.9006223259432128,0.9014002333722287,0.8494700916112807,0.8410274833842285,37,17,13,559,0.3367367439989266,0.7943971820000115,1,15,0,1,main,main_N40_B1_K0_S4_1009_ACR-MCR
FROZEN-CP,S4,1009,40,160,1,0,0.8998214285714285,0.8617857142857143,0.25,350.61921669181913,9.897922154228242,4.014411961511769,5.226920540236453,0.53478965248002,0.12179999999999978,1.0343155387412393,1.7307085424424271,0.8866199922209257,0.897316219369895,0.8502560480310789,0.8467243510506799,37,17,11,559,0.1896120350018009,0.603166986000133,1,15,0,1,main,main_N40_B1_K0_S4_1009_FROZEN-CP
POINT-EA,S4,1009,40,160,1,0,0.8632142857142857,0.8348214285714286,0.35,328.63302290667923,9.915423744079394,4.031933551362921,5.226920540236453,0.53478965248002,0.12177999999999987,1.052624127104865,1.798227011983931,0.8990665110851809,0.9035394788020226,0.8565439300036456,0.8474298213634707,37,17,11,559,0.20543892700061406,0.6412609930000599,1,15,0,1,main,main_N40_B1_K0_S4_1009_POINT-EA
RANDOM-CH,S4,1009,40,160,1,0,0.8241071428571428,0.26535714285714285,0.8714285714285714,597.6962364111578,10.345432480662433,4.495750040905917,5.226920540236453,0.5063218995200642,0.11644000000000003,1.0606120106485477,1.9286786876701032,0.8990665110851809,0.9035394788020226,0.8864668483197093,0.8806539509536785,37,16,16,0,0.03631110399987847,0.43343580900000234,1,15,0,0,main,main_N40_B1_K0_S4_1009_RANDOM-CH
ROLL-CP,S4,1009,40,160,1,0,0.8876785714285714,0.8451785714285714,0.3142857142857143,353.82438433949955,9.832194479718265,3.9679714381829685,5.209750939135274,0.5329921024000228,0.12147999999999988,1.0151629489432707,1.7399034648236178,0.8988083610080094,0.903496776714202,0.855998576005696,0.8479886080455679,36,17,10,559,0.2136270399996647,0.6784198809998543,1,15,0,1,main,main_N40_B1_K0_S4_1009_ROLL-CP
ACI-EVENT,S4,1010,40,160,1,0,0.86375,0.8517857142857143,0.3142857142857143,324.14226146839343,9.843070792890224,3.8825508848527392,5.30022625555747,0.5383736524800145,0.12191999999999963,0.9400780436708932,1.7586333380186212,0.9003697217357463,0.900758902510216,0.8505072076882008,0.8492614344189358,37,17,8,559,0.19561117599914724,0.5962738670000363,1,15,0,1,main,main_N40_B1_K0_S4_1010_ACI-EVENT
ACI-PER,S4,1010,40,160,1,0,0.86375,0.8517857142857143,0.3142857142857143,324.14226146839343,9.843070792890224,3.8825508848527392,5.30022625555747,0.5383736524800145,0.12191999999999963,0.9400780436708932,1.7586333380186212,0.9003697217357463,0.900758902510216,0.8505072076882008,0.8492614344189358,37,17,8,559,0.20369739500142714,0.6319713480002065,1,15,0,1,main,main_N40_B1_K0_S4_1010_ACI-PER
ACR-MCR,S4,1010,40,160,1,0,0.8676785714285714,0.8428571428571429,0.3142857142857143,321.1488076548513,9.745966230752874,3.8137964756753457,5.30022625555747,0.5098034995200589,0.12214000000000008,0.8684126517146962,1.7344663162044625,0.9003697217357463,0.900758902510216,0.8591397849462366,0.8541218637992831,37,16,8,527,0.31687703400166356,0.7744945770000413,1,15,0,0,main,main_N40_B1_K0_S4_1010_ACR-MCR
FROZEN-CP,S4,1010,40,160,1,0,0.8767857142857143,0.8610714285714286,0.29285714285714287,331.5155344994178,9.849321734501572,3.888821826464089,5.30022625555747,0.5383736524800145,0.1218999999999999,0.9473669893516083,1.7370937803353743,0.9028993967697996,0.9005643121229812,0.8468100231028968,0.8436111604762752,37,17,8,559,0.2105537850031851,0.6576719550000689,1,15,0,1,main,main_N40_B1_K0_S4_1010_FROZEN-CP
POINT-EA,S4,1010,40,160,1,0,0.8905357142857143,0.88625,0.24285714285714285,304.10254295283875,9.829514931024685,3.8685150229872005,5.30022625555747,0.5383736524800145,0.1223999999999999,0.7020981149012996,1.710373226209272,0.9013426736719206,0.9027048063825647,0.8653149891383056,0.8606082548877625,37,17,9,559,0.21906712900022285,0.6543984679999539,1,15,0,1,main,main_N40_B1_K0_S4_1010_POINT-EA
RANDOM-CH,S4,1010,40,160,1,0,0.8071428571428572,0.34910714285714284,0.8285714285714286,576.564063816939,10.163507548572339,4.25057779349481,5.30022625555747,0.5098034995200589,0.10289999999999998,0.9925704167345222,2.12137498404766,0.9013426736719206,0.9027048063825647,0.8706831831831832,0.8680555555555556,37,16,16,0,0.03779459100019267,0.44034161099989433,1,15,0,0,main,main_N40_B1_K0_S4_1010_RANDOM-CH
ROLL-CP,S4,1010,40,160,1,0,0.8771428571428571,0.8625,0.3,327.8517841277169,9.73404998279426,3.7731100747567767,5.30022625555747,0.5383736524800145,0.12233999999999996,0.9473669893516083,1.7161583185462377,0.9013426736719206,0.9027048063825647,0.8570418801908465,0.8550980738646404,37,17,8,559,0.2176518919989121,0.6743337420000444,1,15,0,1,main,main_N40_B1_K0_S4_1010_ROLL-CP
ACI-EVENT,S4,1011,40,160,1,0,0.8717857142857143,0.8569642857142857,0.2857142857142857,309.1726674349059,9.880569891584328,3.8609199503148264,5.395007488789433,0.50248245248007,0.12215999999999938,0.993376485206123,1.7562335392080213,0.9000193386192226,0.9004061110036743,0.8634892086330935,0.8579136690647482,37,17,7,559,0.20440883700052837,0.6426015889999235,1,15,0,1,main,main_N40_B1_K0_S4_1011_ACI-EVENT
ACI-PER,S4,1011,40,160,1,0,0.8717857142857143,0.8569642857142857,0.2857142857142857,309.1726674349059,9.880569891584328,3.8609199503148264,5.395007488789433,0.50248245248007,0.12215999999999938,0.993376485206123,1.7562335392080213,0.9000193386192226,0.9004061110036743,0.8634892086330935,0.8579136690647482,37,17,7,559,0.18128404099911677,0.577260077000119,1,15,0,1,main,main_N40_B1_K0_S4_1011_ACI-PER
ACR-MCR,S4,1011,40,160,1,0,0.8855357142857143,0.8694642857142857,0.20714285714285716,321.2454108822081,9.81781265681267,3.798182715543168,5.395007488789433,0.50248245248007,0.12213999999999994,0.9504483158896488,1.721517211434801,0.9000193386192226,0.9004061110036743,0.8805491174897486,0.871278302727759,37,17,10,559,0.3057512950006185,0.7119124690000262,1,15,0,1,main,main_N40_B1_K0_S4_1011_ACR-MCR
FROZEN-CP,S4,1011,40,160,1,0,0.8757142857142857,0.8619642857142857,0.2714285714285714,308.34260605511037,9.853540553204452,3.8336906119349488,5.395007488789433,0.50248245248007,0.12235999999999964,0.967557860537661,1.7446070384568788,0.908721717269387,0.9050473796170954,0.8698543951105518,0.8664389717778177,37,17,8,559,0.2069686059983269,0.6376807160002045,1,15,0,1,main,main_N40_B1_K0_S4_1011_FROZEN-CP
POINT-EA,S4,1011,40,160,1,0,0.8764285714285714,0.8683928571428572,0.24285714285714285,301.35673986445397,9.868630381051997,3.8762369927425038,5.395007488789433,0.47534589952006095,0.12203999999999977,1.093462813819306,1.746042176406935,0.900986269580352,0.9015664281570296,0.8728721477725462,0.8650851140890982,37,16,7,527,0.1865234210017661,0.6102108400000361,1,15,0,0,main,main_N40_B1_K0_S4_1011_POINT-EA
RANDOM-CH,S4,1011,40,160,1,0,0.7403571428571428,0.42214285714285715,0.7428571428571429,476.580978899821,9.922777264743603,3.94946387643411,5.395007488789433,0.47534589952006095,0.1029599999999999,1.1057516865765988,2.0850551092127763,0.900986269580352,0.9015664281570296,0.8829962855963681,0.8747420553033429,37,16,16,0,0.03954704799980391,0.44901624899989656,1,15,0,0,main,main_N40_B1_K0_S4_1011_RANDOM-CH
ROLL-CP,S4,1011,40,160,1,0,0.8733928571428572,0.8585714285714285,0.2785714285714286,308.9182691424498,9.878590064251489,3.858920122981987,5.395007488789433,0.50248245248007,0.12217999999999939,0.993376485206123,1.7530772074980459,0.900986269580352,0.9015664281570296,0.863333932745909,0.8584786908829347,37,17,7,559,0.1881017700004577,0.5837131929999941,1,15,0,1,main,main_N40_B1_K0_S4_1011_ROLL-CP
ACI-EVENT,S4,1012,40,160,1,0,0.8189285714285715,0.8019642857142857,0.4357142857142857,307.0497754675448,9.754090948719282,3.9942100222510732,5.1187318269481645,0.5194290995200441,0.12171999999999994,1.0775399937273644,1.8466662152062252,0.9002135507668414,0.899048728402252,0.8530960595605593,0.8438351189395316,37,16,8,527,0.209697295999149,0.644986327999959,1,15,0,0,main,main_N40_B1_K0_S4_1012_ACI-EVENT
ACI-PER,S4,1012,40,160,1,0,0.8189285714285715,0.8019642857142857,0.4357142857142857,307.0497754675448,9.754090948719282,3.9942100222510732,5.1187318269481645,0.5194290995200441,0.12171999999999994,1.0775399937273644,1.8466662152062252,0.9002135507668414,0.899048728402252,0.8530960595605593,0.8438351189395316,37,16,8,527,0.20822148499792092,0.6612308100000064,1,15,0,0,main,main_N40_B1_K0_S4_1012_ACI-PER
ACR-MCR,S4,1012,40,160,1,0,0.8714285714285714,0.765,0.42857142857142855,367.7452362477202,9.802374719331969,4.013246839903805,5.1187318269481645,0.5487160524799986,0.12168000000000002,1.0212281576343725,1.7579581634383015,0.9002135507668414,0.899048728402252,0.8593833541258242,0.8538584922473712,37,17,14,559,0.33884686100009276,0.7954835689999982,1,15,0,1,main,main_N40_B1_K0_S4_1012_ACR-MCR
FROZEN-CP,S4,1012,40,160,1,0,0.8182142857142857,0.8064285714285714,0.4642857142857143,292.5940816578211,9.66339322596486,3.903292299496653,5.1187318269481645,0.5194290995200441,0.12193999999999951,1.0764604178223383,1.8308816267459,0.8841001747233547,0.8827412152980004,0.8533212010919017,0.8449499545040946,37,16,5,527,0.1962465680007881,0.65364005299989,1,15,0,0,main,main_N40_B1_K0_S4_1012_FROZEN-CP
POINT-EA,S4,1012,40,160,1,0,0.8375,0.7853571428571429,0.38571428571428573,326.79908005478427,9.729933281359218,3.9698123548910087,5.1187318269481645,0.5194290995200441,0.12196000000000001,1.0633794840813355,1.8065230748903114,0.8998252766453116,0.9007959619491361,0.8736573821227016,0.8665574367376662,37,16,10,527,0.27039931400190653,0.7697225459999117,1,15,0,0,main,main_N40_B1_K0_S4_1012_POINT-EA
RANDOM-CH,S4,1012,40,160,1,0,0.7451785714285715,0.3289285714285714,0.95,570.4892803251695,10.51067146998911,4.7553905435209005,5.1187318269481645,0.5194290995200441,0.1171199999999998,1.1382782112608176,2.1680427949647503,0.8998252766453116,0.9007959619491361,0.870018281535649,0.8658135283363803,37,16,16,0,0.04408623799986344,0.5063939660001324,1,15,0,0,main,main_N40_B1_K0_S4_1012_RANDOM-CH
ROLL-CP,S4,1012,40,160,1,0,0.8185714285714286,0.8003571428571429,0.4357142857142857,307.094366406574,9.754243388943971,3.9943624624757623,5.1187318269481645,0.5194290995200441,0.12171999999999997,1.0775399937273644,1.8473945812393884,0.8998252766453116,0.9007959619491361,0.8527328854185582,0.843653531868531,37,16,8,527,0.2261432969996804,0.6996772640000017,1,15,0,0,main,main_N40_B1_K0_S4_1012_ROLL-CP
ACI-EVENT,S4,1013,40,160,1,0,0.8807142857142857,0.8248214285714286,0.2714285714285714,351.6780750315574,9.553947415818563,3.8801024743525367,4.992752639386045,0.5599523020799811,0.12114,0.9626911531827427,1.7030209297359291,0.8993920376544421,0.8993920376544421,0.8509239516702203,0.8454157782515992,36,17,8,559,0.21070188199928452,0.6481658540001263,1,15,0,1,main,main_N40_B1_K0_S4_1013_ACI-EVENT
ACI-PER,S4,1013,40,160,1,0,0.8807142857142857,0.8248214285714286,0.2714285714285714,351.6780750315574,9.553947415818563,3.8801024743525367,4.992752639386045,0.5599523020799811,0.12114,0.9626911531827427,1.7030209297359291,0.8993920376544421,0.8993920376544421,0.8509239516702203,0.8454157782515992,36,17,8,559,0.19478158100059773,0.6081537430000026,1,15,0,1,main,main_N40_B1_K0_S4_1013_ACI-PER
ACR-MCR,S4,1013,40,160,1,0,0.8698214285714285,0.8035714285714286,0.38571428571428573,366.6408926846282,9.542809627971646,3.9014560048097247,4.988750723961896,0.5311828992000259,0.12141999999999972,0.9532334382215282,1.71973502035892,0.8992735126644414,0.8994698605929707,0.8612533097969991,0.8540158870255957,36,16,9,527,0.3215985579995504,0.7681069519999255,1,15,0,0,main,main_N40_B1_K0_S4_1013_ACR-MCR
FROZEN-CP,S4,1013,40,160,1,0,0.86125,0.7753571428571429,0.4785714285714286,372.10038211148765,9.597309069679403,3.9490393493012927,4.996006821178085,0.5311828992000259,0.12107999999999983,0.9665639133010846,1.744648076655045,0.9086990595611285,0.9102664576802508,0.8646923213335698,0.8544068097180351,36,16,12,527,0.20963903200095046,0.6516695099999197,1,15,0,0,main,main_N40_B1_K0_S4_1013_FROZEN-CP
POINT-EA,S4,1013,40,160,1,0,0.7991071428571429,0.7373214285714286,0.5214285714285715,356.1519012707898,9.490444954694638,3.879462005966277,4.96255754968833,0.5274853990400317,0.12094000000000031,0.9786451596988581,1.8417319919842108,0.8990318118948825,0.8994269907132978,0.8574762161191887,0.8524501884760366,35,16,7,527,0.1975273349996769,0.6203258030000143,1,15,0,0,main,main_N40_B1_K0_S4_1013_POINT-EA
RANDOM-CH,S4,1013,40,160,1,0,0.6626785714285715,0.21839285714285714,0.9071428571428571,618.3157233774399,9.873819938457284,4.0936613639067545,5.105526522070563,0.5694520524799664,0.10518000000000002,1.152174363964806,2.277172495031661,0.8998847040737894,0.8996925441967717,0.8670614662037982,0.8601184398611394,37,17,17,0,0.04001975199935259,0.4304854479998994,1,15,0,1,main,main_N40_B1_K0_S4_1013_RANDOM-CH
ROLL-CP,S4,1013,40,160,1,0,0.8419642857142857,0.7682142857142857,0.4,342.5531108224914,9.471233659101552,3.799359726339281,4.990301630682289,0.5599523020799811,0.12161999999999963,0.9624678533993734,1.7562087259598649,0.8999215070643642,0.8993328100470958,0.8567314614830813,0.8506119510439165,36,17,11,559,0.19753403000231629,0.6260344960001021,1,15,0,1,main,main_N40_B1_K0_S4_1013_ROLL-CP
ACI-EVENT,S4,1014,40,160,1,0,0.8667857142857143,0.8166071428571429,0.35714285714285715,314.16312032314846,9.727621112858406,3.83738407141468,5.253494341923675,0.5144626995200516,0.1222799999999996,1.1423483809816954,1.7689800168864167,0.8999610743479953,0.8995718178279486,0.8577874029958491,0.8536365277025808,37,16,6,527,0.19859757699873626,0.6582215189998806,1,15,0,0,main,main_N40_B1_K0_S4_1014_ACI-EVENT
ACI-PER,S4,1014,40,160,1,0,0.8667857142857143,0.8166071428571429,0.35714285714285715,314.16312032314846,9.727621112858406,3.83738407141468,5.253494341923675,0.5144626995200516,0.1222799999999996,1.1423483809816954,1.7689800168864167,0.8999610743479953,0.8995718178279486,0.8577874029958491,0.8536365277025808,37,16,6,527,0.20048130899817806,0.6415807930000028,1,15,0,0,main,main_N40_B1_K0_S4_1014_ACI-PER
ACR-MCR,S4,1014,40,160,1,0,0.905,0.8425,0.2642857142857143,351.0799506669206,9.913912342540618,3.9953203481369366,5.253494341923675,0.5432376524800069,0.12185999999999965,0.8943026054517733,1.7353251080939291,0.8999610743479953,0.8995718178279486,0.8550316678395496,0.8471147079521464,37,17,11,559,0.32337951999897996,0.7521847519999483,1,15,0,1,main,main_N40_B1_K0_S4_1014_ACR-MCR
FROZEN-CP,S4,1014,40,160,1,0,0.8905357142857143,0.8571428571428571,0.2642857142857143,335.12366034624137,9.723099030372353,3.8039270359686714,5.253494341923675,0.5432376524800069,0.12243999999999969,1.0222783426963946,1.7264025266996368,0.9054106656286492,0.9069676917088362,0.8678171143924569,0.8617683686176837,37,17,7,559,0.20717704499975298,0.619527072999972,1,15,0,1,main,main_N40_B1_K0_S4_1014_FROZEN-CP
POINT-EA,S4,1014,40,160,1,0,0.87375,0.8405357142857143,0.30714285714285716,312.2161347856235,9.846836836921069,3.9568797954773434,5.253494341923675,0.5144626995200516,0.12199999999999976,1.137673429931018,1.778049266327387,0.8991825613079019,0.8980147917477618,0.8616192718710378,0.8540119543560949,37,16,8,527,0.17996687500271946,0.5824362409998685,1,15,0,0,main,main_N40_B1_K0_S4_1014_POINT-EA
RANDOM-CH,S4,1014,40,160,1,0,0.7542857142857143,0.3844642857142857,0.7714285714285715,569.6231223419072,10.479715362656389,4.596598321212662,5.253494341923675,0.5144626995200516,0.11515999999999973,0.9502794701598213,2.1261341778568448,0.8991825613079019,0.8980147917477618,0.8780980356159354,0.8766293372498624,37,16,16,0,0.04045288200040886,0.4487823270001172,1,15,0,0,main,main_N40_B1_K0_S4_1014_RANDOM-CH
ROLL-CP,S4,1014,40,160,1,0,0.88125,0.8653571428571428,0.2357142857142857,324.8562114839319,9.750734202115966,3.831642207712285,5.253494341923675,0.5432376524800069,0.12235999999999979,1.0184994460629948,1.7474434053971264,0.8991825613079019,0.8980147917477618,0.8628010704727922,0.8535236396074933,37,17,8,559,0.18966580700248414,0.5824755990001904,1,15,0,1,main,main_N40_B1_K0_S4_1014_ROLL-CP
ACI-EVENT,S4,1015,40,160,1,0,0.8982142857142857,0.8941071428571429,0.18571428571428572,299.988581785267,9.892035484462374,3.8268386068705715,5.3913376251118095,0.5518392524799938,0.12202000000000007,0.9524915417270171,1.7090593442402167,0.9020447906523856,0.9008763388510224,0.8571171495411193,0.8524383660248336,37,17,8,559,0.2934933909987194,0.9190856069999427,1,15,0,1,main,main_N40_B1_K0_S4_1015_ACI-EVENT
ACI-PER,S4,1015,40,160,1,0,0.8982142857142857,0.8941071428571429,0.18571428571428572,299.988581785267,9.892035484462374,3.8268386068705715,5.3913376251118095,0.5518392524799938,0.12202000000000007,0.9524915417270171,1.7090593442402167,0.9020447906523856,0.9008763388510224,0.8571171495411193,0.8524383660248336,37,17,8,559,0.3006246730003568,0.9047568670000601,1,15,0,1,main,main_N40_B1_K0_S4_1015_ACI-PER
ACR-MCR,S4,1015,40,160,1,0,0.9183928571428571,0.8732142857142857,0.2,328.39336384295467,9.884868798939822,3.8487612743079724,5.3913376251118095,0.5224498995200395,0.12231999999999983,0.992429813027118,1.6751175731130015,0.9020447906523856,0.9008763388510224,0.8575254418853776,0.8482413854668809,37,16,11,527,0.38166760600279304,0.896847593999837,1,15,0,0,main,main_N40_B1_K0_S4_1015_ACR-MCR
FROZEN-CP,S4,1015,40,160,1,0,0.8932142857142857,0.8789285714285714,0.24285714285714285,313.22559886770847,9.883834990056766,3.8183781124649623,5.3913376251118095,0.5518392524799938,0.12227999999999978,0.9535906024181446,1.715943574662633,0.881207400194742,0.885491723466407,0.8474241608328846,0.8458086519475857,37,17,10,559,0.211112372000116,0.6459330119998867,1,15,0,1,main,main_N40_B1_K0_S4_1015_FROZEN-CP
POINT-EA,S4,1015,40,160,1,0,0.8885714285714286,0.8810714285714286,0.22142857142857142,311.01824291095437,9.942905379444905,3.8776285018531023,5.3913376251118095,0.5518392524799938,0.1220999999999998,1.032172155407556,1.7340260515250967,0.9010710808179163,0.9006815968841285,0.864394488759971,0.8553299492385786,37,17,11,559,0.30186083899889127,0.9414251050000075,1,15,0,1,main,main_N40_B1_K0_S4_1015_POINT-EA
RANDOM-CH,S4,1015,40,160,1,0,0.8439285714285715,0.43089285714285713,0.8071428571428572,535.180247524115,10.616845118665484,4.584737594033635,5.3913376251118095,0.5224498995200395,0.11831999999999993,1.0276599785436324,1.9679045632373464,0.9010710808179163,0.9006815968841285,0.8856835692528221,0.8779788568356925,37,16,16,0,0.04735170400022071,0.5971795129999009,1,15,0,0,main,main_N40_B1_K0_S4_1015_RANDOM-CH
ROLL-CP,S4,1015,40,160,1,0,0.8857142857142857,0.8553571428571428,0.3,315.4035268598994,9.932317519556543,3.8668606419647396,5.3913376251118095,0.5518392524799938,0.12227999999999943,0.9480360476887577,1.7370264986982413,0.9010710808179163,0.9006815968841285,0.8547425474254743,0.846973803071364,37,17,8,559,0.21591353200210506,0.6699411419999706,1,15,0,1,main,main_N40_B1_K0_S4_1015_ROLL-CP
ACI-EVENT,S4,1016,40,160,1,0,0.9066071428571428,0.8973214285714286,0.17142857142857143,313.6475989716129,9.819124189514195,3.9502910626690384,5.238458574525098,0.5094345523200592,0.1209399999999996,0.9142184850603114,1.6770493918897005,0.9010816125860374,0.9014749262536873,0.8521050737675423,0.8467074487225621,36,17,7,559,0.1998281550008869,0.645823337000138,1,15,0,1,main,main_N40_B1_K0_S4_1016_ACI-EVENT
ACI-PER,S4,1016,40,160,1,0,0.9066071428571428,0.8973214285714286,0.17142857142857143,313.6475989716129,9.819124189514195,3.9502910626690384,5.238458574525098,0.5094345523200592,0.1209399999999996,0.9142184850603114,1.6770493918897005,0.9010816125860374,0.9014749262536873,0.8521050737675423,0.8467074487225621,36,17,7,559,0.22465203300043868,0.6981330220000928,1,15,0,1,main,main_N40_B1_K0_S4_1016_ACI-PER
ACR-MCR,S4,1016,40,160,1,0,0.8951785714285714,0.8471428571428572,0.3142857142857143,331.4936916533898,9.86846499339934,3.98668824539921,5.274530848480064,0.48558589952006637,0.12165999999999924,1.0778484339126022,1.7041037805904573,0.9010132501948558,0.9015978176149649,0.8579352299159062,0.8563249239577742,37,16,12,527,0.3734486500006824,0.9154869920000692,1,15,0,0,main,main_N40_B1_K0_S4_1016_ACR-MCR
FROZEN-CP,S4,1016,40,160,1,0,0.9092857142857143,0.8866071428571428,0.17142857142857143,318.8288968630703,9.840742732874501,3.9727311855287692,5.238050813810204,0.5091807335355284,0.1207799999999997,0.915896642947966,1.6764468028747022,0.8874901652242329,0.8941778127458694,0.8389647735442128,0.8405823148813804,36,17,8,559,0.21577763200002664,0.6743679429998792,1,15,0,1,main,main_N40_B1_K0_S4_1016_FROZEN-CP
POINT-EA,S4,1016,40,160,1,0,0.8971428571428571,0.8817857142857143,0.2,305.73216188314296,9.917678983004832,4.008616082044713,5.274530848480064,0.5131320524800534,0.12139999999999991,1.00335248287228,1.7093552194079336,0.9012081060015589,0.9023772408417771,0.8614742193173566,0.8563907044299202,37,17,9,559,0.18767434499955016,0.598366378000037,1,15,0,1,main,main_N40_B1_K0_S4_1016_POINT-EA
RANDOM-CH,S4,1016,40,160,1,0,0.8578571428571429,0.5121428571428571,0.75,449.9998303337147,10.423123518756505,4.544206770756374,5.274530848480064,0.48558589952006637,0.11880000000000002,1.0699697058801885,1.9048105845680747,0.9012081060015589,0.9023772408417771,0.8629764065335753,0.8600725952813068,37,16,16,0,0.04923330800011172,0.6042016650001187,1,15,0,0,main,main_N40_B1_K0_S4_1016_RANDOM-CH
ROLL-CP,S4,1016,40,160,1,0,0.8955357142857143,0.8864285714285715,0.20714285714285716,315.41687857485744,9.836180974162179,3.9645240041360394,5.24150241770608,0.5094345523200592,0.12071999999999974,0.9148446422684724,1.6979425123704779,0.9007273442107332,0.9022999803420484,0.8467113607537597,0.8409132089146585,36,17,9,559,0.21917086200073754,0.6966591509999489,1,15,0,1,main,main_N40_B1_K0_S4_1016_ROLL-CP
ACI-EVENT,S4,1017,40,160,1,0,0.8683928571428572,0.8601785714285715,0.2714285714285714,291.376656403317,9.61289656509681,3.738341406469324,5.206026059107483,0.5463090995200025,0.12221999999999997,1.0126222563029454,1.7086556283499483,0.8995952977452303,0.9001734438234728,0.8687145730480892,0.8641433534466996,37,16,6,527,0.19843109499970524,0.6211423820000164,1,15,0,0,main,main_N40_B1_K0_S4_1017_ACI-EVENT
ACI-PER,S4,1017,40,160,1,0,0.8683928571428572,0.8601785714285715,0.2714285714285714,291.376656403317,9.61289656509681,3.738341406469324,5.206026059107483,0.5463090995200025,0.12221999999999997,1.0126222563029454,1.7086556283499483,0.8995952977452303,0.9001734438234728,0.8687145730480892,0.8641433534466996,37,16,6,527,0.1752794420006012,0.6159217409999656,1,15,0,0,main,main_N40_B1_K0_S4_1017_ACI-PER
ACR-MCR,S4,1017,40,160,1,0,0.9114285714285715,0.9016071428571428,0.18571428571428572,314.7112484202454,9.723382300814842,3.8176833892274065,5.206026059107483,0.5775928524799537,0.12208000000000006,0.9805936571899981,1.6573005455624412,0.8995952977452303,0.9001734438234728,0.8693637497772233,0.8617002316877562,37,17,7,559,0.4326660980004817,1.0053707849999682,1,15,0,1,main,main_N40_B1_K0_S4_1017_ACR-MCR
FROZEN-CP,S4,1017,40,160,1,0,0.8917857142857143,0.8816071428571428,0.20714285714285716,305.62791130733416,9.699879549440743,3.825824390813257,5.206026059107483,0.5463090995200025,0.12171999999999993,1.0115640532351124,1.6848844101859897,0.8884178068992099,0.9028714588552708,0.8444040036396724,0.8484076433121019,37,16,5,527,0.22118842799841332,0.6900554129999819,1,15,0,0,main,main_N40_B1_K0_S4_1017_FROZEN-CP
POINT-EA,S4,1017,40,160,1,0,0.8755357142857143,0.8585714285714285,0.3,294.49995998174376,9.735907041440866,3.8305681298534298,5.206026059107483,0.5775928524799537,0.1217199999999998,0.971322484569167,1.7183033959479113,0.900558874542301,0.900558874542301,0.8689819919147372,0.868614479970599,37,17,6,559,0.1834169819987892,0.5833360039998752,1,15,0,1,main,main_N40_B1_K0_S4_1017_POINT-EA
RANDOM-CH,S4,1017,40,160,1,0,0.8442857142857143,0.65,0.55,408.7830880659522,10.17370067612322,4.301945517495735,5.206026059107483,0.5463090995200025,0.11941999999999971,1.1437421878797183,1.8599087159274625,0.900558874542301,0.900558874542301,0.8721596157398854,0.8692037687049695,37,16,16,0,0.04370697700028359,0.4914427879998584,1,15,0,0,main,main_N40_B1_K0_S4_1017_RANDOM-CH
ROLL-CP,S4,1017,40,160,1,0,0.8803571428571428,0.8733928571428572,0.21428571428571427,294.9076656490829,9.645208646302493,3.7711134876750068,5.206026059107483,0.5463090995200025,0.12175999999999984,1.0130831354165553,1.6942224918852087,0.900558874542301,0.900558874542301,0.8531073446327684,0.8518316019682887,37,16,5,527,0.2686952919991654,0.852248685999939,1,15,0,0,main,main_N40_B1_K0_S4_1017_ROLL-CP
ACI-EVENT,S4,1018,40,160,1,0,0.9016071428571428,0.8867857142857143,0.18571428571428572,316.8679538904139,9.886561440922193,3.8208441183504145,5.3994691702517725,0.5441481523200057,0.12209999999999985,1.0673647403907667,1.7095904272734208,0.9003898635477583,0.9003898635477583,0.8544802867383513,0.8508960573476703,36,17,10,559,0.19887321199826147,0.6267993369999658,1,15,0,1,main,main_N40_B1_K0_S4_1018_ACI-EVENT
ACI-PER,S4,1018,40,160,1,0,0.9016071428571428,0.8867857142857143,0.18571428571428572,316.8679538904139,9.886561440922193,3.8208441183504145,5.3994691702517725,0.5441481523200057,0.12209999999999985,1.0673647403907667,1.7095904272734208,0.9003898635477583,0.9003898635477583,0.8544802867383513,0.8508960573476703,36,17,10,559,0.20673627700034558,0.6406508290001511,1,15,0,1,main,main_N40_B1_K0_S4_1018_ACI-PER
ACR-MCR,S4,1018,40,160,1,0,0.8898214285714285,0.8701785714285715,0.22857142857142856,328.73221130786465,9.855510443964294,3.7565249027003316,5.4290246887839615,0.5476408524800002,0.12231999999999993,1.0040981395488742,1.7238954773420139,0.9008136381247579,0.9004261913986826,0.8668923734853885,0.8595866001425517,37,17,12,559,0.3287825090005754,0.7518968949998452,1,15,0,1,main,main_N40_B1_K0_S4_1018_ACR-MCR
FROZEN-CP,S4,1018,40,160,1,0,0.8907142857142857,0.8805357142857143,0.20714285714285716,303.9264650333399,9.875949684970479,3.846336906337141,5.39139882919329,0.5164539494400487,0.12175999999999991,1.1373603586548606,1.7259611473209506,0.9234375,0.9234375,0.886223191566703,0.8794983642311887,36,16,12,527,0.19182845399859616,0.6099366189998818,1,15,0,0,main,main_N40_B1_K0_S4_1018_FROZEN-CP
POINT-EA,S4,1018,40,160,1,0,0.8944642857142857,0.8789285714285714,0.20714285714285716,297.0406804628553,9.906702988177749,3.8373779998737416,5.4290246887839615,0.518200299520046,0.12209999999999996,1.1509259188376935,1.7250048734420598,0.9019759783029834,0.9015885315769082,0.8664471276984999,0.8574826198316868,37,16,11,527,0.18201594100128204,0.6101715319998675,1,15,0,0,main,main_N40_B1_K0_S4_1018_POINT-EA
RANDOM-CH,S4,1018,40,160,1,0,0.77625,0.3003571428571429,0.8571428571428571,596.8654865082802,10.331928577447036,4.271923589143028,5.4290246887839615,0.518200299520046,0.11277999999999996,1.143688115849292,2.0270607371879605,0.9019759783029834,0.9015885315769082,0.8687251373366168,0.8628528130327714,37,16,16,0,0.036983149998377485,0.4370656979999694,1,15,0,0,main,main_N40_B1_K0_S4_1018_RANDOM-CH
ROLL-CP,S4,1018,40,160,1,0,0.9017857142857143,0.8869642857142858,0.18571428571428572,316.84951591215696,9.886105899720128,3.8213161243398526,5.398541623060271,0.5441481523200057,0.12209999999999985,1.0673647403907667,1.7092160960788605,0.9013260530421217,0.9009360374414976,0.8564516129032258,0.8505376344086022,36,17,10,559,0.2095079439991423,0.6330353569999261,1,15,0,1,main,main_N40_B1_K0_S4_1018_ROLL-CP
ACI-EVENT,S4,1019,40,160,1,0,0.9008928571428572,0.8714285714285714,0.21428571428571427,311.3591308308769,9.640710331441033,3.793778839090042,5.169445839871004,0.555525652479988,0.12195999999999954,0.8166902136318301,1.6604737050363474,0.9023111283744416,0.9021169159060012,0.8655203619909502,0.8611764705882353,37,17,7,559,0.22182123200036585,0.6859778140001254,1,15,0,1,main,main_N40_B1_K0_S4_1019_ACI-EVENT
ACI-PER,S4,1019,40,160,1,0,0.9008928571428572,0.8714285714285714,0.21428571428571427,311.3591308308769,9.640710331441033,3.793778839090042,5.169445839871004,0.555525652479988,0.12195999999999954,0.8166902136318301,1.6604737050363474,0.9023111283744416,0.9021169159060012,0.8655203619909502,0.8611764705882353,37,17,7,559,0.21128710400034834,0.664083263999828,1,15,0,1,main,main_N40_B1_K0_S4_1019_ACI-PER
ACR-MCR,S4,1019,40,160,1,0,0.89625,0.8335714285714285,0.2714285714285714,342.32492878022185,9.754023163080864,3.936559782796237,5.144457627964633,0.551725752319994,0.12127999999999974,0.8346186867965473,1.6875472600485926,0.9020527859237537,0.9014662756598241,0.8680129823296069,0.858997475658132,36,17,8,559,0.32472132999942005,0.7426777180000954,1,15,0,1,main,main_N40_B1_K0_S4_1019_ACR-MCR
FROZEN-CP,S4,1019,40,160,1,0,0.8814285714285715,0.8523214285714286,0.2857142857142857,317.98012530293283,9.581624965376289,3.784193831616014,5.151297184320239,0.5241339494400369,0.12199999999999998,0.9034482673830797,1.6818720318371578,0.8964104564962934,0.8979711275848615,0.8531114327062229,0.8516642547033285,35,16,8,527,0.21937682700081496,0.6940802270000859,1,15,0,0,main,main_N40_B1_K0_S4_1019_FROZEN-CP
POINT-EA,S4,1019,40,160,1,0,0.8592857142857143,0.8546428571428571,0.2642857142857143,279.8348447894361,9.636851005668808,3.7898595133178152,5.169445839871004,0.555525652479988,0.12201999999999989,0.783993008239285,1.7292034820866335,0.9015342785006798,0.9025053408428821,0.8525593471810089,0.8468100890207715,37,17,5,559,0.18303449400082172,0.5765139609998187,1,15,0,1,main,main_N40_B1_K0_S4_1019_POINT-EA
RANDOM-CH,S4,1019,40,160,1,0,0.8367857142857142,0.5614285714285714,0.6571428571428571,446.2096425376914,10.210788699669925,4.398007360278886,5.169445839871004,0.5256754995200345,0.11766000000000007,0.9496206993583252,1.8859971739323838,0.9015342785006798,0.9025053408428821,0.8758825715347455,0.8730955035302861,37,16,16,0,0.03877294000085385,0.44735154900013185,1,15,0,0,main,main_N40_B1_K0_S4_1019_RANDOM-CH
ROLL-CP,S4,1019,40,160,1,0,0.8825,0.8516071428571429,0.29285714285714287,322.5071548816898,9.70544544735889,3.858773955007898,5.169445839871004,0.555525652479988,0.12169999999999975,0.816580872593162,1.7018140360089233,0.9015342785006798,0.9025053408428821,0.8552631578947368,0.8507570295602018,37,17,9,559,0.224862847997656,0.7128991970000698,1,15,0,1,main,main_N40_B1_K0_S4_1019_ROLL-CP
ACI-EVENT,S4,1020,40,160,1,0,0.8673214285714286,0.8146428571428571,0.3357142857142857,329.41609095256524,9.466677833301327,3.7886026474752548,5.007993086626074,0.548642099199999,0.12143999999999973,1.0028675663463922,1.6968413395413744,0.9011249259917111,0.9001381488059996,0.8611060743427017,0.8554850407978242,36,16,8,527,0.17902384400031224,0.5846883429999252,1,15,0,0,main,main_N40_B1_K0_S4_1020_ACI-EVENT
ACI-PER,S4,1020,40,160,1,0,0.8673214285714286,0.8146428571428571,0.3357142857142857,329.41609095256524,9.466677833301327,3.7886026474752548,5.007993086626074,0.548642099199999,0.12143999999999973,1.0028675663463922,1.6968413395413744,0.9011249259917111,0.9001381488059996,0.8611060743427017,0.8554850407978242,36,16,8,527,0.1831679450001502,0.604742084999998,1,15,0,0,main,main_N40_B1_K0_S4_1020_ACI-PER
ACR-MCR,S4,1020,40,160,1,0,0.8789285714285714,0.8294642857142858,0.32857142857142857,325.2614736992821,9.535924205667623,3.7882752360346035,5.070006270113032,0.5554226995199883,0.1222199999999998,1.0381968658945138,1.6895684276519531,0.9011865395837386,0.9000194514685859,0.856199821587868,0.8504906333630687,37,16,9,527,0.41853567999646657,0.9879852700000811,1,15,0,0,main,main_N40_B1_K0_S4_1020_ACR-MCR
FROZEN-CP,S4,1020,40,160,1,0,0.8705357142857143,0.8319642857142857,0.34285714285714286,314.42736562527597,9.646157268630716,3.8702349475708377,5.068599818659937,0.5850625023999422,0.12225999999999962,0.8373755247756436,1.7234513611989846,0.8824445309458934,0.8871156091864538,0.841467823571945,0.8394793926247288,36,17,9,559,0.18630171200129553,0.5903722380001,1,15,0,1,main,main_N40_B1_K0_S4_1020_FROZEN-CP
POINT-EA,S4,1020,40,160,1,0,0.86625,0.8291071428571428,0.34285714285714286,315.4694306741492,9.688317339514604,3.909753416921633,5.070006270113032,0.5867576524799395,0.1217999999999999,0.858271384123718,1.738438424459825,0.900797510212021,0.8998249367827271,0.8523870495701482,0.8481799890250594,37,17,8,559,0.3096566120002535,0.9666336029999911,1,15,0,1,main,main_N40_B1_K0_S4_1020_POINT-EA
RANDOM-CH,S4,1020,40,160,1,0,0.7610714285714286,0.25285714285714284,0.9285714285714286,614.7412099778309,10.07153353808405,4.3033896154910805,5.070006270113032,0.5867576524799395,0.11137999999999991,0.9150943814480841,2.0135013070939727,0.900797510212021,0.8998249367827271,0.8742768993443888,0.872155804087929,37,17,17,0,0.04054987200333926,0.4427840850000848,1,15,0,1,main,main_N40_B1_K0_S4_1020_RANDOM-CH
ROLL-CP,S4,1020,40,160,1,0,0.8483928571428572,0.7951785714285714,0.42857142857142855,321.1407592906341,9.58877298309448,3.820731540533098,5.060838940161439,0.5850625023999422,0.1221399999999996,0.8362773500794562,1.7520140659774308,0.9005266237565828,0.8995513945777258,0.8560523446019629,0.8484187568157033,35,17,9,559,0.25128013800258486,0.8042022309998629,1,15,0,1,main,main_N40_B1_K0_S4_1020_ROLL-CP
ACI-EVENT,S4,1021,40,160,1,0,0.89625,0.86,0.2571428571428571,338.30400018297297,9.57936675485384,3.8792178831148605,5.049040572218951,0.5292082995200289,0.12189999999999988,0.8843486562654066,1.6576166732745872,0.9008570315543436,0.9006622516556292,0.8693565588339851,0.8620689655172413,36,16,13,527,0.21154028400019342,0.6906676849998803,1,15,0,0,main,main_N40_B1_K0_S4_1021_ACI-EVENT
ACI-PER,S4,1021,40,160,1,0,0.89625,0.86,0.2571428571428571,338.30400018297297,9.57936675485384,3.8792178831148605,5.049040572218951,0.5292082995200289,0.12189999999999988,0.8843486562654066,1.6576166732745872,0.9008570315543436,0.9006622516556292,0.8693565588339851,0.8620689655172413,36,16,13,527,0.19490203100076542,0.6185656239999844,1,15,0,0,main,main_N40_B1_K0_S4_1021_ACI-PER
ACR-MCR,S4,1021,40,160,1,0,0.9046428571428572,0.8369642857142857,0.3,355.356052142986,9.584192111323143,3.8793624421931354,5.053481369609978,0.5292082995200289,0.12213999999999985,0.8527627187314201,1.6450724530249128,0.900797510212021,0.9006029955261622,0.8602696550516546,0.8511644195412362,37,16,12,527,0.35009662900006333,0.8355083369999647,1,15,0,0,main,main_N40_B1_K0_S4_1021_ACR-MCR
FROZEN-CP,S4,1021,40,160,1,0,0.8917857142857143,0.8144642857142858,0.36428571428571427,349.4310588034566,9.563351547703046,3.8585618785730396,5.053481369609978,0.5292082995200289,0.12209999999999979,0.8521931946200959,1.66203537499184,0.9198599494261817,0.9249173312585101,0.8757916959887403,0.868402533427164,37,16,10,527,0.20990398700041624,0.6675645379998514,1,15,0,0,main,main_N40_B1_K0_S4_1021_FROZEN-CP
POINT-EA,S4,1021,40,160,1,0,0.8925,0.8583928571428572,0.2571428571428571,320.6745497462129,9.629890771530937,3.9255411024009295,5.053481369609978,0.5292082995200289,0.12165999999999969,0.9335113009621999,1.6724367439268732,0.9015755689554561,0.9033262011281852,0.8646059291395517,0.8593637020968908,37,16,10,527,0.2028879040008178,0.6621460389999356,1,15,0,0,main,main_N40_B1_K0_S4_1021_POINT-EA
RANDOM-CH,S4,1021,40,160,1,0,0.8042857142857143,0.3316071428571429,0.8571428571428571,522.7578400078785,9.713570456920543,3.9874442348305825,5.053481369609978,0.5589048524799827,0.11374000000000008,0.9610499141820488,1.8579897584010219,0.9015755689554561,0.9033262011281852,0.8760977472317678,0.8678885070637647,37,17,17,0,0.039786727998261995,0.4430166659999486,1,15,0,1,main,main_N40_B1_K0_S4_1021_RANDOM-CH
ROLL-CP,S4,1021,40,160,1,0,0.8853571428571428,0.8005357142857142,0.37142857142857144,351.6489543246954,9.610665391901335,3.876119169811375,5.053481369609978,0.5589048524799827,0.12215999999999959,0.842314311212213,1.6807739405213948,0.9015755689554561,0.9033262011281852,0.8576499822506213,0.8500177493787717,37,17,12,559,0.19029126100144822,0.5947354360000645,1,15,0,1,main,main_N40_B1_K0_S4_1021_ROLL-CP
ACI-EVENT,S4,1022,40,160,1,0,0.8846428571428572,0.7648214285714285,0.42142857142857143,370.8236927082818,9.863280668833921,3.9214494303977956,5.309315738916068,0.5103154995200581,0.12219999999999973,1.1884772771537215,1.7531604459356418,0.8988523633534332,0.899046878039292,0.8547219770520741,0.846954986760812,37,16,10,527,0.2715715220024322,0.8404866999999285,1,15,0,0,main,main_N40_B1_K0_S4_1022_ACI-EVENT
ACI-PER,S4,1022,40,160,1,0,0.8846428571428572,0.7648214285714285,0.42142857142857143,370.8236927082818,9.863280668833921,3.9214494303977956,5.309315738916068,0.5103154995200581,0.12219999999999973,1.1884772771537215,1.7531604459356418,0.8988523633534332,0.899046878039292,0.8547219770520741,0.846954986760812,37,16,10,527,0.2047719329989377,0.6650239699999929,1,15,0,0,main,main_N40_B1_K0_S4_1022_ACI-PER
ACR-MCR,S4,1022,40,160,1,0,0.8703571428571428,0.8133928571428571,0.34285714285714286,334.65401124989205,9.925269745274797,3.9546035538787154,5.309315738916068,0.5390904524800133,0.12225999999999987,1.0377037799201088,1.7896267120942655,0.8988523633534332,0.899046878039292,0.8538640846333154,0.845795230410615,37,17,11,559,0.4456525239993425,1.0281285330001992,1,15,0,1,main,main_N40_B1_K0_S4_1022_ACR-MCR
FROZEN-CP,S4,1022,40,160,1,0,0.8885714285714286,0.8585714285714285,0.2571428571428571,321.50186421085806,9.885754458534104,3.944003220097979,5.309315738916068,0.5103154995200581,0.12211999999999949,1.193177708886891,1.7503106335931486,0.9062439214160669,0.9072164948453608,0.8553549079206151,0.8455211871982836,37,16,10,527,0.18856783099795393,0.5964936719999514,1,15,0,0,main,main_N40_B1_K0_S4_1022_FROZEN-CP
POINT-EA,S4,1022,40,160,1,0,0.8723214285714286,0.86,0.3142857142857143,322.6213724051131,9.927332308031371,3.9858410695952453,5.309315738916068,0.5103154995200581,0.12185999999999965,1.063193140503702,1.7864553370580116,0.8976852752382805,0.899046878039292,0.8580158159597412,0.850647016534867,37,16,9,527,0.20546328000091307,0.6640811259999282,1,15,0,0,main,main_N40_B1_K0_S4_1022_POINT-EA
RANDOM-CH,S4,1022,40,160,1,0,0.70875,0.26767857142857143,0.8785714285714286,559.1161827383546,10.345551709348264,4.391154506215216,5.306084300733032,0.5372929024000161,0.11102000000000029,1.072157157202608,2.232049991229399,0.8977803738317757,0.8991433021806854,0.8728212986018005,0.8714805592798315,36,17,17,0,0.04856718699943485,0.5483286280000357,1,15,0,1,main,main_N40_B1_K0_S4_1022_RANDOM-CH
ROLL-CP,S4,1022,40,160,1,0,0.8796428571428572,0.8003571428571429,0.35,349.61976194022367,9.911443070087998,3.9753985125575104,5.303789058010429,0.5103154995200581,0.12193999999999983,1.161715976791979,1.770532881401929,0.8979750778816199,0.8993380062305296,0.8500178126113288,0.8412896330602067,36,16,11,527,0.18018235600015942,0.5893149259998154,1,15,0,0,main,main_N40_B1_K0_S4_1022_ROLL-CP
ACI-EVENT,S4,1023,40,160,1,0,0.9078571428571428,0.8903571428571428,0.17142857142857143,315.8211969799528,9.68452902534925,3.8466547268689917,5.133183846000312,0.582610452479946,0.12208000000000012,1.07245459398837,1.6568911933873822,0.900173778721761,0.9005599536590075,0.8444524366121201,0.8428340226577954,37,17,11,559,0.22442214899979263,0.6956777689999853,1,15,0,1,main,main_N40_B1_K0_S4_1023_ACI-EVENT
ACI-PER,S4,1023,40,160,1,0,0.9078571428571428,0.8903571428571428,0.17142857142857143,315.8211969799528,9.68452902534925,3.8466547268689917,5.133183846000312,0.582610452479946,0.12208000000000012,1.07245459398837,1.6568911933873822,0.900173778721761,0.9005599536590075,0.8444524366121201,0.8428340226577954,37,17,11,559,0.19351007799878062,0.6092002780001167,1,15,0,1,main,main_N40_B1_K0_S4_1023_ACI-PER
ACR-MCR,S4,1023,40,160,1,0,0.8848214285714285,0.8478571428571429,0.30714285714285716,326.1326556640523,9.684194054295476,3.8990438484626004,5.113783456392878,0.5494267494399978,0.1219399999999998,1.0624887419231306,1.69422569179417,0.9001163692785105,0.9005042668735453,0.845669007743562,0.8404466054385017,36,16,11,527,0.3194863910011918,0.7707704580000154,1,15,0,0,main,main_N40_B1_K0_S4_1023_ACR-MCR
FROZEN-CP,S4,1023,40,160,1,0,0.8926785714285714,0.8546428571428571,0.30714285714285716,327.5569425631188,9.622516808802851,3.7842625103225935,5.133183846000312,0.582610452479946,0.12246000000000001,1.0655093375813696,1.6705758348616062,0.9179378258351033,0.9075111025294459,0.8667860340196956,0.8519247985675917,37,17,10,559,0.1874925860008716,0.5840859070001443,1,15,0,1,main,main_N40_B1_K0_S4_1023_FROZEN-CP
POINT-EA,S4,1023,40,160,1,0,0.8669642857142857,0.8614285714285714,0.2642857142857143,289.4442874583747,9.63937503423672,3.833115688716413,5.133183846000312,0.5512754995199949,0.12179999999999999,1.0838313109108308,1.7164129334467095,0.9021046534079938,0.9005599536590075,0.8553285477636665,0.8540401251610529,37,16,10,527,0.2267411229981917,0.7094813549999799,1,15,0,0,main,main_N40_B1_K0_S4_1023_POINT-EA
RANDOM-CH,S4,1023,40,160,1,0,0.80125,0.40535714285714286,0.8142857142857143,514.4793464059022,9.979207612996738,4.181908267476431,5.133183846000312,0.5512754995199949,0.11283999999999987,1.141217166616878,1.9040655624874525,0.9021046534079938,0.9005599536590075,0.8645235361653272,0.8662456946039035,37,16,16,0,0.04562309500147421,0.5111131230000865,1,15,0,0,main,main_N40_B1_K0_S4_1023_RANDOM-CH
ROLL-CP,S4,1023,40,160,1,0,0.8921428571428571,0.8808928571428571,0.22857142857142856,309.0879174622542,9.619549070041774,3.812929724521467,5.133183846000312,0.5512754995199949,0.12215999999999946,0.9600251483529483,1.6709308789372546,0.9021046534079938,0.9005599536590075,0.8498367791077258,0.8465723612622416,37,16,7,527,0.218678384998384,0.6925179390000267,1,15,0,0,main,main_N40_B1_K0_S4_1023_ROLL-CP
ACI-EVENT,S4,1024,40,160,1,0,0.8508928571428571,0.8266071428571429,0.3357142857142857,320.24275989705825,9.510874204015831,3.7672693010411065,5.113754803774664,0.5084500992000609,0.1213999999999999,1.2255881414754286,1.7211136815084747,0.8997622820919176,0.9007527733755943,0.872858431018936,0.8658250676284941,35,16,10,527,0.19889781300139475,0.6264017459998286,1,15,0,0,main,main_N40_B1_K0_S4_1024_ACI-EVENT
ACI-PER,S4,1024,40,160,1,0,0.8508928571428571,0.8266071428571429,0.3357142857142857,320.24275989705825,9.510874204015831,3.7672693010411065,5.113754803774664,0.5084500992000609,0.1213999999999999,1.2255881414754286,1.7211136815084747,0.8997622820919176,0.9007527733755943,0.872858431018936,0.8658250676284941,35,16,10,527,0.191381004000732,0.6152151769999818,1,15,0,0,main,main_N40_B1_K0_S4_1024_ACI-PER
ACR-MCR,S4,1024,40,160,1,0,0.8519642857142857,0.8489285714285715,0.32142857142857145,311.1193619291617,9.62472989385393,3.7671528707448694,5.192340170629054,0.5427768524800075,0.12245999999999951,1.176455494471143,1.7398282526850921,0.9004480810442237,0.9014221702707969,0.8787878787878788,0.873015873015873,37,17,9,559,0.35978502299917636,0.8337101960000837,1,15,0,1,main,main_N40_B1_K0_S4_1024_ACR-MCR
FROZEN-CP,S4,1024,40,160,1,0,0.8489285714285715,0.8473214285714286,0.35,310.71641033724393,9.622017664962122,3.7644406418530605,5.192340170629054,0.5427768524800075,0.12245999999999999,1.1721320686973398,1.744699485940548,0.9088252483927528,0.9127216052990454,0.882850458880691,0.8763721432427569,37,17,6,559,0.22672938700134182,0.7120972650000112,1,15,0,1,main,main_N40_B1_K0_S4_1024_FROZEN-CP
POINT-EA,S4,1024,40,160,1,0,0.8783928571428572,0.8621428571428571,0.2714285714285714,328.8309089038033,9.68248089182132,3.829683801958603,5.187831047932479,0.542586041930239,0.12238,1.155573793207285,1.7046621288417818,0.8999609984399376,0.9032761310452418,0.8676444285458773,0.8629940976569487,36,17,8,559,0.18757280399790943,0.5840878740000335,1,15,0,1,main,main_N40_B1_K0_S4_1024_POINT-EA
RANDOM-CH,S4,1024,40,160,1,0,0.7660714285714286,0.3678571428571429,0.7428571428571429,567.3192362221781,10.16673723976271,4.3475151696136045,5.192340170629054,0.5140018995200523,0.11288000000000001,0.834599786722634,2.0493322394200186,0.8998636275082798,0.9031755308786285,0.8753084076674891,0.8737900929967736,37,16,16,0,0.04335888999935378,0.5217923889999838,1,15,0,0,main,main_N40_B1_K0_S4_1024_RANDOM-CH
ROLL-CP,S4,1024,40,160,1,0,0.845,0.8171428571428572,0.39285714285714285,323.63211728226514,9.456430484904844,3.761116468116809,5.070118967827968,0.5042350489600673,0.12095999999999969,1.248523079057977,1.7215420507745938,0.8993396037622573,0.9019411646988192,0.8715429403202329,0.8642649199417758,35,16,7,527,0.18268693299864935,0.6164584989999184,1,15,0,0,main,main_N40_B1_K0_S4_1024_ROLL-CP
ACI-EVENT,S4,1025,40,160,1,0,0.8755357142857143,0.7941071428571429,0.35,336.4273546618435,9.526079639503267,3.7884778699921036,5.033570267431218,0.5825315020799462,0.12149999999999989,0.9581796543746974,1.6866288313568107,0.8985677849715519,0.8991563664900922,0.8492380261248186,0.844521044992743,36,17,8,559,0.23287145100084672,0.7246347420000347,1,15,0,1,main,main_N40_B1_K0_S4_1025_ACI-EVENT
ACI-PER,S4,1025,40,160,1,0,0.8755357142857143,0.7941071428571429,0.35,336.4273546618435,9.526079639503267,3.7884778699921036,5.033570267431218,0.5825315020799462,0.12149999999999989,0.9581796543746974,1.6866288313568107,0.8985677849715519,0.8991563664900922,0.8492380261248186,0.844521044992743,36,17,8,559,0.21786755399944013,0.683288647000154,1,15,0,1,main,main_N40_B1_K0_S4_1025_ACI-PER
ACR-MCR,S4,1025,40,160,1,0,0.8892857142857142,0.8078571428571428,0.3142857142857143,361.2034453224604,9.567894753889655,3.8140040709429037,5.047850430786809,0.5843802521599434,0.12165999999999985,0.9766076070181782,1.6712479919457914,0.8987094251075479,0.8989049667579194,0.84994640943194,0.8399428367274027,36,17,9,559,0.38906194699984553,0.8884978020000744,1,15,0,1,main,main_N40_B1_K0_S4_1025_ACR-MCR
FROZEN-CP,S4,1025,40,160,1,0,0.88375,0.79125,0.32857142857142857,352.72571958284004,9.55303065501849,3.8109199034974557,5.03807924944109,0.5825315020799462,0.12149999999999977,0.9585890071995604,1.677736328594747,0.8939423642423054,0.892766124289355,0.8374685364976627,0.829198130169004,36,17,9,559,0.19822001700094916,0.6110222070001328,1,15,0,1,main,main_N40_B1_K0_S4_1025_FROZEN-CP
POINT-EA,S4,1025,40,160,1,0,0.8923214285714286,0.85375,0.2642857142857143,322.7185681369165,9.717104667548817,3.9378559763874876,5.097820391641348,0.5599282995199815,0.12150000000000005,1.112371793208053,1.692285731025569,0.8986290789727747,0.8990152539100212,0.8522131887985547,0.8448057813911473,37,16,10,527,0.18188304200020866,0.5844745219999368,1,15,0,0,main,main_N40_B1_K0_S4_1025_POINT-EA
RANDOM-CH,S4,1025,40,160,1,0,0.8678571428571429,0.3773214285714286,0.8428571428571429,526.356136749748,10.128426707743097,4.320591063621817,5.097820391641348,0.5917752524799318,0.11824000000000005,1.028008214477435,1.8368564939686431,0.8986290789727747,0.8990152539100212,0.8650273224043716,0.8537340619307833,37,17,17,0,0.04267377800056238,0.47825207599998976,1,15,0,1,main,main_N40_B1_K0_S4_1025_RANDOM-CH
ROLL-CP,S4,1025,40,160,1,0,0.8855357142857143,0.7391071428571429,0.39285714285714285,380.20750061294643,9.535494508986977,3.8143819971626183,5.019489759824411,0.580682751999949,0.12093999999999987,0.9692903325708493,1.6717206362179131,0.8975216365066876,0.898505114083399,0.8409785932721713,0.8357618276668466,36,17,10,559,0.23919330799958516,0.7154812329999913,1,15,0,1,main,main_N40_B1_K0_S4_1025_ROLL-CP
ACI-EVENT,S4,1026,40,160,1,0,0.8482142857142857,0.7978571428571428,0.45,344.28389671077906,9.956986501161579,3.942419124086771,5.408160924594742,0.4843064524800654,0.12209999999999967,0.5905570965615705,1.8057646900909645,0.9008904374758033,0.9014711575687185,0.864535499823384,0.8634758036029672,37,17,10,559,0.20813755399876754,0.6636924649999401,1,15,0,1,main,main_N40_B1_K0_S4_1026_ACI-EVENT
ACI-PER,S4,1026,40,160,1,0,0.8482142857142857,0.7978571428571428,0.45,344.28389671077906,9.956986501161579,3.942419124086771,5.408160924594742,0.4843064524800654,0.12209999999999967,0.5905570965615705,1.8057646900909645,0.9008904374758033,0.9014711575687185,0.864535499823384,0.8634758036029672,37,17,10,559,0.2672461510001085,0.8288231439998981,1,15,0,1,main,main_N40_B1_K0_S4_1026_ACI-PER
ACR-MCR,S4,1026,40,160,1,0,0.8439285714285715,0.7571428571428571,0.4785714285714286,356.6264699267868,10.025319286376833,4.013937792078999,5.405055041817768,0.4843064524800654,0.12201999999999982,0.6626389687565961,1.8261055166442317,0.9012010848508331,0.9017822549399458,0.860017652250662,0.858252427184466,36,17,15,559,0.3594417839988182,0.845759107000049,1,15,0,1,main,main_N40_B1_K0_S4_1026_ACR-MCR
FROZEN-CP,S4,1026,40,160,1,0,0.8525,0.84,0.37142857142857144,323.51539771400985,9.853542058670032,3.864402037223188,5.385966269126779,0.48081375232006346,0.1223599999999998,0.7336259363579963,1.7792600322625554,0.9087371083868457,0.9137964584549523,0.8813409010287336,0.8761972330613693,36,17,7,559,0.187624911998455,0.5824481689999175,1,15,0,1,main,main_N40_B1_K0_S4_1026_FROZEN-CP
POINT-EA,S4,1026,40,160,1,0,0.8366071428571429,0.785,0.4357142857142857,330.38582561590175,9.97919510485884,3.9648077277840326,5.408160924594742,0.4843064524800654,0.12192000000000004,0.7528303413783048,1.8313810065808112,0.902826171118854,0.9030197444831591,0.86,0.8544144144144145,37,17,9,559,0.24346430399964447,0.7765545699999166,1,15,0,1,main,main_N40_B1_K0_S4_1026_POINT-EA
RANDOM-CH,S4,1026,40,160,1,0,0.7492857142857143,0.35982142857142857,0.8285714285714286,491.5289399640491,10.515679580806566,4.536571156691772,5.408160924594742,0.4583474995200518,0.11259999999999978,0.9410774696836992,2.1443066029377174,0.902826171118854,0.9030197444831591,0.8927283083349156,0.8932978925384469,37,16,16,0,0.04935377200035873,0.5929846599999564,1,15,0,0,main,main_N40_B1_K0_S4_1026_RANDOM-CH
ROLL-CP,S4,1026,40,160,1,0,0.8475,0.7944642857142857,0.45714285714285713,345.3497712487266,9.963877513043224,3.9493501359684178,5.408160924594742,0.4843064524800654,0.12205999999999971,0.5901467195823514,1.8083262274125633,0.902826171118854,0.9030197444831591,0.8657955147448348,0.8640296662546354,37,17,10,559,0.20870202699893525,0.65887968800007,1,15,0,1,main,main_N40_B1_K0_S4_1026_ROLL-CP
ACI-EVENT,S4,1027,40,160,1,0,0.8741071428571429,0.8373214285714285,0.30714285714285716,333.9005865608585,9.758429219092303,4.0058739708470394,5.094376548725246,0.5364786995200178,0.12170000000000009,0.881712644057099,1.7286854241084681,0.9003085229463942,0.9001156961048978,0.8605570530098832,0.8564240790655885,37,16,13,527,0.18374156599861635,0.6540150739999717,1,15,0,0,main,main_N40_B1_K0_S4_1027_ACI-EVENT
ACI-PER,S4,1027,40,160,1,0,0.8741071428571429,0.8373214285714285,0.30714285714285716,333.9005865608585,9.758429219092303,4.0058739708470394,5.094376548725246,0.5364786995200178,0.12170000000000009,0.881712644057099,1.7286854241084681,0.9003085229463942,0.9001156961048978,0.8605570530098832,0.8564240790655885,37,16,13,527,0.20036777599898414,0.6357602410000709,1,15,0,0,main,main_N40_B1_K0_S4_1027_ACI-PER
ACR-MCR,S4,1027,40,160,1,0,0.8967857142857143,0.87375,0.21428571428571427,329.13675462650036,9.767051717954116,3.9837671167488993,5.094376548725246,0.56714805247997,0.12175999999999977,0.8602716879555278,1.692143402278953,0.9003085229463942,0.9001156961048978,0.8554260089686099,0.8473542600896861,37,17,12,559,0.36200153800041335,0.8442264160000832,1,15,0,1,main,main_N40_B1_K0_S4_1027_ACR-MCR
FROZEN-CP,S4,1027,40,160,1,0,0.9025,0.8394642857142857,0.32142857142857145,359.5870932193486,9.777812294313641,3.9945476931084247,5.094376548725246,0.56714805247997,0.12173999999999997,0.9392563690560518,1.6846678660085528,0.8906671808715774,0.8954878519089857,0.8478568898335105,0.8462628409493447,37,17,9,559,0.20360565300097733,0.6317744210000455,1,15,0,1,main,main_N40_B1_K0_S4_1027_FROZEN-CP
POINT-EA,S4,1027,40,160,1,0,0.8728571428571429,0.8625,0.2785714285714286,309.7171568775741,9.858531045457559,4.075966444252343,5.094376548725246,0.56714805247997,0.12103999999999976,0.8665400938941072,1.7485865635788505,0.8997300424219051,0.8999228692634015,0.8551660516605166,0.8542435424354243,37,17,10,559,0.18525719099716298,0.5787566789999801,1,15,0,1,main,main_N40_B1_K0_S4_1027_POINT-EA
RANDOM-CH,S4,1027,40,160,1,0,0.8503571428571428,0.4655357142857143,0.7285714285714285,503.12853974314356,10.041270949580822,4.290115701335559,5.094376548725246,0.5364786995200178,0.12029999999999987,1.1032518251096401,1.8387238508662922,0.8997300424219051,0.8999228692634015,0.8741613780598368,0.8679963735267452,37,16,16,0,0.039959277000889415,0.45727078800018717,1,15,0,0,main,main_N40_B1_K0_S4_1027_RANDOM-CH
ROLL-CP,S4,1027,40,160,1,0,0.8903571428571428,0.8371428571428572,0.30714285714285716,335.4572384609913,9.754369447098933,4.00189419885367,5.094376548725246,0.5364786995200178,0.12161999999999988,0.8816811024946402,1.7005525535388655,0.8997300424219051,0.8999228692634015,0.8539305630509084,0.8521316783594172,37,16,13,527,0.18564449700033947,0.6063806060001298,1,15,0,0,main,main_N40_B1_K0_S4_1027_ROLL-CP
ACI-EVENT,S4,1028,40,160,1,0,0.875,0.8575,0.29285714285714287,320.9515919091656,9.846351130940281,4.060945497111389,5.146145581348846,0.5177400524800464,0.12151999999999961,0.9787938147089719,1.744569654666953,0.9002320185614849,0.9010054137664346,0.8657365464758109,0.8564957419822432,37,17,10,559,0.19013365900013923,0.6012292949999392,1,15,0,1,main,main_N40_B1_K0_S4_1028_ACI-EVENT
ACI-PER,S4,1028,40,160,1,0,0.875,0.8575,0.29285714285714287,320.9515919091656,9.846351130940281,4.060945497111389,5.146145581348846,0.5177400524800464,0.12151999999999961,0.9787938147089719,1.744569654666953,0.9002320185614849,0.9010054137664346,0.8657365464758109,0.8564957419822432,37,17,10,559,0.22457624399862652,0.7008893309998712,1,15,0,1,main,main_N40_B1_K0_S4_1028_ACI-PER
ACR-MCR,S4,1028,40,160,1,0,0.8758928571428571,0.8085714285714286,0.32142857142857145,342.5372107040228,9.9643526645975,4.179727030768607,5.146145581348846,0.5177400524800464,0.12074000000000011,0.9818637962097754,1.763914438767481,0.9002320185614849,0.9010054137664346,0.8570398413556878,0.8427979087795204,37,17,14,559,0.322871349998195,0.7673686400000861,1,15,0,1,main,main_N40_B1_K0_S4_1028_ACR-MCR
FROZEN-CP,S4,1028,40,160,1,0,0.8871428571428571,0.8592857142857143,0.21428571428571427,327.87861902393524,9.717222403921937,3.9808379373145675,5.102756264367317,0.512808202240054,0.12081999999999984,1.1811875106382357,1.7011943984457172,0.9078638497652582,0.9106025039123631,0.8784200036238449,0.8724406595397717,35,17,10,559,0.19172527099863146,0.584391758000038,1,15,0,1,main,main_N40_B1_K0_S4_1028_FROZEN-CP
POINT-EA,S4,1028,40,160,1,0,0.8867857142857143,0.7960714285714285,0.32142857142857145,359.92856055306936,9.805016924924209,4.0473174440552935,5.146145581348846,0.4901938995200688,0.12135999999999995,1.199198830666812,1.7171658362389155,0.9011987625676721,0.9011987625676721,0.8714260025175328,0.8593778097464485,37,16,9,527,0.20273476099964682,0.6552680720001263,1,15,0,0,main,main_N40_B1_K0_S4_1028_POINT-EA
RANDOM-CH,S4,1028,40,160,1,0,0.8169642857142857,0.3603571428571429,0.8357142857142857,538.5085042252548,10.21795566225569,4.435550028426798,5.146145581348846,0.5177400524800464,0.11852,1.0541668465144793,1.9333880155639906,0.9011987625676721,0.9011987625676721,0.8752941176470588,0.8640723981900452,37,17,17,0,0.040860610001345776,0.48634434100017643,1,15,0,1,main,main_N40_B1_K0_S4_1028_RANDOM-CH
ROLL-CP,S4,1028,40,160,1,0,0.8742857142857143,0.8519642857142857,0.29285714285714287,326.46724964004034,9.885553901606631,4.1004082677777385,5.146145581348846,0.5177400524800464,0.12125999999999933,0.9785702303983521,1.7527577839728068,0.9011987625676721,0.9011987625676721,0.8634799927575593,0.8562375520550426,37,17,11,559,0.18337422199965658,0.5862367890001678,1,15,0,1,main,main_N40_B1_K0_S4_1028_ROLL-CP
ACI-EVENT,S4,1029,40,160,1,0,0.9010714285714285,0.8830357142857143,0.20714285714285716,316.75527032236744,9.581549273664887,3.846785200623602,5.052418420561305,0.5606456524799801,0.12169999999999954,0.8690919937204686,1.6514217982876398,0.9005847953216374,0.9009746588693958,0.8591881116346503,0.8539325842696629,37,17,10,559,0.20331120899982125,0.6334006760000648,1,15,0,1,main,main_N40_B1_K0_S4_1029_ACI-EVENT
ACI-PER,S4,1029,40,160,1,0,0.9010714285714285,0.8830357142857143,0.20714285714285716,316.75527032236744,9.581549273664887,3.846785200623602,5.052418420561305,0.5606456524799801,0.12169999999999954,0.8690919937204686,1.6514217982876398,0.9005847953216374,0.9009746588693958,0.8591881116346503,0.8539325842696629,37,17,10,559,0.18411301299988736,0.5796435339998425,1,15,0,1,main,main_N40_B1_K0_S4_1029_ACI-PER
ACR-MCR,S4,1029,40,160,1,0,0.9178571428571428,0.8626785714285714,0.20714285714285716,358.31762893801647,9.652934502847206,3.9480293827658732,5.052418420561305,0.5308466995200265,0.12164000000000022,1.0362592716017192,1.637200560184397,0.9005847953216374,0.9009746588693958,0.8479915059281543,0.8410900725535303,37,16,11,527,0.28591377399857265,0.6866272380000282,1,15,0,0,main,main_N40_B1_K0_S4_1029_ACR-MCR
FROZEN-CP,S4,1029,40,160,1,0,0.92125,0.9071428571428571,0.12142857142857143,326.6602697907123,9.51478339332815,3.779519320286865,5.052418420561305,0.5606456524799801,0.12219999999999992,0.8634543759720692,1.608585527189882,0.9200779727095516,0.9165692007797271,0.8762757385854969,0.8662488809310653,37,17,10,559,0.21394702899851836,0.6684144880000531,1,15,0,1,main,main_N40_B1_K0_S4_1029_FROZEN-CP
POINT-EA,S4,1029,40,160,1,0,0.8892857142857142,0.8460714285714286,0.2857142857142857,333.0873025669208,9.602695657261904,3.8976905371805723,5.052418420561305,0.5308466995200265,0.12173999999999989,1.0367856869119294,1.6741101215589094,0.9007797270955166,0.902729044834308,0.8624589565851879,0.8560744253921926,37,16,10,527,0.17569269499972506,0.5774798649999866,1,15,0,0,main,main_N40_B1_K0_S4_1029_POINT-EA
RANDOM-CH,S4,1029,40,160,1,0,0.87875,0.6055357142857143,0.5071428571428571,443.26359612715765,9.84645235870177,4.1444472386204385,5.052418420561305,0.5308466995200265,0.1187400000000001,0.9373719101377338,1.740578461852885,0.9007797270955166,0.902729044834308,0.865569526627219,0.8579881656804734,37,16,16,0,0.04904487899830201,0.5778903530001571,1,15,0,0,main,main_N40_B1_K0_S4_1029_RANDOM-CH
ROLL-CP,S4,1029,40,160,1,0,0.9019642857142857,0.85875,0.2571428571428571,326.18472444475566,9.53992610549602,3.804962032454736,5.052418420561305,0.5606456524799801,0.12189999999999956,0.8688682043981449,1.6428321173576754,0.9007797270955166,0.902729044834308,0.8587958777797866,0.8542758994756825,37,17,9,559,0.23020502399981524,0.6949236939999537,1,15,0,1,main,main_N40_B1_K0_S4_1029_ROLL-CP
ACI-EVENT,S5,1000,40,160,1,0,0.7960227272727273,0.2825,0.75,617.0774656291126,12.429338038261887,6.212943676693732,5.464824135043267,0.5777076019199537,0.1738626246049341,0.8649940396455863,1.6019252530302728,0.900059488399762,0.8996628990680151,0.8259199603518771,0.7970511708586296,33,17,7,559,0.19413514699908774,0.6815037890000895,1,14,1,1,main,main_N40_B1_K0_S5_1000_ACI-EVENT
ACI-PER,S5,1000,40,160,1,0,0.7938636363636363,0.2365909090909091,0.7642857142857142,631.531323795936,12.581059401615748,6.246957563772414,5.571048885523395,0.5865929523199398,0.17646000000000006,0.8239587949419019,1.6254598710097865,0.8990450204638472,0.8984603391151822,0.8210796287249633,0.7973864191499755,35,17,11,559,0.1957489319972865,0.6954291429999557,1,15,0,1,main,main_N40_B1_K0_S5_1000_ACI-PER
ACR-MCR,S5,1000,40,160,1,0,0.77625,0.21454545454545454,0.7928571428571428,661.6467282964064,12.588629526399064,6.396907077863133,5.439498090091827,0.5787643584441045,0.17345999999999973,1.0568275244721779,1.6596742948449654,0.8994814519345832,0.899680893498205,0.8106218569851589,0.7846191585919293,32,17,11,559,0.36986839000110194,0.9577851799999735,1,14,1,1,main,main_N40_B1_K0_S5_1000_ACR-MCR
FROZEN-CP,S5,1000,40,160,1,0,0.7931818181818182,0.24136363636363636,0.7714285714285715,631.2803980444346,12.457288934785563,6.201644444450932,5.526260041054639,0.5532044492799919,0.17618,0.9455855284165502,1.6107174728194418,0.8794896957801767,0.8606476938174681,0.7864907780627824,0.7616953707096616,35,16,10,527,0.19980338699906497,0.7477393980000215,1,15,0,0,main,main_N40_B1_K0_S5_1000_FROZEN-CP
POINT-EA,S5,1000,40,160,1,0,0.7863636363636364,0.28,0.8,594.3288079106445,12.661882795711733,6.466998874671537,5.445215841163535,0.5779124019199535,0.1717556779567077,1.0058582363089708,1.649971696079194,0.8983050847457628,0.8965104685942173,0.8306705245942886,0.810919612529878,32,17,7,559,0.21250302700127577,0.7606639600001017,1,15,0,1,main,main_N40_B1_K0_S5_1000_POINT-EA
RANDOM-CH,S5,1000,40,160,1,0,0.6067045454545454,0.07681818181818181,0.9285714285714286,1379.771648157941,12.30060562187678,5.999754853448531,5.598593668908266,0.5585970995199834,0.14365999999999987,1.059344690173639,2.012204420395351,0.8977691561590688,0.8962172647914646,0.8582769773596001,0.840635107321376,37,16,16,0,0.04608024300091529,0.5497393729999658,1,15,0,0,main,main_N40_B1_K0_S5_1000_RANDOM-CH
ROLL-CP,S5,1000,40,160,1,0,0.8156818181818182,0.20852272727272728,0.7714285714285715,678.1628659956492,12.564486459299292,6.297016054708057,5.537539605231247,0.5549507993599891,0.17498,0.9474082135175632,1.584025020083118,0.8979551710578058,0.8957923712151002,0.8286482522610609,0.7994377902713273,33,16,11,527,0.23602840299895433,0.802015314999835,1,15,0,0,main,main_N40_B1_K0_S5_1000_ROLL-CP
ACI-EVENT,S5,1001,40,160,1,0,0.7702272727272728,0.2775,0.7642857142857142,629.919165101648,12.581543064832426,6.14325790866343,5.754970582760203,0.5084340019200607,0.1748805714887327,0.6947051858709616,1.6715215975597748,0.8999404407385349,0.9001389716100854,0.8375232198142415,0.8168421052631579,32,17,7,559,0.2664738989969919,0.9048233480000363,1,14,1,1,main,main_N40_B1_K0_S5_1001_ACI-EVENT
ACI-PER,S5,1001,40,160,1,0,0.7846590909090909,0.22193181818181817,0.7857142857142857,734.6068363255298,13.061265636456124,6.5237826391287514,5.84818361192601,0.5142362521600519,0.17506313324131115,0.7496649635332926,1.7064627170703064,0.900253263198909,0.9006428988895383,0.8202042304886944,0.8008752735229759,35,17,10,558,0.27744455300285153,0.9040643600001204,1,14,0,2,main,main_N40_B1_K0_S5_1001_ACI-PER
ACR-MCR,S5,1001,40,160,1,0,0.7969318181818181,0.24545454545454545,0.7642857142857142,711.2995462519655,12.852027022909887,6.437579647331995,5.735132245337738,0.5067900518400632,0.1725250784000918,1.0117506833909231,1.6557623064815625,0.8996615568385427,0.9002588094764086,0.8240740740740741,0.8035802469135802,33,17,12,559,0.40250056400054746,1.0030338550000124,1,14,1,1,main,main_N40_B1_K0_S5_1001_ACR-MCR
FROZEN-CP,S5,1001,40,160,1,0,0.8135227272727272,0.2378409090909091,0.7928571428571428,686.1671592220177,12.903717272074298,6.399191026224354,5.81664519368989,0.5131610521600535,0.1747199999999997,0.7626631094463372,1.6317295488207257,0.8263168200509106,0.8016448012531819,0.761928004881025,0.736790726052471,35,17,9,559,0.19988642199791684,0.6708172650000961,1,15,0,1,main,main_N40_B1_K0_S5_1001_FROZEN-CP
POINT-EA,S5,1001,40,160,1,0,0.7572727272727273,0.2620454545454545,0.7428571428571429,663.8001006095498,12.634235615151333,6.412025919220746,5.562767094970519,0.4902426009600683,0.16919999999999977,1.0036633231242518,1.704335035093934,0.895408688490838,0.8968499073502162,0.8279129321382842,0.8156209987195903,31,17,7,559,0.24697562699748232,0.8575664879999749,1,15,0,1,main,main_N40_B1_K0_S5_1001_POINT-EA
RANDOM-CH,S5,1001,40,160,1,0,0.7140909090909091,0.18488636363636363,0.8214285714285714,1068.5463360414049,13.974619728808047,7.473280628514158,5.843818750853821,0.49070034944006913,0.16681999999999986,0.8858373164616768,1.9963742469725783,0.8948497854077253,0.8964104564962934,0.851897946484132,0.833105164903547,35,16,16,0,0.045457497999450425,0.6052221929999178,1,15,0,0,main,main_N40_B1_K0_S5_1001_RANDOM-CH
ROLL-CP,S5,1001,40,160,1,0,0.7880681818181818,0.21738636363636363,0.7857142857142857,713.7980150886431,12.913623438348749,6.4113584270755135,5.81445510919318,0.5124899020800544,0.1753200000000001,0.7522183223783013,1.680586079951685,0.894726524210939,0.8968829641246814,0.8135075720566683,0.7911577918905716,35,17,11,558,0.2294882300000154,0.7646252430001823,1,14,0,2,main,main_N40_B1_K0_S5_1001_ROLL-CP
ACI-EVENT,S5,1002,40,160,1,0,0.7253409090909091,0.22715909090909092,0.8285714285714286,639.9179093902251,12.346071607359908,6.253481055036446,5.303861029045327,0.6155116543998952,0.1732178688782389,1.090726502923001,1.7272064363961819,0.8987392435461277,0.8995397238343006,0.812608587738893,0.7916356415984115,33,18,10,591,0.251357032001124,0.7996955779999553,1,14,1,2,main,main_N40_B1_K0_S5_1002_ACI-EVENT
ACI-PER,S5,1002,40,160,1,0,0.7539772727272728,0.20306818181818181,0.8285714285714286,678.7917226507426,12.567708213381238,6.402498255732017,5.391259885357354,0.59938185215992,0.17456822013194567,0.7799125571557153,1.6983389477542215,0.8989183874139627,0.8999016715830875,0.8146784486990672,0.7925871379479626,36,17,14,558,0.23806702600177232,0.8117784399998982,1,14,0,2,main,main_N40_B1_K0_S5_1002_ACI-PER
ACR-MCR,S5,1002,40,160,1,0,0.7563636363636363,0.23920454545454545,0.8285714285714286,642.9046842321077,12.30771831888982,6.2052355168086795,5.335553550241209,0.5920892518399316,0.17484000000000002,0.9740825784135551,1.658498628067622,0.8993235177079189,0.9001193792280143,0.8232684249445403,0.7954153315257579,34,17,13,559,0.3819644399995923,0.9725124859999141,1,14,1,1,main,main_N40_B1_K0_S5_1002_ACR-MCR
FROZEN-CP,S5,1002,40,160,1,0,0.7673863636363636,0.22386363636363638,0.8285714285714286,661.8752705254183,12.444822086766132,6.341698608682037,5.331851976004173,0.5978915020799224,0.17337999999999992,1.002190218239316,1.6553368032410392,0.8419694262457812,0.8171530673019655,0.7500307995564864,0.7202168288776641,34,17,12,558,0.2016836810012137,0.6665232289999494,1,14,0,2,main,main_N40_B1_K0_S5_1002_FROZEN-CP
POINT-EA,S5,1002,40,160,1,0,0.7777272727272727,0.2015909090909091,0.85,694.77894944688,12.897069641208326,6.7364534289417355,5.387887160106671,0.5996890521599195,0.17303999999999964,0.9613948435932542,1.6949756395332272,0.8974258203969345,0.8976223226567106,0.8230645758735646,0.8054080750709964,35,17,12,559,0.20442319599919756,0.6746167000001151,1,15,0,1,main,main_N40_B1_K0_S5_1002_POINT-EA
RANDOM-CH,S5,1002,40,160,1,0,0.6622727272727272,0.11159090909090909,0.9214285714285714,1043.633101126532,12.69074553273218,6.4867929937149675,5.470408239497254,0.574264299519959,0.15928000000000014,1.043563125925521,1.936040508425962,0.8971472928391229,0.8977294779739957,0.8506769312450225,0.8319617732943987,37,16,16,0,0.05374805500036928,0.6836290449998614,1,15,0,0,main,main_N40_B1_K0_S5_1002_RANDOM-CH
ROLL-CP,S5,1002,40,160,1,0,0.7592045454545454,0.2296590909090909,0.8285714285714286,676.9191327694464,12.478128427466295,6.308609984260665,5.39493659104571,0.59938185215992,0.17519999999999994,0.8636611928188016,1.6758163346046597,0.897582071948103,0.8973854924316886,0.8129803586678053,0.7797974868854459,36,17,13,558,0.2528651769996486,0.8798230400000193,1,14,0,2,main,main_N40_B1_K0_S5_1002_ROLL-CP
ACI-EVENT,S5,1003,40,160,1,0,0.7948863636363637,0.2446590909090909,0.8428571428571429,667.1662802066012,12.55100750784513,6.198505047292721,5.612505451866026,0.5625801523199772,0.1774168563664061,1.0432211518657712,1.6192759008960302,0.9000971817298348,0.9000971817298348,0.8365901319003419,0.8161944308744504,35,17,12,559,0.1843014910009515,0.6453068829998756,1,15,0,1,main,main_N40_B1_K0_S5_1003_ACI-EVENT
ACI-PER,S5,1003,40,160,1,0,0.7948863636363637,0.2446590909090909,0.8428571428571429,667.1662802066012,12.55100750784513,6.198505047292721,5.612505451866026,0.5625801523199772,0.1774168563664061,1.0432211518657712,1.6192759008960302,0.9000971817298348,0.9000971817298348,0.8365901319003419,0.8161944308744504,35,17,12,559,0.21232943399968462,0.7090294640001957,1,15,0,1,main,main_N40_B1_K0_S5_1003_ACI-PER
ACR-MCR,S5,1003,40,160,1,0,0.7653409090909091,0.25420454545454546,0.8428571428571429,654.4005891704999,12.698177512074922,6.37841509717426,5.582607012660681,0.5604754022399805,0.17667999999999998,0.7001762279017718,1.6951244843245123,0.8992384299941417,0.8996289787150947,0.8328837665522315,0.8137567435017166,35,17,14,559,0.3217555110009016,0.8290169259998947,1,15,0,1,main,main_N40_B1_K0_S5_1003_ACR-MCR
FROZEN-CP,S5,1003,40,160,1,0,0.7315909090909091,0.25227272727272726,0.8071428571428572,607.5617423695525,12.606430342040161,6.287930061076686,5.582336078723494,0.5604242022399806,0.17574000000000012,0.7450768852123277,1.7523533975590995,0.8634498925571401,0.8277007227974214,0.7931630260397383,0.7589781562384302,34,17,11,559,0.21836459299902344,0.7129814370000531,1,15,0,1,main,main_N40_B1_K0_S5_1003_FROZEN-CP
POINT-EA,S5,1003,40,160,1,0,0.7464772727272727,0.2759090909090909,0.8,644.4299775218225,12.71747359939284,6.35610843680848,5.6203594601843845,0.5638657023999751,0.17714000000000021,0.8536382921389241,1.7361738702242784,0.8954615981380916,0.8966252909231963,0.8312054996317211,0.8178246992388902,35,17,10,559,0.1914042650000738,0.6558586790001755,1,15,0,1,main,main_N40_B1_K0_S5_1003_POINT-EA
RANDOM-CH,S5,1003,40,160,1,0,0.7057954545454546,0.1053409090909091,0.9428571428571428,978.1038034705329,12.784197523692804,6.506889513290023,5.584950860962757,0.5336571494400222,0.15870000000000037,0.9656245555655568,1.9358263966827383,0.8953329427846124,0.8963093145869947,0.8470858308889172,0.8331845427879097,35,16,16,0,0.05104237599903172,0.6237139639999896,1,15,0,0,main,main_N40_B1_K0_S5_1003_RANDOM-CH
ROLL-CP,S5,1003,40,160,1,0,0.7527272727272727,0.21056818181818182,0.8285714285714286,707.993730925787,12.572854900699303,6.220145125230604,5.610995962705692,0.5637338127630069,0.17797999999999972,0.9852773654357285,1.70363887543351,0.8950845152516029,0.8962502428599184,0.8291170031622477,0.8078326441255169,35,17,11,559,0.19236221699770795,0.6454091579998931,1,15,0,1,main,main_N40_B1_K0_S5_1003_ROLL-CP
ACI-EVENT,S5,1004,40,160,1,0,0.769090909090909,0.2822727272727273,0.7571428571428571,618.2001191224734,12.29030386558824,6.113994540092766,5.45029602551549,0.5513340518399947,0.1746792481399905,1.0330879552048355,1.6391442872216913,0.9005624748895139,0.9001607071112897,0.824019912881145,0.806471686372122,32,17,9,558,0.2362379070029874,0.794095956000092,1,14,0,2,main,main_N40_B1_K0_S5_1004_ACI-EVENT
ACI-PER,S5,1004,40,160,1,0,0.769090909090909,0.2822727272727273,0.7571428571428571,618.2001191224734,12.29030386558824,6.113994540092766,5.45029602551549,0.5513340518399947,0.1746792481399905,1.0330879552048355,1.6391442872216913,0.9005624748895139,0.9001607071112897,0.824019912881145,0.806471686372122,32,17,9,558,0.2281560389999413,0.7936849959999108,1,14,0,2,main,main_N40_B1_K0_S5_1004_ACI-PER
ACR-MCR,S5,1004,40,160,1,0,0.745,0.3130681818181818,0.7857142857142857,596.2733091310408,12.22819960945416,6.019497706153527,5.478143874204678,0.5546219519999894,0.17593607709596507,1.0975356926569857,1.6783145222967555,0.9001395256129161,0.9005381702212477,0.8313297806419631,0.8150948072871483,35,17,13,559,0.3078651270004684,0.7709042999999838,1,15,0,1,main,main_N40_B1_K0_S5_1004_ACR-MCR
FROZEN-CP,S5,1004,40,160,1,0,0.7872727272727272,0.2913636363636364,0.7428571428571429,596.4448445485525,12.113899932350925,5.999901957954346,5.418561275516538,0.5211766988800415,0.17425999999999983,1.1160375289438769,1.5818620961544692,0.8321536905965622,0.8206268958543984,0.7585004359197908,0.7380744800099639,33,16,9,527,0.219486117999395,0.7536969610000597,1,15,0,0,main,main_N40_B1_K0_S5_1004_FROZEN-CP
POINT-EA,S5,1004,40,160,1,0,0.8057954545454545,0.2697727272727273,0.7785714285714286,607.0331388050362,12.01388637997569,5.849904182876977,5.464638398058675,0.524003799040037,0.17533999999999997,1.102570249883588,1.536106173120533,0.8978894472361809,0.8958793969849246,0.8473586078309508,0.8262274704785582,35,16,11,527,0.20634587400195414,0.7383736599999793,1,15,0,0,main,main_N40_B1_K0_S5_1004_POINT-EA
RANDOM-CH,S5,1004,40,160,1,0,0.7664772727272727,0.10125,1.0,962.6963468814514,13.54400754502443,7.232859864300717,5.604644981203693,0.53494269952002,0.1715600000000001,0.9092090757520481,1.8307660915145214,0.8983946750195771,0.8956538762725137,0.8502234569392438,0.8382654910013286,35,16,16,0,0.043479538997871714,0.5341278529999727,1,15,0,0,main,main_N40_B1_K0_S5_1004_RANDOM-CH
ROLL-CP,S5,1004,40,160,1,0,0.7619318181818182,0.32886363636363636,0.75,575.076488054963,12.149774052587233,5.938677571767144,5.50579283154006,0.5297036492800283,0.17559999999999987,0.9762625416329308,1.6341323540803272,0.8983829107606308,0.8959872229986026,0.8307634916687391,0.8108679432976872,31,16,12,527,0.23237287300139542,0.8382407750000311,1,15,0,0,main,main_N40_B1_K0_S5_1004_ROLL-CP
ACI-EVENT,S5,1005,40,160,1,0,0.7979545454545455,0.2856818181818182,0.7642857142857142,618.8062713419891,12.719571357772857,6.391387882853878,5.591328172518999,0.5604353023999803,0.17642000000000022,0.9444317917186278,1.631550969442388,0.9003328764440963,0.9003328764440963,0.8217712177121771,0.8052890528905289,36,17,9,559,0.2736958319992482,0.9237486539998372,1,14,1,1,main,main_N40_B1_K0_S5_1005_ACI-EVENT
ACI-PER,S5,1005,40,160,1,0,0.742840909090909,0.27443181818181817,0.7642857142857142,586.4465920669174,12.496864313688462,6.235883798169167,5.5311738759925015,0.5543258521599898,0.17548078736680472,0.9516188849071432,1.7093235280657177,0.9004955401387512,0.9006937561942517,0.8267657992565056,0.80545229244114,36,17,8,558,0.22251601500147444,0.7270133770000484,1,14,0,2,main,main_N40_B1_K0_S5_1005_ACI-PER
ACR-MCR,S5,1005,40,160,1,0,0.7986363636363636,0.25363636363636366,0.7571428571428571,629.2070280340906,12.533950778931501,6.2830282092974175,5.522643111694327,0.5533794579397571,0.17489999999999964,1.0505582413666747,1.6065048422111639,0.9002577830656355,0.900456077731509,0.843558282208589,0.8287116564417177,33,17,10,559,0.3181646270006695,0.7869202730000779,1,14,1,1,main,main_N40_B1_K0_S5_1005_ACR-MCR
FROZEN-CP,S5,1005,40,160,1,0,0.7580681818181818,0.31579545454545455,0.7642857142857142,639.0597914111269,12.582432074481698,6.306369688776631,5.544895737519983,0.5556570521599878,0.17550959602509508,0.9819646905598711,1.6900513196080185,0.824782951854775,0.7863062352012629,0.7511412708204812,0.7137569401603948,35,17,13,558,0.21314109500212908,0.7036867730000722,1,14,0,2,main,main_N40_B1_K0_S5_1005_FROZEN-CP
POINT-EA,S5,1005,40,160,1,0,0.775,0.3004545454545455,0.7714285714285715,605.9454351931516,12.528628010756623,6.270333730103629,5.5297827785730025,0.5530915020799919,0.17541999999999977,0.8825085966255195,1.6498061641765371,0.8964561472975648,0.8960601861017621,0.8333540141456757,0.8169748107705671,34,17,9,559,0.28307742000083636,0.9620404039999357,1,15,0,1,main,main_N40_B1_K0_S5_1005_POINT-EA
RANDOM-CH,S5,1005,40,160,1,0,0.7127272727272728,0.09227272727272727,0.9642857142857143,1157.2448033409437,13.015094995611427,6.768291770217682,5.553178826033714,0.5282243993600305,0.16539999999999982,0.9327558919799936,1.8511015496531684,0.8964292759913198,0.8960347208522391,0.8708977142127442,0.8617034861448091,36,16,16,0,0.046705331998737165,0.5655553240001154,1,15,0,0,main,main_N40_B1_K0_S5_1005_RANDOM-CH
ROLL-CP,S5,1005,40,160,1,0,0.7515909090909091,0.3023863636363636,0.7642857142857142,601.4030540940555,12.617226377281503,6.389031288727236,5.50461160113415,0.5498036019199971,0.17377988550012,1.0104132603613487,1.7077999969249462,0.8963937039250847,0.8967921896792189,0.8334785314250156,0.8118232731798382,33,17,12,559,0.32523315500020544,1.0870612719998007,1,15,0,1,main,main_N40_B1_K0_S5_1005_ROLL-CP
ACI-EVENT,S5,1006,40,160,1,0,0.7554545454545455,0.23613636363636364,0.7857142857142857,627.9124078903396,12.557699768928346,6.102714928117858,5.737095088490477,0.5399497523200123,0.1779399999999997,0.8943877883975124,1.7059774173248672,0.8995897636257082,0.8988083610080094,0.8368811580099744,0.8137696144021409,35,17,14,559,0.21604787100181966,0.7379714389999208,1,14,1,1,main,main_N40_B1_K0_S5_1006_ACI-EVENT
ACI-PER,S5,1006,40,160,1,0,0.7525,0.22954545454545455,0.7857142857142857,607.0938168107361,12.519559665335082,6.094974312984528,5.707278000030541,0.5398473523200124,0.17746,0.895397536105335,1.7068247669168484,0.8998232174425457,0.8984482419956786,0.8350012204051745,0.8066878203563583,35,17,11,559,0.21365422099984244,0.7360805949999758,1,15,0,1,main,main_N40_B1_K0_S5_1006_ACI-PER
ACR-MCR,S5,1006,40,160,1,0,0.7355681818181818,0.2838636363636364,0.7928571428571428,598.1699467649585,12.219814323391192,6.013860199901041,5.51050494020825,0.5222891832819015,0.17315999999999968,0.9611067132948555,1.7005029673519612,0.8994708994708994,0.899063899063899,0.831627558662007,0.8062905641537693,33,17,9,559,0.3155104080019555,0.7885003369999595,1,14,1,1,main,main_N40_B1_K0_S5_1006_ACR-MCR
FROZEN-CP,S5,1006,40,160,1,0,0.7429545454545454,0.29829545454545453,0.7357142857142858,599.4043611982186,12.385611896783065,6.034142367091084,5.642152400161809,0.5334763520000223,0.17584077753015012,1.0766619031346012,1.7081246582241159,0.815690168818272,0.7858987090367427,0.7580128205128205,0.7311390532544378,34,17,9,559,0.21986945900039245,0.7189060589998917,1,15,0,1,main,main_N40_B1_K0_S5_1006_FROZEN-CP
POINT-EA,S5,1006,40,160,1,0,0.7575,0.3,0.7714285714285715,602.2437111355689,12.584528287730603,6.345932701927394,5.567862037003136,0.49823354880007303,0.17249999999999985,1.0652385321678581,1.7054517262136606,0.8941627953948698,0.8931528984043627,0.8353842290306379,0.8139126067302863,33,16,7,527,0.21523486700152716,0.765945788999943,1,15,0,0,main,main_N40_B1_K0_S5_1006_POINT-EA
RANDOM-CH,S5,1006,40,160,1,0,0.6607954545454545,0.09420454545454546,0.95,1009.520779821403,12.564530834637617,6.1358596859399395,5.762119649177626,0.5144114995200519,0.15213999999999986,1.0162924377230989,1.9282582619149198,0.8944195994555707,0.8934474042387711,0.8478413725214456,0.8295598368724512,37,16,16,0,0.043624346997603425,0.5096704689999569,1,15,0,0,main,main_N40_B1_K0_S5_1006_RANDOM-CH
ROLL-CP,S5,1006,40,160,1,0,0.7744318181818182,0.27488636363636365,0.7428571428571429,625.8741478544554,12.382535582578335,6.079725253099235,5.600620177799069,0.5273101516800318,0.17487999999999987,1.0766619031346012,1.6448639190460064,0.8940092165898618,0.8936084952915248,0.8272231855338122,0.8023284617290067,33,17,9,559,0.2025070109984881,0.6789856240000063,1,15,0,1,main,main_N40_B1_K0_S5_1006_ROLL-CP
ACI-EVENT,S5,1007,40,160,1,0,0.7118181818181818,0.26272727272727275,0.8428571428571429,647.5056475285885,12.851424829502676,6.4568012878840335,5.618908118909235,0.5986354227094084,0.1770800000000002,0.5978450210782024,1.8467344201038476,0.8994760333786144,0.8983116631088687,0.8288880769699184,0.8114724150529777,35,18,11,592,0.2091358160002983,0.6862820030000876,1,14,2,1,main,main_N40_B1_K0_S5_1007_ACI-EVENT
ACI-PER,S5,1007,40,160,1,0,0.701590909090909,0.26477272727272727,0.8428571428571429,633.4396974527979,12.68732175448945,6.323364778214162,5.623251905386099,0.5630250708891874,0.17768000000000012,0.6002164205225357,1.847040581524159,0.8995345228859581,0.8983708301008534,0.8292979681226427,0.8159143448108043,36,17,8,559,0.2144918310009416,0.7184014499998739,1,15,0,1,main,main_N40_B1_K0_S5_1007_ACI-PER
ACR-MCR,S5,1007,40,160,1,0,0.7325,0.26636363636363636,0.7928571428571428,624.7847375204263,12.631753488132253,6.2477474266002275,5.608863155932102,0.5971629055999232,0.1779799999999998,0.5340466243330934,1.7689054037434886,0.8992217898832685,0.8988326848249028,0.8261343012704174,0.8091954022988506,36,18,12,592,0.36379523599885033,0.899055596000153,1,14,2,1,main,main_N40_B1_K0_S5_1007_ACR-MCR
FROZEN-CP,S5,1007,40,160,1,0,0.7342045454545455,0.25022727272727274,0.8214285714285714,647.2155433003409,12.45177249198238,6.148344669325928,5.569004306330209,0.5570906521599857,0.17733286416625804,0.5987311038446518,1.7400464633849049,0.8547880690737834,0.8286891679748822,0.786439848243789,0.7569452943336189,35,17,12,558,0.18967894400020668,0.6497795889999907,1,14,0,2,main,main_N40_B1_K0_S5_1007_FROZEN-CP
POINT-EA,S5,1007,40,160,1,0,0.6823863636363636,0.2381818181818182,0.8428571428571429,640.7972273467748,12.624188307724927,6.391776678024299,5.504763370134127,0.5540075519999905,0.17364070756650918,0.7386855761618817,1.884207210108198,0.8976596588655296,0.8940896469654899,0.8293502613890963,0.8141647996016929,33,17,11,559,0.2103662259974044,0.7054586960000506,1,15,0,1,main,main_N40_B1_K0_S5_1007_POINT-EA
RANDOM-CH,S5,1007,40,160,1,0,0.52375,0.06556818181818182,0.9714285714285714,1049.1923573848776,11.959998940569848,5.6313794183068575,5.627345069783014,0.5631544524799761,0.13811999999999985,0.6648957399812898,2.2772275210529034,0.8976744186046511,0.8945736434108527,0.8584553098723139,0.8475552787293678,37,17,17,0,0.039736001998790016,0.47001748200000293,1,15,0,1,main,main_N40_B1_K0_S5_1007_RANDOM-CH
ROLL-CP,S5,1007,40,160,1,0,0.6782954545454546,0.2526136363636364,0.8428571428571429,573.0046319363678,12.46658589623816,6.205525237362047,5.531767506876122,0.5533931519999915,0.17589999999999983,0.5998335992419954,1.8707361789072867,0.897910918407568,0.8943634213638155,0.8331479421579533,0.8133728834507478,33,17,10,559,0.21707159299967316,0.7145318080001744,1,15,0,1,main,main_N40_B1_K0_S5_1007_ROLL-CP
ACI-EVENT,S5,1008,40,160,1,0,0.7651136363636364,0.2571590909090909,0.8214285714285714,577.4524799048885,12.63636399878822,5.994456351572172,5.94317977483865,0.5226508968607412,0.17607697551665658,0.7873229045884593,1.6936555419901111,0.9004346108257606,0.9000395100750691,0.8425641655409554,0.8344590445781653,34,17,8,559,0.1943500740003401,0.6744009149999783,1,14,1,1,main,main_N40_B1_K0_S5_1008_ACI-EVENT
ACI-PER,S5,1008,40,160,1,0,0.7756818181818181,0.21693181818181817,0.8285714285714286,641.2835720730313,12.878839603036168,6.214839773210996,5.965548327745133,0.5223715020800391,0.17607999999999996,0.8645456592034284,1.7049033099068265,0.9011227102619658,0.9003348434114634,0.8243259729169208,0.8081005245821642,35,17,11,559,0.2409485559985569,0.8322515789998306,1,15,0,1,main,main_N40_B1_K0_S5_1008_ACI-PER
ACR-MCR,S5,1008,40,160,1,0,0.7438636363636364,0.2303409090909091,0.7785714285714286,597.953576307458,12.801074851487563,6.191146450626032,5.91678934919144,0.5191348019200442,0.1740042497500464,0.9870286704211282,1.7598398201110206,0.900456983906219,0.900456983906219,0.8373241175018514,0.8270797333991607,33,17,9,559,0.32510274099990966,0.8354883389999941,1,14,1,1,main,main_N40_B1_K0_S5_1008_ACR-MCR
FROZEN-CP,S5,1008,40,160,1,0,0.7723863636363636,0.22318181818181818,0.8214285714285714,654.6887919772846,12.99202835152988,6.254940230337778,6.033828768872069,0.5262793523200332,0.17697999999999967,0.8690026584109223,1.7265153955521435,0.8600077881619937,0.8249610591900312,0.7863247863247863,0.7506921873119056,36,17,12,559,0.21251647999997658,0.7200957850000123,1,15,0,1,main,main_N40_B1_K0_S5_1008_FROZEN-CP
POINT-EA,S5,1008,40,160,1,0,0.7719318181818182,0.20647727272727273,0.8142857142857143,732.2868598601111,13.244046976222624,6.575766279860223,5.997505847082328,0.49647484928007213,0.17429999999999968,0.8907889230409476,1.7609422917461273,0.8968020404159309,0.8944477143417696,0.8259114264741865,0.816735992170296,34,16,11,527,0.20027080100021522,0.7253315250000014,1,15,0,0,main,main_N40_B1_K0_S5_1008_POINT-EA
RANDOM-CH,S5,1008,40,160,1,0,0.6214772727272727,0.09693181818181819,0.9571428571428572,952.0522348897862,12.52716395942017,5.839199515016215,6.023377142003924,0.5276673024000311,0.13691999999999996,1.0591456888115045,2.044249993377965,0.8968810916179337,0.894541910331384,0.8326848249027238,0.8278599221789883,36,17,17,0,0.04355411500091577,0.5210412219998943,1,15,0,1,main,main_N40_B1_K0_S5_1008_RANDOM-CH
ROLL-CP,S5,1008,40,160,1,0,0.7722727272727272,0.27238636363636365,0.8214285714285714,622.5625008272268,12.882993139119403,6.2601299818283,5.952089858091032,0.4949332992000713,0.17583999999999972,0.8806458889052807,1.7122532082827489,0.8980841398380407,0.8953189808413984,0.8298342541436464,0.8146101903007981,34,16,12,526,0.20986223200247878,0.7396163019998312,1,14,0,1,main,main_N40_B1_K0_S5_1008_ROLL-CP
ACI-EVENT,S5,1009,40,160,1,0,0.7761363636363636,0.24227272727272728,0.8071428571428572,710.6611441978646,12.73379975444111,6.271476432732347,5.753439755503235,0.5318089523200247,0.17707461388550252,0.8846336749573305,1.689056871526875,0.8997263487099296,0.9001172791243158,0.8502261890206627,0.8307861596772221,35,17,11,558,0.19182885100190106,0.651514152000118,1,14,0,2,main,main_N40_B1_K0_S5_1009_ACI-EVENT
ACI-PER,S5,1009,40,160,1,0,0.7761363636363636,0.24227272727272728,0.8071428571428572,710.6611441978646,12.73379975444111,6.271476432732347,5.753439755503235,0.5318089523200247,0.17707461388550252,0.8846336749573305,1.689056871526875,0.8997263487099296,0.9001172791243158,0.8502261890206627,0.8307861596772221,35,17,11,558,0.21128244900023674,0.7066171520000353,1,14,0,2,main,main_N40_B1_K0_S5_1009_ACI-PER
ACR-MCR,S5,1009,40,160,1,0,0.7535227272727273,0.2318181818181818,0.7857142857142857,648.8104499343914,12.898547150935395,6.49563282528915,5.701059623566213,0.5267747020800325,0.17507999999999954,1.031361275568764,1.7572952521710345,0.8995451848922286,0.8999406762902907,0.8329432056178391,0.8119995072070962,35,17,12,558,0.3508498380022047,0.8854398839998794,1,14,0,2,main,main_N40_B1_K0_S5_1009_ACR-MCR
FROZEN-CP,S5,1009,40,160,1,0,0.7263636363636363,0.2330681818181818,0.7857142857142857,644.6270341830786,12.81657643737256,6.387247743814348,5.725450041398182,0.52841865216003,0.17546000000000006,1.0451883921852443,1.804897399996136,0.8226504128981518,0.787062524577271,0.7694106066199089,0.738525901316599,35,17,12,559,0.20572421199926794,0.7048526240000683,1,15,0,1,main,main_N40_B1_K0_S5_1009_FROZEN-CP
POINT-EA,S5,1009,40,160,1,0,0.7923863636363636,0.25977272727272727,0.8214285714285714,639.9258124974284,12.995367289351366,6.59402779390026,5.723715096091037,0.50262439936007,0.17499999999999968,1.0537079913057332,1.6916645781503992,0.8945712037765539,0.8961447678992919,0.8424767801857586,0.8281114551083592,34,16,9,527,0.20031405800182256,0.7188823280000634,1,15,0,0,main,main_N40_B1_K0_S5_1009_POINT-EA
RANDOM-CH,S5,1009,40,160,1,0,0.6944318181818182,0.09215909090909091,0.9785714285714285,1306.9380361957808,13.640804619511677,7.1828971403091675,5.768410579518279,0.5299602022400276,0.15953669744420199,1.021572381774709,1.9867178298152748,0.8951786062853797,0.8963497950419675,0.8603064246169693,0.849620187974765,34,17,17,0,0.0418547989995659,0.5446699420001551,1,15,0,1,main,main_N40_B1_K0_S5_1009_RANDOM-CH
ROLL-CP,S5,1009,40,160,1,0,0.732840909090909,0.2531818181818182,0.8071428571428572,625.7547031422273,12.693889998361337,6.336074151215827,5.663162545385468,0.5208133017600417,0.17384000000000022,0.9690748774883702,1.7733850235207234,0.8941809485850937,0.8955759266640095,0.8384644148074286,0.8205160164526984,33,17,9,559,0.19549950499799706,0.6673655960000815,1,15,0,1,main,main_N40_B1_K0_S5_1009_ROLL-CP
ACI-EVENT,S5,1010,40,160,1,0,0.7336363636363636,0.2636363636363636,0.7642857142857142,626.2660908183572,12.048216562695874,5.833461472213501,5.5043647365623585,0.5379103539200151,0.17247999999999988,1.0772739824217836,1.668728055775052,0.9001031991744066,0.9007223942208462,0.841405269761606,0.8267252195734003,32,18,12,591,0.19567975900031342,0.6450820829998065,1,15,0,2,main,main_N40_B1_K0_S5_1010_ACI-EVENT
ACI-PER,S5,1010,40,160,1,0,0.7336363636363636,0.2636363636363636,0.7642857142857142,626.2660908183572,12.048216562695874,5.833461472213501,5.5043647365623585,0.5379103539200151,0.17247999999999988,1.0772739824217836,1.668728055775052,0.9001031991744066,0.9007223942208462,0.841405269761606,0.8267252195734003,32,18,12,591,0.22875701800057868,0.7500943739999002,1,15,0,2,main,main_N40_B1_K0_S5_1010_ACI-PER
ACR-MCR,S5,1010,40,160,1,0,0.7648863636363636,0.3054545454545455,0.8214285714285714,581.5533760475405,11.999410127227746,5.765370067179266,5.546448058768427,0.5136120012800526,0.17398000000000002,1.0771931316889898,1.6009886760810867,0.9009414654113794,0.9007367990176013,0.8410678642714571,0.8275948103792415,32,17,13,559,0.37624900199762124,0.9226491649999389,1,15,0,1,main,main_N40_B1_K0_S5_1010_ACR-MCR
FROZEN-CP,S5,1010,40,160,1,0,0.7670454545454546,0.27204545454545453,0.7642857142857142,618.6929224630243,12.401378909443828,6.131961628299707,5.580153329784071,0.5160239513600491,0.1732399999999999,1.0690361512180435,1.6504363733622343,0.8071385114581221,0.7911174204015413,0.7714498880875404,0.7489430489927879,31,17,8,559,0.1896641399971486,0.6500676349999139,1,15,0,1,main,main_N40_B1_K0_S5_1010_FROZEN-CP
POINT-EA,S5,1010,40,160,1,0,0.7817045454545455,0.2559090909090909,0.8,601.859909126758,12.51236092246496,6.191674749041588,5.6471695244633,0.4987566489600733,0.17475999999999986,1.0701263075250849,1.6371007356358709,0.8941247242831362,0.8939242029276118,0.849304865938431,0.8367676266137041,33,16,10,527,0.17575487499971132,0.6168932369998856,1,15,0,0,main,main_N40_B1_K0_S5_1010_POINT-EA
RANDOM-CH,S5,1010,40,160,1,0,0.6769318181818181,0.14261363636363636,0.9071428571428571,1004.106427875803,13.385619724473344,6.998061191070183,5.736113316356144,0.5041036492800677,0.1473415677669483,0.9575032372042283,2.1478850649026544,0.8942060510183903,0.8946015424164524,0.8492666317443688,0.8389209009952855,35,16,16,0,0.038621150001745264,0.4644861490000949,1,15,0,0,main,main_N40_B1_K0_S5_1010_RANDOM-CH
ROLL-CP,S5,1010,40,160,1,0,0.7098863636363636,0.2530681818181818,0.7714285714285715,655.7159133279044,12.070031017746564,5.910716245790742,5.428677103511557,0.5601095065599807,0.17052816188428274,1.0671689437746918,1.721584797852883,0.8942086556554464,0.8948358770646038,0.8356250788444557,0.8182162230351961,31,19,9,622,0.2184999460007475,0.6861012290000872,1,14,0,4,main,main_N40_B1_K0_S5_1010_ROLL-CP
ACI-EVENT,S5,1011,40,160,1,0,0.7979545454545455,0.24704545454545454,0.7571428571428571,657.0064756615049,12.510250259865558,6.095358469212842,5.770516026519198,0.4679508992000569,0.17642486493346052,1.0885075911727546,1.6104853578611686,0.9003341851779044,0.8993512875958325,0.8611517813567594,0.8437042459736457,36,16,10,526,0.21080026500067106,0.723095351999973,1,14,0,1,main,main_N40_B1_K0_S5_1011_ACI-EVENT
ACI-PER,S5,1011,40,160,1,0,0.7979545454545455,0.24704545454545454,0.7571428571428571,657.0064756615049,12.510250259865558,6.095358469212842,5.770516026519198,0.4679508992000569,0.17642486493346052,1.0885075911727546,1.6104853578611686,0.9003341851779044,0.8993512875958325,0.8611517813567594,0.8437042459736457,36,16,10,526,0.188055573999236,0.652091831000007,1,14,0,1,main,main_N40_B1_K0_S5_1011_ACI-PER
ACR-MCR,S5,1011,40,160,1,0,0.7868181818181819,0.24352272727272728,0.8214285714285714,656.5625083198499,12.462602141887098,6.050458181073384,5.744862758893645,0.4921012019200695,0.17517999999999964,0.8799369412822959,1.624850344444211,0.9001980198019802,0.8992079207920792,0.8496379035227691,0.8329446421995826,34,17,12,559,0.3219581890007248,0.8072733849999167,1,15,0,1,main,main_N40_B1_K0_S5_1011_ACR-MCR
FROZEN-CP,S5,1011,40,160,1,0,0.7693181818181818,0.2509090909090909,0.7714285714285715,632.1277874992453,11.954818773769894,5.84262646145501,5.471743008983846,0.47003592828820867,0.1704133750428293,1.1003076393031026,1.5905825936362286,0.8604066233494027,0.844896248166003,0.8222952477249748,0.8001769464105156,31,17,6,559,0.20838388999936797,0.6942735430000084,1,15,0,1,main,main_N40_B1_K0_S5_1011_FROZEN-CP
POINT-EA,S5,1011,40,160,1,0,0.7956818181818182,0.23670454545454545,0.8142857142857143,654.3236444835394,12.59291369177744,6.186428683137098,5.760708509440285,0.469896499200058,0.1758799999999997,1.0714185588798275,1.6253115244937324,0.9002562586240883,0.8963138182534989,0.8542614684540647,0.8395031361456156,35,16,8,527,0.19811063500128512,0.6887663350000821,1,15,0,0,main,main_N40_B1_K0_S5_1011_POINT-EA
RANDOM-CH,S5,1011,40,160,1,0,0.6718181818181819,0.12829545454545455,0.9142857142857143,986.356741144851,12.698481283908604,6.260714930573471,5.816438753975074,0.4724675993600594,0.14886000000000013,1.0784322034613794,1.9449351024519228,0.9,0.8964912280701754,0.8691746209994385,0.8603312745648513,36,16,16,0,0.039389411001593544,0.5260254330000862,1,15,0,0,main,main_N40_B1_K0_S5_1011_RANDOM-CH
ROLL-CP,S5,1011,40,160,1,0,0.7821590909090909,0.23579545454545456,0.7785714285714286,617.8382388305125,12.335205599733388,6.003350216797506,5.672559265889352,0.4851670016000657,0.17412911544646353,1.1158913365303378,1.6168836806571487,0.8995580554439534,0.8971474487746083,0.856594427244582,0.8375232198142415,33,17,7,559,0.18727321800088248,0.6535497469999427,1,15,0,1,main,main_N40_B1_K0_S5_1011_ROLL-CP
ACI-EVENT,S5,1012,40,160,1,0,0.7009090909090909,0.29863636363636364,0.8285714285714286,588.9152448181158,12.673174705410263,6.3295017808435725,5.623359922326683,0.5437330022400064,0.17658,1.0183020905300286,1.8444439972944642,0.9004312034496276,0.9006272050176402,0.8416061091267397,0.814139672373445,35,17,9,560,0.18391627200048788,0.6276116019998881,1,15,1,0,main,main_N40_B1_K0_S5_1012_ACI-EVENT
ACI-PER,S5,1012,40,160,1,0,0.7031818181818181,0.23318181818181818,0.8428571428571429,665.5212793670516,12.73822912151588,6.4333862922102885,5.613833629945542,0.5156291993600499,0.17538000000000017,1.0382573935515778,1.848531290308501,0.9002748331370239,0.900667451904201,0.833108191084367,0.8111261205943755,36,16,10,527,0.20338247600125214,0.7227233809999234,1,15,0,0,main,main_N40_B1_K0_S5_1012_ACI-PER
ACR-MCR,S5,1012,40,160,1,0,0.7292045454545455,0.2365909090909091,0.8357142857142857,623.440352539785,12.631306682665732,6.325562767758337,5.565294160027424,0.565829754879972,0.17461999999999983,0.9452636632228015,1.7740599273406927,0.9002375296912114,0.900633412509897,0.8327178729689808,0.8152387986213688,34,18,11,590,0.3456359000010707,0.8236243840001407,1,13,1,3,main,main_N40_B1_K0_S5_1012_ACR-MCR
FROZEN-CP,S5,1012,40,160,1,0,0.7156818181818182,0.21045454545454545,0.8428571428571429,688.5652567304155,12.56082255182,6.3273822689526105,5.523967920653289,0.5356212019200189,0.17385116029408135,0.9865983983377187,1.7941469149864304,0.8237294917967187,0.7809123649459784,0.767075740671873,0.7213338291806124,31,17,10,559,0.1964849669986961,0.6477418660001604,1,15,0,1,main,main_N40_B1_K0_S5_1012_FROZEN-CP
POINT-EA,S5,1012,40,160,1,0,0.7344318181818181,0.24477272727272728,0.8428571428571429,665.3342406584989,12.585837455987631,6.379397608540624,5.52172969832695,0.5103901491200581,0.17431999999999975,1.1183898325538635,1.7563267451838727,0.8971028971028971,0.8943056943056943,0.8493201945865037,0.8248721466882873,32,16,8,527,0.19149453899922264,0.6815329239998391,1,15,0,0,main,main_N40_B1_K0_S5_1012_POINT-EA
RANDOM-CH,S5,1012,40,160,1,0,0.6289772727272728,0.1075,0.9857142857142858,1049.7914666129836,13.741457389825284,7.421379677373723,5.6418485630115125,0.5175291494400471,0.1606999999999999,1.0961011243258134,2.202509599266755,0.8974409064270366,0.893924594647392,0.8579560155239327,0.8517464424320828,36,16,16,0,0.038719940000191855,0.49363852500005123,1,15,0,0,main,main_N40_B1_K0_S5_1012_RANDOM-CH
ROLL-CP,S5,1012,40,160,1,0,0.7042045454545455,0.21625,0.8357142857142857,663.2281922663857,12.652507857942876,6.398604741253959,5.567246617488862,0.5121364992000554,0.17451999999999981,1.0403567929440063,1.8336967910062139,0.8970908371264595,0.8941223035820305,0.8430792005921539,0.8197631384159881,34,16,11,527,0.17045014300083494,0.6049253080000199,1,15,0,0,main,main_N40_B1_K0_S5_1012_ROLL-CP
ACI-EVENT,S5,1013,40,160,1,0,0.6844318181818182,0.23875,0.7857142857142857,644.9458389977634,12.319407835458785,6.231587595496144,5.3430212371035015,0.5724925542399619,0.17230644861917643,0.937745102925917,1.8343370809200097,0.8990567930965282,0.8988561107766406,0.8335391454680168,0.8246480612496913,32,18,11,591,0.22771989499847223,0.7682765119998294,1,14,1,2,main,main_N40_B1_K0_S5_1013_ACI-EVENT
ACI-PER,S5,1013,40,160,1,0,0.6882954545454546,0.21409090909090908,0.7857142857142857,701.5921937368141,12.189335583678247,6.211061208175528,5.2684470743827045,0.5390473011200138,0.17077999999999977,0.8869106066587331,1.8058274938782588,0.9001629991850041,0.899959250203749,0.8427174854597204,0.8265066204677639,32,17,13,557,0.19953241900066132,0.6737518740001178,1,13,0,3,main,main_N40_B1_K0_S5_1013_ACI-PER
ACR-MCR,S5,1013,40,160,1,0,0.7031818181818181,0.2390909090909091,0.8428571428571429,618.9869124882072,11.918976804869606,5.99039627218917,5.214861331400428,0.542079201280009,0.1716399999999995,0.9172517600048811,1.7321576522118305,0.8996107355050195,0.8994058594550297,0.845061573259613,0.8282231716511687,31,17,9,558,0.32095883000056347,0.7917571490002047,1,13,1,2,main,main_N40_B1_K0_S5_1013_ACR-MCR
FROZEN-CP,S5,1013,40,160,1,0,0.6939772727272727,0.25045454545454543,0.7857142857142857,633.1744649716805,12.483747811187063,6.34510720390829,5.410358555438783,0.5546620518399895,0.1736199999999999,0.8812579237241136,1.835845266351039,0.841323296354992,0.8272583201267829,0.7814528972191597,0.7605047164032831,33,17,12,559,0.20012943100141456,0.676552403000187,1,15,0,1,main,main_N40_B1_K0_S5_1013_FROZEN-CP
POINT-EA,S5,1013,40,160,1,0,0.7282954545454545,0.21863636363636363,0.85,657.8985372934025,12.705497294373071,6.483571442721651,5.483333649411445,0.5637522022399755,0.17484000000000027,0.8418781399916204,1.7890027167520517,0.8969756097560976,0.895219512195122,0.8423939541686982,0.8308142369575817,34,17,12,559,0.2063330989997212,0.7116711480000504,1,15,0,1,main,main_N40_B1_K0_S5_1013_POINT-EA
RANDOM-CH,S5,1013,40,160,1,0,0.48522727272727273,0.05909090909090909,0.9714285714285714,955.8653647719535,11.110691411419754,4.959145841282797,5.492949120856935,0.5332364492800228,0.12535999999999992,1.1269368158393058,2.255977951557311,0.8972602739726028,0.8958904109589041,0.8548442906574395,0.8474048442906574,35,16,16,0,0.03747196300014366,0.44026071400003275,1,15,0,0,main,main_N40_B1_K0_S5_1013_RANDOM-CH
ROLL-CP,S5,1013,40,160,1,0,0.6895454545454546,0.2369318181818182,0.7857142857142857,667.4976480478804,12.065116340173823,6.046504847721417,5.278299538532437,0.5682719539199683,0.17204000000000003,0.9234600832015953,1.7845165419573765,0.895900974025974,0.8946834415584416,0.8403703703703703,0.8201234567901234,33,18,11,591,0.204518809000092,0.6842125460000261,1,15,0,2,main,main_N40_B1_K0_S5_1013_ROLL-CP
ACI-EVENT,S5,1014,40,160,1,0,0.7443181818181818,0.24954545454545454,0.8285714285714286,610.51265760078,12.476195272861919,6.066961904682444,5.701687325726882,0.532344401920024,0.1752016405325699,0.8875147882867813,1.726570062671176,0.9015904572564613,0.9005964214711729,0.8348170128585559,0.8150346191889218,33,17,8,558,0.22575547000133156,0.7767923450001035,1,13,1,2,main,main_N40_B1_K0_S5_1014_ACI-EVENT
ACI-PER,S5,1014,40,160,1,0,0.7638636363636364,0.23738636363636365,0.8285714285714286,631.4745077058617,12.646284693094588,6.263735179112845,5.6823319794587395,0.5261175345230036,0.17409999999999967,0.9967645751368317,1.7094193962009445,0.9014788169464428,0.9010791366906474,0.8282155629547416,0.8066346035269454,31,17,10,559,0.2126149360008185,0.7445495550000487,1,15,0,1,main,main_N40_B1_K0_S5_1014_ACI-PER
ACR-MCR,S5,1014,40,160,1,0,0.7638636363636364,0.2727272727272727,0.7857142857142857,632.5557290279169,12.591134378767483,6.2181491333476115,5.651774656985999,0.5480462478827591,0.1731643405511146,1.0358071708086056,1.7019646362216116,0.9009045226130653,0.9009045226130653,0.8311979101878343,0.8142803831322304,32,18,11,591,0.31730564100234915,0.7882140369999888,1,14,1,2,main,main_N40_B1_K0_S5_1014_ACR-MCR
FROZEN-CP,S5,1014,40,160,1,0,0.76125,0.25170454545454546,0.8214285714285714,628.8842897023832,12.761914634162938,6.297255726075776,5.7533232222046635,0.5359395020800183,0.17539618380248065,0.9936357139367196,1.7304291029373475,0.8296237935788852,0.812881623005712,0.7675303942036105,0.7476360063858529,35,17,11,559,0.19776176799996392,0.6667823059999591,1,15,0,1,main,main_N40_B1_K0_S5_1014_FROZEN-CP
POINT-EA,S5,1014,40,160,1,0,0.7545454545454545,0.2489772727272727,0.85,633.7583683331391,12.830080285497615,6.381583624160244,5.764026612057311,0.50907004928006,0.17540000000000017,1.0145931961663899,1.7537015152402426,0.8985421591804571,0.8949960598896769,0.841678939617084,0.8238831615120275,36,16,7,527,0.20453169100073865,0.7054670360000728,1,15,0,0,main,main_N40_B1_K0_S5_1014_POINT-EA
RANDOM-CH,S5,1014,40,160,1,0,0.63875,0.09818181818181818,0.9714285714285714,977.1758849577442,13.196435207350122,6.68710180408715,5.816663748020138,0.5416449024000094,0.15102475284282474,0.9056632586493079,2.083757335757164,0.8978955572876072,0.8939984411535464,0.8623218486232185,0.8529126885291269,36,17,17,0,0.03846072099986486,0.46842336600002454,1,15,0,1,main,main_N40_B1_K0_S5_1014_RANDOM-CH
ROLL-CP,S5,1014,40,160,1,0,0.7856818181818181,0.21829545454545454,0.8214285714285714,643.7110124847914,12.812046523835921,6.3154252514752445,5.781428270120663,0.5386130022400142,0.17658000000000004,0.8770669372815623,1.6880166698071042,0.8976671240933151,0.8943344442266222,0.8336993655441679,0.8103953147877013,34,17,10,558,0.2084649819983042,0.7389220060001662,1,14,0,2,main,main_N40_B1_K0_S5_1014_ROLL-CP
ACI-EVENT,S5,1015,40,160,1,0,0.7602272727272728,0.2896590909090909,0.7857142857142857,618.6520329745505,12.760270925988722,6.175491235587561,5.863621038241158,0.5450586521600044,0.17609999999999962,0.8995461626641678,1.7201767222955946,0.9010447466982062,0.9002562586240883,0.8504580341668729,0.8180242634315424,35,17,13,559,0.28605901199898653,0.9741003939998336,1,14,1,1,main,main_N40_B1_K0_S5_1015_ACI-EVENT
ACI-PER,S5,1015,40,160,1,0,0.7576136363636363,0.29011363636363635,0.7714285714285715,586.6327016437095,12.636808487902806,6.108377666266632,5.812568819716162,0.5399220019200125,0.17593999999999982,0.9065736590740472,1.7088314385264107,0.9014112502484596,0.9008149473265752,0.8506404676035318,0.8202959830866807,33,17,9,559,0.3019354069997462,1.0369727770000736,1,15,0,1,main,main_N40_B1_K0_S5_1015_ACI-PER
ACR-MCR,S5,1015,40,160,1,0,0.7918181818181819,0.2959090909090909,0.7642857142857142,626.4115449554968,12.766625565840869,6.188262437400899,5.858724426359963,0.5431587020800075,0.17647999999999953,0.9477069039936925,1.658865068326516,0.9014778325123153,0.9012807881773399,0.8353726362625139,0.8018786305771846,34,17,8,559,0.5048562429972208,1.2649673309999798,1,14,1,1,main,main_N40_B1_K0_S5_1015_ACR-MCR
FROZEN-CP,S5,1015,40,160,1,0,0.7625,0.28602272727272726,0.7785714285714286,610.5010152396669,12.802391391148038,6.215589367565783,5.841332507968627,0.5696697548799663,0.17579976073366257,1.0302789186406613,1.721214223063732,0.8335308056872038,0.8021327014218009,0.7755706354102406,0.7459592843923504,33,18,12,591,0.23172910200037222,0.7773253159998603,1,15,0,2,main,main_N40_B1_K0_S5_1015_FROZEN-CP
POINT-EA,S5,1015,40,160,1,0,0.7838636363636363,0.31772727272727275,0.7857142857142857,638.5381393171392,13.033179094985414,6.455526278651729,5.879702916813645,0.5224498995200395,0.1754999999999999,0.9455123196855825,1.7090452524239985,0.8974308687978035,0.8944891155128456,0.8406783857390443,0.8084922010398613,34,16,7,527,0.2428190230002656,0.8779020660001606,1,15,0,0,main,main_N40_B1_K0_S5_1015_POINT-EA
RANDOM-CH,S5,1015,40,160,1,0,0.7510227272727272,0.10602272727272727,0.9714285714285714,950.0024822159403,13.87436002810442,7.261879742322182,5.922590386262199,0.5224498995200395,0.16743999999999973,0.9731567571298125,1.9024215039221748,0.8975657254138267,0.8946445959104187,0.8642848281850887,0.8436918496464458,37,16,16,0,0.05664704000105303,0.7629905359999611,1,15,0,0,main,main_N40_B1_K0_S5_1015_RANDOM-CH
ROLL-CP,S5,1015,40,160,1,0,0.75375,0.29363636363636364,0.7714285714285715,617.5330371127579,12.836784710804562,6.244457614002686,5.870786044641872,0.5451610521600042,0.1763799999999999,0.9062156089635769,1.7438914156778373,0.8970675063963787,0.8947057665813816,0.8454861111111112,0.8090277777777778,35,17,13,559,0.2618645959985315,0.8656478460000017,1,15,0,1,main,main_N40_B1_K0_S5_1015_ROLL-CP
ACI-EVENT,S5,1016,40,160,1,0,0.7946590909090909,0.32477272727272727,0.7142857142857143,610.2096425082732,12.692209156701255,6.4919215011293945,5.510963766431811,0.5198756044800429,0.16944828466000686,0.8322508665394981,1.632018664870934,0.8990335184042771,0.8998560559325519,0.8246306673458992,0.8009424350483954,32,18,6,591,0.2109134969994102,0.6652231389998633,1,14,1,2,main,main_N40_B1_K0_S5_1016_ACI-EVENT
ACI-PER,S5,1016,40,160,1,0,0.8081818181818182,0.26534090909090907,0.7142857142857143,580.104650099909,12.470579326513123,6.184561407994853,5.613588666678197,0.49864925184007286,0.1737800000000002,0.8376416758645234,1.5793540180487744,0.8997786274904407,0.9003823706983296,0.8325837081459271,0.8084707646176912,35,17,9,559,0.21702299500020672,0.7299975559999439,1,15,0,1,main,main_N40_B1_K0_S5_1016_ACI-PER
ACR-MCR,S5,1016,40,160,1,0,0.7943181818181818,0.25011363636363637,0.7642857142857142,627.4099696567159,12.513070560513302,6.1746255296379235,5.659389478875312,0.5035755520000681,0.17547999999999972,1.0142688060278522,1.6096051660037693,0.8995224830879427,0.8999204138479905,0.8405352320157132,0.8235944021605696,33,17,10,560,0.30352327999798945,0.7844649589999335,1,15,1,0,main,main_N40_B1_K0_S5_1016_ACR-MCR
FROZEN-CP,S5,1016,40,160,1,0,0.7952272727272728,0.26681818181818184,0.75,605.3626376228729,12.147776340296595,5.969721378916907,5.516404610019621,0.4889903513600676,0.17265999999999992,0.8696597230655059,1.5610095528522996,0.8322065150583897,0.8022946117598853,0.7720226843100189,0.7516068052930057,32,17,8,559,0.1890438500001892,0.6505252120000478,1,15,0,1,main,main_N40_B1_K0_S5_1016_FROZEN-CP
POINT-EA,S5,1016,40,160,1,0,0.8092045454545455,0.30068181818181816,0.7357142857142858,604.1425631859038,12.57806574341896,6.339625334349126,5.590756610029774,0.47536379904006076,0.17231999999999995,0.9200290614921272,1.5911531617228285,0.895841744045216,0.8956398869600323,0.8379965026230327,0.8252560579565326,33,16,8,527,0.20472930999903838,0.7215519799999583,1,15,0,0,main,main_N40_B1_K0_S5_1016_POINT-EA
RANDOM-CH,S5,1016,40,160,1,0,0.7747727272727273,0.12329545454545454,0.9571428571428572,849.2071231297215,13.712671254981307,7.292672871174199,5.767228723037185,0.48558589952006637,0.16718376124985687,1.047359783547197,1.8305528307277141,0.8962962962962963,0.8957115009746589,0.8474301397205589,0.8378243512974052,36,16,16,0,0.04135168100106057,0.5498156560001917,1,15,0,0,main,main_N40_B1_K0_S5_1016_RANDOM-CH
ROLL-CP,S5,1016,40,160,1,0,0.7797727272727273,0.2584090909090909,0.7285714285714285,599.4317598474402,12.383226502595024,6.167195155582737,5.572663563943942,0.4703477830683442,0.17301999999999995,0.8616213649152509,1.6195692522358127,0.8965377606802997,0.8949179995950597,0.8253928346951602,0.8028912633563796,34,16,8,527,0.17739242199991168,0.6270778990001418,1,15,0,0,main,main_N40_B1_K0_S5_1016_ROLL-CP
ACI-EVENT,S5,1017,40,160,1,0,0.7704545454545455,0.26443181818181816,0.7285714285714285,659.169077910771,12.723653260874073,6.310836192003114,5.618127411271075,0.6223896575998845,0.17229999999999968,0.9954157934689257,1.6845827169169962,0.8989595838335334,0.8987595038015206,0.823086574654956,0.7963613550815558,33,19,6,625,0.256579184999282,0.8194371770000544,1,14,3,1,main,main_N40_B1_K0_S5_1017_ACI-EVENT
ACI-PER,S5,1017,40,160,1,0,0.7965909090909091,0.30261363636363636,0.7357142857142858,611.8132988710045,12.912956649177831,6.386787347846964,5.803960201810865,0.5463090995200025,0.17589999999999958,0.9841558704708187,1.659123300678123,0.8990152539100212,0.8990152539100212,0.8301933259450807,0.8095062184460042,36,16,9,527,0.23476481400052762,0.8231773030001932,1,15,0,0,main,main_N40_B1_K0_S5_1017_ACI-PER
ACR-MCR,S5,1017,40,160,1,0,0.7869318181818182,0.3030681818181818,0.7357142857142858,577.1600479331721,12.984516959722542,6.434401921193986,5.7922567358086114,0.5826783027199459,0.17517999999999972,1.0233673177290883,1.6867390178906916,0.8986460348162476,0.8988394584139265,0.8288598867274071,0.8062053681359271,36,17,12,560,0.3113524010004767,0.776640339999858,1,14,2,0,main,main_N40_B1_K0_S5_1017_ACR-MCR
FROZEN-CP,S5,1017,40,160,1,0,0.8022727272727272,0.2772727272727273,0.7285714285714285,579.0525119274865,12.630032430766802,6.177077045680341,5.7362181358064515,0.5413772492800103,0.17535999999999963,0.9833076128033746,1.6124131789565685,0.8228269381362568,0.807556773688332,0.7649101053936764,0.7502789832610044,34,16,7,527,0.17183005900164972,0.6114602790000845,1,15,0,0,main,main_N40_B1_K0_S5_1017_FROZEN-CP
POINT-EA,S5,1017,40,160,1,0,0.7944318181818182,0.2884090909090909,0.7285714285714285,647.1141465369054,12.975686635637905,6.405698590839647,5.816075192318305,0.5775928524799537,0.17631999999999973,1.0010272052610611,1.6712630906282722,0.8934284062439777,0.8949701291192909,0.8416451175963551,0.8151705454993228,37,17,11,559,0.21714700099755646,0.7657996969999203,1,15,0,1,main,main_N40_B1_K0_S5_1017_POINT-EA
RANDOM-CH,S5,1017,40,160,1,0,0.7635227272727273,0.155,0.8928571428571429,775.0575062601404,13.566719325292205,7.0326350334538965,5.816075192318305,0.5463090995200025,0.1717,1.1008917501089797,1.8147029595093906,0.8934284062439777,0.8949701291192909,0.8474029998760382,0.8333953142432131,37,16,16,0,0.041316080001251976,0.5156724249998206,1,15,0,0,main,main_N40_B1_K0_S5_1017_RANDOM-CH
ROLL-CP,S5,1017,40,160,1,0,0.7806818181818181,0.2665909090909091,0.7214285714285714,644.450780781263,12.774119878634115,6.332209705267581,5.728051274166521,0.5391188992000137,0.1747399999999994,0.9713914081358763,1.6713489308693072,0.8942006269592476,0.8949843260188087,0.8209967924993832,0.7880582284727362,36,16,8,527,0.1817741809989002,0.6271260279997932,1,15,0,0,main,main_N40_B1_K0_S5_1017_ROLL-CP
ACI-EVENT,S5,1018,40,160,1,0,0.767159090909091,0.28125,0.8,612.5284502424003,12.786351113249232,6.225796243596318,5.8183004146129464,0.5685544550399678,0.17369999999999974,1.0029030147276625,1.698280131923128,0.8999599037690457,0.8997594226142742,0.8258426966292135,0.8071161048689138,33,18,11,591,0.22447733499961942,0.7196677209999507,1,13,2,2,main,main_N40_B1_K0_S5_1018_ACI-EVENT
ACI-PER,S5,1018,40,160,1,0,0.8023863636363636,0.2620454545454545,0.8071428571428572,635.4752123105138,12.596100712276359,6.0325033684112395,5.855888656785044,0.5328965017600232,0.17481218532005138,1.111242378359648,1.6068504544299476,0.8993823470810919,0.8999800757122933,0.8354978354978355,0.8179344465058751,33,17,13,559,0.18168825900011143,0.6242819040000995,1,15,0,1,main,main_N40_B1_K0_S5_1018_ACI-PER
ACR-MCR,S5,1018,40,160,1,0,0.7689772727272727,0.29056818181818184,0.7928571428571428,625.9393493551675,12.622674647586374,6.032758582385361,5.850612731017664,0.5647545548799737,0.17454877930337556,1.101216043702446,1.6729853741002485,0.8992791349619543,0.8994793752503003,0.8431543540550641,0.8223495702005731,34,18,12,591,0.40141938700026003,0.929831945999922,1,13,2,2,main,main_N40_B1_K0_S5_1018_ACR-MCR
FROZEN-CP,S5,1018,40,160,1,0,0.7822727272727272,0.24125,0.7928571428571428,679.9891339627927,12.446267637873225,5.989372428560644,5.735266464646491,0.5495494041599973,0.17207934050609183,1.1099353231668279,1.6244149879761451,0.8638956805215974,0.8294621026894865,0.8047738693467337,0.7732412060301508,33,18,13,590,0.20718105900095907,0.6812235979998604,1,14,0,3,main,main_N40_B1_K0_S5_1018_FROZEN-CP
POINT-EA,S5,1018,40,160,1,0,0.7576136363636363,0.27943181818181817,0.8071428571428572,624.9411970430502,12.723622394480573,6.290124154656106,5.740870988624427,0.5217472512000404,0.17087999999999992,1.0774717192449135,1.7090157682311045,0.8982706002034588,0.8948118006103764,0.8343488194973343,0.8193703985783194,31,17,8,558,0.19344454399947608,0.6595031479998852,1,14,0,2,main,main_N40_B1_K0_S5_1018_POINT-EA
RANDOM-CH,S5,1018,40,160,1,0,0.7367045454545454,0.13454545454545455,0.9142857142857143,1197.3705195196844,13.937235622200436,7.306029300949264,5.94617472189112,0.5144515993600519,0.17058,1.1048462481562134,1.9226425192716838,0.8975667189952904,0.8954081632653061,0.8402567518469177,0.8348068305680029,34,16,16,0,0.037430087000529966,0.48807379699997,1,15,0,0,main,main_N40_B1_K0_S5_1018_RANDOM-CH
ROLL-CP,S5,1018,40,160,1,0,0.7797727272727273,0.28613636363636363,0.7928571428571428,615.6870371904577,12.847419230704473,6.254919461343601,5.883983317520849,0.5335164518400223,0.17499999999999974,1.1106471314964756,1.6815993757466587,0.8980563268544228,0.8946846489488298,0.8303504847129008,0.8105891126025354,33,17,12,559,0.19248333500127046,0.6525388679999651,1,15,0,1,main,main_N40_B1_K0_S5_1018_ROLL-CP
ACI-EVENT,S5,1019,40,160,1,0,0.7734090909090909,0.2722727272727273,0.7642857142857142,609.9527870455432,12.500473203771582,6.250818976009736,5.544695126321823,0.5330791014400229,0.17188000000000003,0.8934265976209027,1.6478345905314504,0.899067693554925,0.8992703688690717,0.8262626262626263,0.810479797979798,33,17,7,560,0.20750463500030492,0.7126679490002061,1,15,1,0,main,main_N40_B1_K0_S5_1019_ACI-EVENT
ACI-PER,S5,1019,40,160,1,0,0.7685227272727273,0.2806818181818182,0.7785714285714286,614.5944209032044,12.769046194971098,6.383115992239388,5.665173100651708,0.5460771020800027,0.1746800000000001,0.7769501716248434,1.692833911569813,0.8998617420501679,0.8988741852656528,0.8214730032346355,0.8059218711122169,35,17,12,558,0.18217991600022287,0.6362602900001093,1,14,0,2,main,main_N40_B1_K0_S5_1019_ACI-PER
ACR-MCR,S5,1019,40,160,1,0,0.7417045454545454,0.3165909090909091,0.7571428571428571,588.1933838749947,12.451134225731725,6.162746718913137,5.55591991924529,0.5603069542399807,0.17216063333331705,0.8881063670151793,1.704000852022954,0.8997372144734183,0.8989286436223974,0.8270249810749433,0.8168054504163512,33,18,10,591,0.357324401001506,0.852902671000038,1,14,1,2,main,main_N40_B1_K0_S5_1019_ACR-MCR
FROZEN-CP,S5,1019,40,160,1,0,0.7798863636363637,0.2819318181818182,0.7857142857142857,628.7203752149856,12.56870807131233,6.213358333990604,5.637451735401718,0.5427380019200079,0.17515999999999984,0.7351531122013578,1.6444731219825106,0.8327706057596822,0.8063555114200596,0.7627791563275435,0.7325062034739455,35,17,11,559,0.19562247900239527,0.6515598480000335,1,15,0,1,main,main_N40_B1_K0_S5_1019_FROZEN-CP
POINT-EA,S5,1019,40,160,1,0,0.77875,0.29806818181818184,0.7785714285714286,610.2328517555367,12.839402940214239,6.422517071888006,5.692420066086235,0.5498258022399969,0.17464000000000013,0.6771490149453776,1.6820913061986427,0.8941476826394344,0.8935585231736056,0.8338522854651886,0.8195292066259808,35,17,9,559,0.19309497100016415,0.6561341949998223,1,15,0,1,main,main_N40_B1_K0_S5_1019_POINT-EA
RANDOM-CH,S5,1019,40,160,1,0,0.76375,0.18409090909090908,0.9142857142857143,849.2632487867965,13.569143959397762,7.13300555460742,5.740122905270306,0.5256754995200345,0.17033999999999988,0.9287800077706815,1.815512972892395,0.8941542046999418,0.8929889298892989,0.8478206724782067,0.8433374844333749,37,16,16,0,0.0426169039992601,0.5675720329998057,1,15,0,0,main,main_N40_B1_K0_S5_1019_RANDOM-CH
ROLL-CP,S5,1019,40,160,1,0,0.7484090909090909,0.26272727272727275,0.7857142857142857,634.0155680948611,12.556670284902218,6.261239728542861,5.586278571120735,0.5363158016000179,0.1728361836386045,0.7443705013574795,1.7046796476924,0.8933601609657947,0.8935613682092556,0.8359355326114329,0.8146562578695543,33,17,8,558,0.2009391329954724,0.6655683070000578,1,14,0,2,main,main_N40_B1_K0_S5_1019_ROLL-CP
ACI-EVENT,S5,1020,40,160,1,0,0.7314772727272727,0.26295454545454544,0.7714285714285715,629.1259748508664,12.066295569852372,6.015551233227159,5.343070488883814,0.535813847741399,0.17186,0.8410149639324039,1.6796068443558423,0.9005547565235258,0.9005547565235258,0.8357905439755974,0.8219369598373157,33,16,8,527,0.20805195099978846,0.7259448739998788,1,15,0,0,main,main_N40_B1_K0_S5_1020_ACI-EVENT
ACI-PER,S5,1020,40,160,1,0,0.7314772727272727,0.26295454545454544,0.7714285714285715,629.1259748508664,12.066295569852372,6.015551233227159,5.343070488883814,0.535813847741399,0.17186,0.8410149639324039,1.6796068443558423,0.9005547565235258,0.9005547565235258,0.8357905439755974,0.8219369598373157,33,16,8,527,0.2906766730000072,1.0228198979998524,1,15,0,0,main,main_N40_B1_K0_S5_1020_ACI-PER
ACR-MCR,S5,1020,40,160,1,0,0.7286363636363636,0.2575,0.7571428571428571,650.9128474244999,12.402154192030967,6.112810510932009,5.560696081738964,0.551827599359994,0.1768199999999996,1.029369606664807,1.7323863936347208,0.9,0.9001972386587771,0.830435847208619,0.8148873653281097,35,16,9,527,0.39643137299867703,1.0452200200002153,1,15,0,0,main,main_N40_B1_K0_S5_1020_ACR-MCR
FROZEN-CP,S5,1020,40,160,1,0,0.7061363636363637,0.2680681818181818,0.7714285714285715,571.0954266315134,12.392652936210801,6.19283805311716,5.4569317565440665,0.5698061516799662,0.17307697486960874,0.7654645177610405,1.7802977928761388,0.8094567404426559,0.7911468812877264,0.7414184755174155,0.7208480565371025,32,17,7,558,0.2606981520016234,0.8831408480000391,1,14,0,2,main,main_N40_B1_K0_S5_1020_FROZEN-CP
POINT-EA,S5,1020,40,160,1,0,0.7546590909090909,0.24704545454545454,0.7714285714285715,635.3144349242522,12.587264350048978,6.3199968864323175,5.518393461696702,0.574994001919958,0.17387999999999965,0.7119361171338985,1.7037444978409553,0.8976143141153081,0.8926441351888668,0.8427860696517413,0.8294776119402985,35,17,9,559,0.18881752200036317,0.6214235039999494,1,15,0,1,main,main_N40_B1_K0_S5_1020_POINT-EA
RANDOM-CH,S5,1020,40,160,1,0,0.6581818181818182,0.0996590909090909,0.9428571428571428,1070.6620408601707,13.186865752803051,6.8104707876536,5.630737312669512,0.5867576524799395,0.15889999999999993,0.780919663528965,2.0169571356382763,0.898074304609998,0.8934059521493872,0.8614592954215595,0.853542683731363,37,17,17,0,0.06431971600045472,0.7907324190000509,1,15,0,1,main,main_N40_B1_K0_S5_1020_RANDOM-CH
ROLL-CP,S5,1020,40,160,1,0,0.7215909090909091,0.26034090909090907,0.7642857142857142,609.0967185830906,12.446444500755373,6.1648571288472445,5.527743826299962,0.578179502079953,0.1756640435282136,0.75317218296704,1.7537613781534978,0.8977205153617444,0.8929633300297324,0.8268968086427418,0.8026822302247609,35,17,11,558,0.18207714400159603,0.619380787000182,1,14,0,2,main,main_N40_B1_K0_S5_1020_ROLL-CP
ACI-EVENT,S5,1021,40,160,1,0,0.8154545454545454,0.25113636363636366,0.7928571428571428,710.1051997650599,12.55506577740477,6.330439372597763,5.498835182955506,0.5506851020799957,0.17510611977150656,0.7436527020025219,1.580446346601809,0.8995460824945727,0.8991513716202881,0.8289826787021225,0.801658941205172,32,17,13,559,0.19046957500017925,0.6496453780000593,1,15,0,1,main,main_N40_B1_K0_S5_1021_ACI-EVENT
ACI-PER,S5,1021,40,160,1,0,0.8154545454545454,0.25113636363636366,0.7928571428571428,710.1051997650599,12.55506577740477,6.330439372597763,5.498835182955506,0.5506851020799957,0.17510611977150656,0.7436527020025219,1.580446346601809,0.8995460824945727,0.8991513716202881,0.8289826787021225,0.801658941205172,32,17,13,559,0.2152603939994151,0.7188923270000487,1,15,0,1,main,main_N40_B1_K0_S5_1021_ACI-PER
ACR-MCR,S5,1021,40,160,1,0,0.7786363636363637,0.20863636363636365,0.8285714285714286,695.6448613568114,12.398347451749787,6.239481895443042,5.436928354386744,0.5473972019200006,0.17454000000000014,0.9559511752951172,1.6270797180774,0.8998803350618269,0.9002792181890706,0.8354274451835427,0.8116531165311653,35,17,13,559,0.3177553889997853,0.8048730020000221,1,15,0,1,main,main_N40_B1_K0_S5_1021_ACR-MCR
FROZEN-CP,S5,1021,40,160,1,0,0.7848863636363637,0.23886363636363636,0.7928571428571428,671.3044226137412,12.424661309183104,6.265662018409161,5.4627132761850286,0.5215860145889152,0.17469999999999972,0.8577802321560548,1.6188483790466586,0.8326052422557585,0.8280381254964257,0.7411764705882353,0.7241421568627451,33,16,15,527,0.20477241599905938,0.6765285860001313,1,15,0,0,main,main_N40_B1_K0_S5_1021_FROZEN-CP
POINT-EA,S5,1021,40,160,1,0,0.7694318181818182,0.24636363636363637,0.8214285714285714,671.5423270260031,12.690828543121528,6.418442205494121,5.543154135387415,0.5535122022399912,0.17572000000000013,0.5963312486600908,1.6833570159333504,0.8967274152459338,0.8957475994513031,0.8416574176840548,0.8139104698483167,34,17,10,559,0.2021958860027553,0.6876124409998283,1,15,0,1,main,main_N40_B1_K0_S5_1021_POINT-EA
RANDOM-CH,S5,1021,40,160,1,0,0.7477272727272727,0.10034090909090909,0.9642857142857143,1077.948938778322,13.018810786530043,6.737248499347246,5.586193987662768,0.5292082995200289,0.16616000000000003,0.905693354555114,1.7773120527686066,0.896323672437269,0.8951565843221163,0.8592330978809284,0.8399344096871847,37,16,16,0,0.03866378800012171,0.4873744540000189,1,15,0,0,main,main_N40_B1_K0_S5_1021_RANDOM-CH
ROLL-CP,S5,1021,40,160,1,0,0.7710227272727272,0.2353409090909091,0.8,668.1002279027576,12.420504810977361,6.233972040663608,5.467245230311012,0.5457532518400033,0.17353428816273722,0.746263063213497,1.6444465524926999,0.8963730569948186,0.8953766440813073,0.8369538385583807,0.8152308072080968,34,17,13,558,0.19473782699969888,0.6570765850001408,1,14,0,2,main,main_N40_B1_K0_S5_1021_ROLL-CP
ACI-EVENT,S5,1022,40,160,1,0,0.7835227272727273,0.2315909090909091,0.7928571428571428,649.5283333175802,12.393531791339825,6.038485460484634,5.653847479015158,0.5259388518400337,0.17525999999999994,1.1100314234461186,1.637839538963899,0.9000200360649169,0.9010218393107594,0.8516928361138371,0.8224975466143277,34,17,12,559,0.21086336799771743,0.7049493959998472,1,14,1,1,main,main_N40_B1_K0_S5_1022_ACI-EVENT
ACI-PER,S5,1022,40,160,1,0,0.7726136363636363,0.2509090909090909,0.7785714285714286,643.7467022639134,12.416164659198023,6.046011597885959,5.671657359552025,0.5234757017600377,0.17501999999999965,1.0593441618155794,1.661914691366353,0.9008,0.9014,0.8461348481106447,0.8185971844899975,33,17,14,558,0.31937151199986147,1.0797713330000533,1,14,0,2,main,main_N40_B1_K0_S5_1022_ACI-PER
ACR-MCR,S5,1022,40,160,1,0,0.7472727272727273,0.2544318181818182,0.8214285714285714,627.3820637903261,12.491359084082964,6.05658918517497,5.728698396827966,0.5300515020800275,0.17602000000000007,1.1473561377300545,1.7234215071858394,0.9009489916963227,0.9013444049031237,0.8584385341340851,0.8315970094374311,34,17,12,560,0.46582793200036576,1.17441810299988,1,15,1,0,main,main_N40_B1_K0_S5_1022_ACR-MCR
FROZEN-CP,S5,1022,40,160,1,0,0.7823863636363636,0.2330681818181818,0.8214285714285714,637.6496703962949,12.479997891009784,6.085295645529174,5.713416196200545,0.5054860492800656,0.17580000000000007,1.1508834431475736,1.6514487086158243,0.8410714285714286,0.8188492063492063,0.7828220858895706,0.7559509202453988,33,16,11,527,0.18411212300088664,0.6441269740000735,1,15,0,0,main,main_N40_B1_K0_S5_1022_FROZEN-CP
POINT-EA,S5,1022,40,160,1,0,0.7401136363636364,0.2559090909090909,0.8357142857142857,644.6248437932271,12.5996227887494,6.216491092961386,5.683199846220488,0.5255292518400344,0.17440259772749164,1.1526797815871173,1.7536009448502994,0.897410358565737,0.896613545816733,0.8414982016619125,0.8219025176733226,34,17,8,559,0.24474602700092873,0.8316169150000405,1,15,0,1,main,main_N40_B1_K0_S5_1022_POINT-EA
RANDOM-CH,S5,1022,40,160,1,0,0.5948863636363636,0.09011363636363637,0.9571428571428572,941.0042280104502,12.84608501211169,6.451203192176169,5.719719117855495,0.5301027020800272,0.1450599999999998,1.0234966389747795,2.1644625125714723,0.8975426080063417,0.8963535473642489,0.8547992516908908,0.8429989926608145,36,17,17,0,0.04812321899839844,0.6168217069998718,1,15,0,1,main,main_N40_B1_K0_S5_1022_RANDOM-CH
ROLL-CP,S5,1022,40,160,1,0,0.7490909090909091,0.2651136363636364,0.7928571428571428,600.9500681247122,12.487253966238349,6.179239767894211,5.615634253005851,0.5195734016000435,0.17280654373824378,1.1539721970282126,1.719060292709024,0.8980044345898004,0.8967950010078614,0.8330206378986866,0.8111319574734209,34,17,11,559,0.209250436998218,0.7208091980000972,1,15,0,1,main,main_N40_B1_K0_S5_1022_ROLL-CP
ACI-EVENT,S5,1023,40,160,1,0,0.7877272727272727,0.3180681818181818,0.7714285714285715,615.9482457149976,12.518619822078938,6.220942419206911,5.557246501112055,0.5667909017599709,0.17363999999999993,0.9269162687161185,1.6281206687578278,0.90074044426656,0.8995397238343006,0.8222028407675056,0.7977822078245701,32,17,9,557,0.21159463900221454,0.702071898999975,1,12,1,3,main,main_N40_B1_K0_S5_1023_ACI-EVENT
ACI-PER,S5,1023,40,160,1,0,0.7282954545454545,0.2832954545454546,0.7714285714285715,597.6317541533532,12.133905788058824,5.962244134366685,5.448873552572145,0.5523081011199932,0.17047999999999977,0.9939592513903672,1.6932606458357276,0.9009617352158789,0.9003478616738285,0.8284913353720693,0.8077217125382263,32,17,7,558,0.20150138100029835,0.6980670099999315,1,14,0,2,main,main_N40_B1_K0_S5_1023_ACI-PER
ACR-MCR,S5,1023,40,160,1,0,0.7860227272727273,0.2994318181818182,0.8071428571428572,635.3014910556966,12.48904986391188,6.1025994833819475,5.637683678449972,0.5733667020799607,0.17539999999999978,0.96076864265085,1.6274498128631587,0.901120503243562,0.90013760566149,0.818966580342829,0.8012085337279566,34,17,13,559,0.33979937800063453,0.8331890680001379,1,14,1,1,main,main_N40_B1_K0_S5_1023_ACR-MCR
FROZEN-CP,S5,1023,40,160,1,0,0.7820454545454546,0.2755681818181818,0.75,620.9706414572371,12.468110864801217,6.115044293602401,5.6104090330026635,0.5686396518399681,0.17401788635618445,1.0344935283198025,1.6321653180784417,0.8544842605424668,0.825777073846763,0.7773790372478654,0.7362950129934414,34,17,9,558,0.21709875000146894,0.8195638980000695,1,14,0,2,main,main_N40_B1_K0_S5_1023_FROZEN-CP
POINT-EA,S5,1023,40,160,1,0,0.7779545454545455,0.2803409090909091,0.8071428571428572,631.9825130231552,12.876748221444457,6.402037935441877,5.718148583602631,0.580761702399949,0.17580000000000015,0.8997197279628082,1.6936404342291802,0.8971727343144849,0.8952362509682417,0.8366287691547207,0.8072170044488384,36,17,11,559,0.1851909739975781,0.6336737640001502,1,15,0,1,main,main_N40_B1_K0_S5_1023_POINT-EA
RANDOM-CH,S5,1023,40,160,1,0,0.7151136363636363,0.11477272727272728,0.9428571428571428,983.1471220144153,13.322469669706113,6.996516857725732,5.622007462860372,0.5421853491200092,0.16175999999999996,1.1017288216291372,1.8934720963198002,0.8974713551955749,0.8958909521928091,0.846402273608061,0.8342591396460406,34,16,16,0,0.03992009200214852,0.4813908769999671,1,15,0,0,main,main_N40_B1_K0_S5_1023_RANDOM-CH
ROLL-CP,S5,1023,40,160,1,0,0.7482954545454545,0.2725,0.7642857142857142,584.6628433363481,12.438038151054977,6.12160219565203,5.572819857939531,0.5702836019199655,0.173332495543451,0.9950430057798152,1.694094000416096,0.8973899183104204,0.8967921896792189,0.8240069947539346,0.8028978266300275,32,17,8,559,0.1848865260005823,0.6230052589999104,1,15,0,1,main,main_N40_B1_K0_S5_1023_ROLL-CP
ACI-EVENT,S5,1024,40,160,1,0,0.6963636363636364,0.2731818181818182,0.7285714285714285,601.5646986966733,11.847675731212773,5.8501507112033195,5.30552821872941,0.5202168012800424,0.17177999999999968,1.2138501581372336,1.7168056413871573,0.8982630272952854,0.8995037220843672,0.8491549116787394,0.8312364976490024,32,17,6,558,0.19950625800129274,0.6882812630001354,1,14,0,2,main,main_N40_B1_K0_S5_1024_ACI-EVENT
ACI-PER,S5,1024,40,160,1,0,0.6963636363636364,0.2731818181818182,0.7285714285714285,601.5646986966733,11.847675731212773,5.8501507112033195,5.30552821872941,0.5202168012800424,0.17177999999999968,1.2138501581372336,1.7168056413871573,0.8982630272952854,0.8995037220843672,0.8491549116787394,0.8312364976490024,32,17,6,558,0.21907172900068872,0.7191964570001801,1,14,0,2,main,main_N40_B1_K0_S5_1024_ACI-PER
ACR-MCR,S5,1024,40,160,1,0,0.7143181818181819,0.24556818181818182,0.7571428571428571,577.5863140866961,12.42443800803047,6.112216929729718,5.595879325980739,0.5391817523200132,0.17715999999999973,0.9264593556580593,1.7600847156864246,0.898175397292525,0.8989601726505788,0.8495509902817074,0.824578668962972,35,17,10,559,0.31618567199780045,0.7875291899999866,1,15,0,1,main,main_N40_B1_K0_S5_1024_ACR-MCR
FROZEN-CP,S5,1024,40,160,1,0,0.7114772727272727,0.2615909090909091,0.7785714285714286,590.063797864565,11.987664058692165,5.888639410796719,5.426790916919398,0.49842724864007304,0.17380648233597518,1.217297851199494,1.7042456722621786,0.8642350557244174,0.8439716312056738,0.8100663578314762,0.7735069487917866,34,16,7,526,0.2036242509989279,0.7286652660000073,1,14,0,1,main,main_N40_B1_K0_S5_1024_FROZEN-CP
POINT-EA,S5,1024,40,160,1,0,0.7226136363636364,0.2381818181818182,0.7785714285714286,658.9125482721823,12.380859584484476,6.238466244340218,5.465735041264188,0.5028982988800694,0.17376000000000016,1.2077627598833556,1.7359589995070774,0.8948320933038407,0.8958375226221597,0.8390932738758826,0.8193979933110368,33,16,8,527,0.2143604540005981,0.7211869800000841,1,15,0,0,main,main_N40_B1_K0_S5_1024_POINT-EA
RANDOM-CH,S5,1024,40,160,1,0,0.7243181818181819,0.13068181818181818,0.9,972.4773134223425,13.470290487295268,7.159504501977243,5.623844085797972,0.5140018995200523,0.17293999999999998,0.8183126970495858,1.902852166590658,0.8955893832943014,0.8961748633879781,0.8551040154813739,0.8413159167876149,36,16,16,0,0.041434211000023424,0.5379249370000707,1,15,0,0,main,main_N40_B1_K0_S5_1024_RANDOM-CH
ROLL-CP,S5,1024,40,160,1,0,0.7451136363636364,0.27443181818181817,0.7714285714285715,595.5498097717334,12.19510058152399,5.983778549679031,5.5031197496145285,0.5327540019200232,0.1754482803104076,1.099338268624339,1.663724499525783,0.8949152542372881,0.8957128614157528,0.8417596034696406,0.8175960346964064,33,17,10,558,0.1931612710002355,0.6659507950000716,1,14,0,2,main,main_N40_B1_K0_S5_1024_ROLL-CP
ACI-EVENT,S5,1025,40,160,1,0,0.7505681818181819,0.24386363636363637,0.8428571428571429,678.3695435373533,12.469359430513533,6.244785717775992,5.478353911137581,0.573179801599961,0.1730400000000001,0.9695274241216599,1.6953581822588082,0.900338847917082,0.8999402033087502,0.8292103948025987,0.8035982008995503,33,17,12,558,0.23255382999991525,0.7855583020000267,1,14,0,2,main,main_N40_B1_K0_S5_1025_ACI-EVENT
ACI-PER,S5,1025,40,160,1,0,0.7505681818181819,0.24386363636363637,0.8428571428571429,678.3695435373533,12.469359430513533,6.244785717775992,5.478353911137581,0.573179801599961,0.1730400000000001,0.9695274241216599,1.6953581822588082,0.900338847917082,0.8999402033087502,0.8292103948025987,0.8035982008995503,33,17,12,558,0.21183468699882724,0.7107709430001705,1,14,0,2,main,main_N40_B1_K0_S5_1025_ACI-PER
ACR-MCR,S5,1025,40,160,1,0,0.7596590909090909,0.21011363636363636,0.8357142857142857,654.0442795540349,12.448995161054771,6.195181169633751,5.502479112941488,0.5773748784795322,0.17395999999999995,0.9775944864131765,1.6743772913321817,0.9007542675664947,0.8997618102421596,0.8395107487027428,0.8187546330615271,34,17,14,558,0.35707830999763246,0.8991193889999067,1,14,0,2,main,main_N40_B1_K0_S5_1025_ACR-MCR
FROZEN-CP,S5,1025,40,160,1,0,0.7957954545454545,0.24602272727272728,0.8214285714285714,633.3431695424812,12.248937593517322,6.055989997049398,5.449301295027959,0.5705063014399652,0.1731399999999999,1.0108682085300122,1.579896503742722,0.8203688853247795,0.7784683239775461,0.764316079019755,0.7230557639409853,32,17,12,559,0.1955028999991555,0.6487563470000168,1,15,0,1,main,main_N40_B1_K0_S5_1025_FROZEN-CP
POINT-EA,S5,1025,40,160,1,0,0.7684090909090909,0.23079545454545455,0.8071428571428572,610.8424580102295,12.675223991839653,6.381417202775717,5.5394376875350595,0.5800891015288763,0.17428000000000005,0.8538825522309201,1.6873301373588463,0.8935541099940864,0.8931598659570275,0.8273506396720904,0.805862625760775,33,17,9,559,0.23077373400042234,0.7855664940000224,1,15,0,1,main,main_N40_B1_K0_S5_1025_POINT-EA
RANDOM-CH,S5,1025,40,160,1,0,0.772159090909091,0.13204545454545455,0.9928571428571429,967.9561326610061,13.429525581795206,7.0677422204667515,5.631215061808472,0.5599282995199815,0.17063999999999985,1.0131515221836525,1.8018952880444392,0.8943498452012384,0.8928018575851393,0.8534205976784391,0.8386021239812299,36,16,16,0,0.040079091999587035,0.5329276410000148,1,15,0,0,main,main_N40_B1_K0_S5_1025_RANDOM-CH
ROLL-CP,S5,1025,40,160,1,0,0.7855681818181818,0.21647727272727274,0.8357142857142857,635.6398997789853,12.424887131027853,6.052745010936306,5.607323558556135,0.5877785615354121,0.1770399999999999,0.9042339762375071,1.621412910221565,0.8939275982872713,0.8923705722070845,0.8361036421412857,0.811170862869714,34,17,11,559,0.19229696299908028,0.6449257850001686,1,15,0,1,main,main_N40_B1_K0_S5_1025_ROLL-CP
ACI-EVENT,S5,1026,40,160,1,0,0.6772727272727272,0.2555681818181818,0.7785714285714286,619.0086148834935,12.278060482289913,6.084444350188133,5.545677931268715,0.47681643188389333,0.17112176894917216,0.71702140263353,1.8254624564808077,0.9004719885081058,0.9019084752719064,0.8525398028809704,0.8281526408895628,31,18,8,590,0.2157442109994463,0.7343964320000396,1,14,0,3,main,main_N40_B1_K0_S5_1026_ACI-EVENT
ACI-PER,S5,1026,40,160,1,0,0.6772727272727272,0.2555681818181818,0.7785714285714286,619.0086148834935,12.278060482289913,6.084444350188133,5.545677931268715,0.47681643188389333,0.17112176894917216,0.71702140263353,1.8254624564808077,0.9004719885081058,0.9019084752719064,0.8525398028809704,0.8281526408895628,31,18,8,590,0.2269416950014147,0.7477689590000409,1,14,0,3,main,main_N40_B1_K0_S5_1026_ACI-PER
ACR-MCR,S5,1026,40,160,1,0,0.6930681818181819,0.30420454545454545,0.7928571428571428,607.5627073543425,12.124863018650293,5.983278059359981,5.513244634944878,0.4568657510400504,0.17147457330538396,0.7184502255096623,1.7661854360743325,0.9,0.9012345679012346,0.8508594539939333,0.8277300303336703,33,17,9,557,0.3773266479979611,0.9673402089999854,1,13,0,3,main,main_N40_B1_K0_S5_1026_ACR-MCR
FROZEN-CP,S5,1026,40,160,1,0,0.7289772727272728,0.25420454545454546,0.7571428571428571,632.1206297312207,12.431282898028128,6.111178427667644,5.6576408829161915,0.48754358744429166,0.17492000000000002,0.630752629876466,1.7311353429923588,0.8598112070696927,0.8361116690098414,0.8166274315450378,0.7841655309131458,33,18,12,591,0.2023413499994149,0.6623501179999494,1,15,0,2,main,main_N40_B1_K0_S5_1026_FROZEN-CP
POINT-EA,S5,1026,40,160,1,0,0.7204545454545455,0.25375,0.8071428571428572,651.872698587412,12.68718132191459,6.294521897974231,5.76279097466031,0.45310844928004895,0.17676000000000014,0.7003618790362944,1.7854181426842934,0.9013532065110806,0.8993920376544421,0.8560754532092112,0.8410093091621754,35,16,11,527,0.20820202499885454,0.7597886989999552,1,15,0,0,main,main_N40_B1_K0_S5_1026_POINT-EA
RANDOM-CH,S5,1026,40,160,1,0,0.6369318181818182,0.09045454545454545,0.9642857142857143,898.9237814487426,13.229501056126052,6.880082844657934,5.71058289269573,0.4760299520000609,0.16280536677232682,0.8875434234783897,2.0860140422778386,0.9019956530329974,0.8996245801225055,0.8635896117253793,0.8547184366160967,33,17,17,0,0.040575129999524506,0.5394421710000188,1,15,0,1,main,main_N40_B1_K0_S5_1026_RANDOM-CH
ROLL-CP,S5,1026,40,160,1,0,0.6570454545454546,0.24477272727272728,0.7857142857142857,610.1240233018304,12.303515729921275,6.091946385434665,5.5620324907265495,0.4776368537600611,0.17189999999999986,0.7189162399065221,1.878973080317849,0.9021894822999795,0.899938612645795,0.8499622071050642,0.8279163517258755,32,18,7,590,0.18499615999985508,0.6261351630000718,1,14,0,3,main,main_N40_B1_K0_S5_1026_ROLL-CP
ACI-EVENT,S5,1027,40,160,1,0,0.7728409090909091,0.24977272727272729,0.7571428571428571,642.122760993473,12.92236232750116,6.558721794418916,5.622290030682271,0.5653505023999729,0.17600000000000002,0.9795028291041289,1.7108913448300225,0.8993613315269983,0.8997484033288174,0.8263539236153752,0.8049858774407467,36,17,14,560,0.2160367079993648,0.7251327010001205,1,15,1,0,main,main_N40_B1_K0_S5_1027_ACI-EVENT
ACI-PER,S5,1027,40,160,1,0,0.7834090909090909,0.27454545454545454,0.7642857142857142,692.7729543778817,12.808558407359508,6.521549799259876,5.553209876030694,0.5591187320689368,0.17467999999999995,0.9313933216002802,1.6751972805858628,0.8997454474251028,0.8993538280791071,0.8204494937021487,0.7980982958755248,35,17,10,559,0.2136352840004747,0.7334833380000418,1,15,0,1,main,main_N40_B1_K0_S5_1027_ACI-PER
ACR-MCR,S5,1027,40,160,1,0,0.7654545454545455,0.29659090909090907,0.7714285714285715,638.1660742865046,12.771409686511628,6.454973352902489,5.58205051273906,0.5595482521599818,0.1748375687100974,0.9256931300783975,1.7055835585619161,0.8992384299941417,0.8994337043546182,0.8298765432098766,0.8044444444444444,36,17,11,558,0.3484125199988739,0.8861172350000288,1,13,1,2,main,main_N40_B1_K0_S5_1027_ACR-MCR
FROZEN-CP,S5,1027,40,160,1,0,0.7661363636363636,0.24920454545454546,0.7714285714285715,710.5794938123906,12.678231443124512,6.494600382295884,5.489100761948587,0.5226102988800394,0.17192,0.8632801785513506,1.6917842865124784,0.8222399362295736,0.8045037863690714,0.7333997757568207,0.7117229350940576,32,16,7,526,0.18823250700074823,0.6651977230001194,1,14,0,1,main,main_N40_B1_K0_S5_1027_FROZEN-CP
POINT-EA,S5,1027,40,160,1,0,0.7873863636363636,0.2625,0.8142857142857143,669.4590837342776,12.83272121983621,6.611107487127683,5.4957980808685365,0.5535356518399913,0.1722799999999999,0.8022727728864449,1.6707097018404127,0.897501982553529,0.8939333862014275,0.8243890148652053,0.809649785840262,33,17,9,559,0.21694451199687137,0.7471499429998403,1,15,0,1,main,main_N40_B1_K0_S5_1027_POINT-EA
RANDOM-CH,S5,1027,40,160,1,0,0.7382954545454545,0.14727272727272728,0.9142857142857143,1062.5724260057762,13.444543496636337,7.101777348169336,5.609806746227021,0.561499402239979,0.17146000000000017,1.0642299955143661,1.8662608962571263,0.89792353968562,0.8950126140112555,0.8567208271787297,0.843426883308715,35,17,17,0,0.04360618000009708,0.5872925679998389,1,15,0,1,main,main_N40_B1_K0_S5_1027_RANDOM-CH
ROLL-CP,S5,1027,40,160,1,0,0.7920454545454545,0.24613636363636363,0.7714285714285715,631.7577651331485,12.72472843156798,6.397222873562233,5.563964702965811,0.5888808550399364,0.17466000000000004,0.8612001021856812,1.6478539797420333,0.8969092331768388,0.8937793427230047,0.8114582047166317,0.7819483886899617,35,18,8,591,0.2228609320002306,0.7191534430000956,1,15,0,2,main,main_N40_B1_K0_S5_1027_ROLL-CP
ACI-EVENT,S5,1028,40,160,1,0,0.7518181818181818,0.24886363636363637,0.8142857142857143,652.5981015379472,12.850455126333424,6.5715382219128475,5.565743100639171,0.5383338037814058,0.1748400000000002,1.0524140907617445,1.7459857508605194,0.9009784735812133,0.900587084148728,0.8356130622304374,0.814664202094886,34,18,12,591,0.28283438999983446,0.9384586229998604,1,14,1,2,main,main_N40_B1_K0_S5_1028_ACI-EVENT
ACI-PER,S5,1028,40,160,1,0,0.7538636363636364,0.22386363636363638,0.8071428571428572,719.4634322525684,12.887569151393958,6.685458198293702,5.5416201537401895,0.4871107993600671,0.17338,1.1457586759199356,1.746756458578742,0.9010816125860374,0.9016715830875123,0.8403413306950285,0.8233984664852833,34,16,12,527,0.17972662099850822,0.6551790180001262,1,15,0,0,main,main_N40_B1_K0_S5_1028_ACI-PER
ACR-MCR,S5,1028,40,160,1,0,0.7652272727272728,0.2743181818181818,0.7857142857142857,665.4229194751996,12.70951039659763,6.670802853205511,5.378629892192051,0.4906176512000684,0.1694599999999999,1.0776520633709774,1.69958684094646,0.9007540248624414,0.9001426533523538,0.8433462937413772,0.8270412642669008,31,17,13,559,0.4042953100001796,1.0063047520000055,1,14,1,1,main,main_N40_B1_K0_S5_1028_ACR-MCR
FROZEN-CP,S5,1028,40,160,1,0,0.7430681818181818,0.2489772727272727,0.8142857142857143,656.9323729787852,12.669307582638362,6.604801733868919,5.398795387547375,0.49688070144007185,0.16882975978199666,0.9868379549906863,1.7395726462499468,0.8588259191549868,0.8494820231566118,0.7762458891980774,0.7568934986086516,33,17,11,559,0.21703972400018756,0.7773915409998153,1,15,0,1,main,main_N40_B1_K0_S5_1028_FROZEN-CP
POINT-EA,S5,1028,40,160,1,0,0.7717045454545455,0.24909090909090909,0.8285714285714286,692.0591381777464,12.805344917970285,6.55407169174492,5.587072076785296,0.48860114944006794,0.17560000000000014,1.1566251747736627,1.6994485624379938,0.897310989867498,0.896726422447389,0.8455025156460916,0.8290587802184317,36,16,13,527,0.2163393329997234,0.8010908270000527,1,15,0,0,main,main_N40_B1_K0_S5_1028_POINT-EA
RANDOM-CH,S5,1028,40,160,1,0,0.7176136363636364,0.12375,0.9357142857142857,1037.5324337627635,13.500698858071495,7.207466176460498,5.6059005292909445,0.5144521523200515,0.1728800000000001,0.9932962830766943,1.9212606884974377,0.897107357794603,0.8973014948553679,0.8537386018237082,0.8425531914893617,35,17,17,0,0.05078066800183478,0.659370552999917,1,15,0,1,main,main_N40_B1_K0_S5_1028_RANDOM-CH
ROLL-CP,S5,1028,40,160,1,0,0.7467045454545455,0.2853409090909091,0.8,646.3696407372639,12.43996424562621,6.276447805850612,5.462622309941181,0.5272539545600315,0.17364017527438647,1.1428670086754098,1.700610286483419,0.8969175340272217,0.8973178542834267,0.8318352059925094,0.8089887640449438,33,18,12,591,0.20380423100004919,0.6646154340000976,1,15,0,2,main,main_N40_B1_K0_S5_1028_ROLL-CP
ACI-EVENT,S5,1029,40,160,1,0,0.7918181818181819,0.25886363636363635,0.7357142857142858,630.4387173477522,12.584960165915536,6.315023959234929,5.546582254680611,0.5500139519999966,0.17333999999999974,0.8698161371106747,1.6286993873321516,0.8987644479872459,0.8991630131526505,0.8337701235492325,0.8202920254586298,33,17,7,560,0.18911302700007582,0.6529719820000537,1,15,1,0,main,main_N40_B1_K0_S5_1029_ACI-EVENT
ACI-PER,S5,1029,40,160,1,0,0.8189772727272727,0.31727272727272726,0.7142857142857143,627.1930485536374,12.499595177464174,6.250087711540978,5.525509513923199,0.5497579519999971,0.17423999999999978,0.79248179676808,1.5691181493176216,0.8984842441164739,0.8990825688073395,0.8420856610800744,0.8163873370577281,35,17,11,559,0.20591703400009465,0.6851813190000939,1,15,0,1,main,main_N40_B1_K0_S5_1029_ACI-PER
ACR-MCR,S5,1029,40,160,1,0,0.8018181818181818,0.2171590909090909,0.8071428571428572,664.8241219034078,12.658048951651011,6.378948143868304,5.55533560586271,0.5494452019199976,0.17431999999999995,0.9213498928116033,1.6197119579847743,0.8983893418174588,0.898787035195864,0.8378643154543228,0.8197403869703649,33,17,9,559,0.3160037630016177,0.8083557209999981,1,14,1,1,main,main_N40_B1_K0_S5_1029_ACR-MCR
FROZEN-CP,S5,1029,40,160,1,0,0.8109090909090909,0.29579545454545453,0.7214285714285714,669.5830561701734,12.572867193221885,6.327326198898259,5.523891792403626,0.5479092019199999,0.17373999999999987,0.7933782830959816,1.592510094138301,0.8465840990811027,0.8198162205353575,0.7805875790256601,0.7435229949175653,35,17,13,558,0.18565225600127633,0.6271020859999226,1,14,0,2,main,main_N40_B1_K0_S5_1029_FROZEN-CP
POINT-EA,S5,1029,40,160,1,0,0.8085227272727272,0.2872727272727273,0.7142857142857143,636.9250826039059,12.273405890891118,6.196952192612385,5.371187997158712,0.5342857011200212,0.1709799999999999,0.7849473442235465,1.5587256655945032,0.8951264651449723,0.8965659058194531,0.844015738037822,0.8339890849092525,31,17,7,559,0.18576965399893197,0.6393710309998824,1,15,0,1,main,main_N40_B1_K0_S5_1029_POINT-EA
RANDOM-CH,S5,1029,40,160,1,0,0.7985227272727272,0.1618181818181818,0.8857142857142857,876.813317249086,13.207559697435533,6.853553258442717,5.652819739472791,0.5308466995200265,0.17034000000000007,0.8807541454323156,1.7006901490388275,0.8943469785575049,0.8957115009746589,0.8456258579807813,0.834269312367403,37,16,16,0,0.04277159899902472,0.5346036900000399,1,15,0,0,main,main_N40_B1_K0_S5_1029_RANDOM-CH
ROLL-CP,S5,1029,40,160,1,0,0.8144318181818182,0.2594318181818182,0.7285714285714285,637.1419862064002,12.34652520319197,6.131716669803368,5.495966556982767,0.5450821017600044,0.1737598746458311,0.7925676456334922,1.557724602976529,0.8940916398713826,0.8959003215434084,0.83202882345633,0.8147595974655236,33,17,8,558,0.18346106600142775,0.6205315269999119,1,14,0,2,main,main_N40_B1_K0_S5_1029_ROLL-CP
ACR-MCR,S5,3000,40,160,0,0,0.8238636363636364,0.255,0.7642857142857142,643.4097673959648,6.68675791585915,5.9930360163391,0.0,0.5152818995200505,0.17844000000000024,1.3306574243743254,0.8326183434017121,nan,nan,0.7207925576899843,0.6937296121783255,37,16,8,527,0.21549033300061637,0.5723072779999256,1,15,0,0,probes,probes_N40_B0_K0_S5_3000_ACR-MCR
POINT-EA,S5,3000,40,160,0,0,0.8018181818181818,0.26170454545454547,0.7571428571428571,620.4016195462196,6.637024450160668,5.942942550640618,0.0,0.5152818995200505,0.17879999999999965,1.1436873859295176,0.846883303580537,nan,nan,0.7279609279609279,0.7101343101343102,37,16,9,527,0.17964295400020092,0.49638718599999265,1,15,0,0,probes,probes_N40_B0_K0_S5_3000_POINT-EA
ACR-MCR,S5,3001,40,160,0,0,0.83875,0.24920454545454546,0.7428571428571429,628.9843026482058,6.639264833356501,5.911337333836503,0.0,0.5492274995199979,0.17869999999999975,1.400727858541822,0.8133363755183758,nan,nan,0.7112053301029679,0.6807995154451847,37,16,10,527,0.18368294000219976,0.5040548380000018,1,15,0,0,probes,probes_N40_B0_K0_S5_3001_ACR-MCR
POINT-EA,S5,3001,40,160,0,0,0.80125,0.3,0.7857142857142857,603.6321896836349,6.651707518625859,5.923840019105861,0.0,0.5492274995199979,0.1786399999999997,1.3557933716934096,0.8491902870708361,nan,nan,0.7187691553267133,0.6936373666789261,37,16,10,527,0.21295385100074782,0.5665407999999843,1,15,0,0,probes,probes_N40_B0_K0_S5_3001_POINT-EA
ACR-MCR,S5,3002,40,160,0,0,0.80375,0.24306818181818182,0.7714285714285715,595.2613701564309,6.5755391024794925,5.89868360295942,0.0,0.4975154995200726,0.1793399999999997,1.3160461265810266,0.8444252089995495,nan,nan,0.7419982962151637,0.7157113301691614,37,16,7,527,0.1804503780019786,0.49668608199999653,1,15,0,0,probes,probes_N40_B0_K0_S5_3002_ACR-MCR
POINT-EA,S5,3002,40,160,0,0,0.8002272727272727,0.3128409090909091,0.7285714285714285,570.0999654765993,6.596851631406495,5.920696131886423,0.0,0.4975154995200726,0.17863999999999958,1.3196880138257603,0.8505481732086766,nan,nan,0.7290076335877863,0.7084461955183452,37,16,7,527,0.17839002899995648,0.5154772890000459,1,15,0,0,probes,probes_N40_B0_K0_S5_3002_POINT-EA
ACR-MCR,S5,3003,40,160,0,0,0.7838636363636363,0.21056818181818182,0.8,658.0922071943678,6.993443852367108,6.27936035284709,0.0,0.5366834995200174,0.1774,1.387963282506405,0.9169324573708021,nan,nan,0.728587048961244,0.6915320131211274,36,16,7,527,0.2774153429982107,0.7419380030000866,1,15,0,0,probes,probes_N40_B0_K0_S5_3003_ACR-MCR
POINT-EA,S5,3003,40,160,0,0,0.7703409090909091,0.2753409090909091,0.7571428571428571,628.4998942666003,7.049858219672246,6.336314720152229,0.0,0.5366834995200174,0.17685999999999974,1.3502109696772788,0.9389795178039753,nan,nan,0.7043201566515727,0.6855953983600539,37,16,8,527,0.175638861000607,0.4989271890001419,1,15,0,0,probes,probes_N40_B0_K0_S5_3003_POINT-EA
ACR-MCR,S5,3004,40,160,0,0,0.8057954545454545,0.2943181818181818,0.7642857142857142,611.9395659489339,6.61374345388186,5.863713001401896,0.0,0.5710904524799639,0.17893999999999985,1.063367061843871,0.8470470612041316,nan,nan,0.7199951261118558,0.7024491287924942,37,17,8,559,0.23850038499995208,0.6081981119998545,1,15,0,1,probes,probes_N40_B0_K0_S5_3004_ACR-MCR
POINT-EA,S5,3004,40,160,0,0,0.7696590909090909,0.28045454545454546,0.7857142857142857,550.7106554521267,6.68810609094834,5.938395638468376,0.0,0.5710904524799639,0.17861999999999972,1.043413985359663,0.8929380628769479,nan,nan,0.7136312987495357,0.6907267549832858,37,17,8,559,0.27189273999874786,0.7259806569998091,1,15,0,1,probes,probes_N40_B0_K0_S5_3004_POINT-EA
ACR-MCR,S5,3005,40,160,0,0,0.7972727272727272,0.2265909090909091,0.7928571428571428,693.971357695483,6.571961784017067,5.834083884497085,0.0,0.5590578995199827,0.17881999999999976,1.2998797054938387,0.8446166024954463,nan,nan,0.7160373922544616,0.6938205657399539,36,16,6,527,0.23165174299947466,0.6411504659999991,1,15,0,0,probes,probes_N40_B0_K0_S5_3005_ACR-MCR
POINT-EA,S5,3005,40,160,0,0,0.7922727272727272,0.2821590909090909,0.8,590.5615294304987,6.650048024839873,5.912810125319891,0.0,0.5590578995199827,0.17817999999999987,1.2882126405908374,0.8595124757451045,nan,nan,0.7304851021915785,0.7025363211031765,37,16,8,527,0.23716644600062864,0.6524694249999357,1,15,0,0,probes,probes_N40_B0_K0_S5_3005_POINT-EA
ACR-MCR,S5,3006,40,160,0,0,0.84875,0.3230681818181818,0.7357142857142858,622.8648700922697,6.761783087479594,6.063198234999552,0.0,0.520504852480042,0.17807999999999963,1.1877340096183007,0.8224012512137672,nan,nan,0.7206909224549798,0.7052554208011761,37,17,8,559,0.2388146430002962,0.6265213219999168,1,15,0,1,probes,probes_N40_B0_K0_S5_3006_ACR-MCR
POINT-EA,S5,3006,40,160,0,0,0.8368181818181818,0.29170454545454544,0.7,596.0087064702616,6.768136173879272,6.070391321399231,0.0,0.520504852480042,0.17723999999999973,1.1691488672294197,0.8338223695798044,nan,nan,0.7170695609274791,0.7010360138135175,37,17,4,559,0.1811637439984679,0.4861325730000772,1,15,0,1,probes,probes_N40_B0_K0_S5_3006_POINT-EA
ACR-MCR,S5,3007,40,160,0,0,0.8065909090909091,0.3096590909090909,0.7285714285714285,641.1729494114622,6.782083236175431,6.055335983695433,0.0,0.5487672524799986,0.17798000000000005,1.317970873035598,0.8656136868124353,nan,nan,0.7138491626940472,0.6918469624740252,37,17,11,559,0.195565797001791,0.5081805920001443,1,15,0,1,probes,probes_N40_B0_K0_S5_3007_ACR-MCR
POINT-EA,S5,3007,40,160,0,0,0.8288636363636364,0.3135227272727273,0.7357142857142858,582.7091141081295,6.759361915077914,6.062671215557869,0.0,0.5190706995200448,0.17761999999999992,1.3638536034637907,0.8416588114902147,nan,nan,0.7222631320569465,0.7013991163475699,37,16,7,527,0.2381316699998024,0.6503884470000685,1,15,0,0,probes,probes_N40_B0_K0_S5_3007_POINT-EA
ACR-MCR,S5,3008,40,160,0,0,0.7553409090909091,0.2902272727272727,0.7857142857142857,614.7995889202407,6.4545984132459395,5.771771787405389,0.0,0.5115797882478137,0.17124683759273635,1.432337992813453,0.8775796618961169,nan,nan,0.717065676609909,0.690308539239534,33,17,2,559,0.21813515599819766,0.5714684199999738,1,15,0,1,probes,probes_N40_B0_K0_S5_3008_ACR-MCR
POINT-EA,S5,3008,40,160,0,0,0.7882954545454546,0.3214772727272727,0.7785714285714286,582.8097282847889,6.750874214487611,6.060217114967557,0.0,0.5125170995200548,0.17813999999999938,1.4315793583637872,0.8830443707635856,nan,nan,0.7149382716049383,0.68,37,16,6,527,0.22696567799994227,0.6402621969998563,1,15,0,0,probes,probes_N40_B0_K0_S5_3008_POINT-EA
ACR-MCR,S5,3009,40,160,0,0,0.8040909090909091,0.26181818181818184,0.7785714285714286,642.3516144174014,6.770569011830611,6.025444959350639,0.0,0.5661240524799714,0.17900000000000016,1.0469257333699615,0.8629325786172076,nan,nan,0.7198102882159796,0.6905022497871823,37,17,10,559,0.18517251299977033,0.4884857849999662,1,15,0,1,probes,probes_N40_B0_K0_S5_3009_ACR-MCR
POINT-EA,S5,3009,40,160,0,0,0.7918181818181819,0.2515909090909091,0.7642857142857142,636.1608137854408,6.7612173990345585,6.016453346554587,0.0,0.5661240524799714,0.17864000000000027,1.0615073143213005,0.8737680794823673,nan,nan,0.733382030679328,0.7000243486729973,37,17,4,559,0.20079783300047893,0.5175579859999289,1,15,0,1,probes,probes_N40_B0_K0_S5_3009_POINT-EA
ACR-MCR,S5,3000,40,160,1,0,0.78125,0.20113636363636364,0.7857142857142857,724.2004463895969,12.5154127411246,6.022193081443367,5.772597157093825,0.5428225024000077,0.17780000018739991,0.9183348372949744,1.6353603477230627,0.900097751710655,0.8993157380254154,0.8267535916938308,0.810817336713751,35,17,13,558,0.30221514399886473,0.792946590000156,1,13,1,2,probes,probes_N40_B1_K0_S5_3000_ACR-MCR
POINT-EA,S5,3000,40,160,1,0,0.767159090909091,0.24,0.7785714285714286,696.80580423618,12.906529000847634,6.477357705255267,5.720373671329335,0.5344491520000207,0.17434847226301173,1.0569277930793202,1.7142421305415902,0.896388395500296,0.8952042628774423,0.832616443406661,0.8135676539265085,33,17,12,559,0.2416076100009832,0.7962396560001253,1,15,0,1,probes,probes_N40_B1_K0_S5_3000_POINT-EA
ACR-MCR,S5,3001,40,160,1,0,0.8069318181818181,0.23681818181818182,0.8071428571428572,669.9895273032315,12.452484936022007,6.062681932769004,5.6403548634338625,0.5725281398191402,0.17691999999999988,1.1435547567662252,1.5808664384946054,0.8983683900137606,0.8993512875958325,0.8223740392826644,0.7973648895937538,34,17,12,560,0.2787621419995503,0.7339006260001497,1,15,1,0,probes,probes_N40_B1_K0_S5_3001_ACR-MCR
POINT-EA,S5,3001,40,160,1,0,0.7776136363636363,0.2293181818181818,0.7714285714285715,646.1935836979496,12.779963505665817,6.462152215837055,5.600312734790747,0.5433585550380166,0.17413999999999963,1.195253881953111,1.6773806937479745,0.8941223035820305,0.8947160102909163,0.8317088217149907,0.814188772362739,35,16,12,527,0.1940541299979941,0.6959236129998772,1,15,0,0,probes,probes_N40_B1_K0_S5_3001_POINT-EA
ACR-MCR,S5,3002,40,160,1,0,0.7588636363636364,0.31238636363636363,0.7428571428571429,574.4866008666413,12.412715429855151,6.212765790236151,5.529475938498926,0.49921370112007296,0.17125999999999986,1.063237378932717,1.677847449291045,0.9008247422680412,0.9010309278350516,0.8233350279613625,0.8071936959837316,32,17,9,558,0.2881262119983603,0.7639701929999774,1,14,0,2,probes,probes_N40_B1_K0_S5_3002_ACR-MCR
POINT-EA,S5,3002,40,160,1,0,0.7478409090909091,0.2921590909090909,0.7642857142857142,625.8370248532109,12.95166948501469,6.5550303005626445,5.7040341322920005,0.5180250521600459,0.1745799999999999,0.9265470025872589,1.773958291331967,0.899581589958159,0.8979876469416218,0.8393924302788844,0.826195219123506,35,17,11,559,0.20707471100217845,0.7435898159999397,1,15,0,1,probes,probes_N40_B1_K0_S5_3002_POINT-EA
ACR-MCR,S5,3003,40,160,1,0,0.7253409090909091,0.23329545454545456,0.7785714285714286,619.7982473644265,12.88115030419364,6.5176083197019254,5.592670741941403,0.5971462553599235,0.17372498719038923,1.1260885745143216,1.8061063241998936,0.9003921568627451,0.9,0.8413188441590517,0.8173623116818968,33,18,12,592,0.30469551099758974,0.7688327969999591,1,14,2,1,probes,probes_N40_B1_K0_S5_3003_ACR-MCR
POINT-EA,S5,3003,40,160,1,0,0.7452272727272727,0.2519318181818182,0.7785714285714286,677.4385538306367,13.10541464053015,6.824554592093734,5.575735599156389,0.5314444492800257,0.17367999999999997,1.1091024982033948,1.7935424443041124,0.8969375736160189,0.8955634079308991,0.8307081731365497,0.8099962793005085,34,16,12,527,0.1984129199997824,0.7322709160000613,1,15,0,0,probes,probes_N40_B1_K0_S5_3003_POINT-EA
ACR-MCR,S5,3004,40,160,1,0,0.7678409090909091,0.2925,0.7714285714285715,585.1953741753543,12.484029267652051,6.209869826102386,5.539346239629683,0.5591732019199827,0.1756400000000001,0.747853379198351,1.6625421850648623,0.8993979413478346,0.899592153816275,0.8281829419035847,0.8034610630407911,33,17,9,559,0.3355275809997238,0.9042254609998963,1,14,1,1,probes,probes_N40_B1_K0_S5_3004_ACR-MCR
POINT-EA,S5,3004,40,160,1,0,0.7514772727272727,0.29613636363636364,0.75,582.44256656493,12.644924302791797,6.286599100294265,5.611658700097565,0.5694465023999665,0.1772199999999997,0.7785764205928815,1.7168939990212895,0.8984285166730548,0.8970870065159064,0.8431952662721893,0.8233481262327417,36,17,8,559,0.24073400899806074,0.846778747999906,1,15,0,1,probes,probes_N40_B1_K0_S5_3004_POINT-EA
ACR-MCR,S5,3005,40,160,1,0,0.7798863636363637,0.22875,0.8285714285714286,618.9303635482398,12.490244769732806,6.027712422751174,5.710079945061678,0.5779124019199535,0.17453999999999997,0.8004379406429853,1.6372060256564172,0.8993034825870647,0.8999004975124378,0.8413520848754009,0.8195164075993091,35,17,11,559,0.29460151999978734,0.7639409789999263,1,14,1,1,probes,probes_N40_B1_K0_S5_3005_ACR-MCR
POINT-EA,S5,3005,40,160,1,0,0.7809090909090909,0.2973863636363636,0.7928571428571428,626.802607185139,12.53285136699525,6.043226003189929,5.760100114525328,0.5536652492799912,0.1758600000000001,1.0216254778843281,1.6408551148200117,0.8978102189781022,0.895442888143618,0.8500868701911144,0.8317200297840656,33,16,9,527,0.2250686699999278,0.7757874680000896,1,15,0,0,probes,probes_N40_B1_K0_S5_3005_POINT-EA
ACR-MCR,S5,3006,40,160,1,0,0.7805681818181818,0.29920454545454545,0.7571428571428571,628.0370024282904,12.62883071259924,6.345441114104798,5.597772496414388,0.5115171020800559,0.17409999999999973,1.0527706570690203,1.6573268651705042,0.8995424706584444,0.8999403222597971,0.8424564438403559,0.8267638700111207,32,17,11,559,0.29016010799819014,0.7617560389999198,1,15,0,1,probes,probes_N40_B1_K0_S5_3006_ACR-MCR
POINT-EA,S5,3006,40,160,1,0,0.7831818181818182,0.2869318181818182,0.7928571428571428,668.0907780063696,12.64843815239724,6.270489829834535,5.684282570242658,0.5171657523200472,0.17650000000000002,0.9287016305407083,1.6549049002220648,0.8962079749804535,0.896989835809226,0.8537515375153751,0.842189421894219,35,17,9,559,0.21032554299927142,0.7221737260001646,1,15,0,1,probes,probes_N40_B1_K0_S5_3006_POINT-EA
ACR-MCR,S5,3007,40,160,1,0,0.7935227272727273,0.3039772727272727,0.7357142857142858,601.0162748986381,12.842055104260542,6.142775539517085,5.918950286790728,0.6042068582399125,0.1761224197128171,0.9392390579187426,1.6630477990495391,0.8998245955954005,0.8996297018125122,0.8363433943592281,0.8190252350321623,34,19,10,624,0.35029060600072626,0.8505562670000018,1,14,2,2,probes,probes_N40_B1_K0_S5_3007_ACR-MCR
POINT-EA,S5,3007,40,160,1,0,0.8085227272727272,0.3025,0.7214285714285714,620.8539989598465,12.913550385700646,6.262739561406567,5.930572463536484,0.5445383607575952,0.17569999999999975,0.7299585498439034,1.6442004565445183,0.8942251604122108,0.8930585261520513,0.8391798418972332,0.8231225296442688,35,17,10,559,0.19521420499995656,0.6775281850000283,1,15,0,1,probes,probes_N40_B1_K0_S5_3007_POINT-EA
ACR-MCR,S5,3008,40,160,1,0,0.7759090909090909,0.29965909090909093,0.7357142857142858,598.1918986930107,12.684724663342726,6.1492180071271765,5.800354473411844,0.5608204448199607,0.17433173798374407,1.182234920434889,1.680986570811387,0.9012935323383084,0.9012935323383084,0.8383775738030266,0.8144381046886628,33,18,11,591,0.3861176749990136,0.9751529489999484,1,13,2,2,probes,probes_N40_B1_K0_S5_3008_ACR-MCR
POINT-EA,S5,3008,40,160,1,0,0.7840909090909091,0.2759090909090909,0.7714285714285715,662.9572503503216,12.963399876175663,6.402552208406174,5.876788068409429,0.5088195993600604,0.17524,1.1884653860296348,1.7016802147775876,0.8976269856834673,0.8976269856834673,0.8353606094114756,0.8190195355694803,36,16,7,527,0.18897037900046598,0.6630676769998445,1,15,0,0,probes,probes_N40_B1_K0_S5_3008_POINT-EA
ACR-MCR,S5,3009,40,160,1,0,0.7915909090909091,0.2496590909090909,0.7857142857142857,687.2619775975353,12.985691953633333,6.401199398995956,5.825028399757433,0.5843641548799433,0.17509999999999995,1.031559674068936,1.6910654972826322,0.9003740893876747,0.9003740893876747,0.821501995404523,0.8033619542870963,32,18,11,591,0.3437178850010696,0.8634556370000155,1,14,1,2,probes,probes_N40_B1_K0_S5_3009_ACR-MCR
POINT-EA,S5,3009,40,160,1,0,0.79625,0.2539772727272727,0.8071428571428572,663.4137699746294,12.859700000864743,6.387207039654656,5.772595562170052,0.5254373990400348,0.17446000000000014,1.0441878130537323,1.6657642488166766,0.9016132244572794,0.9000199163513244,0.8399950501175597,0.8210617497834426,35,16,11,527,0.1888525240008221,0.6614706549999028,1,15,0,0,probes,probes_N40_B1_K0_S5_3009_POINT-EA
ACR-MCR,S5,3000,40,160,2,0,0.7156818181818182,0.23443181818181819,0.7714285714285715,691.2582691162103,16.931534039087055,5.85620816782049,10.401248559441777,0.5080194436734468,0.16605786815134063,0.8105267851682492,2.395858785777141,0.9003562560725467,0.9000323869156861,0.8491446345256609,0.8344997407983411,24,18,12,590,0.3078558680001606,0.9176849980001407,1,14,0,3,probes,probes_N40_B2_K0_S5_3000_ACR-MCR
POINT-EA,S5,3000,40,160,2,0,0.7347727272727272,0.2515909090909091,0.7642857142857142,669.840642503001,16.97570450737191,6.039089246276137,10.282288994988079,0.4903018496000681,0.16402441650762262,0.811641591001114,2.346330961627078,0.8986856516976999,0.8981380065717415,0.8598326359832636,0.8429654811715481,26,17,14,559,0.18629796300024282,0.7787592259999201,1,15,0,1,probes,probes_N40_B2_K0_S5_3000_POINT-EA
ACR-MCR,S5,3001,40,160,2,0,0.6905681818181818,0.20295454545454544,0.7928571428571428,664.7058476772976,16.937102548163484,6.004046689019848,10.20500876594522,0.5661523558399727,0.1618947373584451,0.8195944130156327,2.4700455808901096,0.9004085237937507,0.9002981119576019,0.8387654649461221,0.8206731408806704,22,20,13,653,0.3715767110027173,1.0764739140001893,1,13,0,6,probes,probes_N40_B2_K0_S5_3001_ACR-MCR
POINT-EA,S5,3001,40,160,2,0,0.6781818181818182,0.23886363636363636,0.7642857142857142,656.5186219146893,17.08433413792148,6.003607967118119,10.366831671891896,0.5494785023999981,0.16441599651146901,0.6782142758312133,2.5317626167637046,0.8994230978556657,0.9011646892347883,0.8414184023200633,0.8233588188768785,26,18,11,589,0.2197728019978058,0.8574676849998468,1,13,0,4,probes,probes_N40_B2_K0_S5_3001_POINT-EA
ACR-MCR,S5,3002,40,160,2,0,0.7102272727272727,0.27340909090909093,0.7928571428571428,579.3674612110837,17.270878893066623,5.930207345900245,10.649359103495216,0.5251189555200345,0.16619348815112894,0.7601756765763955,2.4768218690759536,0.9017371842694234,0.9013108813812214,0.839072934398324,0.8276810265811182,27,19,13,622,0.34290371600013714,0.9597645470000771,1,14,0,4,probes,probes_N40_B2_K0_S5_3002_ACR-MCR
POINT-EA,S5,3002,40,160,2,0,0.6856818181818182,0.23170454545454544,0.8,650.3827621023593,17.23401817877726,6.226683601934596,10.375132280399118,0.46945234944005676,0.1627499470034883,0.6449343269277413,2.5505428709156814,0.9019844315316303,0.8999013266089244,0.8549780672604015,0.8480659311444902,26,17,13,558,0.1960417570003301,0.7962486730000364,1,14,0,2,probes,probes_N40_B2_K0_S5_3002_POINT-EA
ACR-MCR,S5,3003,40,160,2,0,0.6707954545454545,0.2778409090909091,0.75,617.2686228702248,17.108829349511396,6.134958179758882,10.265510563584295,0.5434646528000071,0.16489595336821197,0.8311723177334562,2.573143231991487,0.9007666558686966,0.9002267573696145,0.8299266247379455,0.8143343815513627,25,18,12,591,0.37700074199915434,1.0500963889999184,1,15,0,2,probes,probes_N40_B2_K0_S5_3003_ACR-MCR
POINT-EA,S5,3003,40,160,2,0,0.6732954545454546,0.21397727272727274,0.8071428571428572,675.737137514606,17.069502670083736,6.264557498844304,10.128604354465397,0.5134096998400532,0.1629311169339815,0.8492299359002167,2.558762205079259,0.8985048564880498,0.8986139910509658,0.84216787838731,0.8313284864507601,24,17,12,558,0.22296496100057084,0.9043879820001166,1,14,0,2,probes,probes_N40_B2_K0_S5_3003_POINT-EA
ACR-MCR,S5,3004,40,160,2,0,0.6744318181818182,0.24454545454545454,0.8214285714285714,616.9642057062296,17.06932496609384,6.095217420577528,10.250522342316327,0.557265203199986,0.16632000000000005,0.6574602360075629,2.559502918892464,0.8992393456288423,0.8997603417734709,0.8324436922275745,0.8112224970706939,24,18,12,589,0.35410387700017054,0.9940775980001035,1,12,1,4,probes,probes_N40_B2_K0_S5_3004_ACR-MCR
POINT-EA,S5,3004,40,160,2,0,0.6964772727272728,0.2660227272727273,0.7928571428571428,641.2443773240187,17.092348262345116,6.135669909426359,10.274586155544684,0.5150521973740709,0.16704,0.7852640717211735,2.4905068136886372,0.897677793904209,0.896744764669293,0.8467437930586247,0.8319251267385935,25,16,13,527,0.20942847000105758,0.9326528760000201,1,15,0,0,probes,probes_N40_B2_K0_S5_3004_POINT-EA
ACR-MCR,S5,3005,40,160,2,0,0.7120454545454545,0.2505681818181818,0.7857142857142857,648.2885475890993,17.427729001701366,6.003290545214712,10.670128580188672,0.5881073049599382,0.16620257133804145,0.7245681011028322,2.4765850506894083,0.900413617562838,0.9003075617774949,0.8283144309737974,0.811888932342589,22,19,16,621,0.39650942400226086,1.1065086880000763,1,13,0,5,probes,probes_N40_B2_K0_S5_3005_ACR-MCR
POINT-EA,S5,3005,40,160,2,0,0.67875,0.26125,0.8142857142857143,646.6800313869516,17.04365981799277,5.921547602408708,10.424102415904038,0.5339297996800219,0.16407999999999978,0.7765216626466762,2.5272330690973854,0.8969644217168969,0.8966380154498966,0.8384656225112822,0.8241306079108044,25,17,9,559,0.25394926999933887,0.9164748309999595,1,15,0,1,probes,probes_N40_B2_K0_S5_3005_POINT-EA
ACR-MCR,S5,3006,40,160,2,0,0.7432954545454545,0.2697727272727273,0.8071428571428572,641.2895429556748,17.21544176290398,6.233914985287433,10.34232858444776,0.47445760000005954,0.16474059316872572,0.6700401219467793,2.3560204958127793,0.8998592616650427,0.8992097001190863,0.8319349764027268,0.8180388044048243,22,17,13,556,0.33747709899739675,1.0522635949998858,1,11,1,4,probes,probes_N40_B2_K0_S5_3006_ACR-MCR
POINT-EA,S5,3006,40,160,2,0,0.7101136363636363,0.29011363636363635,0.8428571428571429,584.6501648318989,16.948346460247524,6.086456676098548,10.203713482783463,0.4947553930222859,0.16342090834322828,0.7497612373220013,2.4160151760866038,0.8986575704225352,0.8977772887323944,0.8402564445038065,0.8302390810738614,27,18,11,591,0.2734735610004009,1.0334106689999771,1,15,0,2,probes,probes_N40_B2_K0_S5_3006_POINT-EA
ACR-MCR,S5,3007,40,160,2,0,0.7453409090909091,0.2903409090909091,0.7071428571428572,613.9520494361361,17.17273782536741,5.982276144806861,10.538290422241444,0.4901883494400682,0.1619829088790353,0.8835570522490088,2.352429839091426,0.9003492687186204,0.9001309757694826,0.8395045285029302,0.8200586041555674,26,17,10,558,0.36404400400078885,1.0358936399998129,1,13,1,2,probes,probes_N40_B2_K0_S5_3007_ACR-MCR
POINT-EA,S5,3007,40,160,2,0,0.7305681818181818,0.24920454545454546,0.7785714285714286,685.5163201427873,17.869857909402697,6.447576563895586,10.769949697507045,0.4880916480000676,0.16424000000000014,0.814357868664032,2.4923093318553273,0.8984938481120068,0.898069579974544,0.8487824037706205,0.8363445928253469,24,16,12,526,0.22794632800128056,1.2269363740001609,1,14,0,1,probes,probes_N40_B2_K0_S5_3007_POINT-EA
ACR-MCR,S5,3008,40,160,2,0,0.6903409090909091,0.27079545454545456,0.7857142857142857,579.4327384799714,16.793576159727273,5.919652350610543,10.23422736563636,0.47786149888006146,0.16183494460030937,0.8861066877884145,2.4613185050164548,0.9001432822660641,0.9009148021602557,0.8466282343477678,0.8334897439335032,24,17,13,558,0.26983364899842854,0.831685428000128,1,14,0,2,probes,probes_N40_B2_K0_S5_3008_ACR-MCR
POINT-EA,S5,3008,40,160,2,0,0.7446590909090909,0.2938636363636364,0.7642857142857142,646.1517006342548,17.49742534648252,6.178626485013124,10.637669034322489,0.5149296025600505,0.16620022458685627,0.6923600050794904,2.396579283177992,0.8987502647744122,0.9010802796017793,0.8397855087627518,0.8318074810358357,27,18,11,591,0.19613384300032521,0.8076147990000209,1,15,0,2,probes,probes_N40_B2_K0_S5_3008_POINT-EA
ACR-MCR,S5,3009,40,160,2,0,0.6859090909090909,0.22795454545454547,0.8142857142857143,693.2923426363545,17.454619100861706,6.133910545128699,10.632498049324235,0.5252652432065473,0.16294526320222427,0.6995497152025759,2.5695008245048885,0.9002257821739598,0.9004408128158262,0.845044572627163,0.8295752490823283,20,18,14,589,0.33331642700090924,1.0813951800000723,1,13,0,4,probes,probes_N40_B2_K0_S5_3009_ACR-MCR
POINT-EA,S5,3009,40,160,2,0,0.7275,0.23613636363636364,0.8142857142857143,710.8540001507785,17.733023939241516,6.227936321726025,10.80166220560409,0.5378254119113987,0.1656000000000001,0.7391582342508354,2.4770252743737275,0.8974440555732315,0.8982925018559762,0.8444733420026008,0.8276983094928478,21,18,15,590,0.2305515540003853,0.859255057999917,1,14,0,3,probes,probes_N40_B2_K0_S5_3009_POINT-EA
ACR-MCR,S5,2000,120,160,1,0,0.7829545454545455,0.2444318181818182,0.7928571428571428,778.0196170390514,39.69630301824963,17.123092108646222,16.852462200540387,5.188475946743655,0.5322727623193627,2.864156655822294,1.7278042663003104,0.9006166360535293,0.9000262398320651,0.8405879951000408,0.7869334422213148,100,17,12,558,1.3759096289984427,3.1397873600001276,1,14,0,2,scale,scale_N120_B1_K0_S5_2000_ACR-MCR
POINT-EA,S5,2000,120,160,1,0,0.7632196969696969,0.27458333333333335,0.7571428571428571,746.8235570831358,38.66786450654782,16.858398576679114,16.26487605350497,5.025989876363735,0.5186000000000003,3.0043891928807844,1.7220924782465405,0.8995094699550348,0.8978743698051506,0.8508771929824561,0.804360661268556,92,17,7,559,0.5370564240006388,2.136323720000064,1,15,0,1,scale,scale_N120_B1_K0_S5_2000_POINT-EA
ACR-MCR,S5,2001,120,160,1,0,0.811780303030303,0.25700757575757577,0.7785714285714286,764.9168928866275,38.648836941353814,16.530675029146675,16.822490065989566,4.767271846217571,0.5284000000000013,2.8243652539880024,1.6299960752964369,0.9005498927038627,0.9002145922746781,0.8282815837029736,0.7830211927057664,96,17,12,559,1.3013416420005797,3.0049007820000497,1,15,0,1,scale,scale_N120_B1_K0_S5_2001_ACR-MCR
POINT-EA,S5,2001,120,160,1,0,0.7901515151515152,0.2764015151515152,0.75,679.2898925682919,38.120802922731514,16.638651993394895,16.320601411867532,4.645829517469088,0.5157200000000004,2.9493824594195144,1.647398570558838,0.8987455818144016,0.8987455818144016,0.8299308178770002,0.7955944144985357,94,17,5,559,0.5498190159999012,2.0600477759999194,1,15,0,1,scale,scale_N120_B1_K0_S5_2001_POINT-EA
ACR-MCR,S5,2002,120,160,1,0,0.8198106060606061,0.2256439393939394,0.8857142857142857,785.5155244688619,39.744738759489216,17.07583731118519,17.10427589183966,5.030145556464367,0.5344800000000002,2.9521872626390033,1.661013823114728,0.8999869178440607,0.8997906855049712,0.836217401901048,0.7853196847834918,102,17,15,559,1.2207145870002023,2.828171789999942,1,15,0,1,scale,scale_N120_B1_K0_S5_2002_ACR-MCR
POINT-EA,S5,2002,120,160,1,0,0.7727272727272727,0.2910606060606061,0.7642857142857142,689.6154909779164,38.119784047917065,16.719584131400815,15.957818804840288,4.93703260497827,0.5053485066976946,3.2942162105139916,1.680396034732954,0.8965225365027862,0.8945475065246526,0.8337453914552158,0.7904576013879853,89,18,6,591,0.4936760299992784,1.8963036410000313,1,15,0,2,scale,scale_N120_B1_K0_S5_2002_POINT-EA
ACR-MCR,S5,2003,120,160,1,0,0.8076136363636364,0.2608712121212121,0.7857142857142857,759.0375827131168,38.74751862036179,16.44389450035707,17.150578440277666,4.621525679727047,0.5315200000000019,2.778999572375743,1.641635326880557,0.8999469566370508,0.8996154356186182,0.8412251723153473,0.7967290672539663,102,17,12,559,1.3965738849981335,3.2822234830000525,1,14,1,1,scale,scale_N120_B1_K0_S5_2003_ACR-MCR
POINT-EA,S5,2003,120,160,1,0,0.7765530303030304,0.26856060606060606,0.7428571428571429,750.7066056751693,38.59290402265903,16.798563023236134,16.74865352362659,4.524367475796305,0.5213200000000006,2.346404760525787,1.693934250215469,0.8982463295269169,0.8977705274605764,0.8412304325871065,0.8018431240531897,96,17,8,559,0.5863400780012853,2.4172549259999414,1,15,0,1,scale,scale_N120_B1_K0_S5_2003_POINT-EA
ACR-MCR,S5,2004,120,160,1,0,0.7711363636363636,0.2394318181818182,0.8071428571428572,702.7485825971473,38.59323823703856,16.663085752717926,16.647263815136753,4.7593194840573165,0.5235691851265696,3.0280849132219227,1.7034444843325636,0.9002900897254267,0.8997503879106793,0.828016241299304,0.7826897580377858,96,18,11,591,1.059310506000429,2.4582368100000167,1,15,0,2,scale,scale_N120_B1_K0_S5_2004_ACR-MCR
POINT-EA,S5,2004,120,160,1,0,0.7949242424242424,0.24306818181818182,0.8071428571428572,803.4072877926425,39.63177598969893,17.40575043236313,17.066296168578404,4.627229388757394,0.5325000000000002,3.1882756964159746,1.7021034182141783,0.8976383132688639,0.8971778172488653,0.8393470790378007,0.8047373588610702,103,17,10,559,0.6376937050015385,2.5208283299998584,1,15,0,1,scale,scale_N120_B1_K0_S5_2004_POINT-EA
ACR-MCR,S5,2005,120,160,1,0,0.7904166666666667,0.2578030303030303,0.7714285714285715,737.4542832792749,38.68274616799306,16.919965254626426,16.779225897251887,4.455175016114747,0.5283800000000007,3.085589458550087,1.6757384408245128,0.9006294361858845,0.9006294361858845,0.8335039934466516,0.7922178988326848,102,16,11,527,1.1651238230001582,2.7762708709999515,1,15,0,0,scale,scale_N120_B1_K0_S5_2005_ACR-MCR
POINT-EA,S5,2005,120,160,1,0,0.7829924242424242,0.26928030303030304,0.7428571428571429,704.0937196066527,38.65128575167196,17.223819131374274,16.497572935878456,4.409373684419233,0.5205200000000012,3.039198874324428,1.688713987752183,0.8987807370070159,0.897145970982903,0.830806065442937,0.8001848195908766,95,16,7,527,0.483360409999932,1.9164126509999733,1,15,0,0,scale,scale_N120_B1_K0_S5_2005_POINT-EA
ACR-MCR,S5,2006,120,160,1,0,0.7900757575757575,0.21136363636363636,0.95,751.339393257819,38.97339064755155,16.71151900903014,16.833835708886728,4.898402649574089,0.5296332800605895,3.099527099327782,1.6826435820547252,0.8995464247598719,0.8992796157950907,0.8383037829888063,0.7913228204918703,99,17,13,558,1.056688627000085,2.531581775000177,1,13,1,2,scale,scale_N120_B1_K0_S5_2006_ACR-MCR
POINT-EA,S5,2006,120,160,1,0,0.7513636363636363,0.22204545454545455,0.7928571428571428,784.8301840273339,39.519574405920885,17.426227463251227,16.7229073881242,4.847279554545456,0.523160000000001,2.9323183078190516,1.7849852938536988,0.8972459767019056,0.8968419635041411,0.8380813953488372,0.8022009966777409,99,17,9,558,0.6027497649986344,2.337287242000002,1,14,0,2,scale,scale_N120_B1_K0_S5_2006_POINT-EA
ACR-MCR,S5,2007,120,160,1,0,0.8129924242424242,0.22170454545454546,0.7928571428571428,790.9951448696281,39.51955397535925,16.995444282183474,17.016652123015135,4.97419757016064,0.5332600000000011,2.7560408088309067,1.671087740511618,0.900111570519131,0.900177200236267,0.8300400048490726,0.781428051885077,106,17,14,559,1.2298389979998774,2.792194094000024,1,14,1,1,scale,scale_N120_B1_K0_S5_2007_ACR-MCR
POINT-EA,S5,2007,120,160,1,0,0.780719696969697,0.2621969696969697,0.7571428571428571,743.1703361392513,39.824206278246756,17.69938858558985,16.709897370089912,4.892848573138281,0.5220717494287126,2.706394804870551,1.7469055699542375,0.898068310941782,0.8970657041641602,0.8311168549631051,0.793304706716138,97,17,9,558,0.5618182450004952,2.1021002500001487,1,14,0,2,scale,scale_N120_B1_K0_S5_2007_POINT-EA
ACR-MCR,S5,2008,120,160,1,0,0.7754545454545455,0.22727272727272727,0.9285714285714286,749.4301685916965,39.32371713514497,17.07652848353891,16.80005074927213,4.920657902333921,0.5264800000000012,3.3531399731926657,1.7266176568669578,0.8997859245383998,0.8996521273748996,0.8448496349160514,0.7891588630832062,97,17,14,559,1.1434933919988453,2.6975135249999767,1,15,0,1,scale,scale_N120_B1_K0_S5_2008_ACR-MCR
POINT-EA,S5,2008,120,160,1,0,0.764469696969697,0.23147727272727273,0.8642857142857143,771.9164807808817,38.757882372177974,17.023326461537607,16.566254226582963,4.646881684057406,0.5214200000000004,3.388096750230994,1.7237216976730254,0.8970638095883908,0.8975384824032007,0.8478508457417641,0.8061332096005399,94,16,9,526,0.46401766499866426,1.8434649769999396,1,14,0,1,scale,scale_N120_B1_K0_S5_2008_POINT-EA
ACR-MCR,S5,2009,120,160,1,0,0.7992424242424242,0.2571590909090909,0.8,770.6500043319611,38.99999334726786,16.77095971171789,17.019779853175322,4.678393782374649,0.5308600000000006,2.8458683264053337,1.673101387699179,0.9008395584055001,0.9001784887948701,0.8508914760237727,0.8013514613693723,99,17,12,558,1.0874122190000435,2.5649596289999863,1,14,0,2,scale,scale_N120_B1_K0_S5_2009_ACR-MCR
POINT-EA,S5,2009,120,160,1,0,0.7805681818181818,0.27549242424242426,0.7428571428571429,715.222268441563,39.1461176925378,17.12075315020354,16.86317721555723,4.636807326777026,0.525380000000001,2.632175595459022,1.7156557694937022,0.8972817738596139,0.8970146263273893,0.8497244949073302,0.8069794623476373,96,17,8,559,0.5314699670011578,2.0373105439998653,1,15,0,1,scale,scale_N120_B1_K0_S5_2009_POINT-EA
ACR-MCR,S5,2000,80,160,1,0,0.7646590909090909,0.24323863636363635,0.7857142857142857,746.1163485274581,25.47440369438133,11.50116229870485,11.33421409199619,2.2862073036802903,0.352820000000001,2.099956081940404,1.708888689500324,0.9005541262616268,0.9004551751434792,0.83955177933752,0.7929442186922793,69,17,12,559,0.7180638670006374,1.713124758000049,1,14,1,1,scale,scale_N80_B1_K0_S5_2000_ACR-MCR
POINT-EA,S5,2000,80,160,1,0,0.7647727272727273,0.27954545454545454,0.7642857142857142,675.1774668346154,24.797830671683247,11.439449517912594,10.812831248559887,2.205856516634262,0.33969338857650394,2.24055402405689,1.6632792723645615,0.8986563899593792,0.8981356108738673,0.836287192755498,0.7997412677878396,66,17,8,559,0.35932733099912184,1.33514272299999,1,15,0,1,scale,scale_N80_B1_K0_S5_2000_POINT-EA
ACR-MCR,S5,2001,80,160,1,0,0.7855113636363636,0.2535795454545455,0.7857142857142857,761.7792885445224,25.214868043678198,11.380911256712496,11.39168373352432,2.0904530534413803,0.35182000000000024,1.794160581519998,1.6421275183118331,0.8988730126786074,0.8996780036224592,0.8244510239328893,0.783925487293363,69,17,13,559,0.7195905280000261,1.6778939780001565,1,14,1,1,scale,scale_N80_B1_K0_S5_2001_ACR-MCR
POINT-EA,S5,2001,80,160,1,0,0.7942045454545454,0.26125,0.7428571428571429,686.58318955767,25.983898181440132,12.027571823001715,11.500373554597125,2.1063528038412933,0.34959999999999986,1.8584236411634736,1.6755157455145815,0.8955283338312917,0.8951299671347476,0.8241608239746852,0.7953093007383508,68,17,8,559,0.3351818249993812,1.325599653999916,1,15,0,1,scale,scale_N80_B1_K0_S5_2001_POINT-EA
ACR-MCR,S5,2002,80,160,1,0,0.7978977272727272,0.2353409090909091,0.8142857142857143,702.2202211888111,24.743622079985794,11.153643948549885,10.992742204147541,2.248471625446168,0.34876430184219853,1.9996454727932604,1.588267673148841,0.8996342950020317,0.8985168630637952,0.8374064837905237,0.7846009975062345,65,17,14,558,0.7490969919990675,1.7469446659999903,1,13,1,2,scale,scale_N80_B1_K0_S5_2002_ACR-MCR
POINT-EA,S5,2002,80,160,1,0,0.7538636363636364,0.300625,0.8071428571428572,671.8124176499466,24.774157264907394,11.391315409023415,10.902395228944176,2.135186626939805,0.34525999999999973,2.1403268915974016,1.673477253776506,0.8973805855161787,0.8930662557781202,0.8355212847310731,0.7983048687229162,60,16,8,527,0.3237327270012429,1.2934694440000385,1,15,0,0,scale,scale_N80_B1_K0_S5_2002_POINT-EA
ACR-MCR,S5,2003,80,160,1,0,0.7910227272727273,0.25431818181818183,0.75,717.7360210180653,24.937621480844868,11.32489794429232,11.209850675656106,2.0526452531215895,0.35022760777484946,1.965506408831759,1.6212210038255668,0.9010490215856365,0.9008472866653218,0.8233949205956869,0.7918185750478898,66,17,9,559,0.6864167140001882,1.6056860010000946,1,14,1,1,scale,scale_N80_B1_K0_S5_2003_ACR-MCR
POINT-EA,S5,2003,80,160,1,0,0.7636931818181818,0.2707386363636364,0.75,693.1610360690592,24.732994395677757,11.402565811601542,11.048877087114496,1.935891496961716,0.3456600000000007,1.9720367138712707,1.6598211123869375,0.8998564985649856,0.8978064780647806,0.8334916112693891,0.8081671415004749,66,16,9,527,0.36514012000202456,1.3829966710000008,1,15,0,0,scale,scale_N80_B1_K0_S5_2003_POINT-EA
ACR-MCR,S5,2004,80,160,1,0,0.793125,0.2531818181818182,0.7357142857142858,763.7165904350031,25.560400910627738,11.773420307893598,11.371803666966576,2.063072389398152,0.3521045463694124,1.987947569485763,1.6453428329982451,0.9005459057071961,0.9007444168734491,0.8311345646437994,0.7894704546849113,67,17,14,559,0.7356499489997077,1.7506514630001675,1,15,0,1,scale,scale_N80_B1_K0_S5_2004_ACR-MCR
POINT-EA,S5,2004,80,160,1,0,0.7547727272727273,0.29164772727272725,0.7357142857142858,704.0382696188818,24.690911914758807,11.491369176500445,10.865568282736513,1.994106888218709,0.33986756730313905,1.9936063443738241,1.6615687694992467,0.8967815852515363,0.8974065201541506,0.8407283918953578,0.807771223390613,65,17,9,559,0.3145912090019465,1.1961976029999732,1,15,0,1,scale,scale_N80_B1_K0_S5_2004_POINT-EA
ACR-MCR,S5,2005,80,160,1,0,0.790625,0.225625,0.75,734.031807043153,25.146612835437335,11.548532199818732,11.151007370842558,2.095173264776043,0.35189999999999977,1.9570818116192394,1.6260338076584115,0.9001400840504302,0.9003402041224735,0.8401913288771693,0.7975715950205433,67,17,11,559,0.6552562910007964,1.6012056459999258,1,15,0,1,scale,scale_N80_B1_K0_S5_2005_ACR-MCR
POINT-EA,S5,2005,80,160,1,0,0.7875568181818182,0.27125,0.8214285714285714,696.694544940093,25.045083054438454,11.764059298149192,10.957816608767438,1.9763271475218234,0.3468799999999998,2.214569543264236,1.6251432778170434,0.8956929985711369,0.8965094917330068,0.8305904522613066,0.7959170854271357,62,16,11,527,0.36436092299959455,1.4458862799999679,1,15,0,0,scale,scale_N80_B1_K0_S5_2005_POINT-EA
ACR-MCR,S5,2006,80,160,1,0,0.7464772727272727,0.21664772727272727,0.85,763.6037681024555,24.99409269226457,11.589280960324068,10.959368438106708,2.095583293833795,0.34986,1.9908323634243221,1.7142724754639622,0.899388379204893,0.899184505606524,0.8240643365295391,0.7902257964738633,64,17,10,560,0.7449896120017456,1.8584786320000148,1,15,1,0,scale,scale_N80_B1_K0_S5_2006_ACR-MCR
POINT-EA,S5,2006,80,160,1,0,0.7978409090909091,0.23204545454545455,0.8642857142857143,730.6606796199453,25.029846177833278,11.677052194932097,10.916873642437507,2.089680340463675,0.3462400000000001,1.7846015039799692,1.6164974281731646,0.896290998263002,0.894758352917135,0.8304871923656454,0.8010421898543445,65,17,8,558,0.34489509600007295,1.2800912679999783,1,14,0,2,scale,scale_N80_B1_K0_S5_2006_POINT-EA
ACR-MCR,S5,2007,80,160,1,0,0.7940909090909091,0.27954545454545454,0.7642857142857142,704.3924774611326,25.166877205949024,11.425891797552683,11.214423405195442,2.1768620032009007,0.3496999999999994,1.834782132677344,1.6277651643457103,0.8995060981755871,0.8996068944662836,0.8376768428890543,0.7934350955572103,67,17,10,559,0.7101868560009734,1.7474441560000287,1,14,1,1,scale,scale_N80_B1_K0_S5_2007_ACR-MCR
POINT-EA,S5,2007,80,160,1,0,0.7792613636363637,0.28852272727272726,0.7571428571428571,659.1444095103717,24.91631553482383,11.348680850106764,11.075402750817036,2.145771933900031,0.34646000000000077,1.8483703784857772,1.6392312851857782,0.896558766465843,0.8972735627489022,0.8456856653775439,0.8026374183731694,62,17,7,559,0.3513798200006022,1.3215324150000924,1,15,0,1,scale,scale_N80_B1_K0_S5_2007_POINT-EA
ACR-MCR,S5,2008,80,160,1,0,0.7676136363636363,0.3039772727272727,0.7857142857142857,633.0431610024889,24.646202257179045,11.226589745018481,10.976241359519204,2.0943911526413603,0.3489800000000005,2.051857639182436,1.641220101030768,0.9008484105080241,0.9012572830420117,0.8306264501160093,0.7925628644886186,66,17,12,559,0.7068890790014848,1.7200172139998813,1,14,1,1,scale,scale_N80_B1_K0_S5_2008_ACR-MCR
POINT-EA,S5,2008,80,160,1,0,0.7752840909090909,0.2550568181818182,0.7642857142857142,723.4336465751347,25.192283277799472,11.702064320327022,11.107540859550745,2.0332380979217044,0.34944000000000036,2.2071012976022013,1.6626374919350233,0.8978500050469365,0.8974462501261734,0.8430367081483334,0.8043274341817273,63,16,8,527,0.36313529100220876,1.409410084000001,1,15,0,0,scale,scale_N80_B1_K0_S5_2008_POINT-EA
ACR-MCR,S5,2009,80,160,1,0,0.7930681818181818,0.20244318181818183,0.8357142857142857,767.9323888550919,25.67929299779637,11.68849602616339,11.55663326731153,2.07812370432145,0.35604000000000013,1.9229126945003134,1.655020172582906,0.8994610485056345,0.8993630573248408,0.8287808127914723,0.7944400702561928,69,17,11,559,0.7305771480005205,1.7965639659998942,1,15,0,1,scale,scale_N80_B1_K0_S5_2009_ACR-MCR
POINT-EA,S5,2009,80,160,1,0,0.815625,0.2630113636363636,0.7785714285714286,714.1354942547542,26.068898494435064,12.365468108918195,11.399423981635552,1.9552864038813162,0.34871999999999986,2.1992833457723773,1.638213944223909,0.8971451308067243,0.8961504028648165,0.8284614907217774,0.8089120585862347,66,16,7,527,0.3229908129994783,1.2957377980001183,1,15,0,0,scale,scale_N80_B1_K0_S5_2009_POINT-EA
ACI-EVENT,S0,1000,40,160,1,0,0.9442857142857143,0.9323214285714285,0.17857142857142858,314.2311694359632,9.655540444686444,3.7703813275889724,5.158469465897553,0.599929651199919,0.12676000000000018,0.0,1.5980702490378096,0.9,0.9008928571428572,0.8729720400414221,0.8695201933034173,40,16,10,527,0.23905756899875996,0.736952280000196,1,15,0,0,stationary,stationary_N40_B1_K0_S0_1000_ACI-EVENT
ACI-PER,S0,1000,40,160,1,0,0.9442857142857143,0.9323214285714285,0.17857142857142858,314.2311694359632,9.655540444686444,3.7703813275889724,5.158469465897553,0.599929651199919,0.12676000000000018,0.0,1.5980702490378096,0.9,0.9008928571428572,0.8729720400414221,0.8695201933034173,40,16,10,527,0.17805921900071553,0.5816757949999101,1,15,0,0,stationary,stationary_N40_B1_K0_S0_1000_ACI-PER
ACR-MCR,S0,1000,40,160,1,0,0.9653571428571428,0.8833928571428571,0.20714285714285716,374.3691097773777,9.83412254626457,3.9492434291670984,5.158469465897553,0.599929651199919,0.12648000000000015,0.0,1.59644846530269,0.9,0.9008928571428572,0.8707967533543151,0.8656617525260891,40,16,12,527,0.38034076299777553,0.9302835419998701,1,15,0,0,stationary,stationary_N40_B1_K0_S0_1000_ACR-MCR
FROZEN-CP,S0,1000,40,160,1,0,0.9546428571428571,0.9382142857142857,0.15,319.72422293562846,9.7449376788648,3.859878561767328,5.158469465897553,0.599929651199919,0.12666000000000008,0.0,1.5975307670270162,0.9269642857142857,0.92625,0.8915102462545204,0.883416566213191,40,16,7,527,0.18824000599852297,0.6053690179999194,1,15,0,0,stationary,stationary_N40_B1_K0_S0_1000_FROZEN-CP
POINT-EA,S0,1000,40,160,1,0,0.9398214285714286,0.9071428571428571,0.2,309.5251029933977,9.8569651359027,3.9724460188052273,5.158469465897553,0.599929651199919,0.1261199999999998,0.0,1.6381859956627387,0.9019642857142857,0.9025,0.8693963995764208,0.8662195552417932,40,16,8,527,0.19611153100163392,0.6321901100000105,1,15,0,0,stationary,stationary_N40_B1_K0_S0_1000_POINT-EA
RANDOM-CH,S0,1000,40,160,1,0,0.6860714285714286,0.21857142857142858,0.9142857142857143,590.7449194015718,9.537149732947515,3.6769706158500437,5.158469465897553,0.599929651199919,0.10177999999999984,0.0,2.0661069612104668,0.9019642857142857,0.9025,0.8811711904253046,0.8726223552041035,40,16,16,0,0.04200633900086359,0.4537548420000803,1,15,0,0,stationary,stationary_N40_B1_K0_S0_1000_RANDOM-CH
ROLL-CP,S0,1000,40,160,1,0,0.9491071428571428,0.9439285714285715,0.12857142857142856,312.8991470396877,9.647936015510128,3.7625368984126557,5.158469465897553,0.599929651199919,0.12699999999999984,0.0,1.5897076973982744,0.9019642857142857,0.9025,0.8696400895470984,0.8653349405889443,40,16,9,527,0.20245806799630373,0.6808223579998867,1,15,0,0,stationary,stationary_N40_B1_K0_S0_1000_ROLL-CP
ACI-EVENT,S0,1001,40,160,1,0,0.9180357142857143,0.8725,0.2785714285714286,344.42518740456035,10.025171630317532,3.89815588662228,5.473870042575218,0.5266057011200334,0.12654000000000007,0.0,1.7020664907160497,0.9016010073754273,0.901241230437129,0.8624676445211389,0.8591889559965488,39,16,10,527,0.20877081799972075,0.681615592000071,1,15,0,0,stationary,stationary_N40_B1_K0_S0_1001_ACI-EVENT
ACI-PER,S0,1001,40,160,1,0,0.9180357142857143,0.8725,0.2785714285714286,344.42518740456035,10.025171630317532,3.89815588662228,5.473870042575218,0.5266057011200334,0.12654000000000007,0.0,1.7020664907160497,0.9016010073754273,0.901241230437129,0.8624676445211389,0.8591889559965488,39,16,10,527,0.17764157300030092,0.5875813920001747,1,15,0,0,stationary,stationary_N40_B1_K0_S0_1001_ACI-PER
ACR-MCR,S0,1001,40,160,1,0,0.9569642857142857,0.8996428571428572,0.16428571428571428,347.6422383970768,9.997231232886406,3.85993934727958,5.484061384486794,0.526810501120033,0.12641999999999962,0.0,1.636743816779045,0.9012767487861896,0.9016363963315951,0.8758147512864494,0.8739279588336192,39,16,9,527,0.3082964540001285,0.7603766680001627,1,15,0,0,stationary,stationary_N40_B1_K0_S0_1001_ACR-MCR
FROZEN-CP,S0,1001,40,160,1,0,0.9248214285714286,0.87,0.29285714285714287,331.4157749776777,9.98683061042844,3.8474423777609665,5.486062531547439,0.5266057011200334,0.12671999999999992,0.0,1.684688024701154,0.8916203122196303,0.8887493271128656,0.8603642671292281,0.852558542931483,39,16,7,527,0.20991814399963005,0.6871728239998447,1,15,0,0,stationary,stationary_N40_B1_K0_S0_1001_FROZEN-CP
POINT-EA,S0,1001,40,160,1,0,0.8925,0.8648214285714285,0.2785714285714286,292.3273144531014,9.97125412690148,3.909850830806535,5.414414245214902,0.5214690508800413,0.12551999999999994,0.0,1.7350363888814129,0.9013673655423883,0.902461257976299,0.8737898888490498,0.8721764073144497,38,16,7,527,0.21044834800045464,0.6907059740001387,1,15,0,0,stationary,stationary_N40_B1_K0_S0_1001_POINT-EA
RANDOM-CH,S0,1001,40,160,1,0,0.8189285714285715,0.4898214285714286,0.7214285714285714,469.48340194762176,10.474443443231888,4.317808140467838,5.513136051564021,0.5286592512000301,0.11483999999999972,0.0,1.9755645875578813,0.9026785714285714,0.9035714285714286,0.8691535693997349,0.8661238401817838,40,16,16,0,0.04673067500061734,0.5397946779999074,1,15,0,0,stationary,stationary_N40_B1_K0_S0_1001_RANDOM-CH
ROLL-CP,S0,1001,40,160,1,0,0.91875,0.8739285714285714,0.2714285714285714,350.2341405542329,10.033512631646,3.908214460841136,5.47221246968483,0.5266057011200334,0.1264799999999999,0.0,1.7023265408289785,0.9023029866858582,0.9028427491903562,0.8595766649457924,0.8571674410600585,39,16,10,527,0.19639607099793466,0.628073792999885,1,15,0,0,stationary,stationary_N40_B1_K0_S0_1001_ROLL-CP
ACI-EVENT,S0,1002,40,160,1,0,0.9508928571428571,0.9166071428571428,0.18571428571428572,320.62928646668763,9.563412464384667,3.774611576565061,5.045507236619712,0.6163136511998936,0.1269800000000001,0.0,1.5703468742831967,0.8996428571428572,0.8994642857142857,0.8604771784232366,0.8575380359612724,40,16,10,527,0.2193266219983343,0.7043952359999821,1,15,0,0,stationary,stationary_N40_B1_K0_S0_1002_ACI-EVENT
ACI-PER,S0,1002,40,160,1,0,0.9508928571428571,0.9166071428571428,0.18571428571428572,320.62928646668763,9.563412464384667,3.774611576565061,5.045507236619712,0.6163136511998936,0.1269800000000001,0.0,1.5703468742831967,0.8996428571428572,0.8994642857142857,0.8604771784232366,0.8575380359612724,40,16,10,527,0.1850737250003931,0.5998487469998963,1,15,0,0,stationary,stationary_N40_B1_K0_S0_1002_ACI-PER
ACR-MCR,S0,1002,40,160,1,0,0.9498214285714286,0.8842857142857142,0.20714285714285716,354.92551699620236,9.610564865072194,3.8222022759620504,5.0450689379102505,0.6163136511998936,0.1269799999999998,0.0,1.5796457700644633,0.8996249330237542,0.8994463297017324,0.8648740639891083,0.859428182437032,39,16,13,527,0.29346324199968876,0.7029130549999536,1,15,0,0,stationary,stationary_N40_B1_K0_S0_1002_ACR-MCR
FROZEN-CP,S0,1002,40,160,1,0,0.9033928571428571,0.8525,0.32857142857142857,325.7269223610861,9.60145731182314,3.8128564240035345,5.045507236619712,0.6163136511998936,0.12677999999999992,0.0,1.6486018735960062,0.9035714285714286,0.9010714285714285,0.8683666436940042,0.8638869745003446,40,16,13,527,0.19029421899972476,0.6162274670000443,1,15,0,0,stationary,stationary_N40_B1_K0_S0_1002_FROZEN-CP
POINT-EA,S0,1002,40,160,1,0,0.9046428571428572,0.8789285714285714,0.2785714285714286,320.00190919520605,9.548983091306702,3.760042203487097,5.045507236619712,0.6163136511998936,0.12711999999999973,0.0,1.6376235793700398,0.9003571428571429,0.8998214285714285,0.8740212284670262,0.8719331825300156,40,16,8,527,0.1963944900030583,0.6207641620001141,1,15,0,0,stationary,stationary_N40_B1_K0_S0_1002_POINT-EA
RANDOM-CH,S0,1002,40,160,1,0,0.8323214285714285,0.29035714285714287,0.9,571.4265808084804,9.758772737706364,3.979031849886759,5.045507236619712,0.6163136511998936,0.11792000000000012,0.0,1.8112050366938315,0.9003571428571429,0.8998214285714285,0.8763589460106873,0.8717523493642897,40,16,16,0,0.04012331800026914,0.44163487400010126,1,15,0,0,stationary,stationary_N40_B1_K0_S0_1002_RANDOM-CH
ROLL-CP,S0,1002,40,160,1,0,0.9451785714285714,0.9107142857142857,0.18571428571428572,319.6180266179023,9.530838985654748,3.7417580978351417,5.045507236619712,0.6163136511998936,0.12726000000000015,0.0,1.5732649365557523,0.9003571428571429,0.8998214285714285,0.8654111955770559,0.8619557705597789,40,16,7,527,0.17743101299879527,0.5773629359998722,1,15,0,0,stationary,stationary_N40_B1_K0_S0_1002_ROLL-CP
ACI-EVENT,S0,1003,40,160,1,0,0.9080357142857143,0.85375,0.36428571428571427,311.04985942034676,9.728457936943192,3.792909856339902,5.232375229403335,0.5761728511999562,0.12699999999999978,0.0,1.6655466421748317,0.8994642857142857,0.9001785714285714,0.8675056808250305,0.8648837615801434,40,16,10,527,0.19102381500101728,0.6153145369999038,1,15,0,0,stationary,stationary_N40_B1_K0_S0_1003_ACI-EVENT
ACI-PER,S0,1003,40,160,1,0,0.9080357142857143,0.85375,0.36428571428571427,311.04985942034676,9.728457936943192,3.792909856339902,5.232375229403335,0.5761728511999562,0.12699999999999978,0.0,1.6655466421748317,0.8994642857142857,0.9001785714285714,0.8675056808250305,0.8648837615801434,40,16,10,527,0.24116241699925922,0.7741885180000736,1,15,0,0,stationary,stationary_N40_B1_K0_S0_1003_ACI-PER
ACR-MCR,S0,1003,40,160,1,0,0.9214285714285714,0.8826785714285714,0.29285714285714287,335.91243939448805,9.894877344794816,3.989906477938919,5.205031565735938,0.5741193011199595,0.1258199999999999,0.0,1.6725620934406382,0.8991551321229553,0.9000539277368327,0.8608211551844119,0.8545581071677105,39,16,11,527,0.3572449140010576,0.8669013950000135,1,15,0,0,stationary,stationary_N40_B1_K0_S0_1003_ACR-MCR
FROZEN-CP,S0,1003,40,160,1,0,0.9385714285714286,0.8755357142857143,0.2714285714285714,328.55961254954025,9.831565345391748,3.8969138662203266,5.2319186279714645,0.5761728511999562,0.12656000000000026,0.0,1.6353235770778023,0.9162350419717806,0.906590462582604,0.8782866097858262,0.8673167334145917,39,16,12,527,0.17961344200034546,0.5809382590000496,1,15,0,0,stationary,stationary_N40_B1_K0_S0_1003_FROZEN-CP
POINT-EA,S0,1003,40,160,1,0,0.9117857142857143,0.8432142857142857,0.30714285714285716,329.0576247977314,9.784056992895438,3.848688912292148,5.232375229403335,0.5761728511999562,0.12682,0.0,1.6690646524898396,0.8989285714285714,0.9010714285714285,0.8704771893025695,0.8650585561964691,40,16,11,527,0.22280311400163555,0.746749680999983,1,15,0,0,stationary,stationary_N40_B1_K0_S0_1003_POINT-EA
RANDOM-CH,S0,1003,40,160,1,0,0.8405357142857143,0.5192857142857142,0.75,454.65180942668974,9.667682447706905,3.7486743671036153,5.232375229403335,0.5761728511999562,0.11046,0.0,1.8956240093542953,0.8989285714285714,0.9010714285714285,0.8702332469455757,0.8669011477230655,40,16,16,0,0.04642222299912646,0.579447946000073,1,15,0,0,stationary,stationary_N40_B1_K0_S0_1003_RANDOM-CH
ROLL-CP,S0,1003,40,160,1,0,0.9166071428571428,0.85375,0.32857142857142857,338.9151851925284,9.775315010428761,3.8493602643138445,5.223301894914961,0.5761728511999562,0.12647999999999976,0.0,1.6599278333212364,0.8989085704061549,0.9010556450169976,0.859404906907952,0.8583608839394467,39,16,7,527,0.18014399199864783,0.5927526979999129,1,15,0,0,stationary,stationary_N40_B1_K0_S0_1003_ROLL-CP
ACI-EVENT,S0,1004,40,160,1,0,0.9491071428571428,0.9491071428571428,0.11428571428571428,290.14276095314716,9.565663325910677,3.6812624982014324,5.182828726589286,0.5750921011199579,0.1264799999999998,0.0,1.5824091523425436,0.9006646308604275,0.9010238907849829,0.8713837574067619,0.8675496688741722,39,16,7,527,0.2271440330009682,0.7280381630000647,1,15,0,0,stationary,stationary_N40_B1_K0_S0_1004_ACI-EVENT
ACI-PER,S0,1004,40,160,1,0,0.9491071428571428,0.9491071428571428,0.11428571428571428,290.14276095314716,9.565663325910677,3.6812624982014324,5.182828726589286,0.5750921011199579,0.1264799999999998,0.0,1.5824091523425436,0.9006646308604275,0.9010238907849829,0.8713837574067619,0.8675496688741722,39,16,7,527,0.21576726400007828,0.6938255410000238,1,15,0,0,stationary,stationary_N40_B1_K0_S0_1004_ACI-PER
ACR-MCR,S0,1004,40,160,1,0,0.9560714285714286,0.9308928571428572,0.14285714285714285,320.0162340518243,9.632646050967157,3.715006227986339,5.213627771780862,0.5769920511999549,0.12702000000000013,0.0,1.583275156306239,0.9007142857142857,0.9005357142857143,0.8720452209660843,0.8677629325111339,40,16,11,527,0.3264556479996372,0.8580001330001323,1,15,0,0,stationary,stationary_N40_B1_K0_S0_1004_ACR-MCR
FROZEN-CP,S0,1004,40,160,1,0,0.9530357142857143,0.9494642857142858,0.1,289.5019232358288,9.529363868299358,3.6415291574389745,5.184182659660428,0.5769920511999549,0.12665999999999988,0.0,1.5706879624689891,0.8964093357271096,0.9025134649910234,0.8716251524124717,0.8721477094582826,39,16,7,527,0.23408121399938864,0.7313574890001746,1,15,0,0,stationary,stationary_N40_B1_K0_S0_1004_FROZEN-CP
POINT-EA,S0,1004,40,160,1,0,0.9414285714285714,0.9198214285714286,0.22857142857142856,305.8785058347548,9.618382241109996,3.700922418129178,5.213627771780862,0.5769920511999549,0.12684000000000037,0.0,1.6025295303415523,0.9003571428571429,0.9010714285714285,0.8752399232245681,0.8705287035421393,40,16,9,527,0.1764594749997741,0.5741320419999738,1,15,0,0,stationary,stationary_N40_B1_K0_S0_1004_POINT-EA
RANDOM-CH,S0,1004,40,160,1,0,0.8891071428571429,0.3394642857142857,0.9,536.8381496993655,10.249412999758157,4.337693176777339,5.213627771780862,0.5769920511999549,0.12110000000000011,0.0,1.8198531604684227,0.9003571428571429,0.9010714285714285,0.87852266760021,0.871871171013478,40,16,16,0,0.0456535489986436,0.5069682780001585,1,15,0,0,stationary,stationary_N40_B1_K0_S0_1004_RANDOM-CH
ROLL-CP,S0,1004,40,160,1,0,0.9641071428571428,0.9641071428571428,0.09285714285714286,289.72363633833265,9.595362452051273,3.6777626290704566,5.213627771780862,0.5769920511999549,0.12697999999999987,0.0,1.5655673767419274,0.9003571428571429,0.9010714285714285,0.8710407239819005,0.868430212321615,40,16,9,527,0.17973863299926052,0.5937739150001562,1,15,0,0,stationary,stationary_N40_B1_K0_S0_1004_ROLL-CP
ACI-EVENT,S0,1005,40,160,1,0,0.9271428571428572,0.9176785714285715,0.24285714285714285,291.4258465643624,9.813553359066791,3.9214829095968256,5.192115198270005,0.57371525119996,0.1262400000000003,0.0,1.644913402458396,0.9010714285714285,0.9003571428571429,0.8741663741663742,0.8687258687258688,40,16,7,527,0.19150195100019118,0.6334578950002197,1,15,0,0,stationary,stationary_N40_B1_K0_S0_1005_ACI-EVENT
ACI-PER,S0,1005,40,160,1,0,0.9271428571428572,0.9176785714285715,0.24285714285714285,291.4258465643624,9.813553359066791,3.9214829095968256,5.192115198270005,0.57371525119996,0.1262400000000003,0.0,1.644913402458396,0.9010714285714285,0.9003571428571429,0.8741663741663742,0.8687258687258688,40,16,7,527,0.183994842999482,0.5994084789999761,1,15,0,0,stationary,stationary_N40_B1_K0_S0_1005_ACI-PER
ACR-MCR,S0,1005,40,160,1,0,0.9664285714285714,0.9289285714285714,0.12857142857142856,329.7193484233054,9.78467101581543,3.8927205663454645,5.192115198270005,0.57371525119996,0.12611999999999968,0.0,1.5817444254470467,0.9010714285714285,0.9003571428571429,0.8691072353652219,0.8634087376964255,40,16,10,527,0.36160352000160856,0.8848804350000137,1,15,0,0,stationary,stationary_N40_B1_K0_S0_1005_ACR-MCR
FROZEN-CP,S0,1005,40,160,1,0,0.9301785714285714,0.9225,0.18571428571428572,298.9321237642597,9.762603636401618,3.8705931869316528,5.192115198270005,0.57371525119996,0.12618000000000001,0.0,1.631723823567043,0.8891071428571429,0.8748214285714285,0.8641323477648716,0.853220696937698,40,16,10,527,0.21211892699852797,0.6791771720002089,1,15,0,0,stationary,stationary_N40_B1_K0_S0_1005_FROZEN-CP
POINT-EA,S0,1005,40,160,1,0,0.9364285714285714,0.9342857142857143,0.16428571428571428,279.09462445659574,9.735884543195944,3.8438140937259795,5.192115198270005,0.57371525119996,0.12623999999999985,0.0,1.6177940417407684,0.9005357142857143,0.8989285714285714,0.877361853832442,0.8725490196078431,40,16,7,527,0.17223293499978354,0.572210719000168,1,15,0,0,stationary,stationary_N40_B1_K0_S0_1005_POINT-EA
RANDOM-CH,S0,1005,40,160,1,0,0.8380357142857143,0.2542857142857143,0.8928571428571429,650.2021843729052,10.123408438729777,4.240097989259811,5.192115198270005,0.57371525119996,0.11748000000000013,0.0,1.856824731975381,0.9005357142857143,0.8989285714285714,0.8914150600218261,0.8848672244452528,40,16,16,0,0.03880235899987383,0.44153427800006284,1,15,0,0,stationary,stationary_N40_B1_K0_S0_1005_RANDOM-CH
ROLL-CP,S0,1005,40,160,1,0,0.9339285714285714,0.9223214285714286,0.22857142857142856,290.61481407714746,9.765795391798127,3.873504942328161,5.192115198270005,0.57371525119996,0.1264600000000002,0.0,1.6265481998331324,0.9005357142857143,0.8989285714285714,0.8778518778518779,0.8692523692523693,40,16,7,527,0.19442571400145425,0.624181518000114,1,15,0,0,stationary,stationary_N40_B1_K0_S0_1005_ROLL-CP
ACI-EVENT,S0,1006,40,160,1,0,0.9344642857142857,0.9064285714285715,0.21428571428571427,317.98666550829984,9.846845522678365,3.702918288703679,5.463511982774694,0.553235251199992,0.12717999999999993,0.0,1.6560453284020122,0.9016071428571428,0.9008928571428572,0.8679568419249871,0.866072957698236,40,16,10,527,0.18128329299861434,0.5949961650001114,1,15,0,0,stationary,stationary_N40_B1_K0_S0_1006_ACI-EVENT
ACI-PER,S0,1006,40,160,1,0,0.9344642857142857,0.9064285714285715,0.21428571428571427,317.98666550829984,9.846845522678365,3.702918288703679,5.463511982774694,0.553235251199992,0.12717999999999993,0.0,1.6560453284020122,0.9016071428571428,0.9008928571428572,0.8679568419249871,0.866072957698236,40,16,10,527,0.20942489999924874,0.6834886479998659,1,15,0,0,stationary,stationary_N40_B1_K0_S0_1006_ACI-PER
ACR-MCR,S0,1006,40,160,1,0,0.9360714285714286,0.8732142857142857,0.2714285714285714,343.07309332049465,10.020127077342456,3.9046476248446154,5.437641751377847,0.5514377011199948,0.12639999999999987,0.0,1.6826409869592707,0.9013275923932544,0.900789379260854,0.8630416312659304,0.8557349192863212,39,16,13,527,0.3140409550012464,0.7601203120000264,1,15,0,0,stationary,stationary_N40_B1_K0_S0_1006_ACR-MCR
FROZEN-CP,S0,1006,40,160,1,0,0.9280357142857143,0.9085714285714286,0.20714285714285716,304.2845560728465,9.870070933335496,3.726023699360811,5.463511982774694,0.553235251199992,0.1272999999999997,0.0,1.6700627636777488,0.8794642857142857,0.8805357142857143,0.8592233009708737,0.856622746185853,40,16,8,527,0.20618338899976152,0.6767060449999462,1,15,0,0,stationary,stationary_N40_B1_K0_S0_1006_FROZEN-CP
POINT-EA,S0,1006,40,160,1,0,0.9167857142857143,0.9076785714285714,0.19285714285714287,310.5146177892588,9.925227413382158,3.7815401794074726,5.463511982774694,0.553235251199992,0.12693999999999997,0.0,1.6974905786526693,0.8998214285714285,0.9016071428571428,0.8760215614675708,0.8716744913928013,40,16,10,527,0.18099237100068422,0.5887909619998482,1,15,0,0,stationary,stationary_N40_B1_K0_S0_1006_POINT-EA
RANDOM-CH,S0,1006,40,160,1,0,0.80125,0.42714285714285716,0.7357142857142858,532.512417153434,10.311079101650714,4.177291867676028,5.463511982774694,0.553235251199992,0.11704,0.0,1.9874863341655191,0.8998214285714285,0.9016071428571428,0.8762449280708225,0.8696053116931022,40,16,16,0,0.04021215700004177,0.45990802799997255,1,15,0,0,stationary,stationary_N40_B1_K0_S0_1006_RANDOM-CH
ROLL-CP,S0,1006,40,160,1,0,0.9335714285714286,0.9191071428571429,0.21428571428571427,320.0626477677921,9.956144621789472,3.8122773878147855,5.463511982774694,0.553235251199992,0.12711999999999993,0.0,1.6758364958406786,0.8998214285714285,0.9016071428571428,0.8626506024096385,0.8574870912220309,40,16,10,527,0.2265751789998376,0.7363004320000073,1,15,0,0,stationary,stationary_N40_B1_K0_S0_1006_ROLL-CP
ACI-EVENT,S0,1007,40,160,1,0,0.8969642857142858,0.8842857142857142,0.3,306.3278705884889,9.941339041102934,3.904770048480475,5.3360137414225,0.57371525119996,0.1268399999999999,0.0,1.738604239437379,0.8994642857142857,0.8991071428571429,0.8622006247830615,0.8545643873654981,40,16,12,527,0.2058153279999715,0.6601867330000459,1,15,0,0,stationary,stationary_N40_B1_K0_S0_1007_ACI-EVENT
ACI-PER,S0,1007,40,160,1,0,0.8969642857142858,0.8842857142857142,0.3,306.3278705884889,9.941339041102934,3.904770048480475,5.3360137414225,0.57371525119996,0.1268399999999999,0.0,1.738604239437379,0.8994642857142857,0.8991071428571429,0.8622006247830615,0.8545643873654981,40,16,12,527,0.21038622499781923,0.678204236000056,1,15,0,0,stationary,stationary_N40_B1_K0_S0_1007_ACI-PER
ACR-MCR,S0,1007,40,160,1,0,0.9230357142857143,0.9,0.24285714285714285,331.0232347903242,9.94032716706855,3.9301278737164402,5.311995192232145,0.5717641011199631,0.12643999999999994,0.0,1.6951444691453872,0.8989590811198851,0.8994974874371859,0.8676219720232002,0.8618219037871033,39,16,8,527,0.3177223140003207,0.775204862999999,1,15,0,0,stationary,stationary_N40_B1_K0_S0_1007_ACR-MCR
FROZEN-CP,S0,1007,40,160,1,0,0.88875,0.8625,0.32142857142857145,334.13951274106785,9.810016111423534,3.838311756819089,5.277522553644475,0.5678618009599692,0.12631999999999985,0.0,1.729551500603585,0.9044263775971093,0.9062330623306233,0.872034632034632,0.8661471861471861,38,16,8,527,0.22045808799998667,0.7214826430001722,1,15,0,0,stationary,stationary_N40_B1_K0_S0_1007_FROZEN-CP
POINT-EA,S0,1007,40,160,1,0,0.86,0.8475,0.36428571428571427,298.7394942494095,9.993240118514247,3.9569311258917876,5.3360137414225,0.57371525119996,0.12658,0.0,1.8133260966275173,0.8996428571428572,0.8989285714285714,0.8720127456186936,0.8691803859090105,40,16,9,527,0.22655056400049034,0.7535155020000275,1,15,0,0,stationary,stationary_N40_B1_K0_S0_1007_POINT-EA
RANDOM-CH,S0,1007,40,160,1,0,0.7771428571428571,0.3007142857142857,0.8571428571428571,623.3248415373383,10.433159062116093,4.407370069493633,5.3360137414225,0.57371525119996,0.1160600000000001,0.0,2.088720532956175,0.8996428571428572,0.8989285714285714,0.8768663594470046,0.8746543778801843,40,16,16,0,0.03901099199856617,0.44191279899996516,1,15,0,0,stationary,stationary_N40_B1_K0_S0_1007_RANDOM-CH
ROLL-CP,S0,1007,40,160,1,0,0.8903571428571428,0.8794642857142857,0.2714285714285714,319.9592970856901,9.938109133244819,3.974563801146604,5.269954731138245,0.5678106009599694,0.12578000000000003,0.0,1.7493591151636716,0.9001447178002895,0.899602026049204,0.861973296341252,0.8539968787931334,38,16,9,527,0.20929645200089908,0.6899131709999438,1,15,0,0,stationary,stationary_N40_B1_K0_S0_1007_ROLL-CP
ACI-EVENT,S0,1008,40,160,1,0,0.9119642857142857,0.8946428571428572,0.2642857142857143,324.2594750390825,10.247519354639955,3.9051832947807563,5.674408808659187,0.540947251200011,0.12697999999999995,0.0,1.7562158277017919,0.9006433166547534,0.9006433166547534,0.8725809213906491,0.8689844151395787,39,16,8,527,0.21137151299808465,0.6819651890000387,1,15,0,0,stationary,stationary_N40_B1_K0_S0_1008_ACI-EVENT
ACI-PER,S0,1008,40,160,1,0,0.9119642857142857,0.8946428571428572,0.2642857142857143,324.2594750390825,10.247519354639955,3.9051832947807563,5.674408808659187,0.540947251200011,0.12697999999999995,0.0,1.7562158277017919,0.9006433166547534,0.9006433166547534,0.8725809213906491,0.8689844151395787,39,16,8,527,0.21482239499800926,0.6969339160000345,1,15,0,0,stationary,stationary_N40_B1_K0_S0_1008_ACI-PER
ACR-MCR,S0,1008,40,160,1,0,0.9246428571428571,0.8901785714285714,0.24285714285714285,338.0634149114655,10.393243681003227,4.047349211554753,5.678407218248464,0.540947251200011,0.12653999999999999,0.0,1.759777121741149,0.9007142857142857,0.9007142857142857,0.8648278225115642,0.8603734795271544,40,16,10,527,0.32042521400012447,0.7798320669999157,1,15,0,0,stationary,stationary_N40_B1_K0_S0_1008_ACR-MCR
FROZEN-CP,S0,1008,40,160,1,0,0.9058928571428572,0.8603571428571428,0.30714285714285716,337.67478823713293,10.187274062333483,3.873944608330593,5.647243752882877,0.5394057011200134,0.1266799999999997,0.0,1.7561237825087888,0.9084216196803735,0.8994433471000179,0.8778024987164128,0.8675338011295567,39,16,9,527,0.23070847400094863,0.7569885559998966,1,15,0,0,stationary,stationary_N40_B1_K0_S0_1008_FROZEN-CP
POINT-EA,S0,1008,40,160,1,0,0.9278571428571428,0.8607142857142858,0.24285714285714285,341.60200569930794,10.465638792389273,4.120044322940798,5.678407218248464,0.540947251200011,0.12623999999999985,0.0,1.7666507076956908,0.9021428571428571,0.9,0.8638342329792791,0.8573916071739509,40,16,11,527,0.19965785500085076,0.651621367999951,1,15,0,0,stationary,stationary_N40_B1_K0_S0_1008_POINT-EA
RANDOM-CH,S0,1008,40,160,1,0,0.8046428571428571,0.4089285714285714,0.8,525.934183143267,10.742450481797514,4.408976012349038,5.678407218248464,0.540947251200011,0.1141199999999999,0.0,2.079854885149567,0.9021428571428571,0.9,0.86565201052236,0.8637730176625329,40,16,16,0,0.04229589000101441,0.4905054299999847,1,15,0,0,stationary,stationary_N40_B1_K0_S0_1008_RANDOM-CH
ROLL-CP,S0,1008,40,160,1,0,0.9098214285714286,0.8758928571428571,0.3,333.7687732460595,10.212278647625585,3.9100860395367683,5.636266906968803,0.5394057011200134,0.12651999999999966,0.0,1.7537830409798358,0.9025004497211728,0.8996222342147868,0.8704148097360301,0.8659581762084333,38,16,9,527,0.22901941999930386,0.7076406820001466,1,15,0,0,stationary,stationary_N40_B1_K0_S0_1008_ROLL-CP
ACI-EVENT,S0,1009,40,160,1,0,0.9401785714285714,0.8641071428571429,0.25,348.75096042241614,9.971716122934687,3.933523681306136,5.3659299904285485,0.5458624512000034,0.12639999999999985,0.0,1.6691858257339618,0.8994642857142857,0.9003571428571429,0.8766413268832066,0.876123013130615,40,16,9,527,0.228317873999913,0.7251064080001015,1,15,0,0,stationary,stationary_N40_B1_K0_S0_1009_ACI-EVENT
ACI-PER,S0,1009,40,160,1,0,0.9401785714285714,0.8641071428571429,0.25,348.75096042241614,9.971716122934687,3.933523681306136,5.3659299904285485,0.5458624512000034,0.12639999999999985,0.0,1.6691858257339618,0.8994642857142857,0.9003571428571429,0.8766413268832066,0.876123013130615,40,16,9,527,0.18816300800108365,0.6262914149999688,1,15,0,0,stationary,stationary_N40_B1_K0_S0_1009_ACI-PER
ACR-MCR,S0,1009,40,160,1,0,0.9417857142857143,0.8821428571428571,0.22857142857142856,349.1930165102731,10.061450474974782,4.023098033346231,5.3659299904285485,0.5458624512000034,0.12655999999999995,0.0,1.681673153096236,0.8994642857142857,0.9003571428571429,0.8613438194563173,0.853821166011284,40,16,14,527,0.2950968660006765,0.7250187170000117,1,15,0,0,stationary,stationary_N40_B1_K0_S0_1009_ACR-MCR
FROZEN-CP,S0,1009,40,160,1,0,0.9310714285714285,0.855,0.2857142857142857,365.3003760069018,10.00945539220166,3.9712229505731087,5.3659299904285485,0.5458624512000034,0.12643999999999986,0.0,1.6899300003717137,0.88875,0.8805357142857143,0.8512776831345826,0.8463373083475298,40,16,10,527,0.181822267000598,0.5889018299999407,1,15,0,0,stationary,stationary_N40_B1_K0_S0_1009_FROZEN-CP
POINT-EA,S0,1009,40,160,1,0,0.8976785714285714,0.8817857142857143,0.22142857142857142,302.05989875899763,10.043932241185868,4.005779799557315,5.3659299904285485,0.5458624512000034,0.12635999999999997,0.0,1.7510342122011626,0.8994642857142857,0.8998214285714285,0.880610253681036,0.879013659748093,40,16,8,527,0.2246217949993934,0.7355309739998575,1,15,0,0,stationary,stationary_N40_B1_K0_S0_1009_POINT-EA
RANDOM-CH,S0,1009,40,160,1,0,0.8698214285714285,0.3464285714285714,0.8071428571428572,605.050034747795,10.492093355974701,4.459200914346148,5.3659299904285485,0.5458624512000034,0.1211,0.0,1.8649294980402953,0.8994642857142857,0.8998214285714285,0.88469009358997,0.8786862087232915,40,16,16,0,0.04911441000012928,0.5609536689999004,1,15,0,0,stationary,stationary_N40_B1_K0_S0_1009_RANDOM-CH
ROLL-CP,S0,1009,40,160,1,0,0.9476785714285715,0.9175,0.17142857142857143,335.0872715583115,9.900323837135208,3.8618513955066556,5.3659299904285485,0.5458624512000034,0.12668000000000026,0.0,1.645665531438698,0.8994642857142857,0.8998214285714285,0.8759450171821306,0.8761168384879725,40,16,8,527,0.202089799000305,0.6473884199999702,1,15,0,0,stationary,stationary_N40_B1_K0_S0_1009_ROLL-CP
