method,scenario,seed,phase,kind,metric,coverage,count
ACI-EVENT,S1,1000,warmup,probe,cost,0.88125,800
ACI-EVENT,S1,1000,warmup,probe,delay,0.88,800
ACI-EVENT,S1,1000,warmup,data,cost,0.8864197530864197,810
ACI-EVENT,S1,1000,warmup,data,delay,0.8851851851851852,810
ACI-EVENT,S1,1000,early,probe,cost,0.9028571428571428,1400
ACI-EVENT,S1,1000,early,probe,delay,0.9021428571428571,1400
ACI-EVENT,S1,1000,early,data,cost,0.8855755894590847,1442
ACI-EVENT,S1,1000,early,data,delay,0.8828016643550625,1442
ACI-EVENT,S1,1000,middle,probe,cost,0.8927777777777778,1800
ACI-EVENT,S1,1000,middle,probe,delay,0.8933333333333333,1800
ACI-EVENT,S1,1000,middle,data,cost,0.8235610543302851,1859
ACI-EVENT,S1,1000,middle,data,delay,0.8101129639591178,1859
ACI-EVENT,S1,1000,late,probe,cost,0.9019198664440734,2396
ACI-EVENT,S1,1000,late,probe,delay,0.9035893155258765,2396
ACI-EVENT,S1,1000,late,data,cost,0.8368013055895552,2451
ACI-EVENT,S1,1000,late,data,delay,0.7878416972664218,2451
ACI-EVENT,S1,1001,warmup,probe,cost,0.89625,800
ACI-EVENT,S1,1001,warmup,probe,delay,0.89625,800
ACI-EVENT,S1,1001,warmup,data,cost,0.905982905982906,819
ACI-EVENT,S1,1001,warmup,data,delay,0.8925518925518926,819
ACI-EVENT,S1,1001,early,probe,cost,0.9007142857142857,1400
ACI-EVENT,S1,1001,early,probe,delay,0.9021428571428571,1400
ACI-EVENT,S1,1001,early,data,cost,0.8631074606433949,1461
ACI-EVENT,S1,1001,early,data,delay,0.8631074606433949,1461
ACI-EVENT,S1,1001,middle,probe,cost,0.8983333333333333,1800
ACI-EVENT,S1,1001,middle,probe,delay,0.8961111111111111,1800
ACI-EVENT,S1,1001,middle,data,cost,0.8358695652173913,1840
ACI-EVENT,S1,1001,middle,data,delay,0.7967391304347826,1840
ACI-EVENT,S1,1001,late,probe,cost,0.9017896115233522,2291
ACI-EVENT,S1,1001,late,probe,delay,0.9035355739851593,2291
ACI-EVENT,S1,1001,late,data,cost,0.7836038285476488,2403
ACI-EVENT,S1,1001,late,data,delay,0.7357469829379941,2403
ACI-EVENT,S1,1002,warmup,probe,cost,0.90375,800
ACI-EVENT,S1,1002,warmup,probe,delay,0.91,800
ACI-EVENT,S1,1002,warmup,data,cost,0.9169719169719169,819
ACI-EVENT,S1,1002,warmup,data,delay,0.9084249084249084,819
ACI-EVENT,S1,1002,early,probe,cost,0.8992857142857142,1400
ACI-EVENT,S1,1002,early,probe,delay,0.9007142857142857,1400
ACI-EVENT,S1,1002,early,data,cost,0.8671280276816609,1445
ACI-EVENT,S1,1002,early,data,delay,0.8636678200692042,1445
ACI-EVENT,S1,1002,middle,probe,cost,0.8877777777777778,1800
ACI-EVENT,S1,1002,middle,probe,delay,0.8877777777777778,1800
ACI-EVENT,S1,1002,middle,data,cost,0.8403805496828752,1892
ACI-EVENT,S1,1002,middle,data,delay,0.8102536997885835,1892
ACI-EVENT,S1,1002,late,probe,cost,0.9079780498100465,2369
ACI-EVENT,S1,1002,late,probe,delay,0.9058674546222034,2369
ACI-EVENT,S1,1002,late,data,cost,0.8184426229508197,2440
ACI-EVENT,S1,1002,late,data,delay,0.7528688524590164,2440
ACI-EVENT,S1,1003,warmup,probe,cost,0.88375,800
ACI-EVENT,S1,1003,warmup,probe,delay,0.8775,800
ACI-EVENT,S1,1003,warmup,data,cost,0.8975308641975308,810
ACI-EVENT,S1,1003,warmup,data,delay,0.8901234567901235,810
ACI-EVENT,S1,1003,early,probe,cost,0.8971428571428571,1400
ACI-EVENT,S1,1003,early,probe,delay,0.8985714285714286,1400
ACI-EVENT,S1,1003,early,data,cost,0.876317638791286,1423
ACI-EVENT,S1,1003,early,data,delay,0.8791286015460296,1423
ACI-EVENT,S1,1003,middle,probe,cost,0.8961111111111111,1800
ACI-EVENT,S1,1003,middle,probe,delay,0.8922222222222222,1800
ACI-EVENT,S1,1003,middle,data,cost,0.8416666666666667,1800
ACI-EVENT,S1,1003,middle,data,delay,0.8011111111111111,1800
ACI-EVENT,S1,1003,late,probe,cost,0.9052721817402486,2333
ACI-EVENT,S1,1003,late,probe,delay,0.906986712387484,2333
ACI-EVENT,S1,1003,late,data,cost,0.8278858088539511,2417
ACI-EVENT,S1,1003,late,data,delay,0.7670666115018618,2417
ACI-EVENT,S1,1004,warmup,probe,cost,0.9025,800
ACI-EVENT,S1,1004,warmup,probe,delay,0.89625,800
ACI-EVENT,S1,1004,warmup,data,cost,0.8733087330873309,813
ACI-EVENT,S1,1004,warmup,data,delay,0.8585485854858549,813
ACI-EVENT,S1,1004,early,probe,cost,0.9042857142857142,1400
ACI-EVENT,S1,1004,early,probe,delay,0.9014285714285715,1400
ACI-EVENT,S1,1004,early,data,cost,0.8806699232379623,1433
ACI-EVENT,S1,1004,early,data,delay,0.8709002093510119,1433
ACI-EVENT,S1,1004,middle,probe,cost,0.8966666666666666,1800
ACI-EVENT,S1,1004,middle,probe,delay,0.8955555555555555,1800
ACI-EVENT,S1,1004,middle,data,cost,0.8611713665943601,1844
ACI-EVENT,S1,1004,middle,data,delay,0.8308026030368764,1844
ACI-EVENT,S1,1004,late,probe,cost,0.90183525394793,2343
ACI-EVENT,S1,1004,late,probe,delay,0.9056764831412719,2343
ACI-EVENT,S1,1004,late,data,cost,0.8152577319587628,2425
ACI-EVENT,S1,1004,late,data,delay,0.7694845360824742,2425
ACI-EVENT,S1,1005,warmup,probe,cost,0.895,800
ACI-EVENT,S1,1005,warmup,probe,delay,0.9025,800
ACI-EVENT,S1,1005,warmup,data,cost,0.8594132029339854,818
ACI-EVENT,S1,1005,warmup,data,delay,0.8533007334963325,818
ACI-EVENT,S1,1005,early,probe,cost,0.8957142857142857,1400
ACI-EVENT,S1,1005,early,probe,delay,0.8942857142857142,1400
ACI-EVENT,S1,1005,early,data,cost,0.8594405594405594,1430
ACI-EVENT,S1,1005,early,data,delay,0.8545454545454545,1430
ACI-EVENT,S1,1005,middle,probe,cost,0.8994444444444445,1800
ACI-EVENT,S1,1005,middle,probe,delay,0.9,1800
ACI-EVENT,S1,1005,middle,data,cost,0.8583333333333333,1800
ACI-EVENT,S1,1005,middle,data,delay,0.815,1800
ACI-EVENT,S1,1005,late,probe,cost,0.9034213945430922,2309
ACI-EVENT,S1,1005,late,probe,delay,0.9047206582936336,2309
ACI-EVENT,S1,1005,late,data,cost,0.8251252086811353,2396
ACI-EVENT,S1,1005,late,data,delay,0.7570951585976627,2396
ACI-EVENT,S1,1006,warmup,probe,cost,0.91375,800
ACI-EVENT,S1,1006,warmup,probe,delay,0.90375,800
ACI-EVENT,S1,1006,warmup,data,cost,0.8878048780487805,820
ACI-EVENT,S1,1006,warmup,data,delay,0.875609756097561,820
ACI-EVENT,S1,1006,early,probe,cost,0.8992857142857142,1400
ACI-EVENT,S1,1006,early,probe,delay,0.8992857142857142,1400
ACI-EVENT,S1,1006,early,data,cost,0.8807901907356949,1468
ACI-EVENT,S1,1006,early,data,delay,0.8773841961852861,1468
ACI-EVENT,S1,1006,middle,probe,cost,0.8972222222222223,1800
ACI-EVENT,S1,1006,middle,probe,delay,0.8944444444444445,1800
ACI-EVENT,S1,1006,middle,data,cost,0.8411924119241192,1845
ACI-EVENT,S1,1006,middle,data,delay,0.8119241192411925,1845
ACI-EVENT,S1,1006,late,probe,cost,0.9031569965870307,2344
ACI-EVENT,S1,1006,late,probe,delay,0.9044368600682594,2344
ACI-EVENT,S1,1006,late,data,cost,0.8258038258038258,2457
ACI-EVENT,S1,1006,late,data,delay,0.7769637769637769,2457
ACI-EVENT,S1,1007,warmup,probe,cost,0.89625,800
ACI-EVENT,S1,1007,warmup,probe,delay,0.89875,800
ACI-EVENT,S1,1007,warmup,data,cost,0.8848920863309353,834
ACI-EVENT,S1,1007,warmup,data,delay,0.8597122302158273,834
ACI-EVENT,S1,1007,early,probe,cost,0.9078571428571428,1400
ACI-EVENT,S1,1007,early,probe,delay,0.9064285714285715,1400
ACI-EVENT,S1,1007,early,data,cost,0.8655172413793103,1450
ACI-EVENT,S1,1007,early,data,delay,0.8606896551724138,1450
ACI-EVENT,S1,1007,middle,probe,cost,0.8916666666666667,1800
ACI-EVENT,S1,1007,middle,probe,delay,0.8905555555555555,1800
ACI-EVENT,S1,1007,middle,data,cost,0.8188286808976464,1827
ACI-EVENT,S1,1007,middle,data,delay,0.8013136288998358,1827
ACI-EVENT,S1,1007,late,probe,cost,0.8999581414817915,2389
ACI-EVENT,S1,1007,late,probe,delay,0.9012138970280452,2389
ACI-EVENT,S1,1007,late,data,cost,0.819926500612495,2449
ACI-EVENT,S1,1007,late,data,delay,0.7741935483870968,2449
ACI-EVENT,S1,1008,warmup,probe,cost,0.88875,800
ACI-EVENT,S1,1008,warmup,probe,delay,0.89625,800
ACI-EVENT,S1,1008,warmup,data,cost,0.8963051251489869,839
ACI-EVENT,S1,1008,warmup,data,delay,0.8903456495828367,839
ACI-EVENT,S1,1008,early,probe,cost,0.9021428571428571,1400
ACI-EVENT,S1,1008,early,probe,delay,0.8992857142857142,1400
ACI-EVENT,S1,1008,early,data,cost,0.8767029972752044,1468
ACI-EVENT,S1,1008,early,data,delay,0.8787465940054496,1468
ACI-EVENT,S1,1008,middle,probe,cost,0.8955555555555555,1800
ACI-EVENT,S1,1008,middle,probe,delay,0.8977777777777778,1800
ACI-EVENT,S1,1008,middle,data,cost,0.8355297838692672,1897
ACI-EVENT,S1,1008,middle,data,delay,0.8270954138112809,1897
ACI-EVENT,S1,1008,late,probe,cost,0.9015764806135492,2347
ACI-EVENT,S1,1008,late,probe,delay,0.902002556455049,2347
ACI-EVENT,S1,1008,late,data,cost,0.8216326530612245,2450
ACI-EVENT,S1,1008,late,data,delay,0.7759183673469388,2450
ACI-EVENT,S1,1009,warmup,probe,cost,0.9025,800
ACI-EVENT,S1,1009,warmup,probe,delay,0.9,800
ACI-EVENT,S1,1009,warmup,data,cost,0.894993894993895,819
ACI-EVENT,S1,1009,warmup,data,delay,0.8803418803418803,819
ACI-EVENT,S1,1009,early,probe,cost,0.9,1400
ACI-EVENT,S1,1009,early,probe,delay,0.9021428571428571,1400
ACI-EVENT,S1,1009,early,data,cost,0.8971704623878537,1449
ACI-EVENT,S1,1009,early,data,delay,0.8930296756383713,1449
ACI-EVENT,S1,1009,middle,probe,cost,0.8955555555555555,1800
ACI-EVENT,S1,1009,middle,probe,delay,0.8944444444444445,1800
ACI-EVENT,S1,1009,middle,data,cost,0.8502087682672234,1916
ACI-EVENT,S1,1009,middle,data,delay,0.8215031315240083,1916
ACI-EVENT,S1,1009,late,probe,cost,0.9025594970812753,2227
ACI-EVENT,S1,1009,late,probe,delay,0.9034575662325999,2227
ACI-EVENT,S1,1009,late,data,cost,0.8097418817651957,2402
ACI-EVENT,S1,1009,late,data,delay,0.7597835137385512,2402
ACI-EVENT,S1,1010,warmup,probe,cost,0.895,800
ACI-EVENT,S1,1010,warmup,probe,delay,0.89,800
ACI-EVENT,S1,1010,warmup,data,cost,0.875453446191052,827
ACI-EVENT,S1,1010,warmup,data,delay,0.8730350665054414,827
ACI-EVENT,S1,1010,early,probe,cost,0.8971428571428571,1400
ACI-EVENT,S1,1010,early,probe,delay,0.8971428571428571,1400
ACI-EVENT,S1,1010,early,data,cost,0.8723835246455098,1481
ACI-EVENT,S1,1010,early,data,delay,0.8683322079675895,1481
ACI-EVENT,S1,1010,middle,probe,cost,0.8961111111111111,1800
ACI-EVENT,S1,1010,middle,probe,delay,0.8961111111111111,1800
ACI-EVENT,S1,1010,middle,data,cost,0.8355297838692672,1897
ACI-EVENT,S1,1010,middle,data,delay,0.8265682656826568,1897
ACI-EVENT,S1,1010,late,probe,cost,0.8998646820027063,2217
ACI-EVENT,S1,1010,late,probe,delay,0.9021199819576003,2217
ACI-EVENT,S1,1010,late,data,cost,0.8116063919259883,2378
ACI-EVENT,S1,1010,late,data,delay,0.7796467619848613,2378
ACI-EVENT,S1,1011,warmup,probe,cost,0.8825,800
ACI-EVENT,S1,1011,warmup,probe,delay,0.8925,800
ACI-EVENT,S1,1011,warmup,data,cost,0.8876678876678876,819
ACI-EVENT,S1,1011,warmup,data,delay,0.8852258852258852,819
ACI-EVENT,S1,1011,early,probe,cost,0.8985714285714286,1400
ACI-EVENT,S1,1011,early,probe,delay,0.8971428571428571,1400
ACI-EVENT,S1,1011,early,data,cost,0.888283378746594,1468
ACI-EVENT,S1,1011,early,data,delay,0.8821525885558583,1468
ACI-EVENT,S1,1011,middle,probe,cost,0.8983333333333333,1800
ACI-EVENT,S1,1011,middle,probe,delay,0.8994444444444445,1800
ACI-EVENT,S1,1011,middle,data,cost,0.866418307610431,1879
ACI-EVENT,S1,1011,middle,data,delay,0.8477913783927621,1879
ACI-EVENT,S1,1011,late,probe,cost,0.9000432713111207,2311
ACI-EVENT,S1,1011,late,probe,delay,0.9022068368671571,2311
ACI-EVENT,S1,1011,late,data,cost,0.8275154004106776,2435
ACI-EVENT,S1,1011,late,data,delay,0.7893223819301848,2435
ACI-EVENT,S1,1012,warmup,probe,cost,0.89875,800
ACI-EVENT,S1,1012,warmup,probe,delay,0.895,800
ACI-EVENT,S1,1012,warmup,data,cost,0.8682926829268293,820
ACI-EVENT,S1,1012,warmup,data,delay,0.8658536585365854,820
ACI-EVENT,S1,1012,early,probe,cost,0.8978571428571429,1400
ACI-EVENT,S1,1012,early,probe,delay,0.8992857142857142,1400
ACI-EVENT,S1,1012,early,data,cost,0.8793584379358438,1434
ACI-EVENT,S1,1012,early,data,delay,0.8737796373779637,1434
ACI-EVENT,S1,1012,middle,probe,cost,0.8988888888888888,1800
ACI-EVENT,S1,1012,middle,probe,delay,0.8961111111111111,1800
ACI-EVENT,S1,1012,middle,data,cost,0.855213398163155,1851
ACI-EVENT,S1,1012,middle,data,delay,0.842247433819557,1851
ACI-EVENT,S1,1012,late,probe,cost,0.8971765697429415,2373
ACI-EVENT,S1,1012,late,probe,delay,0.9009692372524231,2373
ACI-EVENT,S1,1012,late,data,cost,0.826302729528536,2418
ACI-EVENT,S1,1012,late,data,delay,0.7915632754342432,2418
ACI-EVENT,S1,1013,warmup,probe,cost,0.90125,800
ACI-EVENT,S1,1013,warmup,probe,delay,0.8875,800
ACI-EVENT,S1,1013,warmup,data,cost,0.8955773955773956,814
ACI-EVENT,S1,1013,warmup,data,delay,0.8845208845208845,814
ACI-EVENT,S1,1013,early,probe,cost,0.8985714285714286,1400
ACI-EVENT,S1,1013,early,probe,delay,0.8978571428571429,1400
ACI-EVENT,S1,1013,early,data,cost,0.8667979002624672,1524
ACI-EVENT,S1,1013,early,data,delay,0.8595800524934383,1524
ACI-EVENT,S1,1013,middle,probe,cost,0.8988888888888888,1800
ACI-EVENT,S1,1013,middle,probe,delay,0.8994444444444445,1800
ACI-EVENT,S1,1013,middle,data,cost,0.8334198235599377,1927
ACI-EVENT,S1,1013,middle,data,delay,0.8147379346133887,1927
ACI-EVENT,S1,1013,late,probe,cost,0.9008264462809917,2178
ACI-EVENT,S1,1013,late,probe,delay,0.898989898989899,2178
ACI-EVENT,S1,1013,late,data,cost,0.8363182007496877,2401
ACI-EVENT,S1,1013,late,data,delay,0.8104956268221575,2401
ACI-EVENT,S1,1014,warmup,probe,cost,0.90625,800
ACI-EVENT,S1,1014,warmup,probe,delay,0.905,800
ACI-EVENT,S1,1014,warmup,data,cost,0.8890243902439025,820
ACI-EVENT,S1,1014,warmup,data,delay,0.8792682926829268,820
ACI-EVENT,S1,1014,early,probe,cost,0.8978571428571429,1400
ACI-EVENT,S1,1014,early,probe,delay,0.8992857142857142,1400
ACI-EVENT,S1,1014,early,data,cost,0.8852005532503457,1446
ACI-EVENT,S1,1014,early,data,delay,0.8810511756569848,1446
ACI-EVENT,S1,1014,middle,probe,cost,0.8977777777777778,1800
ACI-EVENT,S1,1014,middle,probe,delay,0.895,1800
ACI-EVENT,S1,1014,middle,data,cost,0.8494167550371156,1886
ACI-EVENT,S1,1014,middle,data,delay,0.8160127253446448,1886
ACI-EVENT,S1,1014,late,probe,cost,0.9003407155025553,2348
ACI-EVENT,S1,1014,late,probe,delay,0.9028960817717206,2348
ACI-EVENT,S1,1014,late,data,cost,0.8122684232194318,2429
ACI-EVENT,S1,1014,late,data,delay,0.7842733635240839,2429
ACI-EVENT,S1,1015,warmup,probe,cost,0.89,800
ACI-EVENT,S1,1015,warmup,probe,delay,0.8975,800
ACI-EVENT,S1,1015,warmup,data,cost,0.8878048780487805,820
ACI-EVENT,S1,1015,warmup,data,delay,0.8804878048780488,820
ACI-EVENT,S1,1015,early,probe,cost,0.9035714285714286,1400
ACI-EVENT,S1,1015,early,probe,delay,0.905,1400
ACI-EVENT,S1,1015,early,data,cost,0.8737658674188998,1418
ACI-EVENT,S1,1015,early,data,delay,0.8737658674188998,1418
ACI-EVENT,S1,1015,middle,probe,cost,0.8927777777777778,1800
ACI-EVENT,S1,1015,middle,probe,delay,0.8916666666666667,1800
ACI-EVENT,S1,1015,middle,data,cost,0.8657865786578658,1818
ACI-EVENT,S1,1015,middle,data,delay,0.8294829482948295,1818
ACI-EVENT,S1,1015,late,probe,cost,0.9038213825676256,2329
ACI-EVENT,S1,1015,late,probe,delay,0.9008158007728639,2329
ACI-EVENT,S1,1015,late,data,cost,0.8023111844820471,2423
ACI-EVENT,S1,1015,late,data,delay,0.7478332645480809,2423
ACI-EVENT,S1,1016,warmup,probe,cost,0.91625,800
ACI-EVENT,S1,1016,warmup,probe,delay,0.915,800
ACI-EVENT,S1,1016,warmup,data,cost,0.884004884004884,819
ACI-EVENT,S1,1016,warmup,data,delay,0.8803418803418803,819
ACI-EVENT,S1,1016,early,probe,cost,0.9035714285714286,1400
ACI-EVENT,S1,1016,early,probe,delay,0.9042857142857142,1400
ACI-EVENT,S1,1016,early,data,cost,0.8590277777777777,1440
ACI-EVENT,S1,1016,early,data,delay,0.85625,1440
ACI-EVENT,S1,1016,middle,probe,cost,0.8971650917176209,1799
ACI-EVENT,S1,1016,middle,probe,delay,0.8977209560867149,1799
ACI-EVENT,S1,1016,middle,data,cost,0.8432956381260097,1857
ACI-EVENT,S1,1016,middle,data,delay,0.8266020463112547,1857
ACI-EVENT,S1,1016,late,probe,cost,0.8983529411764706,2125
ACI-EVENT,S1,1016,late,probe,delay,0.9007058823529411,2125
ACI-EVENT,S1,1016,late,data,cost,0.8338434630520333,2287
ACI-EVENT,S1,1016,late,data,delay,0.7966768692610406,2287
ACI-EVENT,S1,1017,warmup,probe,cost,0.895,800
ACI-EVENT,S1,1017,warmup,probe,delay,0.89875,800
ACI-EVENT,S1,1017,warmup,data,cost,0.8776009791921665,817
ACI-EVENT,S1,1017,warmup,data,delay,0.8788249694002448,817
ACI-EVENT,S1,1017,early,probe,cost,0.8992857142857142,1400
ACI-EVENT,S1,1017,early,probe,delay,0.8992857142857142,1400
ACI-EVENT,S1,1017,early,data,cost,0.8819007686932215,1431
ACI-EVENT,S1,1017,early,data,delay,0.8853948287910552,1431
ACI-EVENT,S1,1017,middle,probe,cost,0.89,1800
ACI-EVENT,S1,1017,middle,probe,delay,0.8961111111111111,1800
ACI-EVENT,S1,1017,middle,data,cost,0.8573788546255506,1816
ACI-EVENT,S1,1017,middle,data,delay,0.8133259911894273,1816
ACI-EVENT,S1,1017,late,probe,cost,0.907399577167019,2365
ACI-EVENT,S1,1017,late,probe,delay,0.9035940803382664,2365
ACI-EVENT,S1,1017,late,data,cost,0.8286902286902287,2405
ACI-EVENT,S1,1017,late,data,delay,0.7754677754677755,2405
ACI-EVENT,S1,1018,warmup,probe,cost,0.89875,800
ACI-EVENT,S1,1018,warmup,probe,delay,0.895,800
ACI-EVENT,S1,1018,warmup,data,cost,0.9,810
ACI-EVENT,S1,1018,warmup,data,delay,0.891358024691358,810
ACI-EVENT,S1,1018,early,probe,cost,0.9042857142857142,1400
ACI-EVENT,S1,1018,early,probe,delay,0.9007142857142857,1400
ACI-EVENT,S1,1018,early,data,cost,0.8899721448467967,1436
ACI-EVENT,S1,1018,early,data,delay,0.8788300835654597,1436
ACI-EVENT,S1,1018,middle,probe,cost,0.8938888888888888,1800
ACI-EVENT,S1,1018,middle,probe,delay,0.8961111111111111,1800
ACI-EVENT,S1,1018,middle,data,cost,0.8436147186147186,1848
ACI-EVENT,S1,1018,middle,data,delay,0.8257575757575758,1848
ACI-EVENT,S1,1018,late,probe,cost,0.9029166666666667,2400
ACI-EVENT,S1,1018,late,probe,delay,0.9020833333333333,2400
ACI-EVENT,S1,1018,late,data,cost,0.8118609406952966,2445
ACI-EVENT,S1,1018,late,data,delay,0.7595092024539877,2445
ACI-EVENT,S1,1019,warmup,probe,cost,0.885,800
ACI-EVENT,S1,1019,warmup,probe,delay,0.89,800
ACI-EVENT,S1,1019,warmup,data,cost,0.8775,800
ACI-EVENT,S1,1019,warmup,data,delay,0.87625,800
ACI-EVENT,S1,1019,early,probe,cost,0.8957142857142857,1400
ACI-EVENT,S1,1019,early,probe,delay,0.8964285714285715,1400
ACI-EVENT,S1,1019,early,data,cost,0.875515818431912,1454
ACI-EVENT,S1,1019,early,data,delay,0.8762035763411279,1454
ACI-EVENT,S1,1019,middle,probe,cost,0.8944444444444445,1800
ACI-EVENT,S1,1019,middle,probe,delay,0.8955555555555555,1800
ACI-EVENT,S1,1019,middle,data,cost,0.8548034934497817,1832
ACI-EVENT,S1,1019,middle,data,delay,0.8187772925764192,1832
ACI-EVENT,S1,1019,late,probe,cost,0.9032967032967033,2275
ACI-EVENT,S1,1019,late,probe,delay,0.9046153846153846,2275
ACI-EVENT,S1,1019,late,data,cost,0.782757148954332,2343
ACI-EVENT,S1,1019,late,data,delay,0.7195902688860435,2343
ACI-EVENT,S1,1020,warmup,probe,cost,0.90625,800
ACI-EVENT,S1,1020,warmup,probe,delay,0.90875,800
ACI-EVENT,S1,1020,warmup,data,cost,0.87125,800
ACI-EVENT,S1,1020,warmup,data,delay,0.875,800
ACI-EVENT,S1,1020,early,probe,cost,0.8985714285714286,1400
ACI-EVENT,S1,1020,early,probe,delay,0.9,1400
ACI-EVENT,S1,1020,early,data,cost,0.8757984386089425,1409
ACI-EVENT,S1,1020,early,data,delay,0.8694109297374024,1409
ACI-EVENT,S1,1020,middle,probe,cost,0.8961111111111111,1800
ACI-EVENT,S1,1020,middle,probe,delay,0.8944444444444445,1800
ACI-EVENT,S1,1020,middle,data,cost,0.8557213930348259,1809
ACI-EVENT,S1,1020,middle,data,delay,0.8048645660585959,1809
ACI-EVENT,S1,1020,late,probe,cost,0.9059278350515464,2328
ACI-EVENT,S1,1020,late,probe,delay,0.9029209621993127,2328
ACI-EVENT,S1,1020,late,data,cost,0.811344537815126,2380
ACI-EVENT,S1,1020,late,data,delay,0.7550420168067227,2380
ACI-EVENT,S1,1021,warmup,probe,cost,0.8875,800
ACI-EVENT,S1,1021,warmup,probe,delay,0.88,800
ACI-EVENT,S1,1021,warmup,data,cost,0.8817073170731707,820
ACI-EVENT,S1,1021,warmup,data,delay,0.8731707317073171,820
ACI-EVENT,S1,1021,early,probe,cost,0.8978571428571429,1400
ACI-EVENT,S1,1021,early,probe,delay,0.9007142857142857,1400
ACI-EVENT,S1,1021,early,data,cost,0.8855172413793103,1450
ACI-EVENT,S1,1021,early,data,delay,0.8717241379310345,1450
ACI-EVENT,S1,1021,middle,probe,cost,0.9033333333333333,1800
ACI-EVENT,S1,1021,middle,probe,delay,0.8972222222222223,1800
ACI-EVENT,S1,1021,middle,data,cost,0.8580645161290322,1860
ACI-EVENT,S1,1021,middle,data,delay,0.806989247311828,1860
ACI-EVENT,S1,1021,late,probe,cost,0.8992994746059545,2284
ACI-EVENT,S1,1021,late,probe,delay,0.9001751313485113,2284
ACI-EVENT,S1,1021,late,data,cost,0.7927631578947368,2432
ACI-EVENT,S1,1021,late,data,delay,0.7282072368421053,2432
ACI-EVENT,S1,1022,warmup,probe,cost,0.895,800
ACI-EVENT,S1,1022,warmup,probe,delay,0.89875,800
ACI-EVENT,S1,1022,warmup,data,cost,0.8800489596083231,817
ACI-EVENT,S1,1022,warmup,data,delay,0.8849449204406364,817
ACI-EVENT,S1,1022,early,probe,cost,0.8992857142857142,1400
ACI-EVENT,S1,1022,early,probe,delay,0.9014285714285715,1400
ACI-EVENT,S1,1022,early,data,cost,0.8756046993780235,1447
ACI-EVENT,S1,1022,early,data,delay,0.8721492743607464,1447
ACI-EVENT,S1,1022,middle,probe,cost,0.8922222222222222,1800
ACI-EVENT,S1,1022,middle,probe,delay,0.89,1800
ACI-EVENT,S1,1022,middle,data,cost,0.8352816153028693,1882
ACI-EVENT,S1,1022,middle,data,delay,0.8108395324123273,1882
ACI-EVENT,S1,1022,late,probe,cost,0.9020510673922143,2389
ACI-EVENT,S1,1022,late,probe,delay,0.9049811636668061,2389
ACI-EVENT,S1,1022,late,data,cost,0.8185858585858586,2475
ACI-EVENT,S1,1022,late,data,delay,0.7608080808080808,2475
ACI-EVENT,S1,1023,warmup,probe,cost,0.88875,800
ACI-EVENT,S1,1023,warmup,probe,delay,0.88875,800
ACI-EVENT,S1,1023,warmup,data,cost,0.8822085889570552,815
ACI-EVENT,S1,1023,warmup,data,delay,0.8785276073619632,815
ACI-EVENT,S1,1023,early,probe,cost,0.9014285714285715,1400
ACI-EVENT,S1,1023,early,probe,delay,0.8978571428571429,1400
ACI-EVENT,S1,1023,early,data,cost,0.8683127572016461,1458
ACI-EVENT,S1,1023,early,data,delay,0.8641975308641975,1458
ACI-EVENT,S1,1023,middle,probe,cost,0.8966666666666666,1800
ACI-EVENT,S1,1023,middle,probe,delay,0.8961111111111111,1800
ACI-EVENT,S1,1023,middle,data,cost,0.834319526627219,1859
ACI-EVENT,S1,1023,middle,data,delay,0.8101129639591178,1859
ACI-EVENT,S1,1023,late,probe,cost,0.9004166666666666,2400
ACI-EVENT,S1,1023,late,probe,delay,0.9041666666666667,2400
ACI-EVENT,S1,1023,late,data,cost,0.8069958847736626,2430
ACI-EVENT,S1,1023,late,data,delay,0.7530864197530864,2430
ACI-EVENT,S1,1024,warmup,probe,cost,0.88375,800
ACI-EVENT,S1,1024,warmup,probe,delay,0.8775,800
ACI-EVENT,S1,1024,warmup,data,cost,0.9034564958283671,839
ACI-EVENT,S1,1024,warmup,data,delay,0.8939213349225268,839
ACI-EVENT,S1,1024,early,probe,cost,0.8992857142857142,1400
ACI-EVENT,S1,1024,early,probe,delay,0.8978571428571429,1400
ACI-EVENT,S1,1024,early,data,cost,0.886223440712817,1459
ACI-EVENT,S1,1024,early,data,delay,0.8786840301576422,1459
ACI-EVENT,S1,1024,middle,probe,cost,0.8944444444444445,1800
ACI-EVENT,S1,1024,middle,probe,delay,0.8933333333333333,1800
ACI-EVENT,S1,1024,middle,data,cost,0.8598484848484849,1848
ACI-EVENT,S1,1024,middle,data,delay,0.8300865800865801,1848
ACI-EVENT,S1,1024,late,probe,cost,0.9021329987452948,2391
ACI-EVENT,S1,1024,late,probe,delay,0.9071518193224593,2391
ACI-EVENT,S1,1024,late,data,cost,0.8325716659742418,2407
ACI-EVENT,S1,1024,late,data,delay,0.7835479850436228,2407
ACI-EVENT,S1,1025,warmup,probe,cost,0.91125,800
ACI-EVENT,S1,1025,warmup,probe,delay,0.8975,800
ACI-EVENT,S1,1025,warmup,data,cost,0.9024691358024691,810
ACI-EVENT,S1,1025,warmup,data,delay,0.891358024691358,810
ACI-EVENT,S1,1025,early,probe,cost,0.8935714285714286,1400
ACI-EVENT,S1,1025,early,probe,delay,0.8942857142857142,1400
ACI-EVENT,S1,1025,early,data,cost,0.8670756646216768,1467
ACI-EVENT,S1,1025,early,data,delay,0.8643490115882754,1467
ACI-EVENT,S1,1025,middle,probe,cost,0.8994444444444445,1800
ACI-EVENT,S1,1025,middle,probe,delay,0.9,1800
ACI-EVENT,S1,1025,middle,data,cost,0.8547606239913932,1859
ACI-EVENT,S1,1025,middle,data,delay,0.8327057557826789,1859
ACI-EVENT,S1,1025,late,probe,cost,0.9018166089965398,2312
ACI-EVENT,S1,1025,late,probe,delay,0.9013840830449827,2312
ACI-EVENT,S1,1025,late,data,cost,0.79766860949209,2402
ACI-EVENT,S1,1025,late,data,delay,0.7626977518734388,2402
ACI-EVENT,S1,1026,warmup,probe,cost,0.88875,800
ACI-EVENT,S1,1026,warmup,probe,delay,0.885,800
ACI-EVENT,S1,1026,warmup,data,cost,0.8899521531100478,836
ACI-EVENT,S1,1026,warmup,data,delay,0.8851674641148325,836
ACI-EVENT,S1,1026,early,probe,cost,0.9035714285714286,1400
ACI-EVENT,S1,1026,early,probe,delay,0.9028571428571428,1400
ACI-EVENT,S1,1026,early,data,cost,0.8879015721120984,1463
ACI-EVENT,S1,1026,early,data,delay,0.8769651401230348,1463
ACI-EVENT,S1,1026,middle,probe,cost,0.8922222222222222,1800
ACI-EVENT,S1,1026,middle,probe,delay,0.8927777777777778,1800
ACI-EVENT,S1,1026,middle,data,cost,0.8556263269639066,1884
ACI-EVENT,S1,1026,middle,data,delay,0.8434182590233545,1884
ACI-EVENT,S1,1026,late,probe,cost,0.9007881316643487,2157
ACI-EVENT,S1,1026,late,probe,delay,0.9007881316643487,2157
ACI-EVENT,S1,1026,late,data,cost,0.8241291418861513,2354
ACI-EVENT,S1,1026,late,data,delay,0.7931180968564147,2354
ACI-EVENT,S1,1027,warmup,probe,cost,0.8975,800
ACI-EVENT,S1,1027,warmup,probe,delay,0.89625,800
ACI-EVENT,S1,1027,warmup,data,cost,0.89,800
ACI-EVENT,S1,1027,warmup,data,delay,0.885,800
ACI-EVENT,S1,1027,early,probe,cost,0.9021428571428571,1400
ACI-EVENT,S1,1027,early,probe,delay,0.9,1400
ACI-EVENT,S1,1027,early,data,cost,0.8623537508602891,1453
ACI-EVENT,S1,1027,early,data,delay,0.8575361321403991,1453
ACI-EVENT,S1,1027,middle,probe,cost,0.8916666666666667,1800
ACI-EVENT,S1,1027,middle,probe,delay,0.8961111111111111,1800
ACI-EVENT,S1,1027,middle,data,cost,0.8491471215351812,1876
ACI-EVENT,S1,1027,middle,data,delay,0.82409381663113,1876
ACI-EVENT,S1,1027,late,probe,cost,0.9029003783102144,2379
ACI-EVENT,S1,1027,late,probe,delay,0.9033207229928542,2379
ACI-EVENT,S1,1027,late,data,cost,0.79766860949209,2402
ACI-EVENT,S1,1027,late,data,delay,0.7497918401332223,2402
ACI-EVENT,S1,1028,warmup,probe,cost,0.895,800
ACI-EVENT,S1,1028,warmup,probe,delay,0.8975,800
ACI-EVENT,S1,1028,warmup,data,cost,0.8997555012224939,818
ACI-EVENT,S1,1028,warmup,data,delay,0.8985330073349633,818
ACI-EVENT,S1,1028,early,probe,cost,0.8992857142857142,1400
ACI-EVENT,S1,1028,early,probe,delay,0.895,1400
ACI-EVENT,S1,1028,early,data,cost,0.8729937194696441,1433
ACI-EVENT,S1,1028,early,data,delay,0.8660153524075367,1433
ACI-EVENT,S1,1028,middle,probe,cost,0.8944444444444445,1800
ACI-EVENT,S1,1028,middle,probe,delay,0.8972222222222223,1800
ACI-EVENT,S1,1028,middle,data,cost,0.8584499461786868,1858
ACI-EVENT,S1,1028,middle,data,delay,0.8390742734122713,1858
ACI-EVENT,S1,1028,late,probe,cost,0.9014329135909683,2303
ACI-EVENT,S1,1028,late,probe,delay,0.9040382110290925,2303
ACI-EVENT,S1,1028,late,data,cost,0.8164372131831455,2397
ACI-EVENT,S1,1028,late,data,delay,0.771380892782645,2397
ACI-EVENT,S1,1029,warmup,probe,cost,0.88375,800
ACI-EVENT,S1,1029,warmup,probe,delay,0.8875,800
ACI-EVENT,S1,1029,warmup,data,cost,0.8864197530864197,810
ACI-EVENT,S1,1029,warmup,data,delay,0.8802469135802469,810
ACI-EVENT,S1,1029,early,probe,cost,0.9,1400
ACI-EVENT,S1,1029,early,probe,delay,0.9042857142857142,1400
ACI-EVENT,S1,1029,early,data,cost,0.8752613240418119,1435
ACI-EVENT,S1,1029,early,data,delay,0.8773519163763066,1435
ACI-EVENT,S1,1029,middle,probe,cost,0.8961111111111111,1800
ACI-EVENT,S1,1029,middle,probe,delay,0.8911111111111111,1800
ACI-EVENT,S1,1029,middle,data,cost,0.8644251626898047,1844
ACI-EVENT,S1,1029,middle,data,delay,0.8232104121475055,1844
ACI-EVENT,S1,1029,late,probe,cost,0.9002197802197802,2275
ACI-EVENT,S1,1029,late,probe,delay,0.9037362637362637,2275
ACI-EVENT,S1,1029,late,data,cost,0.8450168918918919,2368
ACI-EVENT,S1,1029,late,data,delay,0.792652027027027,2368
ACI-EVENT,S2,1000,warmup,probe,cost,0.88125,800
ACI-EVENT,S2,1000,warmup,probe,delay,0.88,800
ACI-EVENT,S2,1000,warmup,data,cost,0.8864197530864197,810
ACI-EVENT,S2,1000,warmup,data,delay,0.8851851851851852,810
ACI-EVENT,S2,1000,early,probe,cost,0.9035714285714286,1400
ACI-EVENT,S2,1000,early,probe,delay,0.9021428571428571,1400
ACI-EVENT,S2,1000,early,data,cost,0.8869625520110958,1442
ACI-EVENT,S2,1000,early,data,delay,0.8841886269070736,1442
ACI-EVENT,S2,1000,middle,probe,cost,0.8955555555555555,1800
ACI-EVENT,S2,1000,middle,probe,delay,0.8994444444444445,1800
ACI-EVENT,S2,1000,middle,data,cost,0.8026388125343595,1819
ACI-EVENT,S2,1000,middle,data,delay,0.7663551401869159,1819
ACI-EVENT,S2,1000,late,probe,cost,0.9047417442845047,2362
ACI-EVENT,S2,1000,late,probe,delay,0.8992379339542761,2362
ACI-EVENT,S2,1000,late,data,cost,0.862610797743755,2482
ACI-EVENT,S2,1000,late,data,delay,0.8593875906526994,2482
ACI-EVENT,S2,1001,warmup,probe,cost,0.89625,800
ACI-EVENT,S2,1001,warmup,probe,delay,0.89625,800
ACI-EVENT,S2,1001,warmup,data,cost,0.905982905982906,819
ACI-EVENT,S2,1001,warmup,data,delay,0.8925518925518926,819
ACI-EVENT,S2,1001,early,probe,cost,0.9021428571428571,1400
ACI-EVENT,S2,1001,early,probe,delay,0.9035714285714286,1400
ACI-EVENT,S2,1001,early,data,cost,0.864476386036961,1461
ACI-EVENT,S2,1001,early,data,delay,0.864476386036961,1461
ACI-EVENT,S2,1001,middle,probe,cost,0.8959731543624161,1788
ACI-EVENT,S2,1001,middle,probe,delay,0.8982102908277405,1788
ACI-EVENT,S2,1001,middle,data,cost,0.7833056937534549,1809
ACI-EVENT,S2,1001,middle,data,delay,0.7622996130458817,1809
ACI-EVENT,S2,1001,late,probe,cost,0.9069977426636568,2215
ACI-EVENT,S2,1001,late,probe,delay,0.9024830699774267,2215
ACI-EVENT,S2,1001,late,data,cost,0.8672006745362564,2372
ACI-EVENT,S2,1001,late,data,delay,0.8642495784148398,2372
ACI-EVENT,S2,1002,warmup,probe,cost,0.90375,800
ACI-EVENT,S2,1002,warmup,probe,delay,0.91,800
ACI-EVENT,S2,1002,warmup,data,cost,0.9169719169719169,819
ACI-EVENT,S2,1002,warmup,data,delay,0.9084249084249084,819
ACI-EVENT,S2,1002,early,probe,cost,0.8992857142857142,1400
ACI-EVENT,S2,1002,early,probe,delay,0.9014285714285715,1400
ACI-EVENT,S2,1002,early,data,cost,0.8685121107266436,1445
ACI-EVENT,S2,1002,early,data,delay,0.8657439446366783,1445
ACI-EVENT,S2,1002,middle,probe,cost,0.8994444444444445,1800
ACI-EVENT,S2,1002,middle,probe,delay,0.8972222222222223,1800
ACI-EVENT,S2,1002,middle,data,cost,0.793329688354292,1829
ACI-EVENT,S2,1002,middle,data,delay,0.7539639147074905,1829
ACI-EVENT,S2,1002,late,probe,cost,0.903578947368421,2375
ACI-EVENT,S2,1002,late,probe,delay,0.9044210526315789,2375
ACI-EVENT,S2,1002,late,data,cost,0.843432289548597,2459
ACI-EVENT,S2,1002,late,data,delay,0.8422122814152094,2459
ACI-EVENT,S2,1003,warmup,probe,cost,0.88375,800
ACI-EVENT,S2,1003,warmup,probe,delay,0.8775,800
ACI-EVENT,S2,1003,warmup,data,cost,0.8975308641975308,810
ACI-EVENT,S2,1003,warmup,data,delay,0.8901234567901235,810
ACI-EVENT,S2,1003,early,probe,cost,0.8971428571428571,1400
ACI-EVENT,S2,1003,early,probe,delay,0.8985714285714286,1400
ACI-EVENT,S2,1003,early,data,cost,0.8791286015460296,1423
ACI-EVENT,S2,1003,early,data,delay,0.881939564300773,1423
ACI-EVENT,S2,1003,middle,probe,cost,0.9,1800
ACI-EVENT,S2,1003,middle,probe,delay,0.9005555555555556,1800
ACI-EVENT,S2,1003,middle,data,cost,0.8011111111111111,1800
ACI-EVENT,S2,1003,middle,data,delay,0.7688888888888888,1800
ACI-EVENT,S2,1003,late,probe,cost,0.9039039039039038,2331
ACI-EVENT,S2,1003,late,probe,delay,0.903045903045903,2331
ACI-EVENT,S2,1003,late,data,cost,0.8811274509803921,2448
ACI-EVENT,S2,1003,late,data,delay,0.8729575163398693,2448
ACI-EVENT,S2,1004,warmup,probe,cost,0.9025,800
ACI-EVENT,S2,1004,warmup,probe,delay,0.89625,800
ACI-EVENT,S2,1004,warmup,data,cost,0.8733087330873309,813
ACI-EVENT,S2,1004,warmup,data,delay,0.8585485854858549,813
ACI-EVENT,S2,1004,early,probe,cost,0.905,1400
ACI-EVENT,S2,1004,early,probe,delay,0.9028571428571428,1400
ACI-EVENT,S2,1004,early,data,cost,0.8820655966503839,1433
ACI-EVENT,S2,1004,early,data,delay,0.8722958827634334,1433
ACI-EVENT,S2,1004,middle,probe,cost,0.8933333333333333,1800
ACI-EVENT,S2,1004,middle,probe,delay,0.895,1800
ACI-EVENT,S2,1004,middle,data,cost,0.7982456140350878,1824
ACI-EVENT,S2,1004,middle,data,delay,0.7620614035087719,1824
ACI-EVENT,S2,1004,late,probe,cost,0.9045833333333333,2400
ACI-EVENT,S2,1004,late,probe,delay,0.90375,2400
ACI-EVENT,S2,1004,late,data,cost,0.8691099476439791,2483
ACI-EVENT,S2,1004,late,data,delay,0.8654853000402739,2483
ACI-EVENT,S2,1005,warmup,probe,cost,0.895,800
ACI-EVENT,S2,1005,warmup,probe,delay,0.9025,800
ACI-EVENT,S2,1005,warmup,data,cost,0.8594132029339854,818
ACI-EVENT,S2,1005,warmup,data,delay,0.8533007334963325,818
ACI-EVENT,S2,1005,early,probe,cost,0.8985714285714286,1400
ACI-EVENT,S2,1005,early,probe,delay,0.8964285714285715,1400
ACI-EVENT,S2,1005,early,data,cost,0.8616352201257862,1431
ACI-EVENT,S2,1005,early,data,delay,0.856743535988819,1431
ACI-EVENT,S2,1005,middle,probe,cost,0.8983333333333333,1800
ACI-EVENT,S2,1005,middle,probe,delay,0.9,1800
ACI-EVENT,S2,1005,middle,data,cost,0.7722498618021006,1809
ACI-EVENT,S2,1005,middle,data,delay,0.7484798231066888,1809
ACI-EVENT,S2,1005,late,probe,cost,0.9070833333333334,2400
ACI-EVENT,S2,1005,late,probe,delay,0.90625,2400
ACI-EVENT,S2,1005,late,data,cost,0.8540983606557377,2440
ACI-EVENT,S2,1005,late,data,delay,0.8520491803278688,2440
ACI-EVENT,S2,1006,warmup,probe,cost,0.91375,800
ACI-EVENT,S2,1006,warmup,probe,delay,0.90375,800
ACI-EVENT,S2,1006,warmup,data,cost,0.8878048780487805,820
ACI-EVENT,S2,1006,warmup,data,delay,0.875609756097561,820
ACI-EVENT,S2,1006,early,probe,cost,0.9014285714285715,1400
ACI-EVENT,S2,1006,early,probe,delay,0.9014285714285715,1400
ACI-EVENT,S2,1006,early,data,cost,0.8841961852861036,1468
ACI-EVENT,S2,1006,early,data,delay,0.8801089918256131,1468
ACI-EVENT,S2,1006,middle,probe,cost,0.895,1800
ACI-EVENT,S2,1006,middle,probe,delay,0.8938888888888888,1800
ACI-EVENT,S2,1006,middle,data,cost,0.7657266811279827,1844
ACI-EVENT,S2,1006,middle,data,delay,0.7087852494577006,1844
ACI-EVENT,S2,1006,late,probe,cost,0.9077328646748682,2276
ACI-EVENT,S2,1006,late,probe,delay,0.9072934973637962,2276
ACI-EVENT,S2,1006,late,data,cost,0.880510918829831,2427
ACI-EVENT,S2,1006,late,data,delay,0.88463123197363,2427
ACI-EVENT,S2,1007,warmup,probe,cost,0.89625,800
ACI-EVENT,S2,1007,warmup,probe,delay,0.89875,800
ACI-EVENT,S2,1007,warmup,data,cost,0.8848920863309353,834
ACI-EVENT,S2,1007,warmup,data,delay,0.8597122302158273,834
ACI-EVENT,S2,1007,early,probe,cost,0.9085714285714286,1400
ACI-EVENT,S2,1007,early,probe,delay,0.9071428571428571,1400
ACI-EVENT,S2,1007,early,data,cost,0.8668965517241379,1450
ACI-EVENT,S2,1007,early,data,delay,0.8620689655172413,1450
ACI-EVENT,S2,1007,middle,probe,cost,0.8938888888888888,1800
ACI-EVENT,S2,1007,middle,probe,delay,0.8933333333333333,1800
ACI-EVENT,S2,1007,middle,data,cost,0.8005464480874317,1830
ACI-EVENT,S2,1007,middle,data,delay,0.7737704918032787,1830
ACI-EVENT,S2,1007,late,probe,cost,0.8994708994708994,2268
ACI-EVENT,S2,1007,late,probe,delay,0.9021164021164021,2268
ACI-EVENT,S2,1007,late,data,cost,0.8744301699129714,2413
ACI-EVENT,S2,1007,late,data,delay,0.8740157480314961,2413
ACI-EVENT,S2,1008,warmup,probe,cost,0.88875,800
ACI-EVENT,S2,1008,warmup,probe,delay,0.89625,800
ACI-EVENT,S2,1008,warmup,data,cost,0.8963051251489869,839
ACI-EVENT,S2,1008,warmup,data,delay,0.8903456495828367,839
ACI-EVENT,S2,1008,early,probe,cost,0.9021428571428571,1400
ACI-EVENT,S2,1008,early,probe,delay,0.9007142857142857,1400
ACI-EVENT,S2,1008,early,data,cost,0.8767029972752044,1468
ACI-EVENT,S2,1008,early,data,delay,0.8780653950953679,1468
ACI-EVENT,S2,1008,middle,probe,cost,0.8938888888888888,1800
ACI-EVENT,S2,1008,middle,probe,delay,0.895,1800
ACI-EVENT,S2,1008,middle,data,cost,0.7813522355507089,1834
ACI-EVENT,S2,1008,middle,data,delay,0.7660850599781898,1834
ACI-EVENT,S2,1008,late,probe,cost,0.9042875703767865,2309
ACI-EVENT,S2,1008,late,probe,delay,0.9064530099610221,2309
ACI-EVENT,S2,1008,late,data,cost,0.8817334953422439,2469
ACI-EVENT,S2,1008,late,data,delay,0.8780882948562171,2469
ACI-EVENT,S2,1009,warmup,probe,cost,0.9025,800
ACI-EVENT,S2,1009,warmup,probe,delay,0.9,800
ACI-EVENT,S2,1009,warmup,data,cost,0.894993894993895,819
ACI-EVENT,S2,1009,warmup,data,delay,0.8803418803418803,819
ACI-EVENT,S2,1009,early,probe,cost,0.9007142857142857,1400
ACI-EVENT,S2,1009,early,probe,delay,0.9028571428571428,1400
ACI-EVENT,S2,1009,early,data,cost,0.8978605935127675,1449
ACI-EVENT,S2,1009,early,data,delay,0.893719806763285,1449
ACI-EVENT,S2,1009,middle,probe,cost,0.8977777777777778,1800
ACI-EVENT,S2,1009,middle,probe,delay,0.8961111111111111,1800
ACI-EVENT,S2,1009,middle,data,cost,0.8023887079261672,1842
ACI-EVENT,S2,1009,middle,data,delay,0.761129207383279,1842
ACI-EVENT,S2,1009,late,probe,cost,0.9032957502168256,2306
ACI-EVENT,S2,1009,late,probe,delay,0.9041630529054641,2306
ACI-EVENT,S2,1009,late,data,cost,0.8685407193054981,2419
ACI-EVENT,S2,1009,late,data,delay,0.8677139313766019,2419
ACI-EVENT,S2,1010,warmup,probe,cost,0.895,800
ACI-EVENT,S2,1010,warmup,probe,delay,0.89,800
ACI-EVENT,S2,1010,warmup,data,cost,0.875453446191052,827
ACI-EVENT,S2,1010,warmup,data,delay,0.8730350665054414,827
ACI-EVENT,S2,1010,early,probe,cost,0.8971428571428571,1400
ACI-EVENT,S2,1010,early,probe,delay,0.8978571428571429,1400
ACI-EVENT,S2,1010,early,data,cost,0.8771100607697502,1481
ACI-EVENT,S2,1010,early,data,delay,0.8730587440918298,1481
ACI-EVENT,S2,1010,middle,probe,cost,0.895,1800
ACI-EVENT,S2,1010,middle,probe,delay,0.8972222222222223,1800
ACI-EVENT,S2,1010,middle,data,cost,0.791101465002713,1843
ACI-EVENT,S2,1010,middle,data,delay,0.7504069451980466,1843
ACI-EVENT,S2,1010,late,probe,cost,0.911275415896488,2164
ACI-EVENT,S2,1010,late,probe,delay,0.910351201478743,2164
ACI-EVENT,S2,1010,late,data,cost,0.8791254125412541,2424
ACI-EVENT,S2,1010,late,data,delay,0.8646864686468647,2424
ACI-EVENT,S2,1011,warmup,probe,cost,0.8825,800
ACI-EVENT,S2,1011,warmup,probe,delay,0.8925,800
ACI-EVENT,S2,1011,warmup,data,cost,0.8876678876678876,819
ACI-EVENT,S2,1011,warmup,data,delay,0.8852258852258852,819
ACI-EVENT,S2,1011,early,probe,cost,0.9007142857142857,1400
ACI-EVENT,S2,1011,early,probe,delay,0.8985714285714286,1400
ACI-EVENT,S2,1011,early,data,cost,0.888283378746594,1468
ACI-EVENT,S2,1011,early,data,delay,0.8821525885558583,1468
ACI-EVENT,S2,1011,middle,probe,cost,0.900280112044818,1785
ACI-EVENT,S2,1011,middle,probe,delay,0.900280112044818,1785
ACI-EVENT,S2,1011,middle,data,cost,0.8243610657966286,1839
ACI-EVENT,S2,1011,middle,data,delay,0.8080478520935291,1839
ACI-EVENT,S2,1011,late,probe,cost,0.9028571428571428,2275
ACI-EVENT,S2,1011,late,probe,delay,0.9028571428571428,2275
ACI-EVENT,S2,1011,late,data,cost,0.874897792313982,2446
ACI-EVENT,S2,1011,late,data,delay,0.8728536385936222,2446
ACI-EVENT,S2,1012,warmup,probe,cost,0.89875,800
ACI-EVENT,S2,1012,warmup,probe,delay,0.895,800
ACI-EVENT,S2,1012,warmup,data,cost,0.8682926829268293,820
ACI-EVENT,S2,1012,warmup,data,delay,0.8658536585365854,820
ACI-EVENT,S2,1012,early,probe,cost,0.8992857142857142,1400
ACI-EVENT,S2,1012,early,probe,delay,0.9007142857142857,1400
ACI-EVENT,S2,1012,early,data,cost,0.8794425087108014,1435
ACI-EVENT,S2,1012,early,data,delay,0.8759581881533101,1435
ACI-EVENT,S2,1012,middle,probe,cost,0.8966666666666666,1800
ACI-EVENT,S2,1012,middle,probe,delay,0.8966666666666666,1800
ACI-EVENT,S2,1012,middle,data,cost,0.8168316831683168,1818
ACI-EVENT,S2,1012,middle,data,delay,0.7761276127612762,1818
ACI-EVENT,S2,1012,late,probe,cost,0.9010238907849829,2344
ACI-EVENT,S2,1012,late,probe,delay,0.9014505119453925,2344
ACI-EVENT,S2,1012,late,data,cost,0.8823038397328882,2396
ACI-EVENT,S2,1012,late,data,delay,0.8747913188647746,2396
ACI-EVENT,S2,1013,warmup,probe,cost,0.90125,800
ACI-EVENT,S2,1013,warmup,probe,delay,0.8875,800
ACI-EVENT,S2,1013,warmup,data,cost,0.8955773955773956,814
ACI-EVENT,S2,1013,warmup,data,delay,0.8845208845208845,814
ACI-EVENT,S2,1013,early,probe,cost,0.9,1400
ACI-EVENT,S2,1013,early,probe,delay,0.9,1400
ACI-EVENT,S2,1013,early,data,cost,0.868766404199475,1524
ACI-EVENT,S2,1013,early,data,delay,0.8615485564304461,1524
ACI-EVENT,S2,1013,middle,probe,cost,0.8944444444444445,1800
ACI-EVENT,S2,1013,middle,probe,delay,0.8961111111111111,1800
ACI-EVENT,S2,1013,middle,data,cost,0.8100320170757738,1874
ACI-EVENT,S2,1013,middle,data,delay,0.7620064034151548,1874
ACI-EVENT,S2,1013,late,probe,cost,0.9043440105309346,2279
ACI-EVENT,S2,1013,late,probe,delay,0.9017112768758228,2279
ACI-EVENT,S2,1013,late,data,cost,0.8522962350020686,2417
ACI-EVENT,S2,1013,late,data,delay,0.8510550268928424,2417
ACI-EVENT,S2,1014,warmup,probe,cost,0.90625,800
ACI-EVENT,S2,1014,warmup,probe,delay,0.905,800
ACI-EVENT,S2,1014,warmup,data,cost,0.8890243902439025,820
ACI-EVENT,S2,1014,warmup,data,delay,0.8792682926829268,820
ACI-EVENT,S2,1014,early,probe,cost,0.9,1400
ACI-EVENT,S2,1014,early,probe,delay,0.9007142857142857,1400
ACI-EVENT,S2,1014,early,data,cost,0.8872752420470262,1446
ACI-EVENT,S2,1014,early,data,delay,0.8831258644536653,1446
ACI-EVENT,S2,1014,middle,probe,cost,0.8972222222222223,1800
ACI-EVENT,S2,1014,middle,probe,delay,0.8983333333333333,1800
ACI-EVENT,S2,1014,middle,data,cost,0.7934782608695652,1840
ACI-EVENT,S2,1014,middle,data,delay,0.741304347826087,1840
ACI-EVENT,S2,1014,late,probe,cost,0.9057193923145666,2238
ACI-EVENT,S2,1014,late,probe,delay,0.9061662198391421,2238
ACI-EVENT,S2,1014,late,data,cost,0.8649665551839465,2392
ACI-EVENT,S2,1014,late,data,delay,0.862876254180602,2392
ACI-EVENT,S2,1015,warmup,probe,cost,0.89,800
ACI-EVENT,S2,1015,warmup,probe,delay,0.8975,800
ACI-EVENT,S2,1015,warmup,data,cost,0.8878048780487805,820
ACI-EVENT,S2,1015,warmup,data,delay,0.8804878048780488,820
ACI-EVENT,S2,1015,early,probe,cost,0.9064285714285715,1400
ACI-EVENT,S2,1015,early,probe,delay,0.9064285714285715,1400
ACI-EVENT,S2,1015,early,data,cost,0.8751763046544428,1418
ACI-EVENT,S2,1015,early,data,delay,0.8744710860366713,1418
ACI-EVENT,S2,1015,middle,probe,cost,0.8911111111111111,1800
ACI-EVENT,S2,1015,middle,probe,delay,0.8883333333333333,1800
ACI-EVENT,S2,1015,middle,data,cost,0.7549234135667396,1828
ACI-EVENT,S2,1015,middle,data,delay,0.6974835886214442,1828
ACI-EVENT,S2,1015,late,probe,cost,0.9047008547008547,2340
ACI-EVENT,S2,1015,late,probe,delay,0.9076923076923077,2340
ACI-EVENT,S2,1015,late,data,cost,0.8642625607779578,2468
ACI-EVENT,S2,1015,late,data,delay,0.8565640194489466,2468
ACI-EVENT,S2,1016,warmup,probe,cost,0.91625,800
ACI-EVENT,S2,1016,warmup,probe,delay,0.915,800
ACI-EVENT,S2,1016,warmup,data,cost,0.884004884004884,819
ACI-EVENT,S2,1016,warmup,data,delay,0.8803418803418803,819
ACI-EVENT,S2,1016,early,probe,cost,0.9057142857142857,1400
ACI-EVENT,S2,1016,early,probe,delay,0.9057142857142857,1400
ACI-EVENT,S2,1016,early,data,cost,0.8604166666666667,1440
ACI-EVENT,S2,1016,early,data,delay,0.8576388888888888,1440
ACI-EVENT,S2,1016,middle,probe,cost,0.8909090909090909,1760
ACI-EVENT,S2,1016,middle,probe,delay,0.89375,1760
ACI-EVENT,S2,1016,middle,data,cost,0.79379760609358,1838
ACI-EVENT,S2,1016,middle,data,delay,0.7562568008705114,1838
ACI-EVENT,S2,1016,late,probe,cost,0.9073556797020484,2148
ACI-EVENT,S2,1016,late,probe,delay,0.9078212290502793,2148
ACI-EVENT,S2,1016,late,data,cost,0.8669509594882729,2345
ACI-EVENT,S2,1016,late,data,delay,0.8614072494669509,2345
ACI-EVENT,S2,1017,warmup,probe,cost,0.895,800
ACI-EVENT,S2,1017,warmup,probe,delay,0.89875,800
ACI-EVENT,S2,1017,warmup,data,cost,0.8776009791921665,817
ACI-EVENT,S2,1017,warmup,data,delay,0.8788249694002448,817
ACI-EVENT,S2,1017,early,probe,cost,0.8992857142857142,1400
ACI-EVENT,S2,1017,early,probe,delay,0.8992857142857142,1400
ACI-EVENT,S2,1017,early,data,cost,0.8825995807127882,1431
ACI-EVENT,S2,1017,early,data,delay,0.8867924528301887,1431
ACI-EVENT,S2,1017,middle,probe,cost,0.9011111111111111,1800
ACI-EVENT,S2,1017,middle,probe,delay,0.9083333333333333,1800
ACI-EVENT,S2,1017,middle,data,cost,0.778393351800554,1805
ACI-EVENT,S2,1017,middle,data,delay,0.7434903047091412,1805
ACI-EVENT,S2,1017,late,probe,cost,0.902572754112189,2371
ACI-EVENT,S2,1017,late,probe,delay,0.8966680725432307,2371
ACI-EVENT,S2,1017,late,data,cost,0.8671015083571137,2453
ACI-EVENT,S2,1017,late,data,delay,0.8626172034243783,2453
ACI-EVENT,S2,1018,warmup,probe,cost,0.89875,800
ACI-EVENT,S2,1018,warmup,probe,delay,0.895,800
ACI-EVENT,S2,1018,warmup,data,cost,0.9,810
ACI-EVENT,S2,1018,warmup,data,delay,0.891358024691358,810
ACI-EVENT,S2,1018,early,probe,cost,0.9071428571428571,1400
ACI-EVENT,S2,1018,early,probe,delay,0.9035714285714286,1400
ACI-EVENT,S2,1018,early,data,cost,0.8906685236768802,1436
ACI-EVENT,S2,1018,early,data,delay,0.8795264623955432,1436
ACI-EVENT,S2,1018,middle,probe,cost,0.8938202247191012,1780
ACI-EVENT,S2,1018,middle,probe,delay,0.8960674157303371,1780
ACI-EVENT,S2,1018,middle,data,cost,0.7465715852989577,1823
ACI-EVENT,S2,1018,middle,data,delay,0.6977509599561162,1823
ACI-EVENT,S2,1018,late,probe,cost,0.903140203449801,2261
ACI-EVENT,S2,1018,late,probe,delay,0.9026979212737727,2261
ACI-EVENT,S2,1018,late,data,cost,0.8778782894736842,2432
ACI-EVENT,S2,1018,late,data,delay,0.8725328947368421,2432
ACI-EVENT,S2,1019,warmup,probe,cost,0.885,800
ACI-EVENT,S2,1019,warmup,probe,delay,0.89,800
ACI-EVENT,S2,1019,warmup,data,cost,0.8775,800
ACI-EVENT,S2,1019,warmup,data,delay,0.87625,800
ACI-EVENT,S2,1019,early,probe,cost,0.8964285714285715,1400
ACI-EVENT,S2,1019,early,probe,delay,0.8971428571428571,1400
ACI-EVENT,S2,1019,early,data,cost,0.875515818431912,1454
ACI-EVENT,S2,1019,early,data,delay,0.8762035763411279,1454
ACI-EVENT,S2,1019,middle,probe,cost,0.8983333333333333,1800
ACI-EVENT,S2,1019,middle,probe,delay,0.8961111111111111,1800
ACI-EVENT,S2,1019,middle,data,cost,0.7924528301886793,1802
ACI-EVENT,S2,1019,middle,data,delay,0.7574916759156493,1802
ACI-EVENT,S2,1019,late,probe,cost,0.9072703526338702,2297
ACI-EVENT,S2,1019,late,probe,delay,0.9085764040052242,2297
ACI-EVENT,S2,1019,late,data,cost,0.8755135579293344,2434
ACI-EVENT,S2,1019,late,data,delay,0.8701725554642563,2434
ACI-EVENT,S2,1020,warmup,probe,cost,0.90625,800
ACI-EVENT,S2,1020,warmup,probe,delay,0.90875,800
ACI-EVENT,S2,1020,warmup,data,cost,0.87125,800
ACI-EVENT,S2,1020,warmup,data,delay,0.875,800
ACI-EVENT,S2,1020,early,probe,cost,0.9,1400
ACI-EVENT,S2,1020,early,probe,delay,0.8992857142857142,1400
ACI-EVENT,S2,1020,early,data,cost,0.8757984386089425,1409
ACI-EVENT,S2,1020,early,data,delay,0.8694109297374024,1409
ACI-EVENT,S2,1020,middle,probe,cost,0.8983333333333333,1800
ACI-EVENT,S2,1020,middle,probe,delay,0.8972222222222223,1800
ACI-EVENT,S2,1020,middle,data,cost,0.7835903083700441,1816
ACI-EVENT,S2,1020,middle,data,delay,0.7428414096916299,1816
ACI-EVENT,S2,1020,late,probe,cost,0.902555218709398,2309
ACI-EVENT,S2,1020,late,probe,delay,0.9034213945430922,2309
ACI-EVENT,S2,1020,late,data,cost,0.8491504351429755,2413
ACI-EVENT,S2,1020,late,data,delay,0.8503937007874016,2413
ACI-EVENT,S2,1021,warmup,probe,cost,0.8875,800
ACI-EVENT,S2,1021,warmup,probe,delay,0.88,800
ACI-EVENT,S2,1021,warmup,data,cost,0.8817073170731707,820
ACI-EVENT,S2,1021,warmup,data,delay,0.8731707317073171,820
ACI-EVENT,S2,1021,early,probe,cost,0.8978571428571429,1400
ACI-EVENT,S2,1021,early,probe,delay,0.9007142857142857,1400
ACI-EVENT,S2,1021,early,data,cost,0.886896551724138,1450
ACI-EVENT,S2,1021,early,data,delay,0.8737931034482759,1450
ACI-EVENT,S2,1021,middle,probe,cost,0.9038888888888889,1800
ACI-EVENT,S2,1021,middle,probe,delay,0.8983333333333333,1800
ACI-EVENT,S2,1021,middle,data,cost,0.7605019094380796,1833
ACI-EVENT,S2,1021,middle,data,delay,0.7315875613747954,1833
ACI-EVENT,S2,1021,late,probe,cost,0.9024390243902439,2337
ACI-EVENT,S2,1021,late,probe,delay,0.9050064184852374,2337
ACI-EVENT,S2,1021,late,data,cost,0.857609139126887,2451
ACI-EVENT,S2,1021,late,data,delay,0.8518971848225214,2451
ACI-EVENT,S2,1022,warmup,probe,cost,0.895,800
ACI-EVENT,S2,1022,warmup,probe,delay,0.89875,800
ACI-EVENT,S2,1022,warmup,data,cost,0.8800489596083231,817
ACI-EVENT,S2,1022,warmup,data,delay,0.8849449204406364,817
ACI-EVENT,S2,1022,early,probe,cost,0.9014285714285715,1400
ACI-EVENT,S2,1022,early,probe,delay,0.9028571428571428,1400
ACI-EVENT,S2,1022,early,data,cost,0.8777624309392266,1448
ACI-EVENT,S2,1022,early,data,delay,0.8743093922651933,1448
ACI-EVENT,S2,1022,middle,probe,cost,0.895,1800
ACI-EVENT,S2,1022,middle,probe,delay,0.8911111111111111,1800
ACI-EVENT,S2,1022,middle,data,cost,0.741304347826087,1840
ACI-EVENT,S2,1022,middle,data,delay,0.7119565217391305,1840
ACI-EVENT,S2,1022,late,probe,cost,0.9033816425120773,2277
ACI-EVENT,S2,1022,late,probe,delay,0.9055775142731665,2277
ACI-EVENT,S2,1022,late,data,cost,0.8835030549898167,2455
ACI-EVENT,S2,1022,late,data,delay,0.8810590631364562,2455
ACI-EVENT,S2,1023,warmup,probe,cost,0.88875,800
ACI-EVENT,S2,1023,warmup,probe,delay,0.88875,800
ACI-EVENT,S2,1023,warmup,data,cost,0.8822085889570552,815
ACI-EVENT,S2,1023,warmup,data,delay,0.8785276073619632,815
ACI-EVENT,S2,1023,early,probe,cost,0.9021428571428571,1400
ACI-EVENT,S2,1023,early,probe,delay,0.8978571428571429,1400
ACI-EVENT,S2,1023,early,data,cost,0.8689986282578875,1458
ACI-EVENT,S2,1023,early,data,delay,0.864883401920439,1458
ACI-EVENT,S2,1023,middle,probe,cost,0.8977777777777778,1800
ACI-EVENT,S2,1023,middle,probe,delay,0.8983333333333333,1800
ACI-EVENT,S2,1023,middle,data,cost,0.7752622860298177,1811
ACI-EVENT,S2,1023,middle,data,delay,0.7393705135284373,1811
ACI-EVENT,S2,1023,late,probe,cost,0.90125,2400
ACI-EVENT,S2,1023,late,probe,delay,0.9045833333333333,2400
ACI-EVENT,S2,1023,late,data,cost,0.8523189585028479,2458
ACI-EVENT,S2,1023,late,data,delay,0.8567941415785191,2458
ACI-EVENT,S2,1024,warmup,probe,cost,0.88375,800
ACI-EVENT,S2,1024,warmup,probe,delay,0.8775,800
ACI-EVENT,S2,1024,warmup,data,cost,0.9034564958283671,839
ACI-EVENT,S2,1024,warmup,data,delay,0.8939213349225268,839
ACI-EVENT,S2,1024,early,probe,cost,0.9007142857142857,1400
ACI-EVENT,S2,1024,early,probe,delay,0.8992857142857142,1400
ACI-EVENT,S2,1024,early,data,cost,0.8896504455106237,1459
ACI-EVENT,S2,1024,early,data,delay,0.882111034955449,1459
ACI-EVENT,S2,1024,middle,probe,cost,0.9,1800
ACI-EVENT,S2,1024,middle,probe,delay,0.8966666666666666,1800
ACI-EVENT,S2,1024,middle,data,cost,0.7704557935200439,1821
ACI-EVENT,S2,1024,middle,data,delay,0.7402526084568918,1821
ACI-EVENT,S2,1024,late,probe,cost,0.9007400957771006,2297
ACI-EVENT,S2,1024,late,probe,delay,0.9033521985198084,2297
ACI-EVENT,S2,1024,late,data,cost,0.8754098360655738,2440
ACI-EVENT,S2,1024,late,data,delay,0.8692622950819672,2440
ACI-EVENT,S2,1025,warmup,probe,cost,0.91125,800
ACI-EVENT,S2,1025,warmup,probe,delay,0.8975,800
ACI-EVENT,S2,1025,warmup,data,cost,0.9024691358024691,810
ACI-EVENT,S2,1025,warmup,data,delay,0.891358024691358,810
ACI-EVENT,S2,1025,early,probe,cost,0.8964285714285715,1400
ACI-EVENT,S2,1025,early,probe,delay,0.8971428571428571,1400
ACI-EVENT,S2,1025,early,data,cost,0.8684389911383776,1467
ACI-EVENT,S2,1025,early,data,delay,0.8650306748466258,1467
ACI-EVENT,S2,1025,middle,probe,cost,0.9044444444444445,1800
ACI-EVENT,S2,1025,middle,probe,delay,0.8994444444444445,1800
ACI-EVENT,S2,1025,middle,data,cost,0.7562296858071506,1846
ACI-EVENT,S2,1025,middle,data,delay,0.7210184182015168,1846
ACI-EVENT,S2,1025,late,probe,cost,0.9024597116200169,2358
ACI-EVENT,S2,1025,late,probe,delay,0.9067005937234945,2358
ACI-EVENT,S2,1025,late,data,cost,0.8415679869334423,2449
ACI-EVENT,S2,1025,late,data,delay,0.8395263372805226,2449
ACI-EVENT,S2,1026,warmup,probe,cost,0.88875,800
ACI-EVENT,S2,1026,warmup,probe,delay,0.885,800
ACI-EVENT,S2,1026,warmup,data,cost,0.8899521531100478,836
ACI-EVENT,S2,1026,warmup,data,delay,0.8851674641148325,836
ACI-EVENT,S2,1026,early,probe,cost,0.9035714285714286,1400
ACI-EVENT,S2,1026,early,probe,delay,0.9028571428571428,1400
ACI-EVENT,S2,1026,early,data,cost,0.8892686261107313,1463
ACI-EVENT,S2,1026,early,data,delay,0.8790157211209843,1463
ACI-EVENT,S2,1026,middle,probe,cost,0.8978102189781022,1781
ACI-EVENT,S2,1026,middle,probe,delay,0.8972487366647951,1781
ACI-EVENT,S2,1026,middle,data,cost,0.8085339168490153,1828
ACI-EVENT,S2,1026,middle,data,delay,0.7543763676148797,1828
ACI-EVENT,S2,1026,late,probe,cost,0.9034416826003824,2092
ACI-EVENT,S2,1026,late,probe,delay,0.902963671128107,2092
ACI-EVENT,S2,1026,late,data,cost,0.8608582574772432,2307
ACI-EVENT,S2,1026,late,data,delay,0.8565236237537928,2307
ACI-EVENT,S2,1027,warmup,probe,cost,0.8975,800
ACI-EVENT,S2,1027,warmup,probe,delay,0.89625,800
ACI-EVENT,S2,1027,warmup,data,cost,0.89,800
ACI-EVENT,S2,1027,warmup,data,delay,0.885,800
ACI-EVENT,S2,1027,early,probe,cost,0.9028571428571428,1400
ACI-EVENT,S2,1027,early,probe,delay,0.9007142857142857,1400
ACI-EVENT,S2,1027,early,data,cost,0.8657949070887818,1453
ACI-EVENT,S2,1027,early,data,delay,0.860977288368892,1453
ACI-EVENT,S2,1027,middle,probe,cost,0.8933333333333333,1800
ACI-EVENT,S2,1027,middle,probe,delay,0.8966666666666666,1800
ACI-EVENT,S2,1027,middle,data,cost,0.7623490669593853,1822
ACI-EVENT,S2,1027,middle,data,delay,0.752469813391877,1822
ACI-EVENT,S2,1027,late,probe,cost,0.9059233449477352,2296
ACI-EVENT,S2,1027,late,probe,delay,0.9041811846689896,2296
ACI-EVENT,S2,1027,late,data,cost,0.8558823529411764,2380
ACI-EVENT,S2,1027,late,data,delay,0.8474789915966386,2380
ACI-EVENT,S2,1028,warmup,probe,cost,0.895,800
ACI-EVENT,S2,1028,warmup,probe,delay,0.8975,800
ACI-EVENT,S2,1028,warmup,data,cost,0.8997555012224939,818
ACI-EVENT,S2,1028,warmup,data,delay,0.8985330073349633,818
ACI-EVENT,S2,1028,early,probe,cost,0.9007142857142857,1400
ACI-EVENT,S2,1028,early,probe,delay,0.8971428571428571,1400
ACI-EVENT,S2,1028,early,data,cost,0.8743893928820656,1433
ACI-EVENT,S2,1028,early,data,delay,0.8674110258199581,1433
ACI-EVENT,S2,1028,middle,probe,cost,0.8960893854748604,1790
ACI-EVENT,S2,1028,middle,probe,delay,0.8977653631284916,1790
ACI-EVENT,S2,1028,middle,data,cost,0.8020607375271149,1844
ACI-EVENT,S2,1028,middle,data,delay,0.7939262472885033,1844
ACI-EVENT,S2,1028,late,probe,cost,0.9036091549295775,2272
ACI-EVENT,S2,1028,late,probe,delay,0.9071302816901409,2272
ACI-EVENT,S2,1028,late,data,cost,0.8648537288833952,2427
ACI-EVENT,S2,1028,late,data,delay,0.861557478368356,2427
ACI-EVENT,S2,1029,warmup,probe,cost,0.88375,800
ACI-EVENT,S2,1029,warmup,probe,delay,0.8875,800
ACI-EVENT,S2,1029,warmup,data,cost,0.8864197530864197,810
ACI-EVENT,S2,1029,warmup,data,delay,0.8802469135802469,810
ACI-EVENT,S2,1029,early,probe,cost,0.9007142857142857,1400
ACI-EVENT,S2,1029,early,probe,delay,0.9042857142857142,1400
ACI-EVENT,S2,1029,early,data,cost,0.8759581881533101,1435
ACI-EVENT,S2,1029,early,data,delay,0.8780487804878049,1435
ACI-EVENT,S2,1029,middle,probe,cost,0.9033333333333333,1800
ACI-EVENT,S2,1029,middle,probe,delay,0.8983333333333333,1800
ACI-EVENT,S2,1029,middle,data,cost,0.8217439293598234,1812
ACI-EVENT,S2,1029,middle,data,delay,0.7853200883002207,1812
ACI-EVENT,S2,1029,late,probe,cost,0.9029166666666667,2400
ACI-EVENT,S2,1029,late,probe,delay,0.9041666666666667,2400
ACI-EVENT,S2,1029,late,data,cost,0.8514652749899638,2491
ACI-EVENT,S2,1029,late,data,delay,0.8530710558008832,2491
ACI-EVENT,S3,1000,warmup,probe,cost,0.89,800
ACI-EVENT,S3,1000,warmup,probe,delay,0.8825,800
ACI-EVENT,S3,1000,warmup,data,cost,0.8800988875154512,809
ACI-EVENT,S3,1000,warmup,data,delay,0.8627935723114957,809
ACI-EVENT,S3,1000,early,probe,cost,0.9035714285714286,1400
ACI-EVENT,S3,1000,early,probe,delay,0.905,1400
ACI-EVENT,S3,1000,early,data,cost,0.8783967391304348,1472
ACI-EVENT,S3,1000,early,data,delay,0.8729619565217391,1472
ACI-EVENT,S3,1000,middle,probe,cost,0.8994444444444445,1800
ACI-EVENT,S3,1000,middle,probe,delay,0.8955555555555555,1800
ACI-EVENT,S3,1000,middle,data,cost,0.842704887908857,2721
ACI-EVENT,S3,1000,middle,data,delay,0.8257993384785005,2721
ACI-EVENT,S3,1000,late,probe,cost,0.8993288590604027,2384
ACI-EVENT,S3,1000,late,probe,delay,0.9010067114093959,2384
ACI-EVENT,S3,1000,late,data,cost,0.8425568425568426,4662
ACI-EVENT,S3,1000,late,data,delay,0.838052338052338,4662
ACI-EVENT,S3,1001,warmup,probe,cost,0.89625,800
ACI-EVENT,S3,1001,warmup,probe,delay,0.895,800
ACI-EVENT,S3,1001,warmup,data,cost,0.8913308913308914,819
ACI-EVENT,S3,1001,warmup,data,delay,0.8803418803418803,819
ACI-EVENT,S3,1001,early,probe,cost,0.8985714285714286,1400
ACI-EVENT,S3,1001,early,probe,delay,0.9021428571428571,1400
ACI-EVENT,S3,1001,early,data,cost,0.8709897610921502,1465
ACI-EVENT,S3,1001,early,data,delay,0.868259385665529,1465
ACI-EVENT,S3,1001,middle,probe,cost,0.9011111111111111,1800
ACI-EVENT,S3,1001,middle,probe,delay,0.8966666666666666,1800
ACI-EVENT,S3,1001,middle,data,cost,0.8821349147516679,2698
ACI-EVENT,S3,1001,middle,data,delay,0.8713862120088954,2698
ACI-EVENT,S3,1001,late,probe,cost,0.9019417475728155,2060
ACI-EVENT,S3,1001,late,probe,delay,0.9048543689320389,2060
ACI-EVENT,S3,1001,late,data,cost,0.8668989547038327,4305
ACI-EVENT,S3,1001,late,data,delay,0.8585365853658536,4305
ACI-EVENT,S3,1002,warmup,probe,cost,0.89875,800
ACI-EVENT,S3,1002,warmup,probe,delay,0.9025,800
ACI-EVENT,S3,1002,warmup,data,cost,0.9072039072039072,819
ACI-EVENT,S3,1002,warmup,data,delay,0.8986568986568987,819
ACI-EVENT,S3,1002,early,probe,cost,0.9042857142857142,1400
ACI-EVENT,S3,1002,early,probe,delay,0.905,1400
ACI-EVENT,S3,1002,early,data,cost,0.8558743169398907,1464
ACI-EVENT,S3,1002,early,data,delay,0.8545081967213115,1464
ACI-EVENT,S3,1002,middle,probe,cost,0.8966666666666666,1800
ACI-EVENT,S3,1002,middle,probe,delay,0.8922222222222222,1800
ACI-EVENT,S3,1002,middle,data,cost,0.8381162619573216,2718
ACI-EVENT,S3,1002,middle,data,delay,0.8325974981604121,2718
ACI-EVENT,S3,1002,late,probe,cost,0.897732135216089,2337
ACI-EVENT,S3,1002,late,probe,delay,0.9015832263585793,2337
ACI-EVENT,S3,1002,late,data,cost,0.8534201954397395,4605
ACI-EVENT,S3,1002,late,data,delay,0.8429967426710098,4605
ACI-EVENT,S3,1003,warmup,probe,cost,0.8775,800
ACI-EVENT,S3,1003,warmup,probe,delay,0.88,800
ACI-EVENT,S3,1003,warmup,data,cost,0.8876543209876543,810
ACI-EVENT,S3,1003,warmup,data,delay,0.8802469135802469,810
ACI-EVENT,S3,1003,early,probe,cost,0.8992857142857142,1400
ACI-EVENT,S3,1003,early,probe,delay,0.8985714285714286,1400
ACI-EVENT,S3,1003,early,data,cost,0.8669985775248933,1406
ACI-EVENT,S3,1003,early,data,delay,0.8648648648648649,1406
ACI-EVENT,S3,1003,middle,probe,cost,0.9027777777777778,1800
ACI-EVENT,S3,1003,middle,probe,delay,0.9011111111111111,1800
ACI-EVENT,S3,1003,middle,data,cost,0.8450810403317,2653
ACI-EVENT,S3,1003,middle,data,delay,0.8401809272521673,2653
ACI-EVENT,S3,1003,late,probe,cost,0.8988426918131162,2333
ACI-EVENT,S3,1003,late,probe,delay,0.9001285897985426,2333
ACI-EVENT,S3,1003,late,data,cost,0.8560772268538833,4558
ACI-EVENT,S3,1003,late,data,delay,0.8562966213251426,4558
ACI-EVENT,S3,1004,warmup,probe,cost,0.90375,800
ACI-EVENT,S3,1004,warmup,probe,delay,0.89375,800
ACI-EVENT,S3,1004,warmup,data,cost,0.8646986469864698,813
ACI-EVENT,S3,1004,warmup,data,delay,0.8536285362853628,813
ACI-EVENT,S3,1004,early,probe,cost,0.905,1400
ACI-EVENT,S3,1004,early,probe,delay,0.9035714285714286,1400
ACI-EVENT,S3,1004,early,data,cost,0.8759581881533101,1435
ACI-EVENT,S3,1004,early,data,delay,0.8634146341463415,1435
ACI-EVENT,S3,1004,middle,probe,cost,0.8955555555555555,1800
ACI-EVENT,S3,1004,middle,probe,delay,0.8944444444444445,1800
ACI-EVENT,S3,1004,middle,data,cost,0.8644702358667166,2671
ACI-EVENT,S3,1004,middle,data,delay,0.8611007113440659,2671
ACI-EVENT,S3,1004,late,probe,cost,0.9017021276595745,2350
ACI-EVENT,S3,1004,late,probe,delay,0.9034042553191489,2350
ACI-EVENT,S3,1004,late,data,cost,0.8521324962113012,4619
ACI-EVENT,S3,1004,late,data,delay,0.8486685429746699,4619
ACI-EVENT,S3,1005,warmup,probe,cost,0.895,800
ACI-EVENT,S3,1005,warmup,probe,delay,0.89375,800
ACI-EVENT,S3,1005,warmup,data,cost,0.8471882640586798,818
ACI-EVENT,S3,1005,warmup,data,delay,0.8374083129584352,818
ACI-EVENT,S3,1005,early,probe,cost,0.9,1400
ACI-EVENT,S3,1005,early,probe,delay,0.8971428571428571,1400
ACI-EVENT,S3,1005,early,data,cost,0.8520833333333333,1440
ACI-EVENT,S3,1005,early,data,delay,0.8409722222222222,1440
ACI-EVENT,S3,1005,middle,probe,cost,0.9005555555555556,1800
ACI-EVENT,S3,1005,middle,probe,delay,0.8994444444444445,1800
ACI-EVENT,S3,1005,middle,data,cost,0.8706099815157117,2705
ACI-EVENT,S3,1005,middle,data,delay,0.8683918669131239,2705
ACI-EVENT,S3,1005,late,probe,cost,0.9016903914590747,2248
ACI-EVENT,S3,1005,late,probe,delay,0.9052491103202847,2248
ACI-EVENT,S3,1005,late,data,cost,0.8478163992869875,4488
ACI-EVENT,S3,1005,late,data,delay,0.8469251336898396,4488
ACI-EVENT,S3,1006,warmup,probe,cost,0.91,800
ACI-EVENT,S3,1006,warmup,probe,delay,0.90625,800
ACI-EVENT,S3,1006,warmup,data,cost,0.8791208791208791,819
ACI-EVENT,S3,1006,warmup,data,delay,0.8681318681318682,819
ACI-EVENT,S3,1006,early,probe,cost,0.8971428571428571,1400
ACI-EVENT,S3,1006,early,probe,delay,0.8992857142857142,1400
ACI-EVENT,S3,1006,early,data,cost,0.8798342541436464,1448
ACI-EVENT,S3,1006,early,data,delay,0.8763812154696132,1448
ACI-EVENT,S3,1006,middle,probe,cost,0.9,1800
ACI-EVENT,S3,1006,middle,probe,delay,0.8977777777777778,1800
ACI-EVENT,S3,1006,middle,data,cost,0.8552729992520568,2674
ACI-EVENT,S3,1006,middle,data,delay,0.8451757666417352,2674
ACI-EVENT,S3,1006,late,probe,cost,0.9033259423503326,2255
ACI-EVENT,S3,1006,late,probe,delay,0.90509977827051,2255
ACI-EVENT,S3,1006,late,data,cost,0.8393565447333627,4538
ACI-EVENT,S3,1006,late,data,delay,0.8345085940943147,4538
ACI-EVENT,S3,1007,warmup,probe,cost,0.89,800
ACI-EVENT,S3,1007,warmup,probe,delay,0.905,800
ACI-EVENT,S3,1007,warmup,data,cost,0.8849449204406364,817
ACI-EVENT,S3,1007,warmup,data,delay,0.8714810281517748,817
ACI-EVENT,S3,1007,early,probe,cost,0.9092857142857143,1400
ACI-EVENT,S3,1007,early,probe,delay,0.9057142857142857,1400
ACI-EVENT,S3,1007,early,data,cost,0.8604326587578507,1433
ACI-EVENT,S3,1007,early,data,delay,0.8583391486392185,1433
ACI-EVENT,S3,1007,middle,probe,cost,0.8933333333333333,1800
ACI-EVENT,S3,1007,middle,probe,delay,0.8938888888888888,1800
ACI-EVENT,S3,1007,middle,data,cost,0.8564522127184827,2689
ACI-EVENT,S3,1007,middle,data,delay,0.8497582744514689,2689
ACI-EVENT,S3,1007,late,probe,cost,0.8985319516407599,2316
ACI-EVENT,S3,1007,late,probe,delay,0.9002590673575129,2316
ACI-EVENT,S3,1007,late,data,cost,0.868891797556719,4584
ACI-EVENT,S3,1007,late,data,delay,0.8623472949389179,4584
ACI-EVENT,S3,1008,warmup,probe,cost,0.89375,800
ACI-EVENT,S3,1008,warmup,probe,delay,0.89,800
ACI-EVENT,S3,1008,warmup,data,cost,0.899880810488677,839
ACI-EVENT,S3,1008,warmup,data,delay,0.8867699642431466,839
ACI-EVENT,S3,1008,early,probe,cost,0.9007142857142857,1400
ACI-EVENT,S3,1008,early,probe,delay,0.8992857142857142,1400
ACI-EVENT,S3,1008,early,data,cost,0.8739782016348774,1468
ACI-EVENT,S3,1008,early,data,delay,0.8753405994550408,1468
ACI-EVENT,S3,1008,middle,probe,cost,0.9022222222222223,1800
ACI-EVENT,S3,1008,middle,probe,delay,0.8994444444444445,1800
ACI-EVENT,S3,1008,middle,data,cost,0.8481522136845957,2733
ACI-EVENT,S3,1008,middle,data,delay,0.8371752652762532,2733
ACI-EVENT,S3,1008,late,probe,cost,0.8979680069174233,2313
ACI-EVENT,S3,1008,late,probe,delay,0.9001297016861219,2313
ACI-EVENT,S3,1008,late,data,cost,0.8586742507110041,4571
ACI-EVENT,S3,1008,late,data,delay,0.8529862174578867,4571
ACI-EVENT,S3,1009,warmup,probe,cost,0.9075,800
ACI-EVENT,S3,1009,warmup,probe,delay,0.8975,800
ACI-EVENT,S3,1009,warmup,data,cost,0.8852258852258852,819
ACI-EVENT,S3,1009,warmup,data,delay,0.8693528693528694,819
ACI-EVENT,S3,1009,early,probe,cost,0.8971428571428571,1400
ACI-EVENT,S3,1009,early,probe,delay,0.9021428571428571,1400
ACI-EVENT,S3,1009,early,data,cost,0.8836265223274695,1478
ACI-EVENT,S3,1009,early,data,delay,0.8687415426251691,1478
ACI-EVENT,S3,1009,middle,probe,cost,0.9022222222222223,1800
ACI-EVENT,S3,1009,middle,probe,delay,0.8972222222222223,1800
ACI-EVENT,S3,1009,middle,data,cost,0.8714499252615845,2676
ACI-EVENT,S3,1009,middle,data,delay,0.8628550074738416,2676
ACI-EVENT,S3,1009,late,probe,cost,0.8993115318416524,2324
ACI-EVENT,S3,1009,late,probe,delay,0.9018932874354562,2324
ACI-EVENT,S3,1009,late,data,cost,0.8523417172593235,4612
ACI-EVENT,S3,1009,late,data,delay,0.8460537727666956,4612
ACI-EVENT,S3,1010,warmup,probe,cost,0.8925,800
ACI-EVENT,S3,1010,warmup,probe,delay,0.88625,800
ACI-EVENT,S3,1010,warmup,data,cost,0.8655256723716381,818
ACI-EVENT,S3,1010,warmup,data,delay,0.863080684596577,818
ACI-EVENT,S3,1010,early,probe,cost,0.8978571428571429,1400
ACI-EVENT,S3,1010,early,probe,delay,0.8985714285714286,1400
ACI-EVENT,S3,1010,early,data,cost,0.8574408901251739,1438
ACI-EVENT,S3,1010,early,data,delay,0.8553546592489569,1438
ACI-EVENT,S3,1010,middle,probe,cost,0.9059154929577464,1775
ACI-EVENT,S3,1010,middle,probe,delay,0.9025352112676056,1775
ACI-EVENT,S3,1010,middle,data,cost,0.8402674591381872,2692
ACI-EVENT,S3,1010,middle,data,delay,0.836552748885587,2692
ACI-EVENT,S3,1010,late,probe,cost,0.898360655737705,2135
ACI-EVENT,S3,1010,late,probe,delay,0.9007025761124122,2135
ACI-EVENT,S3,1010,late,data,cost,0.869702434625789,4436
ACI-EVENT,S3,1010,late,data,delay,0.8683498647430117,4436
ACI-EVENT,S3,1011,warmup,probe,cost,0.885,800
ACI-EVENT,S3,1011,warmup,probe,delay,0.89625,800
ACI-EVENT,S3,1011,warmup,data,cost,0.8742368742368742,819
ACI-EVENT,S3,1011,warmup,data,delay,0.8766788766788767,819
ACI-EVENT,S3,1011,early,probe,cost,0.8957142857142857,1400
ACI-EVENT,S3,1011,early,probe,delay,0.8978571428571429,1400
ACI-EVENT,S3,1011,early,data,cost,0.8902522154055896,1467
ACI-EVENT,S3,1011,early,data,delay,0.8779822767552828,1467
ACI-EVENT,S3,1011,middle,probe,cost,0.9077777777777778,1800
ACI-EVENT,S3,1011,middle,probe,delay,0.9033333333333333,1800
ACI-EVENT,S3,1011,middle,data,cost,0.8849133161195131,2711
ACI-EVENT,S3,1011,middle,data,delay,0.8771670970121727,2711
ACI-EVENT,S3,1011,late,probe,cost,0.89748045178106,2302
ACI-EVENT,S3,1011,late,probe,delay,0.9000868809730669,2302
ACI-EVENT,S3,1011,late,data,cost,0.8748637453673425,4587
ACI-EVENT,S3,1011,late,data,delay,0.868759537824286,4587
ACI-EVENT,S3,1012,warmup,probe,cost,0.895,800
ACI-EVENT,S3,1012,warmup,probe,delay,0.90125,800
ACI-EVENT,S3,1012,warmup,data,cost,0.8621951219512195,820
ACI-EVENT,S3,1012,warmup,data,delay,0.8560975609756097,820
ACI-EVENT,S3,1012,early,probe,cost,0.9,1400
ACI-EVENT,S3,1012,early,probe,delay,0.9,1400
ACI-EVENT,S3,1012,early,data,cost,0.8383275261324041,1435
ACI-EVENT,S3,1012,early,data,delay,0.8362369337979094,1435
ACI-EVENT,S3,1012,middle,probe,cost,0.905,1800
ACI-EVENT,S3,1012,middle,probe,delay,0.9027777777777778,1800
ACI-EVENT,S3,1012,middle,data,cost,0.869662086891942,2693
ACI-EVENT,S3,1012,middle,data,delay,0.8574080950612699,2693
ACI-EVENT,S3,1012,late,probe,cost,0.8938215102974828,2185
ACI-EVENT,S3,1012,late,probe,delay,0.8956521739130435,2185
ACI-EVENT,S3,1012,late,data,cost,0.8764797855706946,4477
ACI-EVENT,S3,1012,late,data,delay,0.8668751396024124,4477
ACI-EVENT,S3,1013,warmup,probe,cost,0.90375,800
ACI-EVENT,S3,1013,warmup,probe,delay,0.89,800
ACI-EVENT,S3,1013,warmup,data,cost,0.8856088560885609,813
ACI-EVENT,S3,1013,warmup,data,delay,0.8806888068880688,813
ACI-EVENT,S3,1013,early,probe,cost,0.8992857142857142,1400
ACI-EVENT,S3,1013,early,probe,delay,0.8985714285714286,1400
ACI-EVENT,S3,1013,early,data,cost,0.8582677165354331,1524
ACI-EVENT,S3,1013,early,data,delay,0.8431758530183727,1524
ACI-EVENT,S3,1013,middle,probe,cost,0.9033333333333333,1800
ACI-EVENT,S3,1013,middle,probe,delay,0.8983333333333333,1800
ACI-EVENT,S3,1013,middle,data,cost,0.8539855072463768,2760
ACI-EVENT,S3,1013,middle,data,delay,0.8525362318840579,2760
ACI-EVENT,S3,1013,late,probe,cost,0.8949074074074074,2160
ACI-EVENT,S3,1013,late,probe,delay,0.9,2160
ACI-EVENT,S3,1013,late,data,cost,0.8657989228007181,4456
ACI-EVENT,S3,1013,late,data,delay,0.8631059245960503,4456
ACI-EVENT,S3,1014,warmup,probe,cost,0.8975,800
ACI-EVENT,S3,1014,warmup,probe,delay,0.9025,800
ACI-EVENT,S3,1014,warmup,data,cost,0.8853658536585366,820
ACI-EVENT,S3,1014,warmup,data,delay,0.8780487804878049,820
ACI-EVENT,S3,1014,early,probe,cost,0.8985714285714286,1400
ACI-EVENT,S3,1014,early,probe,delay,0.9,1400
ACI-EVENT,S3,1014,early,data,cost,0.8714581893572909,1447
ACI-EVENT,S3,1014,early,data,delay,0.866620594333103,1447
ACI-EVENT,S3,1014,middle,probe,cost,0.9016666666666666,1800
ACI-EVENT,S3,1014,middle,probe,delay,0.8983333333333333,1800
ACI-EVENT,S3,1014,middle,data,cost,0.8630751964085297,2673
ACI-EVENT,S3,1014,middle,data,delay,0.8567153011597456,2673
ACI-EVENT,S3,1014,late,probe,cost,0.900972590627763,2262
ACI-EVENT,S3,1014,late,probe,delay,0.9022988505747126,2262
ACI-EVENT,S3,1014,late,data,cost,0.8707589285714286,4480
ACI-EVENT,S3,1014,late,data,delay,0.8651785714285715,4480
ACI-EVENT,S3,1015,warmup,probe,cost,0.8975,800
ACI-EVENT,S3,1015,warmup,probe,delay,0.89625,800
ACI-EVENT,S3,1015,warmup,data,cost,0.8693528693528694,819
ACI-EVENT,S3,1015,warmup,data,delay,0.8583638583638583,819
ACI-EVENT,S3,1015,early,probe,cost,0.905,1400
ACI-EVENT,S3,1015,early,probe,delay,0.9042857142857142,1400
ACI-EVENT,S3,1015,early,data,cost,0.8600419874037789,1429
ACI-EVENT,S3,1015,early,data,delay,0.8558432470258922,1429
ACI-EVENT,S3,1015,middle,probe,cost,0.8955555555555555,1800
ACI-EVENT,S3,1015,middle,probe,delay,0.8933333333333333,1800
ACI-EVENT,S3,1015,middle,data,cost,0.8747203579418344,2682
ACI-EVENT,S3,1015,middle,data,delay,0.8691275167785235,2682
ACI-EVENT,S3,1015,late,probe,cost,0.9048888888888889,2250
ACI-EVENT,S3,1015,late,probe,delay,0.9048888888888889,2250
ACI-EVENT,S3,1015,late,data,cost,0.8605015673981191,4466
ACI-EVENT,S3,1015,late,data,delay,0.8564711150918047,4466
ACI-EVENT,S3,1016,warmup,probe,cost,0.9175,800
ACI-EVENT,S3,1016,warmup,probe,delay,0.9125,800
ACI-EVENT,S3,1016,warmup,data,cost,0.8803418803418803,819
ACI-EVENT,S3,1016,warmup,data,delay,0.8754578754578755,819
ACI-EVENT,S3,1016,early,probe,cost,0.9057142857142857,1400
ACI-EVENT,S3,1016,early,probe,delay,0.9057142857142857,1400
ACI-EVENT,S3,1016,early,data,cost,0.8556485355648535,1434
ACI-EVENT,S3,1016,early,data,delay,0.8423988842398884,1434
ACI-EVENT,S3,1016,middle,probe,cost,0.8983333333333333,1800
ACI-EVENT,S3,1016,middle,probe,delay,0.8972222222222223,1800
ACI-EVENT,S3,1016,middle,data,cost,0.8461253244345569,2697
ACI-EVENT,S3,1016,middle,data,delay,0.8453837597330367,2697
ACI-EVENT,S3,1016,late,probe,cost,0.8998194945848376,2216
ACI-EVENT,S3,1016,late,probe,delay,0.901173285198556,2216
ACI-EVENT,S3,1016,late,data,cost,0.8618611916982817,4481
ACI-EVENT,S3,1016,late,data,delay,0.8589600535594734,4481
ACI-EVENT,S3,1017,warmup,probe,cost,0.89375,800
ACI-EVENT,S3,1017,warmup,probe,delay,0.895,800
ACI-EVENT,S3,1017,warmup,data,cost,0.8590686274509803,816
ACI-EVENT,S3,1017,warmup,data,delay,0.8566176470588235,816
ACI-EVENT,S3,1017,early,probe,cost,0.9028571428571428,1400
ACI-EVENT,S3,1017,early,probe,delay,0.9021428571428571,1400
ACI-EVENT,S3,1017,early,data,cost,0.8811188811188811,1430
ACI-EVENT,S3,1017,early,data,delay,0.8804195804195805,1430
ACI-EVENT,S3,1017,middle,probe,cost,0.8994444444444445,1800
ACI-EVENT,S3,1017,middle,probe,delay,0.8977777777777778,1800
ACI-EVENT,S3,1017,middle,data,cost,0.8633962264150944,2650
ACI-EVENT,S3,1017,middle,data,delay,0.8494339622641509,2650
ACI-EVENT,S3,1017,late,probe,cost,0.8981052631578947,2375
ACI-EVENT,S3,1017,late,probe,delay,0.9002105263157895,2375
ACI-EVENT,S3,1017,late,data,cost,0.8680236375574524,4569
ACI-EVENT,S3,1017,late,data,delay,0.8662727073757934,4569
ACI-EVENT,S3,1018,warmup,probe,cost,0.90125,800
ACI-EVENT,S3,1018,warmup,probe,delay,0.9025,800
ACI-EVENT,S3,1018,warmup,data,cost,0.8862793572311496,809
ACI-EVENT,S3,1018,warmup,data,delay,0.8751545117428925,809
ACI-EVENT,S3,1018,early,probe,cost,0.9035714285714286,1400
ACI-EVENT,S3,1018,early,probe,delay,0.9,1400
ACI-EVENT,S3,1018,early,data,cost,0.8558432470258922,1429
ACI-EVENT,S3,1018,early,data,delay,0.8551434569629112,1429
ACI-EVENT,S3,1018,middle,probe,cost,0.9038888888888889,1800
ACI-EVENT,S3,1018,middle,probe,delay,0.9005555555555556,1800
ACI-EVENT,S3,1018,middle,data,cost,0.8510479041916168,2672
ACI-EVENT,S3,1018,middle,data,delay,0.8465568862275449,2672
ACI-EVENT,S3,1018,late,probe,cost,0.8966480446927374,2148
ACI-EVENT,S3,1018,late,probe,delay,0.9036312849162011,2148
ACI-EVENT,S3,1018,late,data,cost,0.8757679180887372,4395
ACI-EVENT,S3,1018,late,data,delay,0.8668941979522184,4395
ACI-EVENT,S3,1019,warmup,probe,cost,0.8825,800
ACI-EVENT,S3,1019,warmup,probe,delay,0.88875,800
ACI-EVENT,S3,1019,warmup,data,cost,0.85375,800
ACI-EVENT,S3,1019,warmup,data,delay,0.85375,800
ACI-EVENT,S3,1019,early,probe,cost,0.895,1400
ACI-EVENT,S3,1019,early,probe,delay,0.8957142857142857,1400
ACI-EVENT,S3,1019,early,data,cost,0.8668515950069348,1442
ACI-EVENT,S3,1019,early,data,delay,0.8682385575589459,1442
ACI-EVENT,S3,1019,middle,probe,cost,0.9027777777777778,1800
ACI-EVENT,S3,1019,middle,probe,delay,0.8988888888888888,1800
ACI-EVENT,S3,1019,middle,data,cost,0.8640958442530887,2671
ACI-EVENT,S3,1019,middle,data,delay,0.8524897042306252,2671
ACI-EVENT,S3,1019,late,probe,cost,0.9043015949734171,2069
ACI-EVENT,S3,1019,late,probe,delay,0.9062348960850652,2069
ACI-EVENT,S3,1019,late,data,cost,0.8780658724597057,4281
ACI-EVENT,S3,1019,late,data,delay,0.8724597056762439,4281
ACI-EVENT,S3,1020,warmup,probe,cost,0.90125,800
ACI-EVENT,S3,1020,warmup,probe,delay,0.90375,800
ACI-EVENT,S3,1020,warmup,data,cost,0.8475,800
ACI-EVENT,S3,1020,warmup,data,delay,0.85375,800
ACI-EVENT,S3,1020,early,probe,cost,0.8992857142857142,1400
ACI-EVENT,S3,1020,early,probe,delay,0.9007142857142857,1400
ACI-EVENT,S3,1020,early,data,cost,0.8643356643356643,1430
ACI-EVENT,S3,1020,early,data,delay,0.8615384615384616,1430
ACI-EVENT,S3,1020,middle,probe,cost,0.8969014084507042,1775
ACI-EVENT,S3,1020,middle,probe,delay,0.8940845070422535,1775
ACI-EVENT,S3,1020,middle,data,cost,0.8535942792623259,2657
ACI-EVENT,S3,1020,middle,data,delay,0.849830636055702,2657
ACI-EVENT,S3,1020,late,probe,cost,0.9007773205304069,2187
ACI-EVENT,S3,1020,late,probe,delay,0.9021490626428899,2187
ACI-EVENT,S3,1020,late,data,cost,0.8718122320018055,4431
ACI-EVENT,S3,1020,late,data,delay,0.8686526743398781,4431
ACI-EVENT,S3,1021,warmup,probe,cost,0.8875,800
ACI-EVENT,S3,1021,warmup,probe,delay,0.88375,800
ACI-EVENT,S3,1021,warmup,data,cost,0.8792682926829268,820
ACI-EVENT,S3,1021,warmup,data,delay,0.875609756097561,820
ACI-EVENT,S3,1021,early,probe,cost,0.8985714285714286,1400
ACI-EVENT,S3,1021,early,probe,delay,0.9007142857142857,1400
ACI-EVENT,S3,1021,early,data,cost,0.8706536856745479,1438
ACI-EVENT,S3,1021,early,data,delay,0.8588317107093185,1438
ACI-EVENT,S3,1021,middle,probe,cost,0.9033333333333333,1800
ACI-EVENT,S3,1021,middle,probe,delay,0.8966666666666666,1800
ACI-EVENT,S3,1021,middle,data,cost,0.8677229182019159,2714
ACI-EVENT,S3,1021,middle,data,delay,0.8574060427413412,2714
ACI-EVENT,S3,1021,late,probe,cost,0.8994755244755245,2288
ACI-EVENT,S3,1021,late,probe,delay,0.9047202797202797,2288
ACI-EVENT,S3,1021,late,data,cost,0.8680403331871986,4562
ACI-EVENT,S3,1021,late,data,delay,0.8605874616396317,4562
ACI-EVENT,S3,1022,warmup,probe,cost,0.9075,800
ACI-EVENT,S3,1022,warmup,probe,delay,0.90375,800
ACI-EVENT,S3,1022,warmup,data,cost,0.8935128518971848,817
ACI-EVENT,S3,1022,warmup,data,delay,0.8861689106487148,817
ACI-EVENT,S3,1022,early,probe,cost,0.9007142857142857,1400
ACI-EVENT,S3,1022,early,probe,delay,0.9028571428571428,1400
ACI-EVENT,S3,1022,early,data,cost,0.866481223922114,1438
ACI-EVENT,S3,1022,early,data,delay,0.8609179415855355,1438
ACI-EVENT,S3,1022,middle,probe,cost,0.8994444444444445,1800
ACI-EVENT,S3,1022,middle,probe,delay,0.8938888888888888,1800
ACI-EVENT,S3,1022,middle,data,cost,0.8629329403095063,2714
ACI-EVENT,S3,1022,middle,data,delay,0.8489314664701547,2714
ACI-EVENT,S3,1022,late,probe,cost,0.8974789915966387,2380
ACI-EVENT,S3,1022,late,probe,delay,0.9016806722689076,2380
ACI-EVENT,S3,1022,late,data,cost,0.8524484536082474,4656
ACI-EVENT,S3,1022,late,data,delay,0.8483676975945017,4656
ACI-EVENT,S3,1023,warmup,probe,cost,0.87875,800
ACI-EVENT,S3,1023,warmup,probe,delay,0.88625,800
ACI-EVENT,S3,1023,warmup,data,cost,0.8674846625766871,815
ACI-EVENT,S3,1023,warmup,data,delay,0.8601226993865031,815
ACI-EVENT,S3,1023,early,probe,cost,0.9014285714285715,1400
ACI-EVENT,S3,1023,early,probe,delay,0.9021428571428571,1400
ACI-EVENT,S3,1023,early,data,cost,0.8712121212121212,1452
ACI-EVENT,S3,1023,early,data,delay,0.8601928374655647,1452
ACI-EVENT,S3,1023,middle,probe,cost,0.8994444444444445,1800
ACI-EVENT,S3,1023,middle,probe,delay,0.8972222222222223,1800
ACI-EVENT,S3,1023,middle,data,cost,0.8363977485928705,2665
ACI-EVENT,S3,1023,middle,data,delay,0.8345215759849907,2665
ACI-EVENT,S3,1023,late,probe,cost,0.8994932432432432,2368
ACI-EVENT,S3,1023,late,probe,delay,0.902027027027027,2368
ACI-EVENT,S3,1023,late,data,cost,0.8386467143786597,4611
ACI-EVENT,S3,1023,late,data,delay,0.8336586423769248,4611
ACI-EVENT,S3,1024,warmup,probe,cost,0.88625,800
ACI-EVENT,S3,1024,warmup,probe,delay,0.88,800
ACI-EVENT,S3,1024,warmup,data,cost,0.8939213349225268,839
ACI-EVENT,S3,1024,warmup,data,delay,0.8820023837902264,839
ACI-EVENT,S3,1024,early,probe,cost,0.8985714285714286,1400
ACI-EVENT,S3,1024,early,probe,delay,0.9,1400
ACI-EVENT,S3,1024,early,data,cost,0.8812286689419795,1465
ACI-EVENT,S3,1024,early,data,delay,0.8737201365187713,1465
ACI-EVENT,S3,1024,middle,probe,cost,0.9011111111111111,1800
ACI-EVENT,S3,1024,middle,probe,delay,0.8977777777777778,1800
ACI-EVENT,S3,1024,middle,data,cost,0.8757440476190477,2688
ACI-EVENT,S3,1024,middle,data,delay,0.8645833333333334,2688
ACI-EVENT,S3,1024,late,probe,cost,0.9001713796058269,2334
ACI-EVENT,S3,1024,late,probe,delay,0.9061696658097687,2334
ACI-EVENT,S3,1024,late,data,cost,0.8775733683749453,4566
ACI-EVENT,S3,1024,late,data,delay,0.870784056066579,4566
ACI-EVENT,S3,1025,warmup,probe,cost,0.9075,800
ACI-EVENT,S3,1025,warmup,probe,delay,0.89375,800
ACI-EVENT,S3,1025,warmup,data,cost,0.8876543209876543,810
ACI-EVENT,S3,1025,warmup,data,delay,0.8790123456790123,810
ACI-EVENT,S3,1025,early,probe,cost,0.8964285714285715,1400
ACI-EVENT,S3,1025,early,probe,delay,0.8964285714285715,1400
ACI-EVENT,S3,1025,early,data,cost,0.854706684856753,1466
ACI-EVENT,S3,1025,early,data,delay,0.8533424283765347,1466
ACI-EVENT,S3,1025,middle,probe,cost,0.9022222222222223,1800
ACI-EVENT,S3,1025,middle,probe,delay,0.9005555555555556,1800
ACI-EVENT,S3,1025,middle,data,cost,0.8845018450184502,2710
ACI-EVENT,S3,1025,middle,data,delay,0.8719557195571955,2710
ACI-EVENT,S3,1025,late,probe,cost,0.8998211091234347,2236
ACI-EVENT,S3,1025,late,probe,delay,0.9029516994633273,2236
ACI-EVENT,S3,1025,late,data,cost,0.8465667635875643,4471
ACI-EVENT,S3,1025,late,data,delay,0.8407515097293671,4471
ACI-EVENT,S3,1026,warmup,probe,cost,0.88625,800
ACI-EVENT,S3,1026,warmup,probe,delay,0.88625,800
ACI-EVENT,S3,1026,warmup,data,cost,0.8755980861244019,836
ACI-EVENT,S3,1026,warmup,data,delay,0.8696172248803827,836
ACI-EVENT,S3,1026,early,probe,cost,0.9035714285714286,1400
ACI-EVENT,S3,1026,early,probe,delay,0.9021428571428571,1400
ACI-EVENT,S3,1026,early,data,cost,0.8817498291182502,1463
ACI-EVENT,S3,1026,early,data,delay,0.8810663021189337,1463
ACI-EVENT,S3,1026,middle,probe,cost,0.8966666666666666,1800
ACI-EVENT,S3,1026,middle,probe,delay,0.8938888888888888,1800
ACI-EVENT,S3,1026,middle,data,cost,0.8681852128454071,2678
ACI-EVENT,S3,1026,middle,data,delay,0.8588498879761016,2678
ACI-EVENT,S3,1026,late,probe,cost,0.900398406374502,2259
ACI-EVENT,S3,1026,late,probe,delay,0.9030544488711819,2259
ACI-EVENT,S3,1026,late,data,cost,0.8767699115044247,4520
ACI-EVENT,S3,1026,late,data,delay,0.8736725663716814,4520
ACI-EVENT,S3,1027,warmup,probe,cost,0.89625,800
ACI-EVENT,S3,1027,warmup,probe,delay,0.88875,800
ACI-EVENT,S3,1027,warmup,data,cost,0.875,800
ACI-EVENT,S3,1027,warmup,data,delay,0.87,800
ACI-EVENT,S3,1027,early,probe,cost,0.905,1400
ACI-EVENT,S3,1027,early,probe,delay,0.9028571428571428,1400
ACI-EVENT,S3,1027,early,data,cost,0.867214236824093,1461
ACI-EVENT,S3,1027,early,data,delay,0.8617385352498289,1461
ACI-EVENT,S3,1027,middle,probe,cost,0.8977777777777778,1800
ACI-EVENT,S3,1027,middle,probe,delay,0.8983333333333333,1800
ACI-EVENT,S3,1027,middle,data,cost,0.8543833580980683,2692
ACI-EVENT,S3,1027,middle,data,delay,0.8458395245170877,2692
ACI-EVENT,S3,1027,late,probe,cost,0.8987396784006954,2301
ACI-EVENT,S3,1027,late,probe,delay,0.8987396784006954,2301
ACI-EVENT,S3,1027,late,data,cost,0.8500330323717243,4541
ACI-EVENT,S3,1027,late,data,delay,0.8418850473463995,4541
ACI-EVENT,S3,1028,warmup,probe,cost,0.90125,800
ACI-EVENT,S3,1028,warmup,probe,delay,0.89625,800
ACI-EVENT,S3,1028,warmup,data,cost,0.9046454767726161,818
ACI-EVENT,S3,1028,warmup,data,delay,0.8973105134474327,818
ACI-EVENT,S3,1028,early,probe,cost,0.8992857142857142,1400
ACI-EVENT,S3,1028,early,probe,delay,0.8992857142857142,1400
ACI-EVENT,S3,1028,early,data,cost,0.8757679180887372,1465
ACI-EVENT,S3,1028,early,data,delay,0.8641638225255973,1465
ACI-EVENT,S3,1028,middle,probe,cost,0.9022222222222223,1800
ACI-EVENT,S3,1028,middle,probe,delay,0.8961111111111111,1800
ACI-EVENT,S3,1028,middle,data,cost,0.8849294729027468,2694
ACI-EVENT,S3,1028,middle,data,delay,0.8778767631774314,2694
ACI-EVENT,S3,1028,late,probe,cost,0.8968531468531469,2288
ACI-EVENT,S3,1028,late,probe,delay,0.9020979020979021,2288
ACI-EVENT,S3,1028,late,data,cost,0.8606194690265486,4520
ACI-EVENT,S3,1028,late,data,delay,0.8553097345132743,4520
ACI-EVENT,S3,1029,warmup,probe,cost,0.88125,800
ACI-EVENT,S3,1029,warmup,probe,delay,0.8825,800
ACI-EVENT,S3,1029,warmup,data,cost,0.8753086419753087,810
ACI-EVENT,S3,1029,warmup,data,delay,0.8666666666666667,810
ACI-EVENT,S3,1029,early,probe,cost,0.9042857142857142,1400
ACI-EVENT,S3,1029,early,probe,delay,0.9042857142857142,1400
ACI-EVENT,S3,1029,early,data,cost,0.8645251396648045,1432
ACI-EVENT,S3,1029,early,data,delay,0.8631284916201117,1432
ACI-EVENT,S3,1029,middle,probe,cost,0.8938888888888888,1800
ACI-EVENT,S3,1029,middle,probe,delay,0.8938888888888888,1800
ACI-EVENT,S3,1029,middle,data,cost,0.8812246403541129,2711
ACI-EVENT,S3,1029,middle,data,delay,0.8753227591294725,2711
ACI-EVENT,S3,1029,late,probe,cost,0.9045625784847217,2389
ACI-EVENT,S3,1029,late,probe,delay,0.9053997488488907,2389
ACI-EVENT,S3,1029,late,data,cost,0.86763431542461,4616
ACI-EVENT,S3,1029,late,data,delay,0.8622183708838822,4616
ACI-EVENT,S4,1000,warmup,probe,cost,0.89875,800
ACI-EVENT,S4,1000,warmup,probe,delay,0.88375,800
ACI-EVENT,S4,1000,warmup,data,cost,0.895,800
ACI-EVENT,S4,1000,warmup,data,delay,0.87625,800
ACI-EVENT,S4,1000,early,probe,cost,0.9035714285714286,1400
ACI-EVENT,S4,1000,early,probe,delay,0.9064285714285715,1400
ACI-EVENT,S4,1000,early,data,cost,0.8714384989576095,1439
ACI-EVENT,S4,1000,early,data,delay,0.8658790826963169,1439
ACI-EVENT,S4,1000,middle,probe,cost,0.8994800693240901,1731
ACI-EVENT,S4,1000,middle,probe,delay,0.8971692663200462,1731
ACI-EVENT,S4,1000,middle,data,cost,0.8491891891891892,1850
ACI-EVENT,S4,1000,middle,data,delay,0.8454054054054054,1850
ACI-EVENT,S4,1000,late,probe,cost,0.8988366211431462,1977
ACI-EVENT,S4,1000,late,probe,delay,0.8968133535660091,1977
ACI-EVENT,S4,1000,late,data,cost,0.8411378555798688,2285
ACI-EVENT,S4,1000,late,data,delay,0.838074398249453,2285
ACI-EVENT,S4,1001,warmup,probe,cost,0.89125,800
ACI-EVENT,S4,1001,warmup,probe,delay,0.89375,800
ACI-EVENT,S4,1001,warmup,data,cost,0.8901098901098901,819
ACI-EVENT,S4,1001,warmup,data,delay,0.8754578754578755,819
ACI-EVENT,S4,1001,early,probe,cost,0.9028571428571428,1400
ACI-EVENT,S4,1001,early,probe,delay,0.9021428571428571,1400
ACI-EVENT,S4,1001,early,data,cost,0.8654371584699454,1464
ACI-EVENT,S4,1001,early,data,delay,0.8599726775956285,1464
ACI-EVENT,S4,1001,middle,probe,cost,0.8971692663200462,1731
ACI-EVENT,S4,1001,middle,probe,delay,0.8977469670710572,1731
ACI-EVENT,S4,1001,middle,data,cost,0.87527352297593,1828
ACI-EVENT,S4,1001,middle,data,delay,0.8659737417943107,1828
ACI-EVENT,S4,1001,late,probe,cost,0.9049544994944388,1978
ACI-EVENT,S4,1001,late,probe,delay,0.9049544994944388,1978
ACI-EVENT,S4,1001,late,data,cost,0.8561247216035635,2245
ACI-EVENT,S4,1001,late,data,delay,0.8503340757238307,2245
ACI-EVENT,S4,1002,warmup,probe,cost,0.9025,800
ACI-EVENT,S4,1002,warmup,probe,delay,0.9,800
ACI-EVENT,S4,1002,warmup,data,cost,0.9133089133089133,819
ACI-EVENT,S4,1002,warmup,data,delay,0.8998778998778999,819
ACI-EVENT,S4,1002,early,probe,cost,0.9035714285714286,1400
ACI-EVENT,S4,1002,early,probe,delay,0.9064285714285715,1400
ACI-EVENT,S4,1002,early,data,cost,0.8641638225255973,1465
ACI-EVENT,S4,1002,early,data,delay,0.8491467576791809,1465
ACI-EVENT,S4,1002,middle,probe,cost,0.8948896631823461,1722
ACI-EVENT,S4,1002,middle,probe,delay,0.8972125435540069,1722
ACI-EVENT,S4,1002,middle,data,cost,0.8484187568157033,1834
ACI-EVENT,S4,1002,middle,data,delay,0.8396946564885496,1834
ACI-EVENT,S4,1002,late,probe,cost,0.9005416051206302,2031
ACI-EVENT,S4,1002,late,probe,delay,0.896602658788774,2031
ACI-EVENT,S4,1002,late,data,cost,0.8485106382978723,2350
ACI-EVENT,S4,1002,late,data,delay,0.8327659574468085,2350
ACI-EVENT,S4,1003,warmup,probe,cost,0.87875,800
ACI-EVENT,S4,1003,warmup,probe,delay,0.87875,800
ACI-EVENT,S4,1003,warmup,data,cost,0.8658536585365854,820
ACI-EVENT,S4,1003,warmup,data,delay,0.8536585365853658,820
ACI-EVENT,S4,1003,early,probe,cost,0.8985714285714286,1400
ACI-EVENT,S4,1003,early,probe,delay,0.8985714285714286,1400
ACI-EVENT,S4,1003,early,data,cost,0.8229598893499308,1446
ACI-EVENT,S4,1003,early,data,delay,0.822268326417704,1446
ACI-EVENT,S4,1003,middle,probe,cost,0.9016772700983228,1729
ACI-EVENT,S4,1003,middle,probe,delay,0.9005205320994795,1729
ACI-EVENT,S4,1003,middle,data,cost,0.8492545554942021,1811
ACI-EVENT,S4,1003,middle,data,delay,0.8442849254555495,1811
ACI-EVENT,S4,1003,late,probe,cost,0.9001497753369945,2003
ACI-EVENT,S4,1003,late,probe,delay,0.9026460309535697,2003
ACI-EVENT,S4,1003,late,data,cost,0.8581896551724137,2320
ACI-EVENT,S4,1003,late,data,delay,0.8551724137931035,2320
ACI-EVENT,S4,1004,warmup,probe,cost,0.9025,800
ACI-EVENT,S4,1004,warmup,probe,delay,0.8975,800
ACI-EVENT,S4,1004,warmup,data,cost,0.8585485854858549,813
ACI-EVENT,S4,1004,warmup,data,delay,0.8487084870848709,813
ACI-EVENT,S4,1004,early,probe,cost,0.9035714285714286,1400
ACI-EVENT,S4,1004,early,probe,delay,0.9035714285714286,1400
ACI-EVENT,S4,1004,early,data,cost,0.8688981868898187,1434
ACI-EVENT,S4,1004,early,data,delay,0.8584379358437936,1434
ACI-EVENT,S4,1004,middle,probe,cost,0.8927113702623907,1715
ACI-EVENT,S4,1004,middle,probe,delay,0.8979591836734694,1715
ACI-EVENT,S4,1004,middle,data,cost,0.8566037735849057,1855
ACI-EVENT,S4,1004,middle,data,delay,0.8495956873315363,1855
ACI-EVENT,S4,1004,late,probe,cost,0.9054726368159204,2010
ACI-EVENT,S4,1004,late,probe,delay,0.8995024875621891,2010
ACI-EVENT,S4,1004,late,data,cost,0.8598090277777778,2304
ACI-EVENT,S4,1004,late,data,delay,0.85546875,2304
ACI-EVENT,S4,1005,warmup,probe,cost,0.9,800
ACI-EVENT,S4,1005,warmup,probe,delay,0.8925,800
ACI-EVENT,S4,1005,warmup,data,cost,0.8349633251833741,818
ACI-EVENT,S4,1005,warmup,data,delay,0.8312958435207825,818
ACI-EVENT,S4,1005,early,probe,cost,0.8992857142857142,1400
ACI-EVENT,S4,1005,early,probe,delay,0.895,1400
ACI-EVENT,S4,1005,early,data,cost,0.8652777777777778,1440
ACI-EVENT,S4,1005,early,data,delay,0.8513888888888889,1440
ACI-EVENT,S4,1005,middle,probe,cost,0.9012775842044135,1722
ACI-EVENT,S4,1005,middle,probe,delay,0.9041811846689896,1722
ACI-EVENT,S4,1005,middle,data,cost,0.8708791208791209,1820
ACI-EVENT,S4,1005,middle,data,delay,0.8587912087912087,1820
ACI-EVENT,S4,1005,late,probe,cost,0.9019019019019019,1998
ACI-EVENT,S4,1005,late,probe,delay,0.9024024024024024,1998
ACI-EVENT,S4,1005,late,data,cost,0.8580757509795385,2297
ACI-EVENT,S4,1005,late,data,delay,0.8463212886373531,2297
ACI-EVENT,S4,1006,warmup,probe,cost,0.9075,800
ACI-EVENT,S4,1006,warmup,probe,delay,0.90625,800
ACI-EVENT,S4,1006,warmup,data,cost,0.8620268620268621,819
ACI-EVENT,S4,1006,warmup,data,delay,0.8547008547008547,819
ACI-EVENT,S4,1006,early,probe,cost,0.8971428571428571,1400
ACI-EVENT,S4,1006,early,probe,delay,0.9007142857142857,1400
ACI-EVENT,S4,1006,early,data,cost,0.8631284916201117,1432
ACI-EVENT,S4,1006,early,data,delay,0.854050279329609,1432
ACI-EVENT,S4,1006,middle,probe,cost,0.9001154734411085,1732
ACI-EVENT,S4,1006,middle,probe,delay,0.8983833718244804,1732
ACI-EVENT,S4,1006,middle,data,cost,0.8392461197339246,1804
ACI-EVENT,S4,1006,middle,data,delay,0.8314855875831486,1804
ACI-EVENT,S4,1006,late,probe,cost,0.9014373716632443,1948
ACI-EVENT,S4,1006,late,probe,delay,0.9029774127310062,1948
ACI-EVENT,S4,1006,late,data,cost,0.8446515756768753,2253
ACI-EVENT,S4,1006,late,data,delay,0.8411007545494895,2253
ACI-EVENT,S4,1007,warmup,probe,cost,0.89375,800
ACI-EVENT,S4,1007,warmup,probe,delay,0.90125,800
ACI-EVENT,S4,1007,warmup,data,cost,0.8727050183598531,817
ACI-EVENT,S4,1007,warmup,data,delay,0.8653610771113831,817
ACI-EVENT,S4,1007,early,probe,cost,0.9071428571428571,1400
ACI-EVENT,S4,1007,early,probe,delay,0.9057142857142857,1400
ACI-EVENT,S4,1007,early,data,cost,0.8790601243953006,1447
ACI-EVENT,S4,1007,early,data,delay,0.8673116793365584,1447
ACI-EVENT,S4,1007,middle,probe,cost,0.8955310504933256,1723
ACI-EVENT,S4,1007,middle,probe,delay,0.8961114335461404,1723
ACI-EVENT,S4,1007,middle,data,cost,0.8498367791077258,1838
ACI-EVENT,S4,1007,middle,data,delay,0.838411316648531,1838
ACI-EVENT,S4,1007,late,probe,cost,0.8960321446509292,1991
ACI-EVENT,S4,1007,late,probe,delay,0.8975389251632345,1991
ACI-EVENT,S4,1007,late,data,cost,0.8684895833333334,2304
ACI-EVENT,S4,1007,late,data,delay,0.8628472222222222,2304
ACI-EVENT,S4,1008,warmup,probe,cost,0.89125,800
ACI-EVENT,S4,1008,warmup,probe,delay,0.88875,800
ACI-EVENT,S4,1008,warmup,data,cost,0.8866348448687351,838
ACI-EVENT,S4,1008,warmup,data,delay,0.8723150357995226,838
ACI-EVENT,S4,1008,early,probe,cost,0.9014285714285715,1400
ACI-EVENT,S4,1008,early,probe,delay,0.9,1400
ACI-EVENT,S4,1008,early,data,cost,0.8685286103542235,1468
ACI-EVENT,S4,1008,early,data,delay,0.8698910081743869,1468
ACI-EVENT,S4,1008,middle,probe,cost,0.9038795599305154,1727
ACI-EVENT,S4,1008,middle,probe,delay,0.903300521134916,1727
ACI-EVENT,S4,1008,middle,data,cost,0.8491471215351812,1876
ACI-EVENT,S4,1008,middle,data,delay,0.8432835820895522,1876
ACI-EVENT,S4,1008,late,probe,cost,0.8969428007889546,2028
ACI-EVENT,S4,1008,late,probe,delay,0.8964497041420119,2028
ACI-EVENT,S4,1008,late,data,cost,0.8415883859948762,2342
ACI-EVENT,S4,1008,late,data,delay,0.838599487617421,2342
ACI-EVENT,S4,1009,warmup,probe,cost,0.9075,800
ACI-EVENT,S4,1009,warmup,probe,delay,0.9,800
ACI-EVENT,S4,1009,warmup,data,cost,0.8876678876678876,819
ACI-EVENT,S4,1009,warmup,data,delay,0.8705738705738706,819
ACI-EVENT,S4,1009,early,probe,cost,0.8964285714285715,1400
ACI-EVENT,S4,1009,early,probe,delay,0.9014285714285715,1400
ACI-EVENT,S4,1009,early,data,cost,0.8646978021978022,1456
ACI-EVENT,S4,1009,early,data,delay,0.8502747252747253,1456
ACI-EVENT,S4,1009,middle,probe,cost,0.901915264074289,1723
ACI-EVENT,S4,1009,middle,probe,delay,0.8995937318630296,1723
ACI-EVENT,S4,1009,middle,data,cost,0.868421052631579,1824
ACI-EVENT,S4,1009,middle,data,delay,0.8536184210526315,1824
ACI-EVENT,S4,1009,late,probe,cost,0.9024269440316989,2019
ACI-EVENT,S4,1009,late,probe,delay,0.9029222387320456,2019
ACI-EVENT,S4,1009,late,data,cost,0.8369377162629758,2312
ACI-EVENT,S4,1009,late,data,delay,0.8261245674740484,2312
ACI-EVENT,S4,1010,warmup,probe,cost,0.88625,800
ACI-EVENT,S4,1010,warmup,probe,delay,0.88375,800
ACI-EVENT,S4,1010,warmup,data,cost,0.8606356968215159,818
ACI-EVENT,S4,1010,warmup,data,delay,0.8581907090464548,818
ACI-EVENT,S4,1010,early,probe,cost,0.8971428571428571,1400
ACI-EVENT,S4,1010,early,probe,delay,0.9035714285714286,1400
ACI-EVENT,S4,1010,early,data,cost,0.8614540466392319,1458
ACI-EVENT,S4,1010,early,data,delay,0.8621399176954733,1458
ACI-EVENT,S4,1010,middle,probe,cost,0.9076655052264808,1722
ACI-EVENT,S4,1010,middle,probe,delay,0.9012775842044135,1722
ACI-EVENT,S4,1010,middle,data,cost,0.8445154419595314,1878
ACI-EVENT,S4,1010,middle,data,delay,0.838125665601704,1878
ACI-EVENT,S4,1010,late,probe,cost,0.8963807635101636,2017
ACI-EVENT,S4,1010,late,probe,delay,0.8983639067922657,2017
ACI-EVENT,S4,1010,late,data,cost,0.8484450284713096,2283
ACI-EVENT,S4,1010,late,data,delay,0.8501971090670171,2283
ACI-EVENT,S4,1011,warmup,probe,cost,0.8875,800
ACI-EVENT,S4,1011,warmup,probe,delay,0.89625,800
ACI-EVENT,S4,1011,warmup,data,cost,0.873015873015873,819
ACI-EVENT,S4,1011,warmup,data,delay,0.8681318681318682,819
ACI-EVENT,S4,1011,early,probe,cost,0.8964285714285715,1400
ACI-EVENT,S4,1011,early,probe,delay,0.8978571428571429,1400
ACI-EVENT,S4,1011,early,data,cost,0.8737997256515775,1458
ACI-EVENT,S4,1011,early,data,delay,0.8703703703703703,1458
ACI-EVENT,S4,1011,middle,probe,cost,0.9058891454965358,1732
ACI-EVENT,S4,1011,middle,probe,delay,0.9047344110854504,1732
ACI-EVENT,S4,1011,middle,data,cost,0.8820960698689956,1832
ACI-EVENT,S4,1011,middle,data,delay,0.8744541484716157,1832
ACI-EVENT,S4,1011,late,probe,cost,0.8974987739087789,2039
ACI-EVENT,S4,1011,late,probe,delay,0.8984796468857283,2039
ACI-EVENT,S4,1011,late,data,cost,0.8418502202643172,2270
ACI-EVENT,S4,1011,late,data,delay,0.8365638766519824,2270
ACI-EVENT,S4,1012,warmup,probe,cost,0.9,800
ACI-EVENT,S4,1012,warmup,probe,delay,0.895,800
ACI-EVENT,S4,1012,warmup,data,cost,0.8621951219512195,820
ACI-EVENT,S4,1012,warmup,data,delay,0.8451219512195122,820
ACI-EVENT,S4,1012,early,probe,cost,0.8992857142857142,1400
ACI-EVENT,S4,1012,early,probe,delay,0.9014285714285715,1400
ACI-EVENT,S4,1012,early,data,cost,0.8534542916957432,1433
ACI-EVENT,S4,1012,early,data,delay,0.8506629448709002,1433
ACI-EVENT,S4,1012,middle,probe,cost,0.9042123485285631,1733
ACI-EVENT,S4,1012,middle,probe,delay,0.9030582804385459,1733
ACI-EVENT,S4,1012,middle,data,cost,0.85,1800
ACI-EVENT,S4,1012,middle,data,delay,0.84,1800
ACI-EVENT,S4,1012,late,probe,cost,0.8974231912784936,2018
ACI-EVENT,S4,1012,late,probe,delay,0.8939544103072349,2018
ACI-EVENT,S4,1012,late,data,cost,0.855321020228672,2274
ACI-EVENT,S4,1012,late,data,delay,0.8425681618293756,2274
ACI-EVENT,S4,1013,warmup,probe,cost,0.89875,800
ACI-EVENT,S4,1013,warmup,probe,delay,0.89125,800
ACI-EVENT,S4,1013,warmup,data,cost,0.8880688806888068,813
ACI-EVENT,S4,1013,warmup,data,delay,0.8794587945879458,813
ACI-EVENT,S4,1013,early,probe,cost,0.9,1400
ACI-EVENT,S4,1013,early,probe,delay,0.9,1400
ACI-EVENT,S4,1013,early,data,cost,0.8458445040214477,1492
ACI-EVENT,S4,1013,early,data,delay,0.8351206434316354,1492
ACI-EVENT,S4,1013,middle,probe,cost,0.9017241379310345,1740
ACI-EVENT,S4,1013,middle,probe,delay,0.9,1740
ACI-EVENT,S4,1013,middle,data,cost,0.8480340063761955,1882
ACI-EVENT,S4,1013,middle,data,delay,0.8464399574920297,1882
ACI-EVENT,S4,1013,late,probe,cost,0.8968861664114344,1959
ACI-EVENT,S4,1013,late,probe,delay,0.8984175599795814,1959
ACI-EVENT,S4,1013,late,data,cost,0.8566992014196984,2254
ACI-EVENT,S4,1013,late,data,delay,0.8513753327417923,2254
ACI-EVENT,S4,1014,warmup,probe,cost,0.895,800
ACI-EVENT,S4,1014,warmup,probe,delay,0.89625,800
ACI-EVENT,S4,1014,warmup,data,cost,0.8792682926829268,820
ACI-EVENT,S4,1014,warmup,data,delay,0.8719512195121951,820
ACI-EVENT,S4,1014,early,probe,cost,0.8992857142857142,1400
ACI-EVENT,S4,1014,early,probe,delay,0.9007142857142857,1400
ACI-EVENT,S4,1014,early,data,cost,0.8638562543192813,1447
ACI-EVENT,S4,1014,early,data,delay,0.8610919143054596,1447
ACI-EVENT,S4,1014,middle,probe,cost,0.901790872328134,1731
ACI-EVENT,S4,1014,middle,probe,delay,0.8994800693240901,1731
ACI-EVENT,S4,1014,middle,data,cost,0.8560397131825703,1813
ACI-EVENT,S4,1014,middle,data,delay,0.851627137341423,1813
ACI-EVENT,S4,1014,late,probe,cost,0.8988540109616343,2007
ACI-EVENT,S4,1014,late,probe,delay,0.8988540109616343,2007
ACI-EVENT,S4,1014,late,data,cost,0.8553266111354669,2281
ACI-EVENT,S4,1014,late,data,delay,0.8505041648399825,2281
ACI-EVENT,S4,1015,warmup,probe,cost,0.895,800
ACI-EVENT,S4,1015,warmup,probe,delay,0.895,800
ACI-EVENT,S4,1015,warmup,data,cost,0.8620268620268621,819
ACI-EVENT,S4,1015,warmup,data,delay,0.8559218559218559,819
ACI-EVENT,S4,1015,early,probe,cost,0.905,1400
ACI-EVENT,S4,1015,early,probe,delay,0.905,1400
ACI-EVENT,S4,1015,early,data,cost,0.8498942917547568,1419
ACI-EVENT,S4,1015,early,data,delay,0.8470754052149401,1419
ACI-EVENT,S4,1015,middle,probe,cost,0.8956268221574344,1715
ACI-EVENT,S4,1015,middle,probe,delay,0.8950437317784257,1715
ACI-EVENT,S4,1015,middle,data,cost,0.8660366870483602,1799
ACI-EVENT,S4,1015,middle,data,delay,0.8638132295719845,1799
ACI-EVENT,S4,1015,late,probe,cost,0.9054455445544555,2020
ACI-EVENT,S4,1015,late,probe,delay,0.902970297029703,2020
ACI-EVENT,S4,1015,late,data,cost,0.8546387345019238,2339
ACI-EVENT,S4,1015,late,data,delay,0.8469431380932022,2339
ACI-EVENT,S4,1016,warmup,probe,cost,0.91625,800
ACI-EVENT,S4,1016,warmup,probe,delay,0.915,800
ACI-EVENT,S4,1016,warmup,data,cost,0.8693528693528694,819
ACI-EVENT,S4,1016,warmup,data,delay,0.8669108669108669,819
ACI-EVENT,S4,1016,early,probe,cost,0.905,1400
ACI-EVENT,S4,1016,early,probe,delay,0.9042857142857142,1400
ACI-EVENT,S4,1016,early,data,cost,0.8528591352859135,1434
ACI-EVENT,S4,1016,early,data,delay,0.8368200836820083,1434
ACI-EVENT,S4,1016,middle,probe,cost,0.8992472495657209,1727
ACI-EVENT,S4,1016,middle,probe,delay,0.9004053271569196,1727
ACI-EVENT,S4,1016,middle,data,cost,0.8410087719298246,1824
ACI-EVENT,S4,1016,middle,data,delay,0.8393640350877193,1824
ACI-EVENT,S4,1016,late,probe,cost,0.8998978549540347,1958
ACI-EVENT,S4,1016,late,probe,delay,0.900408580183861,1958
ACI-EVENT,S4,1016,late,data,cost,0.8604347826086957,2300
ACI-EVENT,S4,1016,late,data,delay,0.8586956521739131,2300
ACI-EVENT,S4,1017,warmup,probe,cost,0.89125,800
ACI-EVENT,S4,1017,warmup,probe,delay,0.8925,800
ACI-EVENT,S4,1017,warmup,data,cost,0.8504901960784313,816
ACI-EVENT,S4,1017,warmup,data,delay,0.8468137254901961,816
ACI-EVENT,S4,1017,early,probe,cost,0.8992857142857142,1400
ACI-EVENT,S4,1017,early,probe,delay,0.9014285714285715,1400
ACI-EVENT,S4,1017,early,data,cost,0.883298392732355,1431
ACI-EVENT,S4,1017,early,data,delay,0.8784067085953878,1431
ACI-EVENT,S4,1017,middle,probe,cost,0.9027214823393167,1727
ACI-EVENT,S4,1017,middle,probe,delay,0.8992472495657209,1727
ACI-EVENT,S4,1017,middle,data,cost,0.8562605277933745,1781
ACI-EVENT,S4,1017,middle,data,delay,0.8467153284671532,1781
ACI-EVENT,S4,1017,late,probe,cost,0.8971871968962173,2062
ACI-EVENT,S4,1017,late,probe,delay,0.9000969932104753,2062
ACI-EVENT,S4,1017,late,data,cost,0.8692955250332299,2257
ACI-EVENT,S4,1017,late,data,delay,0.8688524590163934,2257
ACI-EVENT,S4,1018,warmup,probe,cost,0.89625,800
ACI-EVENT,S4,1018,warmup,probe,delay,0.89875,800
ACI-EVENT,S4,1018,warmup,data,cost,0.8950617283950617,810
ACI-EVENT,S4,1018,warmup,data,delay,0.8876543209876543,810
ACI-EVENT,S4,1018,early,probe,cost,0.9028571428571428,1400
ACI-EVENT,S4,1018,early,probe,delay,0.9007142857142857,1400
ACI-EVENT,S4,1018,early,data,cost,0.8527397260273972,1460
ACI-EVENT,S4,1018,early,data,delay,0.8465753424657534,1460
ACI-EVENT,S4,1018,middle,probe,cost,0.9042123485285631,1733
ACI-EVENT,S4,1018,middle,probe,delay,0.9024812463935372,1733
ACI-EVENT,S4,1018,middle,data,cost,0.8494565217391304,1840
ACI-EVENT,S4,1018,middle,data,delay,0.845108695652174,1840
ACI-EVENT,S4,1018,late,probe,cost,0.8953430145217827,1997
ACI-EVENT,S4,1018,late,probe,delay,0.8983475212819229,1997
ACI-EVENT,S4,1018,late,data,cost,0.8596491228070176,2280
ACI-EVENT,S4,1018,late,data,delay,0.8583333333333333,2280
ACI-EVENT,S4,1019,warmup,probe,cost,0.885,800
ACI-EVENT,S4,1019,warmup,probe,delay,0.89125,800
ACI-EVENT,S4,1019,warmup,data,cost,0.84875,800
ACI-EVENT,S4,1019,warmup,data,delay,0.85,800
ACI-EVENT,S4,1019,early,probe,cost,0.8957142857142857,1400
ACI-EVENT,S4,1019,early,probe,delay,0.8964285714285715,1400
ACI-EVENT,S4,1019,early,data,cost,0.8564493758668515,1442
ACI-EVENT,S4,1019,early,data,delay,0.8550624133148405,1442
ACI-EVENT,S4,1019,middle,probe,cost,0.9027777777777778,1728
ACI-EVENT,S4,1019,middle,probe,delay,0.9027777777777778,1728
ACI-EVENT,S4,1019,middle,data,cost,0.8679558011049724,1810
ACI-EVENT,S4,1019,middle,data,delay,0.8613259668508287,1810
ACI-EVENT,S4,1019,late,probe,cost,0.9064819396338446,2021
ACI-EVENT,S4,1019,late,probe,delay,0.9054923305294409,2021
ACI-EVENT,S4,1019,late,data,cost,0.8693356797184338,2273
ACI-EVENT,S4,1019,late,data,delay,0.8649362076550814,2273
ACI-EVENT,S4,1020,warmup,probe,cost,0.90875,800
ACI-EVENT,S4,1020,warmup,probe,delay,0.9075,800
ACI-EVENT,S4,1020,warmup,data,cost,0.8425,800
ACI-EVENT,S4,1020,warmup,data,delay,0.8475,800
ACI-EVENT,S4,1020,early,probe,cost,0.8985714285714286,1400
ACI-EVENT,S4,1020,early,probe,delay,0.8992857142857142,1400
ACI-EVENT,S4,1020,early,data,cost,0.856743535988819,1431
ACI-EVENT,S4,1020,early,data,delay,0.8511530398322851,1431
ACI-EVENT,S4,1020,middle,probe,cost,0.8980891719745223,1727
ACI-EVENT,S4,1020,middle,probe,delay,0.8986682107701216,1727
ACI-EVENT,S4,1020,middle,data,cost,0.8658603628367235,1819
ACI-EVENT,S4,1020,middle,data,delay,0.863111599780099,1819
ACI-EVENT,S4,1020,late,probe,cost,0.9056701030927835,1940
ACI-EVENT,S4,1020,late,probe,delay,0.9020618556701031,1940
ACI-EVENT,S4,1020,late,data,cost,0.8600441501103753,2265
ACI-EVENT,S4,1020,late,data,delay,0.8520971302428256,2265
ACI-EVENT,S4,1021,warmup,probe,cost,0.88375,800
ACI-EVENT,S4,1021,warmup,probe,delay,0.8825,800
ACI-EVENT,S4,1021,warmup,data,cost,0.8695121951219512,820
ACI-EVENT,S4,1021,warmup,data,delay,0.8658536585365854,820
ACI-EVENT,S4,1021,early,probe,cost,0.8992857142857142,1400
ACI-EVENT,S4,1021,early,probe,delay,0.9007142857142857,1400
ACI-EVENT,S4,1021,early,data,cost,0.8651761517615176,1476
ACI-EVENT,S4,1021,early,data,delay,0.8556910569105691,1476
ACI-EVENT,S4,1021,middle,probe,cost,0.9025670945157527,1714
ACI-EVENT,S4,1021,middle,probe,delay,0.9019836639439907,1714
ACI-EVENT,S4,1021,middle,data,cost,0.8660520607375272,1844
ACI-EVENT,S4,1021,middle,data,delay,0.8546637744034707,1844
ACI-EVENT,S4,1021,late,probe,cost,0.9004950495049505,2020
ACI-EVENT,S4,1021,late,probe,delay,0.8995049504950495,2020
ACI-EVENT,S4,1021,late,data,cost,0.8746747614917606,2306
ACI-EVENT,S4,1021,late,data,delay,0.8720728534258456,2306
ACI-EVENT,S4,1022,warmup,probe,cost,0.9075,800
ACI-EVENT,S4,1022,warmup,probe,delay,0.90625,800
ACI-EVENT,S4,1022,warmup,data,cost,0.8800489596083231,817
ACI-EVENT,S4,1022,warmup,data,delay,0.8751529987760098,817
ACI-EVENT,S4,1022,early,probe,cost,0.9014285714285715,1400
ACI-EVENT,S4,1022,early,probe,delay,0.9007142857142857,1400
ACI-EVENT,S4,1022,early,data,cost,0.8626220362622036,1434
ACI-EVENT,S4,1022,early,data,delay,0.8570432357043236,1434
ACI-EVENT,S4,1022,middle,probe,cost,0.8983149331783846,1721
ACI-EVENT,S4,1022,middle,probe,delay,0.9006391632771644,1721
ACI-EVENT,S4,1022,middle,data,cost,0.8568387440127727,1879
ACI-EVENT,S4,1022,middle,data,delay,0.8451303885045237,1879
ACI-EVENT,S4,1022,late,probe,cost,0.8975247524752475,2020
ACI-EVENT,S4,1022,late,probe,delay,0.8965346534653466,2020
ACI-EVENT,S4,1022,late,data,cost,0.8482142857142857,2352
ACI-EVENT,S4,1022,late,data,delay,0.8422619047619048,2352
ACI-EVENT,S4,1023,warmup,probe,cost,0.87875,800
ACI-EVENT,S4,1023,warmup,probe,delay,0.885,800
ACI-EVENT,S4,1023,warmup,data,cost,0.8613496932515338,815
ACI-EVENT,S4,1023,warmup,data,delay,0.8552147239263803,815
ACI-EVENT,S4,1023,early,probe,cost,0.9021428571428571,1400
ACI-EVENT,S4,1023,early,probe,delay,0.9021428571428571,1400
ACI-EVENT,S4,1023,early,data,cost,0.8628532046864231,1451
ACI-EVENT,S4,1023,early,data,delay,0.8594073053066851,1451
ACI-EVENT,S4,1023,middle,probe,cost,0.9001741149158444,1723
ACI-EVENT,S4,1023,middle,probe,delay,0.9013348810214742,1723
ACI-EVENT,S4,1023,middle,data,cost,0.8585472419442928,1831
ACI-EVENT,S4,1023,middle,data,delay,0.8585472419442928,1831
ACI-EVENT,S4,1023,late,probe,cost,0.8988326848249028,2056
ACI-EVENT,S4,1023,late,probe,delay,0.8988326848249028,2056
ACI-EVENT,S4,1023,late,data,cost,0.82141290039491,2279
ACI-EVENT,S4,1023,late,data,delay,0.8196577446248354,2279
ACI-EVENT,S4,1024,warmup,probe,cost,0.88625,800
ACI-EVENT,S4,1024,warmup,probe,delay,0.88625,800
ACI-EVENT,S4,1024,warmup,data,cost,0.8855780691299165,839
ACI-EVENT,S4,1024,warmup,data,delay,0.8748510131108462,839
ACI-EVENT,S4,1024,early,probe,cost,0.8978571428571429,1400
ACI-EVENT,S4,1024,early,probe,delay,0.8964285714285715,1400
ACI-EVENT,S4,1024,early,data,cost,0.875,1464
ACI-EVENT,S4,1024,early,data,delay,0.8674863387978142,1464
ACI-EVENT,S4,1024,middle,probe,cost,0.9033197437390798,1717
ACI-EVENT,S4,1024,middle,probe,delay,0.9044845661036692,1717
ACI-EVENT,S4,1024,middle,data,cost,0.8732782369146006,1815
ACI-EVENT,S4,1024,middle,data,delay,0.8633608815426997,1815
ACI-EVENT,S4,1024,late,probe,cost,0.8979803210771621,1931
ACI-EVENT,S4,1024,late,probe,delay,0.9005696530295184,1931
ACI-EVENT,S4,1024,late,data,cost,0.8711385701676964,2266
ACI-EVENT,S4,1024,late,data,delay,0.8667255075022066,2266
ACI-EVENT,S4,1025,warmup,probe,cost,0.90375,800
ACI-EVENT,S4,1025,warmup,probe,delay,0.89375,800
ACI-EVENT,S4,1025,warmup,data,cost,0.8691358024691358,810
ACI-EVENT,S4,1025,warmup,data,delay,0.8604938271604938,810
ACI-EVENT,S4,1025,early,probe,cost,0.895,1400
ACI-EVENT,S4,1025,early,probe,delay,0.8957142857142857,1400
ACI-EVENT,S4,1025,early,data,cost,0.8383356070941337,1466
ACI-EVENT,S4,1025,early,data,delay,0.8383356070941337,1466
ACI-EVENT,S4,1025,middle,probe,cost,0.9016772700983228,1729
ACI-EVENT,S4,1025,middle,probe,delay,0.9010989010989011,1729
ACI-EVENT,S4,1025,middle,data,cost,0.8658269441401971,1826
ACI-EVENT,S4,1025,middle,data,delay,0.8581599123767798,1826
ACI-EVENT,S4,1025,late,probe,cost,0.8983739837398373,1968
ACI-EVENT,S4,1025,late,probe,delay,0.8998983739837398,1968
ACI-EVENT,S4,1025,late,data,cost,0.8427927927927928,2220
ACI-EVENT,S4,1025,late,data,delay,0.8373873873873874,2220
ACI-EVENT,S4,1026,warmup,probe,cost,0.89,800
ACI-EVENT,S4,1026,warmup,probe,delay,0.88375,800
ACI-EVENT,S4,1026,warmup,data,cost,0.868421052631579,836
ACI-EVENT,S4,1026,warmup,data,delay,0.8624401913875598,836
ACI-EVENT,S4,1026,early,probe,cost,0.9057142857142857,1400
ACI-EVENT,S4,1026,early,probe,delay,0.905,1400
ACI-EVENT,S4,1026,early,data,cost,0.87920384351407,1457
ACI-EVENT,S4,1026,early,data,delay,0.8860672614962252,1457
ACI-EVENT,S4,1026,middle,probe,cost,0.8952546296296297,1728
ACI-EVENT,S4,1026,middle,probe,delay,0.8940972222222222,1728
ACI-EVENT,S4,1026,middle,data,cost,0.8619201725997843,1854
ACI-EVENT,S4,1026,middle,data,delay,0.8581445523193096,1854
ACI-EVENT,S4,1026,late,probe,cost,0.9023552502453386,2038
ACI-EVENT,S4,1026,late,probe,delay,0.9052993130520117,2038
ACI-EVENT,S4,1026,late,data,cost,0.8575074436410038,2351
ACI-EVENT,S4,1026,late,data,delay,0.8536792854104637,2351
ACI-EVENT,S4,1027,warmup,probe,cost,0.8925,800
ACI-EVENT,S4,1027,warmup,probe,delay,0.88125,800
ACI-EVENT,S4,1027,warmup,data,cost,0.85625,800
ACI-EVENT,S4,1027,warmup,data,delay,0.85,800
ACI-EVENT,S4,1027,early,probe,cost,0.9035714285714286,1400
ACI-EVENT,S4,1027,early,probe,delay,0.9035714285714286,1400
ACI-EVENT,S4,1027,early,data,cost,0.8695652173913043,1449
ACI-EVENT,S4,1027,early,data,delay,0.865424430641822,1449
ACI-EVENT,S4,1027,middle,probe,cost,0.8983246678220682,1731
ACI-EVENT,S4,1027,middle,probe,delay,0.8994800693240901,1731
ACI-EVENT,S4,1027,middle,data,cost,0.8497807017543859,1824
ACI-EVENT,S4,1027,middle,data,delay,0.8421052631578947,1824
ACI-EVENT,S4,1027,late,probe,cost,0.8997566909975669,2055
ACI-EVENT,S4,1027,late,probe,delay,0.8982968369829684,2055
ACI-EVENT,S4,1027,late,data,cost,0.8634380453752182,2292
ACI-EVENT,S4,1027,late,data,delay,0.8621291448516579,2292
ACI-EVENT,S4,1028,warmup,probe,cost,0.9,800
ACI-EVENT,S4,1028,warmup,probe,delay,0.895,800
ACI-EVENT,S4,1028,warmup,data,cost,0.9034229828850856,818
ACI-EVENT,S4,1028,warmup,data,delay,0.8960880195599022,818
ACI-EVENT,S4,1028,early,probe,cost,0.8957142857142857,1400
ACI-EVENT,S4,1028,early,probe,delay,0.8978571428571429,1400
ACI-EVENT,S4,1028,early,data,cost,0.8452961672473868,1435
ACI-EVENT,S4,1028,early,data,delay,0.8327526132404182,1435
ACI-EVENT,S4,1028,middle,probe,cost,0.9016110471806674,1738
ACI-EVENT,S4,1028,middle,probe,delay,0.9016110471806674,1738
ACI-EVENT,S4,1028,middle,data,cost,0.8716104039845047,1807
ACI-EVENT,S4,1028,middle,data,delay,0.8644161593801881,1807
ACI-EVENT,S4,1028,late,probe,cost,0.9021632251720747,2034
ACI-EVENT,S4,1028,late,probe,delay,0.9026548672566371,2034
ACI-EVENT,S4,1028,late,data,cost,0.8739569609134826,2277
ACI-EVENT,S4,1028,late,data,delay,0.865173473869126,2277
ACI-EVENT,S4,1029,warmup,probe,cost,0.8775,800
ACI-EVENT,S4,1029,warmup,probe,delay,0.885,800
ACI-EVENT,S4,1029,warmup,data,cost,0.8665018541409147,809
ACI-EVENT,S4,1029,warmup,data,delay,0.8603213844252163,809
ACI-EVENT,S4,1029,early,probe,cost,0.9021428571428571,1400
ACI-EVENT,S4,1029,early,probe,delay,0.9021428571428571,1400
ACI-EVENT,S4,1029,early,data,cost,0.872133425990271,1439
ACI-EVENT,S4,1029,early,data,delay,0.8658790826963169,1439
ACI-EVENT,S4,1029,middle,probe,cost,0.8958090803259604,1718
ACI-EVENT,S4,1029,middle,probe,delay,0.8981373690337602,1718
ACI-EVENT,S4,1029,middle,data,cost,0.85437430786268,1806
ACI-EVENT,S4,1029,middle,data,delay,0.8527131782945736,1806
ACI-EVENT,S4,1029,late,probe,cost,0.9035785288270378,2012
ACI-EVENT,S4,1029,late,probe,delay,0.9025844930417495,2012
ACI-EVENT,S4,1029,late,data,cost,0.8548174219093708,2273
ACI-EVENT,S4,1029,late,data,delay,0.8473383194016718,2273
ACI-EVENT,S5,1000,warmup,probe,cost,0.88125,800
ACI-EVENT,S5,1000,warmup,probe,delay,0.88,800
ACI-EVENT,S5,1000,warmup,data,cost,0.8864197530864197,810
ACI-EVENT,S5,1000,warmup,data,delay,0.8851851851851852,810
ACI-EVENT,S5,1000,early,probe,cost,0.9014285714285715,1400
ACI-EVENT,S5,1000,early,probe,delay,0.9028571428571428,1400
ACI-EVENT,S5,1000,early,data,cost,0.8869625520110958,1442
ACI-EVENT,S5,1000,early,data,delay,0.8828016643550625,1442
ACI-EVENT,S5,1000,middle,probe,cost,0.903523974581167,1731
ACI-EVENT,S5,1000,middle,probe,delay,0.8989023685730791,1731
ACI-EVENT,S5,1000,middle,data,cost,0.81807180314643,2479
ACI-EVENT,S5,1000,middle,data,delay,0.7757160145219847,2479
ACI-EVENT,S5,1000,late,probe,cost,0.8959205020920502,1912
ACI-EVENT,S5,1000,late,probe,delay,0.8980125523012552,1912
ACI-EVENT,S5,1000,late,data,cost,0.8093975903614458,4150
ACI-EVENT,S5,1000,late,data,delay,0.78,4150
ACI-EVENT,S5,1001,warmup,probe,cost,0.89625,800
ACI-EVENT,S5,1001,warmup,probe,delay,0.89625,800
ACI-EVENT,S5,1001,warmup,data,cost,0.905982905982906,819
ACI-EVENT,S5,1001,warmup,data,delay,0.8925518925518926,819
ACI-EVENT,S5,1001,early,probe,cost,0.8985714285714286,1400
ACI-EVENT,S5,1001,early,probe,delay,0.9,1400
ACI-EVENT,S5,1001,early,data,cost,0.8635116598079561,1458
ACI-EVENT,S5,1001,early,data,delay,0.8635116598079561,1458
ACI-EVENT,S5,1001,middle,probe,cost,0.9044585987261147,1727
ACI-EVENT,S5,1001,middle,probe,delay,0.9027214823393167,1727
ACI-EVENT,S5,1001,middle,data,cost,0.8394863563402889,2492
ACI-EVENT,S5,1001,middle,data,delay,0.8053772070626003,2492
ACI-EVENT,S5,1001,late,probe,cost,0.8968586387434555,1910
ACI-EVENT,S5,1001,late,probe,delay,0.8979057591623036,1910
ACI-EVENT,S5,1001,late,data,cost,0.8271515151515152,4125
ACI-EVENT,S5,1001,late,data,delay,0.8072727272727273,4125
ACI-EVENT,S5,1002,warmup,probe,cost,0.90375,800
ACI-EVENT,S5,1002,warmup,probe,delay,0.91,800
ACI-EVENT,S5,1002,warmup,data,cost,0.9169719169719169,819
ACI-EVENT,S5,1002,warmup,data,delay,0.9084249084249084,819
ACI-EVENT,S5,1002,early,probe,cost,0.9007142857142857,1400
ACI-EVENT,S5,1002,early,probe,delay,0.9014285714285715,1400
ACI-EVENT,S5,1002,early,data,cost,0.8643598615916955,1445
ACI-EVENT,S5,1002,early,data,delay,0.859515570934256,1445
ACI-EVENT,S5,1002,middle,probe,cost,0.9012775842044135,1722
ACI-EVENT,S5,1002,middle,probe,delay,0.9001161440185831,1722
ACI-EVENT,S5,1002,middle,data,cost,0.8168789808917197,2512
ACI-EVENT,S5,1002,middle,data,delay,0.7838375796178344,2512
ACI-EVENT,S5,1002,late,probe,cost,0.8949333333333334,1875
ACI-EVENT,S5,1002,late,probe,delay,0.8976,1875
ACI-EVENT,S5,1002,late,data,cost,0.7917581077785906,4101
ACI-EVENT,S5,1002,late,data,delay,0.7724945135332846,4101
ACI-EVENT,S5,1003,warmup,probe,cost,0.88375,800
ACI-EVENT,S5,1003,warmup,probe,delay,0.8775,800
ACI-EVENT,S5,1003,warmup,data,cost,0.8975308641975308,810
ACI-EVENT,S5,1003,warmup,data,delay,0.8901234567901235,810
ACI-EVENT,S5,1003,early,probe,cost,0.895,1400
ACI-EVENT,S5,1003,early,probe,delay,0.8971428571428571,1400
ACI-EVENT,S5,1003,early,data,cost,0.869198312236287,1422
ACI-EVENT,S5,1003,early,data,delay,0.870604781997187,1422
ACI-EVENT,S5,1003,middle,probe,cost,0.9045691150954309,1729
ACI-EVENT,S5,1003,middle,probe,delay,0.9034123770965876,1729
ACI-EVENT,S5,1003,middle,data,cost,0.8454144973968762,2497
ACI-EVENT,S5,1003,middle,data,delay,0.8085702843412095,2497
ACI-EVENT,S5,1003,late,probe,cost,0.8998015873015873,2016
ACI-EVENT,S5,1003,late,probe,delay,0.8993055555555556,2016
ACI-EVENT,S5,1003,late,data,cost,0.8205668774888732,4269
ACI-EVENT,S5,1003,late,data,delay,0.8025298664792692,4269
ACI-EVENT,S5,1004,warmup,probe,cost,0.9025,800
ACI-EVENT,S5,1004,warmup,probe,delay,0.89625,800
ACI-EVENT,S5,1004,warmup,data,cost,0.8733087330873309,813
ACI-EVENT,S5,1004,warmup,data,delay,0.8585485854858549,813
ACI-EVENT,S5,1004,early,probe,cost,0.9035714285714286,1400
ACI-EVENT,S5,1004,early,probe,delay,0.9,1400
ACI-EVENT,S5,1004,early,data,cost,0.8778785764131193,1433
ACI-EVENT,S5,1004,early,data,delay,0.8688066992323796,1433
ACI-EVENT,S5,1004,middle,probe,cost,0.9020408163265307,1715
ACI-EVENT,S5,1004,middle,probe,delay,0.8997084548104957,1715
ACI-EVENT,S5,1004,middle,data,cost,0.8698105602579606,2481
ACI-EVENT,S5,1004,middle,data,delay,0.8347440548166062,2481
ACI-EVENT,S5,1004,late,probe,cost,0.8969404186795491,1863
ACI-EVENT,S5,1004,late,probe,delay,0.9006977992485239,1863
ACI-EVENT,S5,1004,late,data,cost,0.7777238534336326,4121
ACI-EVENT,S5,1004,late,data,delay,0.7677748119388498,4121
ACI-EVENT,S5,1005,warmup,probe,cost,0.895,800
ACI-EVENT,S5,1005,warmup,probe,delay,0.9025,800
ACI-EVENT,S5,1005,warmup,data,cost,0.8594132029339854,818
ACI-EVENT,S5,1005,warmup,data,delay,0.8533007334963325,818
ACI-EVENT,S5,1005,early,probe,cost,0.8971428571428571,1400
ACI-EVENT,S5,1005,early,probe,delay,0.8957142857142857,1400
ACI-EVENT,S5,1005,early,data,cost,0.8592436974789915,1428
ACI-EVENT,S5,1005,early,data,delay,0.8515406162464986,1428
ACI-EVENT,S5,1005,middle,probe,cost,0.9076655052264808,1722
ACI-EVENT,S5,1005,middle,probe,delay,0.9088269454123112,1722
ACI-EVENT,S5,1005,middle,data,cost,0.8551078551078551,2457
ACI-EVENT,S5,1005,middle,data,delay,0.8172568172568172,2457
ACI-EVENT,S5,1005,late,probe,cost,0.8962216624685139,1985
ACI-EVENT,S5,1005,late,probe,delay,0.8962216624685139,1985
ACI-EVENT,S5,1005,late,data,cost,0.7898704358068316,4245
ACI-EVENT,S5,1005,late,data,delay,0.7828032979976443,4245
ACI-EVENT,S5,1006,warmup,probe,cost,0.91375,800
ACI-EVENT,S5,1006,warmup,probe,delay,0.90375,800
ACI-EVENT,S5,1006,warmup,data,cost,0.8878048780487805,820
ACI-EVENT,S5,1006,warmup,data,delay,0.875609756097561,820
ACI-EVENT,S5,1006,early,probe,cost,0.8978571428571429,1400
ACI-EVENT,S5,1006,early,probe,delay,0.8992857142857142,1400
ACI-EVENT,S5,1006,early,data,cost,0.8801089918256131,1468
ACI-EVENT,S5,1006,early,data,delay,0.8760217983651226,1468
ACI-EVENT,S5,1006,middle,probe,cost,0.9058891454965358,1732
ACI-EVENT,S5,1006,middle,probe,delay,0.9006928406466512,1732
ACI-EVENT,S5,1006,middle,data,cost,0.8369956052736716,2503
ACI-EVENT,S5,1006,middle,data,delay,0.7818617658809429,2503
ACI-EVENT,S5,1006,late,probe,cost,0.895319577252139,1987
ACI-EVENT,S5,1006,late,probe,delay,0.8968293910417715,1987
ACI-EVENT,S5,1006,late,data,cost,0.8218823529411765,4250
ACI-EVENT,S5,1006,late,data,delay,0.8110588235294117,4250
ACI-EVENT,S5,1007,warmup,probe,cost,0.89625,800
ACI-EVENT,S5,1007,warmup,probe,delay,0.89875,800
ACI-EVENT,S5,1007,warmup,data,cost,0.8848920863309353,834
ACI-EVENT,S5,1007,warmup,data,delay,0.8597122302158273,834
ACI-EVENT,S5,1007,early,probe,cost,0.9078571428571428,1400
ACI-EVENT,S5,1007,early,probe,delay,0.9042857142857142,1400
ACI-EVENT,S5,1007,early,data,cost,0.8591065292096219,1455
ACI-EVENT,S5,1007,early,data,delay,0.8508591065292096,1455
ACI-EVENT,S5,1007,middle,probe,cost,0.9013348810214742,1723
ACI-EVENT,S5,1007,middle,probe,delay,0.8984329657573998,1723
ACI-EVENT,S5,1007,middle,data,cost,0.8350060216780409,2491
ACI-EVENT,S5,1007,middle,data,delay,0.8089120835006022,2491
ACI-EVENT,S5,1007,late,probe,cost,0.8921182266009853,2030
ACI-EVENT,S5,1007,late,probe,delay,0.8940886699507389,2030
ACI-EVENT,S5,1007,late,data,cost,0.8150058616647128,4265
ACI-EVENT,S5,1007,late,data,delay,0.7995310668229777,4265
ACI-EVENT,S5,1008,warmup,probe,cost,0.88875,800
ACI-EVENT,S5,1008,warmup,probe,delay,0.89625,800
ACI-EVENT,S5,1008,warmup,data,cost,0.8963051251489869,839
ACI-EVENT,S5,1008,warmup,data,delay,0.8903456495828367,839
ACI-EVENT,S5,1008,early,probe,cost,0.9007142857142857,1400
ACI-EVENT,S5,1008,early,probe,delay,0.8992857142857142,1400
ACI-EVENT,S5,1008,early,data,cost,0.8746594005449592,1468
ACI-EVENT,S5,1008,early,data,delay,0.8767029972752044,1468
ACI-EVENT,S5,1008,middle,probe,cost,0.905037637521714,1727
ACI-EVENT,S5,1008,middle,probe,delay,0.9038795599305154,1727
ACI-EVENT,S5,1008,middle,data,cost,0.8454798884906412,2511
ACI-EVENT,S5,1008,middle,data,delay,0.8271604938271605,2511
ACI-EVENT,S5,1008,late,probe,cost,0.896124031007752,1935
ACI-EVENT,S5,1008,late,probe,delay,0.8971576227390181,1935
ACI-EVENT,S5,1008,late,data,cost,0.8294908741594621,4164
ACI-EVENT,S5,1008,late,data,delay,0.8239673390970221,4164
ACI-EVENT,S5,1009,warmup,probe,cost,0.9025,800
ACI-EVENT,S5,1009,warmup,probe,delay,0.9,800
ACI-EVENT,S5,1009,warmup,data,cost,0.894993894993895,819
ACI-EVENT,S5,1009,warmup,data,delay,0.8803418803418803,819
ACI-EVENT,S5,1009,early,probe,cost,0.8992857142857142,1400
ACI-EVENT,S5,1009,early,probe,delay,0.9021428571428571,1400
ACI-EVENT,S5,1009,early,data,cost,0.8935729094678645,1447
ACI-EVENT,S5,1009,early,data,delay,0.8908085694540429,1447
ACI-EVENT,S5,1009,middle,probe,cost,0.9007544979686594,1723
ACI-EVENT,S5,1009,middle,probe,delay,0.9001741149158444,1723
ACI-EVENT,S5,1009,middle,data,cost,0.8629421221864951,2488
ACI-EVENT,S5,1009,middle,data,delay,0.827572347266881,2488
ACI-EVENT,S5,1009,late,probe,cost,0.8991470145509283,1993
ACI-EVENT,S5,1009,late,probe,delay,0.8986452584044154,1993
ACI-EVENT,S5,1009,late,data,cost,0.8279924599434496,4244
ACI-EVENT,S5,1009,late,data,delay,0.812205466540999,4244
ACI-EVENT,S5,1010,warmup,probe,cost,0.895,800
ACI-EVENT,S5,1010,warmup,probe,delay,0.89,800
ACI-EVENT,S5,1010,warmup,data,cost,0.875453446191052,827
ACI-EVENT,S5,1010,warmup,data,delay,0.8730350665054414,827
ACI-EVENT,S5,1010,early,probe,cost,0.895,1400
ACI-EVENT,S5,1010,early,probe,delay,0.895,1400
ACI-EVENT,S5,1010,early,data,cost,0.8730587440918298,1481
ACI-EVENT,S5,1010,early,data,delay,0.8669817690749494,1481
ACI-EVENT,S5,1010,middle,probe,cost,0.9111630625365283,1711
ACI-EVENT,S5,1010,middle,probe,delay,0.9035651665692578,1711
ACI-EVENT,S5,1010,middle,data,cost,0.8510383386581469,2504
ACI-EVENT,S5,1010,middle,data,delay,0.8234824281150159,2504
ACI-EVENT,S5,1010,late,probe,cost,0.8933102652825836,1734
ACI-EVENT,S5,1010,late,probe,delay,0.9025374855824683,1734
ACI-EVENT,S5,1010,late,data,cost,0.8235884567126726,3985
ACI-EVENT,S5,1010,late,data,delay,0.813801756587202,3985
ACI-EVENT,S5,1011,warmup,probe,cost,0.8825,800
ACI-EVENT,S5,1011,warmup,probe,delay,0.8925,800
ACI-EVENT,S5,1011,warmup,data,cost,0.8876678876678876,819
ACI-EVENT,S5,1011,warmup,data,delay,0.8852258852258852,819
ACI-EVENT,S5,1011,early,probe,cost,0.8957142857142857,1400
ACI-EVENT,S5,1011,early,probe,delay,0.8957142857142857,1400
ACI-EVENT,S5,1011,early,data,cost,0.8944141689373297,1468
ACI-EVENT,S5,1011,early,data,delay,0.885558583106267,1468
ACI-EVENT,S5,1011,middle,probe,cost,0.913972286374134,1732
ACI-EVENT,S5,1011,middle,probe,delay,0.9081986143187067,1732
ACI-EVENT,S5,1011,middle,data,cost,0.874047332531087,2493
ACI-EVENT,S5,1011,middle,data,delay,0.8439630966706779,2493
ACI-EVENT,S5,1011,late,probe,cost,0.8915601023017903,1955
ACI-EVENT,S5,1011,late,probe,delay,0.8941176470588236,1955
ACI-EVENT,S5,1011,late,data,cost,0.8420306965761511,4235
ACI-EVENT,S5,1011,late,data,delay,0.8290436835891382,4235
ACI-EVENT,S5,1012,warmup,probe,cost,0.89875,800
ACI-EVENT,S5,1012,warmup,probe,delay,0.895,800
ACI-EVENT,S5,1012,warmup,data,cost,0.8682926829268293,820
ACI-EVENT,S5,1012,warmup,data,delay,0.8658536585365854,820
ACI-EVENT,S5,1012,early,probe,cost,0.8971428571428571,1400
ACI-EVENT,S5,1012,early,probe,delay,0.8978571428571429,1400
ACI-EVENT,S5,1012,early,data,cost,0.8744769874476988,1434
ACI-EVENT,S5,1012,early,data,delay,0.8702928870292888,1434
ACI-EVENT,S5,1012,middle,probe,cost,0.9105597230236584,1733
ACI-EVENT,S5,1012,middle,probe,delay,0.9053664166185805,1733
ACI-EVENT,S5,1012,middle,data,cost,0.8640032284100081,2478
ACI-EVENT,S5,1012,middle,data,delay,0.8224374495560937,2478
ACI-EVENT,S5,1012,late,probe,cost,0.8938547486033519,1969
ACI-EVENT,S5,1012,late,probe,delay,0.8984255967496191,1969
ACI-EVENT,S5,1012,late,data,cost,0.8172094128832897,4207
ACI-EVENT,S5,1012,late,data,delay,0.7901117185642976,4207
ACI-EVENT,S5,1013,warmup,probe,cost,0.90125,800
ACI-EVENT,S5,1013,warmup,probe,delay,0.8875,800
ACI-EVENT,S5,1013,warmup,data,cost,0.8955773955773956,814
ACI-EVENT,S5,1013,warmup,data,delay,0.8845208845208845,814
ACI-EVENT,S5,1013,early,probe,cost,0.8978571428571429,1400
ACI-EVENT,S5,1013,early,probe,delay,0.8985714285714286,1400
ACI-EVENT,S5,1013,early,data,cost,0.865485564304462,1524
ACI-EVENT,S5,1013,early,data,delay,0.8582677165354331,1524
ACI-EVENT,S5,1013,middle,probe,cost,0.906896551724138,1740
ACI-EVENT,S5,1013,middle,probe,delay,0.9022988505747126,1740
ACI-EVENT,S5,1013,middle,data,cost,0.8393209632846427,2533
ACI-EVENT,S5,1013,middle,data,delay,0.8089222266087643,2533
ACI-EVENT,S5,1013,late,probe,cost,0.8925664677156809,1843
ACI-EVENT,S5,1013,late,probe,delay,0.8958220293000543,1843
ACI-EVENT,S5,1013,late,data,cost,0.8178668646374659,4041
ACI-EVENT,S5,1013,late,data,delay,0.821826280623608,4041
ACI-EVENT,S5,1014,warmup,probe,cost,0.90625,800
ACI-EVENT,S5,1014,warmup,probe,delay,0.905,800
ACI-EVENT,S5,1014,warmup,data,cost,0.8890243902439025,820
ACI-EVENT,S5,1014,warmup,data,delay,0.8792682926829268,820
ACI-EVENT,S5,1014,early,probe,cost,0.8971428571428571,1400
ACI-EVENT,S5,1014,early,probe,delay,0.8978571428571429,1400
ACI-EVENT,S5,1014,early,data,cost,0.8825155494125777,1447
ACI-EVENT,S5,1014,early,data,delay,0.8790601243953006,1447
ACI-EVENT,S5,1014,middle,probe,cost,0.9046793760831889,1731
ACI-EVENT,S5,1014,middle,probe,delay,0.901790872328134,1731
ACI-EVENT,S5,1014,middle,data,cost,0.8231803797468354,2528
ACI-EVENT,S5,1014,middle,data,delay,0.7804588607594937,2528
ACI-EVENT,S5,1014,late,probe,cost,0.9020537124802528,1899
ACI-EVENT,S5,1014,late,probe,delay,0.9015271195365983,1899
ACI-EVENT,S5,1014,late,data,cost,0.825188426938974,4113
ACI-EVENT,S5,1014,late,data,delay,0.8137612448334549,4113
ACI-EVENT,S5,1015,warmup,probe,cost,0.89,800
ACI-EVENT,S5,1015,warmup,probe,delay,0.8975,800
ACI-EVENT,S5,1015,warmup,data,cost,0.8878048780487805,820
ACI-EVENT,S5,1015,warmup,data,delay,0.8804878048780488,820
ACI-EVENT,S5,1015,early,probe,cost,0.9028571428571428,1400
ACI-EVENT,S5,1015,early,probe,delay,0.9035714285714286,1400
ACI-EVENT,S5,1015,early,data,cost,0.8702397743300423,1418
ACI-EVENT,S5,1015,early,data,delay,0.8688293370944993,1418
ACI-EVENT,S5,1015,middle,probe,cost,0.9037900874635568,1715
ACI-EVENT,S5,1015,middle,probe,delay,0.8979591836734694,1715
ACI-EVENT,S5,1015,middle,data,cost,0.8471882640586798,2454
ACI-EVENT,S5,1015,middle,data,delay,0.7954360228198859,2454
ACI-EVENT,S5,1015,late,probe,cost,0.8973442288049029,1958
ACI-EVENT,S5,1015,late,probe,delay,0.8998978549540347,1958
ACI-EVENT,S5,1015,late,data,cost,0.8456966238706609,4206
ACI-EVENT,S5,1015,late,data,delay,0.814075130765573,4206
ACI-EVENT,S5,1016,warmup,probe,cost,0.91625,800
ACI-EVENT,S5,1016,warmup,probe,delay,0.915,800
ACI-EVENT,S5,1016,warmup,data,cost,0.884004884004884,819
ACI-EVENT,S5,1016,warmup,data,delay,0.8803418803418803,819
ACI-EVENT,S5,1016,early,probe,cost,0.9035714285714286,1400
ACI-EVENT,S5,1016,early,probe,delay,0.9035714285714286,1400
ACI-EVENT,S5,1016,early,data,cost,0.8599303135888502,1435
ACI-EVENT,S5,1016,early,data,delay,0.8550522648083624,1435
ACI-EVENT,S5,1016,middle,probe,cost,0.9022248243559718,1708
ACI-EVENT,S5,1016,middle,probe,delay,0.8998829039812647,1708
ACI-EVENT,S5,1016,middle,data,cost,0.8323863636363636,2464
ACI-EVENT,S5,1016,middle,data,delay,0.7828733766233766,2464
ACI-EVENT,S5,1016,late,probe,cost,0.8923076923076924,1755
ACI-EVENT,S5,1016,late,probe,delay,0.8968660968660969,1755
ACI-EVENT,S5,1016,late,data,cost,0.8069820389577536,3953
ACI-EVENT,S5,1016,late,data,delay,0.7925626106754364,3953
ACI-EVENT,S5,1017,warmup,probe,cost,0.895,800
ACI-EVENT,S5,1017,warmup,probe,delay,0.89875,800
ACI-EVENT,S5,1017,warmup,data,cost,0.8776009791921665,817
ACI-EVENT,S5,1017,warmup,data,delay,0.8788249694002448,817
ACI-EVENT,S5,1017,early,probe,cost,0.9,1400
ACI-EVENT,S5,1017,early,probe,delay,0.9,1400
ACI-EVENT,S5,1017,early,data,cost,0.8825174825174825,1430
ACI-EVENT,S5,1017,early,data,delay,0.8846153846153846,1430
ACI-EVENT,S5,1017,middle,probe,cost,0.9079328314997105,1727
ACI-EVENT,S5,1017,middle,probe,delay,0.903300521134916,1727
ACI-EVENT,S5,1017,middle,data,cost,0.8325937878176685,2479
ACI-EVENT,S5,1017,middle,data,delay,0.7954820492133925,2479
ACI-EVENT,S5,1017,late,probe,cost,0.8898984500267236,1871
ACI-EVENT,S5,1017,late,probe,delay,0.8936397648316409,1871
ACI-EVENT,S5,1017,late,data,cost,0.7963555774439793,4061
ACI-EVENT,S5,1017,late,data,delay,0.7658212262989411,4061
ACI-EVENT,S5,1018,warmup,probe,cost,0.89875,800
ACI-EVENT,S5,1018,warmup,probe,delay,0.895,800
ACI-EVENT,S5,1018,warmup,data,cost,0.9,810
ACI-EVENT,S5,1018,warmup,data,delay,0.891358024691358,810
ACI-EVENT,S5,1018,early,probe,cost,0.9028571428571428,1400
ACI-EVENT,S5,1018,early,probe,delay,0.8992857142857142,1400
ACI-EVENT,S5,1018,early,data,cost,0.8892757660167131,1436
ACI-EVENT,S5,1018,early,data,delay,0.8788300835654597,1436
ACI-EVENT,S5,1018,middle,probe,cost,0.9013271783035199,1733
ACI-EVENT,S5,1018,middle,probe,delay,0.8995960761684939,1733
ACI-EVENT,S5,1018,middle,data,cost,0.8062953995157385,2478
ACI-EVENT,S5,1018,middle,data,delay,0.7699757869249395,2478
ACI-EVENT,S5,1018,late,probe,cost,0.8964959568733154,1855
ACI-EVENT,S5,1018,late,probe,delay,0.9002695417789758,1855
ACI-EVENT,S5,1018,late,data,cost,0.8154296875,4096
ACI-EVENT,S5,1018,late,data,delay,0.804443359375,4096
ACI-EVENT,S5,1019,warmup,probe,cost,0.885,800
ACI-EVENT,S5,1019,warmup,probe,delay,0.89,800
ACI-EVENT,S5,1019,warmup,data,cost,0.8775,800
ACI-EVENT,S5,1019,warmup,data,delay,0.87625,800
ACI-EVENT,S5,1019,early,probe,cost,0.8942857142857142,1400
ACI-EVENT,S5,1019,early,probe,delay,0.8957142857142857,1400
ACI-EVENT,S5,1019,early,data,cost,0.8734525447042641,1454
ACI-EVENT,S5,1019,early,data,delay,0.874828060522696,1454
ACI-EVENT,S5,1019,middle,probe,cost,0.9056712962962963,1728
ACI-EVENT,S5,1019,middle,probe,delay,0.8993055555555556,1728
ACI-EVENT,S5,1019,middle,data,cost,0.8346872461413485,2462
ACI-EVENT,S5,1019,middle,data,delay,0.7948822095857027,2462
ACI-EVENT,S5,1019,late,probe,cost,0.8964562569213732,1806
ACI-EVENT,S5,1019,late,probe,delay,0.9019933554817275,1806
ACI-EVENT,S5,1019,late,data,cost,0.8039460539460539,4004
ACI-EVENT,S5,1019,late,data,delay,0.7967032967032966,4004
ACI-EVENT,S5,1020,warmup,probe,cost,0.90625,800
ACI-EVENT,S5,1020,warmup,probe,delay,0.90875,800
ACI-EVENT,S5,1020,warmup,data,cost,0.87125,800
ACI-EVENT,S5,1020,warmup,data,delay,0.875,800
ACI-EVENT,S5,1020,early,probe,cost,0.8985714285714286,1400
ACI-EVENT,S5,1020,early,probe,delay,0.9,1400
ACI-EVENT,S5,1020,early,data,cost,0.872249822569198,1409
ACI-EVENT,S5,1020,early,data,delay,0.8658623136976579,1409
ACI-EVENT,S5,1020,middle,probe,cost,0.9085118702953098,1727
ACI-EVENT,S5,1020,middle,probe,delay,0.9015634047481181,1727
ACI-EVENT,S5,1020,middle,data,cost,0.8242424242424242,2475
ACI-EVENT,S5,1020,middle,data,delay,0.7915151515151515,2475
ACI-EVENT,S5,1020,late,probe,cost,0.8942528735632184,1740
ACI-EVENT,S5,1020,late,probe,delay,0.9,1740
ACI-EVENT,S5,1020,late,data,cost,0.830070281124498,3984
ACI-EVENT,S5,1020,late,data,delay,0.8253012048192772,3984
ACI-EVENT,S5,1021,warmup,probe,cost,0.8875,800
ACI-EVENT,S5,1021,warmup,probe,delay,0.88,800
ACI-EVENT,S5,1021,warmup,data,cost,0.8817073170731707,820
ACI-EVENT,S5,1021,warmup,data,delay,0.8731707317073171,820
ACI-EVENT,S5,1021,early,probe,cost,0.8971428571428571,1400
ACI-EVENT,S5,1021,early,probe,delay,0.8978571428571429,1400
ACI-EVENT,S5,1021,early,data,cost,0.8841379310344828,1450
ACI-EVENT,S5,1021,early,data,delay,0.8703448275862069,1450
ACI-EVENT,S5,1021,middle,probe,cost,0.9084014002333722,1714
ACI-EVENT,S5,1021,middle,probe,delay,0.9072345390898483,1714
ACI-EVENT,S5,1021,middle,data,cost,0.8469551282051282,2496
ACI-EVENT,S5,1021,middle,data,delay,0.8056891025641025,2496
ACI-EVENT,S5,1021,late,probe,cost,0.8934971838197645,1953
ACI-EVENT,S5,1021,late,probe,delay,0.8929851510496671,1953
ACI-EVENT,S5,1021,late,data,cost,0.7996237064910631,4252
ACI-EVENT,S5,1021,late,data,delay,0.7758701787394168,4252
ACI-EVENT,S5,1022,warmup,probe,cost,0.895,800
ACI-EVENT,S5,1022,warmup,probe,delay,0.89875,800
ACI-EVENT,S5,1022,warmup,data,cost,0.8800489596083231,817
ACI-EVENT,S5,1022,warmup,data,delay,0.8849449204406364,817
ACI-EVENT,S5,1022,early,probe,cost,0.8985714285714286,1400
ACI-EVENT,S5,1022,early,probe,delay,0.9007142857142857,1400
ACI-EVENT,S5,1022,early,data,cost,0.8727524204702628,1446
ACI-EVENT,S5,1022,early,data,delay,0.8699861687413555,1446
ACI-EVENT,S5,1022,middle,probe,cost,0.9012202208018594,1721
ACI-EVENT,S5,1022,middle,probe,delay,0.8983149331783846,1721
ACI-EVENT,S5,1022,middle,data,cost,0.8624359479700433,2537
ACI-EVENT,S5,1022,middle,data,delay,0.8060701616081987,2537
ACI-EVENT,S5,1022,late,probe,cost,0.9,1870
ACI-EVENT,S5,1022,late,probe,delay,0.9037433155080213,1870
ACI-EVENT,S5,1022,late,data,cost,0.837850803550012,4169
ACI-EVENT,S5,1022,late,data,delay,0.8160230271048213,4169
ACI-EVENT,S5,1023,warmup,probe,cost,0.88875,800
ACI-EVENT,S5,1023,warmup,probe,delay,0.88875,800
ACI-EVENT,S5,1023,warmup,data,cost,0.8822085889570552,815
ACI-EVENT,S5,1023,warmup,data,delay,0.8785276073619632,815
ACI-EVENT,S5,1023,early,probe,cost,0.9,1400
ACI-EVENT,S5,1023,early,probe,delay,0.8971428571428571,1400
ACI-EVENT,S5,1023,early,data,cost,0.8635116598079561,1458
ACI-EVENT,S5,1023,early,data,delay,0.8614540466392319,1458
ACI-EVENT,S5,1023,middle,probe,cost,0.9071387115496228,1723
ACI-EVENT,S5,1023,middle,probe,delay,0.9071387115496228,1723
ACI-EVENT,S5,1023,middle,data,cost,0.828836085380588,2483
ACI-EVENT,S5,1023,middle,data,delay,0.7768828030608136,2483
ACI-EVENT,S5,1023,late,probe,cost,0.8954108858057631,1874
ACI-EVENT,S5,1023,late,probe,delay,0.8943436499466382,1874
ACI-EVENT,S5,1023,late,data,cost,0.8034271725826193,4085
ACI-EVENT,S5,1023,late,data,delay,0.7877600979192166,4085
ACI-EVENT,S5,1024,warmup,probe,cost,0.88375,800
ACI-EVENT,S5,1024,warmup,probe,delay,0.8775,800
ACI-EVENT,S5,1024,warmup,data,cost,0.9034564958283671,839
ACI-EVENT,S5,1024,warmup,data,delay,0.8939213349225268,839
ACI-EVENT,S5,1024,early,probe,cost,0.8964285714285715,1400
ACI-EVENT,S5,1024,early,probe,delay,0.8971428571428571,1400
ACI-EVENT,S5,1024,early,data,cost,0.8856749311294766,1452
ACI-EVENT,S5,1024,early,data,delay,0.8794765840220385,1452
ACI-EVENT,S5,1024,middle,probe,cost,0.9015725101921956,1717
ACI-EVENT,S5,1024,middle,probe,delay,0.900990099009901,1717
ACI-EVENT,S5,1024,middle,data,cost,0.8466479325572059,2491
ACI-EVENT,S5,1024,middle,data,delay,0.7964672822159775,2491
ACI-EVENT,S5,1024,late,probe,cost,0.8964514252472368,1719
ACI-EVENT,S5,1024,late,probe,delay,0.8999418266433973,1719
ACI-EVENT,S5,1024,late,data,cost,0.8372389200203769,3926
ACI-EVENT,S5,1024,late,data,delay,0.8354559347936832,3926
ACI-EVENT,S5,1025,warmup,probe,cost,0.91125,800
ACI-EVENT,S5,1025,warmup,probe,delay,0.8975,800
ACI-EVENT,S5,1025,warmup,data,cost,0.9024691358024691,810
ACI-EVENT,S5,1025,warmup,data,delay,0.891358024691358,810
ACI-EVENT,S5,1025,early,probe,cost,0.8914285714285715,1400
ACI-EVENT,S5,1025,early,probe,delay,0.8935714285714286,1400
ACI-EVENT,S5,1025,early,data,cost,0.8670756646216768,1467
ACI-EVENT,S5,1025,early,data,delay,0.863667348329925,1467
ACI-EVENT,S5,1025,middle,probe,cost,0.9063042220936958,1729
ACI-EVENT,S5,1025,middle,probe,delay,0.9016772700983228,1729
ACI-EVENT,S5,1025,middle,data,cost,0.8352893565358155,2471
ACI-EVENT,S5,1025,middle,data,delay,0.7984621610683934,2471
ACI-EVENT,S5,1025,late,probe,cost,0.9014830508474576,1888
ACI-EVENT,S5,1025,late,probe,delay,0.903072033898305,1888
ACI-EVENT,S5,1025,late,data,cost,0.8118544023610428,4066
ACI-EVENT,S5,1025,late,data,delay,0.7850467289719626,4066
ACI-EVENT,S5,1026,warmup,probe,cost,0.88875,800
ACI-EVENT,S5,1026,warmup,probe,delay,0.885,800
ACI-EVENT,S5,1026,warmup,data,cost,0.8899521531100478,836
ACI-EVENT,S5,1026,warmup,data,delay,0.8851674641148325,836
ACI-EVENT,S5,1026,early,probe,cost,0.9035714285714286,1400
ACI-EVENT,S5,1026,early,probe,delay,0.9028571428571428,1400
ACI-EVENT,S5,1026,early,data,cost,0.8851674641148325,1463
ACI-EVENT,S5,1026,early,data,delay,0.8742310321257689,1463
ACI-EVENT,S5,1026,middle,probe,cost,0.9014002333722287,1714
ACI-EVENT,S5,1026,middle,probe,delay,0.8978996499416569,1714
ACI-EVENT,S5,1026,middle,data,cost,0.8562850280224179,2498
ACI-EVENT,S5,1026,middle,data,delay,0.8062449959967974,2498
ACI-EVENT,S5,1026,late,probe,cost,0.8971006253553155,1759
ACI-EVENT,S5,1026,late,probe,delay,0.9050596930073905,1759
ACI-EVENT,S5,1026,late,data,cost,0.8380976473564381,3953
ACI-EVENT,S5,1026,late,data,delay,0.8249430812041487,3953
ACI-EVENT,S5,1027,warmup,probe,cost,0.8975,800
ACI-EVENT,S5,1027,warmup,probe,delay,0.89625,800
ACI-EVENT,S5,1027,warmup,data,cost,0.89,800
ACI-EVENT,S5,1027,warmup,data,delay,0.885,800
ACI-EVENT,S5,1027,early,probe,cost,0.9035714285714286,1400
ACI-EVENT,S5,1027,early,probe,delay,0.8992857142857142,1400
ACI-EVENT,S5,1027,early,data,cost,0.8596008258774949,1453
ACI-EVENT,S5,1027,early,data,delay,0.8547832071576049,1453
ACI-EVENT,S5,1027,middle,probe,cost,0.8989023685730791,1731
ACI-EVENT,S5,1027,middle,probe,delay,0.901790872328134,1731
ACI-EVENT,S5,1027,middle,data,cost,0.8279483037156704,2476
ACI-EVENT,S5,1027,middle,data,delay,0.7875605815831987,2476
ACI-EVENT,S5,1027,late,probe,cost,0.8968565815324165,2036
ACI-EVENT,S5,1027,late,probe,delay,0.8983300589390962,2036
ACI-EVENT,S5,1027,late,data,cost,0.813953488372093,4214
ACI-EVENT,S5,1027,late,data,delay,0.7980541053630754,4214
ACI-EVENT,S5,1028,warmup,probe,cost,0.895,800
ACI-EVENT,S5,1028,warmup,probe,delay,0.8975,800
ACI-EVENT,S5,1028,warmup,data,cost,0.8997555012224939,818
ACI-EVENT,S5,1028,warmup,data,delay,0.8985330073349633,818
ACI-EVENT,S5,1028,early,probe,cost,0.8985714285714286,1400
ACI-EVENT,S5,1028,early,probe,delay,0.8957142857142857,1400
ACI-EVENT,S5,1028,early,data,cost,0.8709002093510119,1433
ACI-EVENT,S5,1028,early,data,delay,0.8639218422889045,1433
ACI-EVENT,S5,1028,middle,probe,cost,0.9027617951668585,1738
ACI-EVENT,S5,1028,middle,probe,delay,0.9021864211737629,1738
ACI-EVENT,S5,1028,middle,data,cost,0.8520900321543409,2488
ACI-EVENT,S5,1028,middle,data,delay,0.8227491961414791,2488
ACI-EVENT,S5,1028,late,probe,cost,0.9011156186612576,1972
ACI-EVENT,S5,1028,late,probe,delay,0.9026369168356998,1972
ACI-EVENT,S5,1028,late,data,cost,0.8137815927515498,4194
ACI-EVENT,S5,1028,late,data,delay,0.793037672865999,4194
ACI-EVENT,S5,1029,warmup,probe,cost,0.88375,800
ACI-EVENT,S5,1029,warmup,probe,delay,0.8875,800
ACI-EVENT,S5,1029,warmup,data,cost,0.8864197530864197,810
ACI-EVENT,S5,1029,warmup,data,delay,0.8802469135802469,810
ACI-EVENT,S5,1029,early,probe,cost,0.9,1400
ACI-EVENT,S5,1029,early,probe,delay,0.9035714285714286,1400
ACI-EVENT,S5,1029,early,data,cost,0.8752613240418119,1435
ACI-EVENT,S5,1029,early,data,delay,0.8766550522648083,1435
ACI-EVENT,S5,1029,middle,probe,cost,0.89988358556461,1718
ACI-EVENT,S5,1029,middle,probe,delay,0.8958090803259604,1718
ACI-EVENT,S5,1029,middle,data,cost,0.8482034719418652,2477
ACI-EVENT,S5,1029,middle,data,delay,0.8195397658457811,2477
ACI-EVENT,S5,1029,late,probe,cost,0.8968421052631579,1900
ACI-EVENT,S5,1029,late,probe,delay,0.8989473684210526,1900
ACI-EVENT,S5,1029,late,data,cost,0.8105340160936357,4101
ACI-EVENT,S5,1029,late,data,delay,0.8010241404535479,4101
ACI-PER,S1,1000,warmup,probe,cost,0.88125,800
ACI-PER,S1,1000,warmup,probe,delay,0.88,800
ACI-PER,S1,1000,warmup,data,cost,0.8864197530864197,810
ACI-PER,S1,1000,warmup,data,delay,0.8851851851851852,810
ACI-PER,S1,1000,early,probe,cost,0.9028571428571428,1400
ACI-PER,S1,1000,early,probe,delay,0.9021428571428571,1400
ACI-PER,S1,1000,early,data,cost,0.8855755894590847,1442
ACI-PER,S1,1000,early,data,delay,0.8828016643550625,1442
ACI-PER,S1,1000,middle,probe,cost,0.8927777777777778,1800
ACI-PER,S1,1000,middle,probe,delay,0.8933333333333333,1800
ACI-PER,S1,1000,middle,data,cost,0.8235610543302851,1859
ACI-PER,S1,1000,middle,data,delay,0.8101129639591178,1859
ACI-PER,S1,1000,late,probe,cost,0.9019198664440734,2396
ACI-PER,S1,1000,late,probe,delay,0.9035893155258765,2396
ACI-PER,S1,1000,late,data,cost,0.8368013055895552,2451
ACI-PER,S1,1000,late,data,delay,0.7878416972664218,2451
ACI-PER,S1,1001,warmup,probe,cost,0.89625,800
ACI-PER,S1,1001,warmup,probe,delay,0.89625,800
ACI-PER,S1,1001,warmup,data,cost,0.905982905982906,819
ACI-PER,S1,1001,warmup,data,delay,0.8925518925518926,819
ACI-PER,S1,1001,early,probe,cost,0.9007142857142857,1400
ACI-PER,S1,1001,early,probe,delay,0.9021428571428571,1400
ACI-PER,S1,1001,early,data,cost,0.8631074606433949,1461
ACI-PER,S1,1001,early,data,delay,0.8631074606433949,1461
ACI-PER,S1,1001,middle,probe,cost,0.8983333333333333,1800
ACI-PER,S1,1001,middle,probe,delay,0.8961111111111111,1800
ACI-PER,S1,1001,middle,data,cost,0.8358695652173913,1840
ACI-PER,S1,1001,middle,data,delay,0.7967391304347826,1840
ACI-PER,S1,1001,late,probe,cost,0.9017896115233522,2291
ACI-PER,S1,1001,late,probe,delay,0.9035355739851593,2291
ACI-PER,S1,1001,late,data,cost,0.7836038285476488,2403
ACI-PER,S1,1001,late,data,delay,0.7357469829379941,2403
ACI-PER,S1,1002,warmup,probe,cost,0.90375,800
ACI-PER,S1,1002,warmup,probe,delay,0.91,800
ACI-PER,S1,1002,warmup,data,cost,0.9169719169719169,819
ACI-PER,S1,1002,warmup,data,delay,0.9084249084249084,819
ACI-PER,S1,1002,early,probe,cost,0.8992857142857142,1400
ACI-PER,S1,1002,early,probe,delay,0.9007142857142857,1400
ACI-PER,S1,1002,early,data,cost,0.8671280276816609,1445
ACI-PER,S1,1002,early,data,delay,0.8636678200692042,1445
ACI-PER,S1,1002,middle,probe,cost,0.8877777777777778,1800
ACI-PER,S1,1002,middle,probe,delay,0.8877777777777778,1800
ACI-PER,S1,1002,middle,data,cost,0.8403805496828752,1892
ACI-PER,S1,1002,middle,data,delay,0.8102536997885835,1892
ACI-PER,S1,1002,late,probe,cost,0.9079780498100465,2369
ACI-PER,S1,1002,late,probe,delay,0.9058674546222034,2369
ACI-PER,S1,1002,late,data,cost,0.8184426229508197,2440
ACI-PER,S1,1002,late,data,delay,0.7528688524590164,2440
ACI-PER,S1,1003,warmup,probe,cost,0.88375,800
ACI-PER,S1,1003,warmup,probe,delay,0.8775,800
ACI-PER,S1,1003,warmup,data,cost,0.8975308641975308,810
ACI-PER,S1,1003,warmup,data,delay,0.8901234567901235,810
ACI-PER,S1,1003,early,probe,cost,0.8971428571428571,1400
ACI-PER,S1,1003,early,probe,delay,0.8985714285714286,1400
ACI-PER,S1,1003,early,data,cost,0.876317638791286,1423
ACI-PER,S1,1003,early,data,delay,0.8791286015460296,1423
ACI-PER,S1,1003,middle,probe,cost,0.8961111111111111,1800
ACI-PER,S1,1003,middle,probe,delay,0.8922222222222222,1800
ACI-PER,S1,1003,middle,data,cost,0.8416666666666667,1800
ACI-PER,S1,1003,middle,data,delay,0.8011111111111111,1800
ACI-PER,S1,1003,late,probe,cost,0.9052721817402486,2333
ACI-PER,S1,1003,late,probe,delay,0.906986712387484,2333
ACI-PER,S1,1003,late,data,cost,0.8278858088539511,2417
ACI-PER,S1,1003,late,data,delay,0.7670666115018618,2417
ACI-PER,S1,1004,warmup,probe,cost,0.9025,800
ACI-PER,S1,1004,warmup,probe,delay,0.89625,800
ACI-PER,S1,1004,warmup,data,cost,0.8733087330873309,813
ACI-PER,S1,1004,warmup,data,delay,0.8585485854858549,813
ACI-PER,S1,1004,early,probe,cost,0.9042857142857142,1400
ACI-PER,S1,1004,early,probe,delay,0.9014285714285715,1400
ACI-PER,S1,1004,early,data,cost,0.8806699232379623,1433
ACI-PER,S1,1004,early,data,delay,0.8709002093510119,1433
ACI-PER,S1,1004,middle,probe,cost,0.8966666666666666,1800
ACI-PER,S1,1004,middle,probe,delay,0.8955555555555555,1800
ACI-PER,S1,1004,middle,data,cost,0.8611713665943601,1844
ACI-PER,S1,1004,middle,data,delay,0.8308026030368764,1844
ACI-PER,S1,1004,late,probe,cost,0.90183525394793,2343
ACI-PER,S1,1004,late,probe,delay,0.9056764831412719,2343
ACI-PER,S1,1004,late,data,cost,0.8152577319587628,2425
ACI-PER,S1,1004,late,data,delay,0.7694845360824742,2425
ACI-PER,S1,1005,warmup,probe,cost,0.895,800
ACI-PER,S1,1005,warmup,probe,delay,0.9025,800
ACI-PER,S1,1005,warmup,data,cost,0.8594132029339854,818
ACI-PER,S1,1005,warmup,data,delay,0.8533007334963325,818
ACI-PER,S1,1005,early,probe,cost,0.8957142857142857,1400
ACI-PER,S1,1005,early,probe,delay,0.8942857142857142,1400
ACI-PER,S1,1005,early,data,cost,0.8594405594405594,1430
ACI-PER,S1,1005,early,data,delay,0.8545454545454545,1430
ACI-PER,S1,1005,middle,probe,cost,0.8994444444444445,1800
ACI-PER,S1,1005,middle,probe,delay,0.9,1800
ACI-PER,S1,1005,middle,data,cost,0.8583333333333333,1800
ACI-PER,S1,1005,middle,data,delay,0.815,1800
ACI-PER,S1,1005,late,probe,cost,0.9034213945430922,2309
ACI-PER,S1,1005,late,probe,delay,0.9047206582936336,2309
ACI-PER,S1,1005,late,data,cost,0.8251252086811353,2396
ACI-PER,S1,1005,late,data,delay,0.7570951585976627,2396
ACI-PER,S1,1006,warmup,probe,cost,0.91375,800
ACI-PER,S1,1006,warmup,probe,delay,0.90375,800
ACI-PER,S1,1006,warmup,data,cost,0.8878048780487805,820
ACI-PER,S1,1006,warmup,data,delay,0.875609756097561,820
ACI-PER,S1,1006,early,probe,cost,0.8992857142857142,1400
ACI-PER,S1,1006,early,probe,delay,0.8992857142857142,1400
ACI-PER,S1,1006,early,data,cost,0.8807901907356949,1468
ACI-PER,S1,1006,early,data,delay,0.8773841961852861,1468
ACI-PER,S1,1006,middle,probe,cost,0.8972222222222223,1800
ACI-PER,S1,1006,middle,probe,delay,0.8944444444444445,1800
ACI-PER,S1,1006,middle,data,cost,0.8411924119241192,1845
ACI-PER,S1,1006,middle,data,delay,0.8119241192411925,1845
ACI-PER,S1,1006,late,probe,cost,0.9031569965870307,2344
ACI-PER,S1,1006,late,probe,delay,0.9044368600682594,2344
ACI-PER,S1,1006,late,data,cost,0.8258038258038258,2457
ACI-PER,S1,1006,late,data,delay,0.7769637769637769,2457
ACI-PER,S1,1007,warmup,probe,cost,0.89625,800
ACI-PER,S1,1007,warmup,probe,delay,0.89875,800
ACI-PER,S1,1007,warmup,data,cost,0.8848920863309353,834
ACI-PER,S1,1007,warmup,data,delay,0.8597122302158273,834
ACI-PER,S1,1007,early,probe,cost,0.9078571428571428,1400
ACI-PER,S1,1007,early,probe,delay,0.9064285714285715,1400
ACI-PER,S1,1007,early,data,cost,0.8655172413793103,1450
ACI-PER,S1,1007,early,data,delay,0.8606896551724138,1450
ACI-PER,S1,1007,middle,probe,cost,0.8916666666666667,1800
ACI-PER,S1,1007,middle,probe,delay,0.8905555555555555,1800
ACI-PER,S1,1007,middle,data,cost,0.8188286808976464,1827
ACI-PER,S1,1007,middle,data,delay,0.8013136288998358,1827
ACI-PER,S1,1007,late,probe,cost,0.8999581414817915,2389
ACI-PER,S1,1007,late,probe,delay,0.9012138970280452,2389
ACI-PER,S1,1007,late,data,cost,0.819926500612495,2449
ACI-PER,S1,1007,late,data,delay,0.7741935483870968,2449
ACI-PER,S1,1008,warmup,probe,cost,0.88875,800
ACI-PER,S1,1008,warmup,probe,delay,0.89625,800
ACI-PER,S1,1008,warmup,data,cost,0.8963051251489869,839
ACI-PER,S1,1008,warmup,data,delay,0.8903456495828367,839
ACI-PER,S1,1008,early,probe,cost,0.9021428571428571,1400
ACI-PER,S1,1008,early,probe,delay,0.8992857142857142,1400
ACI-PER,S1,1008,early,data,cost,0.8767029972752044,1468
ACI-PER,S1,1008,early,data,delay,0.8787465940054496,1468
ACI-PER,S1,1008,middle,probe,cost,0.8955555555555555,1800
ACI-PER,S1,1008,middle,probe,delay,0.8977777777777778,1800
ACI-PER,S1,1008,middle,data,cost,0.8355297838692672,1897
ACI-PER,S1,1008,middle,data,delay,0.8270954138112809,1897
ACI-PER,S1,1008,late,probe,cost,0.9015764806135492,2347
ACI-PER,S1,1008,late,probe,delay,0.902002556455049,2347
ACI-PER,S1,1008,late,data,cost,0.8216326530612245,2450
ACI-PER,S1,1008,late,data,delay,0.7759183673469388,2450
ACI-PER,S1,1009,warmup,probe,cost,0.9025,800
ACI-PER,S1,1009,warmup,probe,delay,0.9,800
ACI-PER,S1,1009,warmup,data,cost,0.894993894993895,819
ACI-PER,S1,1009,warmup,data,delay,0.8803418803418803,819
ACI-PER,S1,1009,early,probe,cost,0.9,1400
ACI-PER,S1,1009,early,probe,delay,0.9021428571428571,1400
ACI-PER,S1,1009,early,data,cost,0.8971704623878537,1449
ACI-PER,S1,1009,early,data,delay,0.8930296756383713,1449
ACI-PER,S1,1009,middle,probe,cost,0.8955555555555555,1800
ACI-PER,S1,1009,middle,probe,delay,0.8944444444444445,1800
ACI-PER,S1,1009,middle,data,cost,0.8502087682672234,1916
ACI-PER,S1,1009,middle,data,delay,0.8215031315240083,1916
ACI-PER,S1,1009,late,probe,cost,0.9025594970812753,2227
ACI-PER,S1,1009,late,probe,delay,0.9034575662325999,2227
ACI-PER,S1,1009,late,data,cost,0.8097418817651957,2402
ACI-PER,S1,1009,late,data,delay,0.7597835137385512,2402
ACI-PER,S1,1010,warmup,probe,cost,0.895,800
ACI-PER,S1,1010,warmup,probe,delay,0.89,800
ACI-PER,S1,1010,warmup,data,cost,0.875453446191052,827
ACI-PER,S1,1010,warmup,data,delay,0.8730350665054414,827
ACI-PER,S1,1010,early,probe,cost,0.8971428571428571,1400
ACI-PER,S1,1010,early,probe,delay,0.8971428571428571,1400
ACI-PER,S1,1010,early,data,cost,0.8723835246455098,1481
ACI-PER,S1,1010,early,data,delay,0.8683322079675895,1481
ACI-PER,S1,1010,middle,probe,cost,0.8961111111111111,1800
ACI-PER,S1,1010,middle,probe,delay,0.8961111111111111,1800
ACI-PER,S1,1010,middle,data,cost,0.8355297838692672,1897
ACI-PER,S1,1010,middle,data,delay,0.8265682656826568,1897
ACI-PER,S1,1010,late,probe,cost,0.8998646820027063,2217
ACI-PER,S1,1010,late,probe,delay,0.9021199819576003,2217
ACI-PER,S1,1010,late,data,cost,0.8116063919259883,2378
ACI-PER,S1,1010,late,data,delay,0.7796467619848613,2378
ACI-PER,S1,1011,warmup,probe,cost,0.8825,800
ACI-PER,S1,1011,warmup,probe,delay,0.8925,800
ACI-PER,S1,1011,warmup,data,cost,0.8876678876678876,819
ACI-PER,S1,1011,warmup,data,delay,0.8852258852258852,819
ACI-PER,S1,1011,early,probe,cost,0.8985714285714286,1400
ACI-PER,S1,1011,early,probe,delay,0.8971428571428571,1400
ACI-PER,S1,1011,early,data,cost,0.888283378746594,1468
ACI-PER,S1,1011,early,data,delay,0.8821525885558583,1468
ACI-PER,S1,1011,middle,probe,cost,0.8983333333333333,1800
ACI-PER,S1,1011,middle,probe,delay,0.8994444444444445,1800
ACI-PER,S1,1011,middle,data,cost,0.866418307610431,1879
ACI-PER,S1,1011,middle,data,delay,0.8477913783927621,1879
ACI-PER,S1,1011,late,probe,cost,0.9000432713111207,2311
ACI-PER,S1,1011,late,probe,delay,0.9022068368671571,2311
ACI-PER,S1,1011,late,data,cost,0.8275154004106776,2435
ACI-PER,S1,1011,late,data,delay,0.7893223819301848,2435
ACI-PER,S1,1012,warmup,probe,cost,0.89875,800
ACI-PER,S1,1012,warmup,probe,delay,0.895,800
ACI-PER,S1,1012,warmup,data,cost,0.8682926829268293,820
ACI-PER,S1,1012,warmup,data,delay,0.8658536585365854,820
ACI-PER,S1,1012,early,probe,cost,0.8978571428571429,1400
ACI-PER,S1,1012,early,probe,delay,0.8992857142857142,1400
ACI-PER,S1,1012,early,data,cost,0.8793584379358438,1434
ACI-PER,S1,1012,early,data,delay,0.8737796373779637,1434
ACI-PER,S1,1012,middle,probe,cost,0.8988888888888888,1800
ACI-PER,S1,1012,middle,probe,delay,0.8961111111111111,1800
ACI-PER,S1,1012,middle,data,cost,0.855213398163155,1851
ACI-PER,S1,1012,middle,data,delay,0.842247433819557,1851
ACI-PER,S1,1012,late,probe,cost,0.8971765697429415,2373
ACI-PER,S1,1012,late,probe,delay,0.9009692372524231,2373
ACI-PER,S1,1012,late,data,cost,0.826302729528536,2418
ACI-PER,S1,1012,late,data,delay,0.7915632754342432,2418
ACI-PER,S1,1013,warmup,probe,cost,0.90125,800
ACI-PER,S1,1013,warmup,probe,delay,0.8875,800
ACI-PER,S1,1013,warmup,data,cost,0.8955773955773956,814
ACI-PER,S1,1013,warmup,data,delay,0.8845208845208845,814
ACI-PER,S1,1013,early,probe,cost,0.8985714285714286,1400
ACI-PER,S1,1013,early,probe,delay,0.8978571428571429,1400
ACI-PER,S1,1013,early,data,cost,0.8667979002624672,1524
ACI-PER,S1,1013,early,data,delay,0.8595800524934383,1524
ACI-PER,S1,1013,middle,probe,cost,0.8988888888888888,1800
ACI-PER,S1,1013,middle,probe,delay,0.8994444444444445,1800
ACI-PER,S1,1013,middle,data,cost,0.8334198235599377,1927
ACI-PER,S1,1013,middle,data,delay,0.8147379346133887,1927
ACI-PER,S1,1013,late,probe,cost,0.9008264462809917,2178
ACI-PER,S1,1013,late,probe,delay,0.898989898989899,2178
ACI-PER,S1,1013,late,data,cost,0.8363182007496877,2401
ACI-PER,S1,1013,late,data,delay,0.8104956268221575,2401
ACI-PER,S1,1014,warmup,probe,cost,0.90625,800
ACI-PER,S1,1014,warmup,probe,delay,0.905,800
ACI-PER,S1,1014,warmup,data,cost,0.8890243902439025,820
ACI-PER,S1,1014,warmup,data,delay,0.8792682926829268,820
ACI-PER,S1,1014,early,probe,cost,0.8978571428571429,1400
ACI-PER,S1,1014,early,probe,delay,0.8992857142857142,1400
ACI-PER,S1,1014,early,data,cost,0.8852005532503457,1446
ACI-PER,S1,1014,early,data,delay,0.8810511756569848,1446
ACI-PER,S1,1014,middle,probe,cost,0.8977777777777778,1800
ACI-PER,S1,1014,middle,probe,delay,0.895,1800
ACI-PER,S1,1014,middle,data,cost,0.8494167550371156,1886
ACI-PER,S1,1014,middle,data,delay,0.8160127253446448,1886
ACI-PER,S1,1014,late,probe,cost,0.9003407155025553,2348
ACI-PER,S1,1014,late,probe,delay,0.9028960817717206,2348
ACI-PER,S1,1014,late,data,cost,0.8122684232194318,2429
ACI-PER,S1,1014,late,data,delay,0.7842733635240839,2429
ACI-PER,S1,1015,warmup,probe,cost,0.89,800
ACI-PER,S1,1015,warmup,probe,delay,0.8975,800
ACI-PER,S1,1015,warmup,data,cost,0.8878048780487805,820
ACI-PER,S1,1015,warmup,data,delay,0.8804878048780488,820
ACI-PER,S1,1015,early,probe,cost,0.9035714285714286,1400
ACI-PER,S1,1015,early,probe,delay,0.905,1400
ACI-PER,S1,1015,early,data,cost,0.8737658674188998,1418
ACI-PER,S1,1015,early,data,delay,0.8737658674188998,1418
ACI-PER,S1,1015,middle,probe,cost,0.8927777777777778,1800
ACI-PER,S1,1015,middle,probe,delay,0.8916666666666667,1800
ACI-PER,S1,1015,middle,data,cost,0.8657865786578658,1818
ACI-PER,S1,1015,middle,data,delay,0.8294829482948295,1818
ACI-PER,S1,1015,late,probe,cost,0.9038213825676256,2329
ACI-PER,S1,1015,late,probe,delay,0.9008158007728639,2329
ACI-PER,S1,1015,late,data,cost,0.8023111844820471,2423
ACI-PER,S1,1015,late,data,delay,0.7478332645480809,2423
ACI-PER,S1,1016,warmup,probe,cost,0.91625,800
ACI-PER,S1,1016,warmup,probe,delay,0.915,800
ACI-PER,S1,1016,warmup,data,cost,0.884004884004884,819
ACI-PER,S1,1016,warmup,data,delay,0.8803418803418803,819
ACI-PER,S1,1016,early,probe,cost,0.9035714285714286,1400
ACI-PER,S1,1016,early,probe,delay,0.9042857142857142,1400
ACI-PER,S1,1016,early,data,cost,0.8590277777777777,1440
ACI-PER,S1,1016,early,data,delay,0.85625,1440
ACI-PER,S1,1016,middle,probe,cost,0.8971650917176209,1799
ACI-PER,S1,1016,middle,probe,delay,0.8977209560867149,1799
ACI-PER,S1,1016,middle,data,cost,0.8432956381260097,1857
ACI-PER,S1,1016,middle,data,delay,0.8266020463112547,1857
ACI-PER,S1,1016,late,probe,cost,0.8983529411764706,2125
ACI-PER,S1,1016,late,probe,delay,0.9007058823529411,2125
ACI-PER,S1,1016,late,data,cost,0.8338434630520333,2287
ACI-PER,S1,1016,late,data,delay,0.7966768692610406,2287
ACI-PER,S1,1017,warmup,probe,cost,0.895,800
ACI-PER,S1,1017,warmup,probe,delay,0.89875,800
ACI-PER,S1,1017,warmup,data,cost,0.8776009791921665,817
ACI-PER,S1,1017,warmup,data,delay,0.8788249694002448,817
ACI-PER,S1,1017,early,probe,cost,0.8992857142857142,1400
ACI-PER,S1,1017,early,probe,delay,0.8992857142857142,1400
ACI-PER,S1,1017,early,data,cost,0.8819007686932215,1431
ACI-PER,S1,1017,early,data,delay,0.8853948287910552,1431
ACI-PER,S1,1017,middle,probe,cost,0.89,1800
ACI-PER,S1,1017,middle,probe,delay,0.8961111111111111,1800
ACI-PER,S1,1017,middle,data,cost,0.8573788546255506,1816
ACI-PER,S1,1017,middle,data,delay,0.8133259911894273,1816
ACI-PER,S1,1017,late,probe,cost,0.907399577167019,2365
ACI-PER,S1,1017,late,probe,delay,0.9035940803382664,2365
ACI-PER,S1,1017,late,data,cost,0.8286902286902287,2405
ACI-PER,S1,1017,late,data,delay,0.7754677754677755,2405
ACI-PER,S1,1018,warmup,probe,cost,0.89875,800
ACI-PER,S1,1018,warmup,probe,delay,0.895,800
ACI-PER,S1,1018,warmup,data,cost,0.9,810
ACI-PER,S1,1018,warmup,data,delay,0.891358024691358,810
ACI-PER,S1,1018,early,probe,cost,0.9042857142857142,1400
ACI-PER,S1,1018,early,probe,delay,0.9007142857142857,1400
ACI-PER,S1,1018,early,data,cost,0.8899721448467967,1436
ACI-PER,S1,1018,early,data,delay,0.8788300835654597,1436
ACI-PER,S1,1018,middle,probe,cost,0.8938888888888888,1800
ACI-PER,S1,1018,middle,probe,delay,0.8961111111111111,1800
ACI-PER,S1,1018,middle,data,cost,0.8436147186147186,1848
ACI-PER,S1,1018,middle,data,delay,0.8257575757575758,1848
ACI-PER,S1,1018,late,probe,cost,0.9029166666666667,2400
ACI-PER,S1,1018,late,probe,delay,0.9020833333333333,2400
ACI-PER,S1,1018,late,data,cost,0.8118609406952966,2445
ACI-PER,S1,1018,late,data,delay,0.7595092024539877,2445
ACI-PER,S1,1019,warmup,probe,cost,0.885,800
ACI-PER,S1,1019,warmup,probe,delay,0.89,800
ACI-PER,S1,1019,warmup,data,cost,0.8775,800
ACI-PER,S1,1019,warmup,data,delay,0.87625,800
ACI-PER,S1,1019,early,probe,cost,0.8957142857142857,1400
ACI-PER,S1,1019,early,probe,delay,0.8964285714285715,1400
ACI-PER,S1,1019,early,data,cost,0.875515818431912,1454
ACI-PER,S1,1019,early,data,delay,0.8762035763411279,1454
ACI-PER,S1,1019,middle,probe,cost,0.8944444444444445,1800
ACI-PER,S1,1019,middle,probe,delay,0.8955555555555555,1800
ACI-PER,S1,1019,middle,data,cost,0.8548034934497817,1832
ACI-PER,S1,1019,middle,data,delay,0.8187772925764192,1832
ACI-PER,S1,1019,late,probe,cost,0.9032967032967033,2275
ACI-PER,S1,1019,late,probe,delay,0.9046153846153846,2275
ACI-PER,S1,1019,late,data,cost,0.782757148954332,2343
ACI-PER,S1,1019,late,data,delay,0.7195902688860435,2343
ACI-PER,S1,1020,warmup,probe,cost,0.90625,800
ACI-PER,S1,1020,warmup,probe,delay,0.90875,800
ACI-PER,S1,1020,warmup,data,cost,0.87125,800
ACI-PER,S1,1020,warmup,data,delay,0.875,800
ACI-PER,S1,1020,early,probe,cost,0.8985714285714286,1400
ACI-PER,S1,1020,early,probe,delay,0.9,1400
ACI-PER,S1,1020,early,data,cost,0.8757984386089425,1409
ACI-PER,S1,1020,early,data,delay,0.8694109297374024,1409
ACI-PER,S1,1020,middle,probe,cost,0.8961111111111111,1800
ACI-PER,S1,1020,middle,probe,delay,0.8944444444444445,1800
ACI-PER,S1,1020,middle,data,cost,0.8557213930348259,1809
ACI-PER,S1,1020,middle,data,delay,0.8048645660585959,1809
ACI-PER,S1,1020,late,probe,cost,0.9059278350515464,2328
ACI-PER,S1,1020,late,probe,delay,0.9029209621993127,2328
ACI-PER,S1,1020,late,data,cost,0.811344537815126,2380
ACI-PER,S1,1020,late,data,delay,0.7550420168067227,2380
ACI-PER,S1,1021,warmup,probe,cost,0.8875,800
ACI-PER,S1,1021,warmup,probe,delay,0.88,800
ACI-PER,S1,1021,warmup,data,cost,0.8817073170731707,820
ACI-PER,S1,1021,warmup,data,delay,0.8731707317073171,820
ACI-PER,S1,1021,early,probe,cost,0.8978571428571429,1400
ACI-PER,S1,1021,early,probe,delay,0.9007142857142857,1400
ACI-PER,S1,1021,early,data,cost,0.8855172413793103,1450
ACI-PER,S1,1021,early,data,delay,0.8717241379310345,1450
ACI-PER,S1,1021,middle,probe,cost,0.9033333333333333,1800
ACI-PER,S1,1021,middle,probe,delay,0.8972222222222223,1800
ACI-PER,S1,1021,middle,data,cost,0.8580645161290322,1860
ACI-PER,S1,1021,middle,data,delay,0.806989247311828,1860
ACI-PER,S1,1021,late,probe,cost,0.8992994746059545,2284
ACI-PER,S1,1021,late,probe,delay,0.9001751313485113,2284
ACI-PER,S1,1021,late,data,cost,0.7927631578947368,2432
ACI-PER,S1,1021,late,data,delay,0.7282072368421053,2432
ACI-PER,S1,1022,warmup,probe,cost,0.895,800
ACI-PER,S1,1022,warmup,probe,delay,0.89875,800
ACI-PER,S1,1022,warmup,data,cost,0.8800489596083231,817
ACI-PER,S1,1022,warmup,data,delay,0.8849449204406364,817
ACI-PER,S1,1022,early,probe,cost,0.8992857142857142,1400
ACI-PER,S1,1022,early,probe,delay,0.9014285714285715,1400
ACI-PER,S1,1022,early,data,cost,0.8756046993780235,1447
ACI-PER,S1,1022,early,data,delay,0.8721492743607464,1447
ACI-PER,S1,1022,middle,probe,cost,0.8922222222222222,1800
ACI-PER,S1,1022,middle,probe,delay,0.89,1800
ACI-PER,S1,1022,middle,data,cost,0.8352816153028693,1882
ACI-PER,S1,1022,middle,data,delay,0.8108395324123273,1882
ACI-PER,S1,1022,late,probe,cost,0.9020510673922143,2389
ACI-PER,S1,1022,late,probe,delay,0.9049811636668061,2389
ACI-PER,S1,1022,late,data,cost,0.8185858585858586,2475
ACI-PER,S1,1022,late,data,delay,0.7608080808080808,2475
ACI-PER,S1,1023,warmup,probe,cost,0.88875,800
ACI-PER,S1,1023,warmup,probe,delay,0.88875,800
ACI-PER,S1,1023,warmup,data,cost,0.8822085889570552,815
ACI-PER,S1,1023,warmup,data,delay,0.8785276073619632,815
ACI-PER,S1,1023,early,probe,cost,0.9014285714285715,1400
ACI-PER,S1,1023,early,probe,delay,0.8978571428571429,1400
ACI-PER,S1,1023,early,data,cost,0.8683127572016461,1458
ACI-PER,S1,1023,early,data,delay,0.8641975308641975,1458
ACI-PER,S1,1023,middle,probe,cost,0.8966666666666666,1800
ACI-PER,S1,1023,middle,probe,delay,0.8961111111111111,1800
ACI-PER,S1,1023,middle,data,cost,0.834319526627219,1859
ACI-PER,S1,1023,middle,data,delay,0.8101129639591178,1859
ACI-PER,S1,1023,late,probe,cost,0.9004166666666666,2400
ACI-PER,S1,1023,late,probe,delay,0.9041666666666667,2400
ACI-PER,S1,1023,late,data,cost,0.8069958847736626,2430
ACI-PER,S1,1023,late,data,delay,0.7530864197530864,2430
ACI-PER,S1,1024,warmup,probe,cost,0.88375,800
ACI-PER,S1,1024,warmup,probe,delay,0.8775,800
ACI-PER,S1,1024,warmup,data,cost,0.9034564958283671,839
ACI-PER,S1,1024,warmup,data,delay,0.8939213349225268,839
ACI-PER,S1,1024,early,probe,cost,0.8992857142857142,1400
ACI-PER,S1,1024,early,probe,delay,0.8978571428571429,1400
ACI-PER,S1,1024,early,data,cost,0.886223440712817,1459
ACI-PER,S1,1024,early,data,delay,0.8786840301576422,1459
ACI-PER,S1,1024,middle,probe,cost,0.8944444444444445,1800
ACI-PER,S1,1024,middle,probe,delay,0.8933333333333333,1800
ACI-PER,S1,1024,middle,data,cost,0.8598484848484849,1848
ACI-PER,S1,1024,middle,data,delay,0.8300865800865801,1848
ACI-PER,S1,1024,late,probe,cost,0.9021329987452948,2391
ACI-PER,S1,1024,late,probe,delay,0.9071518193224593,2391
ACI-PER,S1,1024,late,data,cost,0.8325716659742418,2407
ACI-PER,S1,1024,late,data,delay,0.7835479850436228,2407
ACI-PER,S1,1025,warmup,probe,cost,0.91125,800
ACI-PER,S1,1025,warmup,probe,delay,0.8975,800
ACI-PER,S1,1025,warmup,data,cost,0.9024691358024691,810
ACI-PER,S1,1025,warmup,data,delay,0.891358024691358,810
ACI-PER,S1,1025,early,probe,cost,0.8935714285714286,1400
ACI-PER,S1,1025,early,probe,delay,0.8942857142857142,1400
ACI-PER,S1,1025,early,data,cost,0.8670756646216768,1467
ACI-PER,S1,1025,early,data,delay,0.8643490115882754,1467
ACI-PER,S1,1025,middle,probe,cost,0.8994444444444445,1800
ACI-PER,S1,1025,middle,probe,delay,0.9,1800
ACI-PER,S1,1025,middle,data,cost,0.8547606239913932,1859
ACI-PER,S1,1025,middle,data,delay,0.8327057557826789,1859
ACI-PER,S1,1025,late,probe,cost,0.9018166089965398,2312
ACI-PER,S1,1025,late,probe,delay,0.9013840830449827,2312
ACI-PER,S1,1025,late,data,cost,0.79766860949209,2402
ACI-PER,S1,1025,late,data,delay,0.7626977518734388,2402
ACI-PER,S1,1026,warmup,probe,cost,0.88875,800
ACI-PER,S1,1026,warmup,probe,delay,0.885,800
ACI-PER,S1,1026,warmup,data,cost,0.8899521531100478,836
ACI-PER,S1,1026,warmup,data,delay,0.8851674641148325,836
ACI-PER,S1,1026,early,probe,cost,0.9035714285714286,1400
ACI-PER,S1,1026,early,probe,delay,0.9028571428571428,1400
ACI-PER,S1,1026,early,data,cost,0.8879015721120984,1463
ACI-PER,S1,1026,early,data,delay,0.8769651401230348,1463
ACI-PER,S1,1026,middle,probe,cost,0.8922222222222222,1800
ACI-PER,S1,1026,middle,probe,delay,0.8927777777777778,1800
ACI-PER,S1,1026,middle,data,cost,0.8556263269639066,1884
ACI-PER,S1,1026,middle,data,delay,0.8434182590233545,1884
ACI-PER,S1,1026,late,probe,cost,0.9007881316643487,2157
ACI-PER,S1,1026,late,probe,delay,0.9007881316643487,2157
ACI-PER,S1,1026,late,data,cost,0.8241291418861513,2354
ACI-PER,S1,1026,late,data,delay,0.7931180968564147,2354
ACI-PER,S1,1027,warmup,probe,cost,0.8975,800
ACI-PER,S1,1027,warmup,probe,delay,0.89625,800
ACI-PER,S1,1027,warmup,data,cost,0.89,800
ACI-PER,S1,1027,warmup,data,delay,0.885,800
ACI-PER,S1,1027,early,probe,cost,0.9021428571428571,1400
ACI-PER,S1,1027,early,probe,delay,0.9,1400
ACI-PER,S1,1027,early,data,cost,0.8623537508602891,1453
ACI-PER,S1,1027,early,data,delay,0.8575361321403991,1453
ACI-PER,S1,1027,middle,probe,cost,0.8916666666666667,1800
ACI-PER,S1,1027,middle,probe,delay,0.8961111111111111,1800
ACI-PER,S1,1027,middle,data,cost,0.8491471215351812,1876
ACI-PER,S1,1027,middle,data,delay,0.82409381663113,1876
ACI-PER,S1,1027,late,probe,cost,0.9029003783102144,2379
ACI-PER,S1,1027,late,probe,delay,0.9033207229928542,2379
ACI-PER,S1,1027,late,data,cost,0.79766860949209,2402
ACI-PER,S1,1027,late,data,delay,0.7497918401332223,2402
ACI-PER,S1,1028,warmup,probe,cost,0.895,800
ACI-PER,S1,1028,warmup,probe,delay,0.8975,800
ACI-PER,S1,1028,warmup,data,cost,0.8997555012224939,818
ACI-PER,S1,1028,warmup,data,delay,0.8985330073349633,818
ACI-PER,S1,1028,early,probe,cost,0.8992857142857142,1400
ACI-PER,S1,1028,early,probe,delay,0.895,1400
ACI-PER,S1,1028,early,data,cost,0.8729937194696441,1433
ACI-PER,S1,1028,early,data,delay,0.8660153524075367,1433
ACI-PER,S1,1028,middle,probe,cost,0.8944444444444445,1800
ACI-PER,S1,1028,middle,probe,delay,0.8972222222222223,1800
ACI-PER,S1,1028,middle,data,cost,0.8584499461786868,1858
ACI-PER,S1,1028,middle,data,delay,0.8390742734122713,1858
ACI-PER,S1,1028,late,probe,cost,0.9014329135909683,2303
ACI-PER,S1,1028,late,probe,delay,0.9040382110290925,2303
ACI-PER,S1,1028,late,data,cost,0.8164372131831455,2397
ACI-PER,S1,1028,late,data,delay,0.771380892782645,2397
ACI-PER,S1,1029,warmup,probe,cost,0.88375,800
ACI-PER,S1,1029,warmup,probe,delay,0.8875,800
ACI-PER,S1,1029,warmup,data,cost,0.8864197530864197,810
ACI-PER,S1,1029,warmup,data,delay,0.8802469135802469,810
ACI-PER,S1,1029,early,probe,cost,0.9,1400
ACI-PER,S1,1029,early,probe,delay,0.9042857142857142,1400
ACI-PER,S1,1029,early,data,cost,0.8752613240418119,1435
ACI-PER,S1,1029,early,data,delay,0.8773519163763066,1435
ACI-PER,S1,1029,middle,probe,cost,0.8961111111111111,1800
ACI-PER,S1,1029,middle,probe,delay,0.8911111111111111,1800
ACI-PER,S1,1029,middle,data,cost,0.8644251626898047,1844
ACI-PER,S1,1029,middle,data,delay,0.8232104121475055,1844
ACI-PER,S1,1029,late,probe,cost,0.9002197802197802,2275
ACI-PER,S1,1029,late,probe,delay,0.9037362637362637,2275
ACI-PER,S1,1029,late,data,cost,0.8450168918918919,2368
ACI-PER,S1,1029,late,data,delay,0.792652027027027,2368
ACI-PER,S2,1000,warmup,probe,cost,0.88125,800
ACI-PER,S2,1000,warmup,probe,delay,0.88,800
ACI-PER,S2,1000,warmup,data,cost,0.8864197530864197,810
ACI-PER,S2,1000,warmup,data,delay,0.8851851851851852,810
ACI-PER,S2,1000,early,probe,cost,0.9035714285714286,1400
ACI-PER,S2,1000,early,probe,delay,0.9021428571428571,1400
ACI-PER,S2,1000,early,data,cost,0.8869625520110958,1442
ACI-PER,S2,1000,early,data,delay,0.8841886269070736,1442
ACI-PER,S2,1000,middle,probe,cost,0.8955555555555555,1800
ACI-PER,S2,1000,middle,probe,delay,0.8994444444444445,1800
ACI-PER,S2,1000,middle,data,cost,0.7598901098901099,1820
ACI-PER,S2,1000,middle,data,delay,0.7214285714285714,1820
ACI-PER,S2,1000,late,probe,cost,0.9044724272687799,2303
ACI-PER,S2,1000,late,probe,delay,0.9001302648719062,2303
ACI-PER,S2,1000,late,data,cost,0.8646464646464647,2475
ACI-PER,S2,1000,late,data,delay,0.8561616161616161,2475
ACI-PER,S2,1001,warmup,probe,cost,0.89625,800
ACI-PER,S2,1001,warmup,probe,delay,0.89625,800
ACI-PER,S2,1001,warmup,data,cost,0.905982905982906,819
ACI-PER,S2,1001,warmup,data,delay,0.8925518925518926,819
ACI-PER,S2,1001,early,probe,cost,0.9021428571428571,1400
ACI-PER,S2,1001,early,probe,delay,0.9035714285714286,1400
ACI-PER,S2,1001,early,data,cost,0.864476386036961,1461
ACI-PER,S2,1001,early,data,delay,0.864476386036961,1461
ACI-PER,S2,1001,middle,probe,cost,0.8958566629339306,1786
ACI-PER,S2,1001,middle,probe,delay,0.8980963045912654,1786
ACI-PER,S2,1001,middle,data,cost,0.7772277227722773,1818
ACI-PER,S2,1001,middle,data,delay,0.7497249724972497,1818
ACI-PER,S2,1001,late,probe,cost,0.9068843777581642,2266
ACI-PER,S2,1001,late,probe,delay,0.9029126213592233,2266
ACI-PER,S2,1001,late,data,cost,0.8731006160164271,2435
ACI-PER,S2,1001,late,data,delay,0.871047227926078,2435
ACI-PER,S2,1002,warmup,probe,cost,0.90375,800
ACI-PER,S2,1002,warmup,probe,delay,0.91,800
ACI-PER,S2,1002,warmup,data,cost,0.9169719169719169,819
ACI-PER,S2,1002,warmup,data,delay,0.9084249084249084,819
ACI-PER,S2,1002,early,probe,cost,0.8992857142857142,1400
ACI-PER,S2,1002,early,probe,delay,0.9014285714285715,1400
ACI-PER,S2,1002,early,data,cost,0.8685121107266436,1445
ACI-PER,S2,1002,early,data,delay,0.8657439446366783,1445
ACI-PER,S2,1002,middle,probe,cost,0.8994444444444445,1800
ACI-PER,S2,1002,middle,probe,delay,0.8972222222222223,1800
ACI-PER,S2,1002,middle,data,cost,0.7876154263986963,1841
ACI-PER,S2,1002,middle,data,delay,0.7495926127104834,1841
ACI-PER,S2,1002,late,probe,cost,0.9025,2400
ACI-PER,S2,1002,late,probe,delay,0.9033333333333333,2400
ACI-PER,S2,1002,late,data,cost,0.8509266720386784,2482
ACI-PER,S2,1002,late,data,delay,0.8501208702659145,2482
ACI-PER,S2,1003,warmup,probe,cost,0.88375,800
ACI-PER,S2,1003,warmup,probe,delay,0.8775,800
ACI-PER,S2,1003,warmup,data,cost,0.8975308641975308,810
ACI-PER,S2,1003,warmup,data,delay,0.8901234567901235,810
ACI-PER,S2,1003,early,probe,cost,0.8971428571428571,1400
ACI-PER,S2,1003,early,probe,delay,0.8985714285714286,1400
ACI-PER,S2,1003,early,data,cost,0.8791286015460296,1423
ACI-PER,S2,1003,early,data,delay,0.881939564300773,1423
ACI-PER,S2,1003,middle,probe,cost,0.9,1800
ACI-PER,S2,1003,middle,probe,delay,0.9005555555555556,1800
ACI-PER,S2,1003,middle,data,cost,0.81,1800
ACI-PER,S2,1003,middle,data,delay,0.7666666666666667,1800
ACI-PER,S2,1003,late,probe,cost,0.9042045947117469,2307
ACI-PER,S2,1003,late,probe,delay,0.9037711313394018,2307
ACI-PER,S2,1003,late,data,cost,0.8694228407695457,2443
ACI-PER,S2,1003,late,data,delay,0.8616455178059763,2443
ACI-PER,S2,1004,warmup,probe,cost,0.9025,800
ACI-PER,S2,1004,warmup,probe,delay,0.89625,800
ACI-PER,S2,1004,warmup,data,cost,0.8733087330873309,813
ACI-PER,S2,1004,warmup,data,delay,0.8585485854858549,813
ACI-PER,S2,1004,early,probe,cost,0.905,1400
ACI-PER,S2,1004,early,probe,delay,0.9028571428571428,1400
ACI-PER,S2,1004,early,data,cost,0.8820655966503839,1433
ACI-PER,S2,1004,early,data,delay,0.8722958827634334,1433
ACI-PER,S2,1004,middle,probe,cost,0.8933333333333333,1800
ACI-PER,S2,1004,middle,probe,delay,0.895,1800
ACI-PER,S2,1004,middle,data,cost,0.8034235229155163,1811
ACI-PER,S2,1004,middle,data,delay,0.7807840971838763,1811
ACI-PER,S2,1004,late,probe,cost,0.9051651143099069,2362
ACI-PER,S2,1004,late,probe,delay,0.9038950042337003,2362
ACI-PER,S2,1004,late,data,cost,0.8766556291390728,2416
ACI-PER,S2,1004,late,data,delay,0.8770695364238411,2416
ACI-PER,S2,1005,warmup,probe,cost,0.895,800
ACI-PER,S2,1005,warmup,probe,delay,0.9025,800
ACI-PER,S2,1005,warmup,data,cost,0.8594132029339854,818
ACI-PER,S2,1005,warmup,data,delay,0.8533007334963325,818
ACI-PER,S2,1005,early,probe,cost,0.8985714285714286,1400
ACI-PER,S2,1005,early,probe,delay,0.8964285714285715,1400
ACI-PER,S2,1005,early,data,cost,0.8616352201257862,1431
ACI-PER,S2,1005,early,data,delay,0.856743535988819,1431
ACI-PER,S2,1005,middle,probe,cost,0.8983333333333333,1800
ACI-PER,S2,1005,middle,probe,delay,0.9,1800
ACI-PER,S2,1005,middle,data,cost,0.7722498618021006,1809
ACI-PER,S2,1005,middle,data,delay,0.7484798231066888,1809
ACI-PER,S2,1005,late,probe,cost,0.9070833333333334,2400
ACI-PER,S2,1005,late,probe,delay,0.90625,2400
ACI-PER,S2,1005,late,data,cost,0.8540983606557377,2440
ACI-PER,S2,1005,late,data,delay,0.8520491803278688,2440
ACI-PER,S2,1006,warmup,probe,cost,0.91375,800
ACI-PER,S2,1006,warmup,probe,delay,0.90375,800
ACI-PER,S2,1006,warmup,data,cost,0.8878048780487805,820
ACI-PER,S2,1006,warmup,data,delay,0.875609756097561,820
ACI-PER,S2,1006,early,probe,cost,0.9014285714285715,1400
ACI-PER,S2,1006,early,probe,delay,0.9014285714285715,1400
ACI-PER,S2,1006,early,data,cost,0.8841961852861036,1468
ACI-PER,S2,1006,early,data,delay,0.8801089918256131,1468
ACI-PER,S2,1006,middle,probe,cost,0.895,1800
ACI-PER,S2,1006,middle,probe,delay,0.8938888888888888,1800
ACI-PER,S2,1006,middle,data,cost,0.7691048034934498,1832
ACI-PER,S2,1006,middle,data,delay,0.7210698689956332,1832
ACI-PER,S2,1006,late,probe,cost,0.9073913043478261,2300
ACI-PER,S2,1006,late,probe,delay,0.908695652173913,2300
ACI-PER,S2,1006,late,data,cost,0.8848059454995871,2422
ACI-PER,S2,1006,late,data,delay,0.884393063583815,2422
ACI-PER,S2,1007,warmup,probe,cost,0.89625,800
ACI-PER,S2,1007,warmup,probe,delay,0.89875,800
ACI-PER,S2,1007,warmup,data,cost,0.8848920863309353,834
ACI-PER,S2,1007,warmup,data,delay,0.8597122302158273,834
ACI-PER,S2,1007,early,probe,cost,0.9085714285714286,1400
ACI-PER,S2,1007,early,probe,delay,0.9071428571428571,1400
ACI-PER,S2,1007,early,data,cost,0.8668965517241379,1450
ACI-PER,S2,1007,early,data,delay,0.8620689655172413,1450
ACI-PER,S2,1007,middle,probe,cost,0.8938888888888888,1800
ACI-PER,S2,1007,middle,probe,delay,0.8933333333333333,1800
ACI-PER,S2,1007,middle,data,cost,0.8016393442622951,1830
ACI-PER,S2,1007,middle,data,delay,0.7743169398907104,1830
ACI-PER,S2,1007,late,probe,cost,0.900352733686067,2268
ACI-PER,S2,1007,late,probe,delay,0.9029982363315696,2268
ACI-PER,S2,1007,late,data,cost,0.8821324448146606,2401
ACI-PER,S2,1007,late,data,delay,0.8792169929196169,2401
ACI-PER,S2,1008,warmup,probe,cost,0.88875,800
ACI-PER,S2,1008,warmup,probe,delay,0.89625,800
ACI-PER,S2,1008,warmup,data,cost,0.8963051251489869,839
ACI-PER,S2,1008,warmup,data,delay,0.8903456495828367,839
ACI-PER,S2,1008,early,probe,cost,0.9021428571428571,1400
ACI-PER,S2,1008,early,probe,delay,0.9007142857142857,1400
ACI-PER,S2,1008,early,data,cost,0.8767029972752044,1468
ACI-PER,S2,1008,early,data,delay,0.8780653950953679,1468
ACI-PER,S2,1008,middle,probe,cost,0.8938888888888888,1800
ACI-PER,S2,1008,middle,probe,delay,0.895,1800
ACI-PER,S2,1008,middle,data,cost,0.7841765339074274,1858
ACI-PER,S2,1008,middle,data,delay,0.771259418729817,1858
ACI-PER,S2,1008,late,probe,cost,0.90422417398578,2391
ACI-PER,S2,1008,late,probe,delay,0.9063153492262651,2391
ACI-PER,S2,1008,late,data,cost,0.8770524629555466,2497
ACI-PER,S2,1008,late,data,delay,0.8698438125750901,2497
ACI-PER,S2,1009,warmup,probe,cost,0.9025,800
ACI-PER,S2,1009,warmup,probe,delay,0.9,800
ACI-PER,S2,1009,warmup,data,cost,0.894993894993895,819
ACI-PER,S2,1009,warmup,data,delay,0.8803418803418803,819
ACI-PER,S2,1009,early,probe,cost,0.9007142857142857,1400
ACI-PER,S2,1009,early,probe,delay,0.9028571428571428,1400
ACI-PER,S2,1009,early,data,cost,0.8978605935127675,1449
ACI-PER,S2,1009,early,data,delay,0.893719806763285,1449
ACI-PER,S2,1009,middle,probe,cost,0.8977777777777778,1800
ACI-PER,S2,1009,middle,probe,delay,0.8961111111111111,1800
ACI-PER,S2,1009,middle,data,cost,0.7859093391589296,1831
ACI-PER,S2,1009,middle,data,delay,0.7482250136537412,1831
ACI-PER,S2,1009,late,probe,cost,0.9026958719460826,2374
ACI-PER,S2,1009,late,probe,delay,0.9035383319292334,2374
ACI-PER,S2,1009,late,data,cost,0.8716904276985743,2455
ACI-PER,S2,1009,late,data,delay,0.8578411405295315,2455
ACI-PER,S2,1010,warmup,probe,cost,0.895,800
ACI-PER,S2,1010,warmup,probe,delay,0.89,800
ACI-PER,S2,1010,warmup,data,cost,0.875453446191052,827
ACI-PER,S2,1010,warmup,data,delay,0.8730350665054414,827
ACI-PER,S2,1010,early,probe,cost,0.8971428571428571,1400
ACI-PER,S2,1010,early,probe,delay,0.8978571428571429,1400
ACI-PER,S2,1010,early,data,cost,0.8771100607697502,1481
ACI-PER,S2,1010,early,data,delay,0.8730587440918298,1481
ACI-PER,S2,1010,middle,probe,cost,0.8948247078464107,1797
ACI-PER,S2,1010,middle,probe,delay,0.8970506399554814,1797
ACI-PER,S2,1010,middle,data,cost,0.7727025557368135,1839
ACI-PER,S2,1010,middle,data,delay,0.7417074497009244,1839
ACI-PER,S2,1010,late,probe,cost,0.9110287303058388,2158
ACI-PER,S2,1010,late,probe,delay,0.9101019462465245,2158
ACI-PER,S2,1010,late,data,cost,0.8850866075200676,2367
ACI-PER,S2,1010,late,data,delay,0.8800168990283058,2367
ACI-PER,S2,1011,warmup,probe,cost,0.8825,800
ACI-PER,S2,1011,warmup,probe,delay,0.8925,800
ACI-PER,S2,1011,warmup,data,cost,0.8876678876678876,819
ACI-PER,S2,1011,warmup,data,delay,0.8852258852258852,819
ACI-PER,S2,1011,early,probe,cost,0.9007142857142857,1400
ACI-PER,S2,1011,early,probe,delay,0.8985714285714286,1400
ACI-PER,S2,1011,early,data,cost,0.888283378746594,1468
ACI-PER,S2,1011,early,data,delay,0.8821525885558583,1468
ACI-PER,S2,1011,middle,probe,cost,0.9005555555555556,1800
ACI-PER,S2,1011,middle,probe,delay,0.9005555555555556,1800
ACI-PER,S2,1011,middle,data,cost,0.8119935170178282,1851
ACI-PER,S2,1011,middle,data,delay,0.7903835764451648,1851
ACI-PER,S2,1011,late,probe,cost,0.9030303030303031,2310
ACI-PER,S2,1011,late,probe,delay,0.9025974025974026,2310
ACI-PER,S2,1011,late,data,cost,0.8679950186799502,2409
ACI-PER,S2,1011,late,data,delay,0.8688252386882523,2409
ACI-PER,S2,1012,warmup,probe,cost,0.89875,800
ACI-PER,S2,1012,warmup,probe,delay,0.895,800
ACI-PER,S2,1012,warmup,data,cost,0.8682926829268293,820
ACI-PER,S2,1012,warmup,data,delay,0.8658536585365854,820
ACI-PER,S2,1012,early,probe,cost,0.8992857142857142,1400
ACI-PER,S2,1012,early,probe,delay,0.9007142857142857,1400
ACI-PER,S2,1012,early,data,cost,0.8794425087108014,1435
ACI-PER,S2,1012,early,data,delay,0.8759581881533101,1435
ACI-PER,S2,1012,middle,probe,cost,0.8966666666666666,1800
ACI-PER,S2,1012,middle,probe,delay,0.8966666666666666,1800
ACI-PER,S2,1012,middle,data,cost,0.7991169977924945,1812
ACI-PER,S2,1012,middle,data,delay,0.7626931567328918,1812
ACI-PER,S2,1012,late,probe,cost,0.9013781223083549,2322
ACI-PER,S2,1012,late,probe,delay,0.9018087855297158,2322
ACI-PER,S2,1012,late,data,cost,0.886437908496732,2448
ACI-PER,S2,1012,late,data,delay,0.8745915032679739,2448
ACI-PER,S2,1013,warmup,probe,cost,0.90125,800
ACI-PER,S2,1013,warmup,probe,delay,0.8875,800
ACI-PER,S2,1013,warmup,data,cost,0.8955773955773956,814
ACI-PER,S2,1013,warmup,data,delay,0.8845208845208845,814
ACI-PER,S2,1013,early,probe,cost,0.9,1400
ACI-PER,S2,1013,early,probe,delay,0.9,1400
ACI-PER,S2,1013,early,data,cost,0.868766404199475,1524
ACI-PER,S2,1013,early,data,delay,0.8615485564304461,1524
ACI-PER,S2,1013,middle,probe,cost,0.8944444444444445,1800
ACI-PER,S2,1013,middle,probe,delay,0.8961111111111111,1800
ACI-PER,S2,1013,middle,data,cost,0.7849810913019989,1851
ACI-PER,S2,1013,middle,data,delay,0.7374392220421394,1851
ACI-PER,S2,1013,late,probe,cost,0.9049295774647887,2272
ACI-PER,S2,1013,late,probe,delay,0.9027288732394366,2272
ACI-PER,S2,1013,late,data,cost,0.86479802143446,2426
ACI-PER,S2,1013,late,data,delay,0.8619126133553174,2426
ACI-PER,S2,1014,warmup,probe,cost,0.90625,800
ACI-PER,S2,1014,warmup,probe,delay,0.905,800
ACI-PER,S2,1014,warmup,data,cost,0.8890243902439025,820
ACI-PER,S2,1014,warmup,data,delay,0.8792682926829268,820
ACI-PER,S2,1014,early,probe,cost,0.9,1400
ACI-PER,S2,1014,early,probe,delay,0.9007142857142857,1400
ACI-PER,S2,1014,early,data,cost,0.8872752420470262,1446
ACI-PER,S2,1014,early,data,delay,0.8831258644536653,1446
ACI-PER,S2,1014,middle,probe,cost,0.8972222222222223,1800
ACI-PER,S2,1014,middle,probe,delay,0.8983333333333333,1800
ACI-PER,S2,1014,middle,data,cost,0.7763157894736842,1824
ACI-PER,S2,1014,middle,data,delay,0.7346491228070176,1824
ACI-PER,S2,1014,late,probe,cost,0.9057341442224153,2302
ACI-PER,S2,1014,late,probe,delay,0.9070373588184187,2302
ACI-PER,S2,1014,late,data,cost,0.8600571195430436,2451
ACI-PER,S2,1014,late,data,delay,0.8523051815585475,2451
ACI-PER,S2,1015,warmup,probe,cost,0.89,800
ACI-PER,S2,1015,warmup,probe,delay,0.8975,800
ACI-PER,S2,1015,warmup,data,cost,0.8878048780487805,820
ACI-PER,S2,1015,warmup,data,delay,0.8804878048780488,820
ACI-PER,S2,1015,early,probe,cost,0.9064285714285715,1400
ACI-PER,S2,1015,early,probe,delay,0.9064285714285715,1400
ACI-PER,S2,1015,early,data,cost,0.8751763046544428,1418
ACI-PER,S2,1015,early,data,delay,0.8744710860366713,1418
ACI-PER,S2,1015,middle,probe,cost,0.8911111111111111,1800
ACI-PER,S2,1015,middle,probe,delay,0.8883333333333333,1800
ACI-PER,S2,1015,middle,data,cost,0.7549234135667396,1828
ACI-PER,S2,1015,middle,data,delay,0.6974835886214442,1828
ACI-PER,S2,1015,late,probe,cost,0.9043552519214346,2342
ACI-PER,S2,1015,late,probe,delay,0.9077711357813835,2342
ACI-PER,S2,1015,late,data,cost,0.8644273573452044,2471
ACI-PER,S2,1015,late,data,delay,0.8567381626871712,2471
ACI-PER,S2,1016,warmup,probe,cost,0.91625,800
ACI-PER,S2,1016,warmup,probe,delay,0.915,800
ACI-PER,S2,1016,warmup,data,cost,0.884004884004884,819
ACI-PER,S2,1016,warmup,data,delay,0.8803418803418803,819
ACI-PER,S2,1016,early,probe,cost,0.9057142857142857,1400
ACI-PER,S2,1016,early,probe,delay,0.9057142857142857,1400
ACI-PER,S2,1016,early,data,cost,0.8604166666666667,1440
ACI-PER,S2,1016,early,data,delay,0.8576388888888888,1440
ACI-PER,S2,1016,middle,probe,cost,0.8919840818646958,1759
ACI-PER,S2,1016,middle,probe,delay,0.8936895963615691,1759
ACI-PER,S2,1016,middle,data,cost,0.7886400873839432,1831
ACI-PER,S2,1016,middle,data,delay,0.7454942654287274,1831
ACI-PER,S2,1016,late,probe,cost,0.9072265625,2048
ACI-PER,S2,1016,late,probe,delay,0.9072265625,2048
ACI-PER,S2,1016,late,data,cost,0.8732698961937716,2312
ACI-PER,S2,1016,late,data,delay,0.870674740484429,2312
ACI-PER,S2,1017,warmup,probe,cost,0.895,800
ACI-PER,S2,1017,warmup,probe,delay,0.89875,800
ACI-PER,S2,1017,warmup,data,cost,0.8776009791921665,817
ACI-PER,S2,1017,warmup,data,delay,0.8788249694002448,817
ACI-PER,S2,1017,early,probe,cost,0.8992857142857142,1400
ACI-PER,S2,1017,early,probe,delay,0.8992857142857142,1400
ACI-PER,S2,1017,early,data,cost,0.8825995807127882,1431
ACI-PER,S2,1017,early,data,delay,0.8867924528301887,1431
ACI-PER,S2,1017,middle,probe,cost,0.9011111111111111,1800
ACI-PER,S2,1017,middle,probe,delay,0.9083333333333333,1800
ACI-PER,S2,1017,middle,data,cost,0.7855168601437258,1809
ACI-PER,S2,1017,middle,data,delay,0.7495854063018242,1809
ACI-PER,S2,1017,late,probe,cost,0.9035049762007789,2311
ACI-PER,S2,1017,late,probe,delay,0.8983124188662917,2311
ACI-PER,S2,1017,late,data,cost,0.8702479338842976,2420
ACI-PER,S2,1017,late,data,delay,0.8619834710743801,2420
ACI-PER,S2,1018,warmup,probe,cost,0.89875,800
ACI-PER,S2,1018,warmup,probe,delay,0.895,800
ACI-PER,S2,1018,warmup,data,cost,0.9,810
ACI-PER,S2,1018,warmup,data,delay,0.891358024691358,810
ACI-PER,S2,1018,early,probe,cost,0.9071428571428571,1400
ACI-PER,S2,1018,early,probe,delay,0.9035714285714286,1400
ACI-PER,S2,1018,early,data,cost,0.8906685236768802,1436
ACI-PER,S2,1018,early,data,delay,0.8795264623955432,1436
ACI-PER,S2,1018,middle,probe,cost,0.8932424758659853,1761
ACI-PER,S2,1018,middle,probe,delay,0.8955139125496877,1761
ACI-PER,S2,1018,middle,data,cost,0.7792990142387732,1826
ACI-PER,S2,1018,middle,data,delay,0.7190580503833516,1826
ACI-PER,S2,1018,late,probe,cost,0.9026233881725211,2249
ACI-PER,S2,1018,late,probe,delay,0.902178746109382,2249
ACI-PER,S2,1018,late,data,cost,0.8774139378673383,2382
ACI-PER,S2,1018,late,data,delay,0.8736356003358522,2382
ACI-PER,S2,1019,warmup,probe,cost,0.885,800
ACI-PER,S2,1019,warmup,probe,delay,0.89,800
ACI-PER,S2,1019,warmup,data,cost,0.8775,800
ACI-PER,S2,1019,warmup,data,delay,0.87625,800
ACI-PER,S2,1019,early,probe,cost,0.8964285714285715,1400
ACI-PER,S2,1019,early,probe,delay,0.8971428571428571,1400
ACI-PER,S2,1019,early,data,cost,0.875515818431912,1454
ACI-PER,S2,1019,early,data,delay,0.8762035763411279,1454
ACI-PER,S2,1019,middle,probe,cost,0.8983333333333333,1800
ACI-PER,S2,1019,middle,probe,delay,0.8961111111111111,1800
ACI-PER,S2,1019,middle,data,cost,0.7727272727272727,1804
ACI-PER,S2,1019,middle,data,delay,0.7267184035476718,1804
ACI-PER,S2,1019,late,probe,cost,0.9082013047530288,2146
ACI-PER,S2,1019,late,probe,delay,0.9091332712022367,2146
ACI-PER,S2,1019,late,data,cost,0.8624787775891342,2356
ACI-PER,S2,1019,late,data,delay,0.8578098471986417,2356
ACI-PER,S2,1020,warmup,probe,cost,0.90625,800
ACI-PER,S2,1020,warmup,probe,delay,0.90875,800
ACI-PER,S2,1020,warmup,data,cost,0.87125,800
ACI-PER,S2,1020,warmup,data,delay,0.875,800
ACI-PER,S2,1020,early,probe,cost,0.9,1400
ACI-PER,S2,1020,early,probe,delay,0.8992857142857142,1400
ACI-PER,S2,1020,early,data,cost,0.8757984386089425,1409
ACI-PER,S2,1020,early,data,delay,0.8694109297374024,1409
ACI-PER,S2,1020,middle,probe,cost,0.8983333333333333,1800
ACI-PER,S2,1020,middle,probe,delay,0.8972222222222223,1800
ACI-PER,S2,1020,middle,data,cost,0.7724517906336088,1815
ACI-PER,S2,1020,middle,data,delay,0.7382920110192838,1815
ACI-PER,S2,1020,late,probe,cost,0.9034512887723897,2289
ACI-PER,S2,1020,late,probe,delay,0.9043250327653998,2289
ACI-PER,S2,1020,late,data,cost,0.8558446922759191,2421
ACI-PER,S2,1020,late,data,delay,0.859149111937216,2421
ACI-PER,S2,1021,warmup,probe,cost,0.8875,800
ACI-PER,S2,1021,warmup,probe,delay,0.88,800
ACI-PER,S2,1021,warmup,data,cost,0.8817073170731707,820
ACI-PER,S2,1021,warmup,data,delay,0.8731707317073171,820
ACI-PER,S2,1021,early,probe,cost,0.8978571428571429,1400
ACI-PER,S2,1021,early,probe,delay,0.9007142857142857,1400
ACI-PER,S2,1021,early,data,cost,0.886896551724138,1450
ACI-PER,S2,1021,early,data,delay,0.8737931034482759,1450
ACI-PER,S2,1021,middle,probe,cost,0.9038888888888889,1800
ACI-PER,S2,1021,middle,probe,delay,0.8983333333333333,1800
ACI-PER,S2,1021,middle,data,cost,0.7888402625820569,1828
ACI-PER,S2,1021,middle,data,delay,0.762582056892779,1828
ACI-PER,S2,1021,late,probe,cost,0.9029819403611927,2381
ACI-PER,S2,1021,late,probe,delay,0.9046619067618648,2381
ACI-PER,S2,1021,late,data,cost,0.859805510534846,2468
ACI-PER,S2,1021,late,data,delay,0.8606158833063209,2468
ACI-PER,S2,1022,warmup,probe,cost,0.895,800
ACI-PER,S2,1022,warmup,probe,delay,0.89875,800
ACI-PER,S2,1022,warmup,data,cost,0.8800489596083231,817
ACI-PER,S2,1022,warmup,data,delay,0.8849449204406364,817
ACI-PER,S2,1022,early,probe,cost,0.9014285714285715,1400
ACI-PER,S2,1022,early,probe,delay,0.9028571428571428,1400
ACI-PER,S2,1022,early,data,cost,0.8777624309392266,1448
ACI-PER,S2,1022,early,data,delay,0.8743093922651933,1448
ACI-PER,S2,1022,middle,probe,cost,0.895,1800
ACI-PER,S2,1022,middle,probe,delay,0.8911111111111111,1800
ACI-PER,S2,1022,middle,data,cost,0.7908496732026143,1836
ACI-PER,S2,1022,middle,data,delay,0.7494553376906318,1836
ACI-PER,S2,1022,late,probe,cost,0.9022939677145284,2354
ACI-PER,S2,1022,late,probe,delay,0.905267629566695,2354
ACI-PER,S2,1022,late,data,cost,0.8805668016194332,2470
ACI-PER,S2,1022,late,data,delay,0.8761133603238866,2470
ACI-PER,S2,1023,warmup,probe,cost,0.88875,800
ACI-PER,S2,1023,warmup,probe,delay,0.88875,800
ACI-PER,S2,1023,warmup,data,cost,0.8822085889570552,815
ACI-PER,S2,1023,warmup,data,delay,0.8785276073619632,815
ACI-PER,S2,1023,early,probe,cost,0.9021428571428571,1400
ACI-PER,S2,1023,early,probe,delay,0.8978571428571429,1400
ACI-PER,S2,1023,early,data,cost,0.8689986282578875,1458
ACI-PER,S2,1023,early,data,delay,0.864883401920439,1458
ACI-PER,S2,1023,middle,probe,cost,0.8977777777777778,1800
ACI-PER,S2,1023,middle,probe,delay,0.8983333333333333,1800
ACI-PER,S2,1023,middle,data,cost,0.7629834254143646,1810
ACI-PER,S2,1023,middle,data,delay,0.7325966850828729,1810
ACI-PER,S2,1023,late,probe,cost,0.9028792436613665,2327
ACI-PER,S2,1023,late,probe,delay,0.904168457241083,2327
ACI-PER,S2,1023,late,data,cost,0.8573750507923609,2461
ACI-PER,S2,1023,late,data,delay,0.8598130841121495,2461
ACI-PER,S2,1024,warmup,probe,cost,0.88375,800
ACI-PER,S2,1024,warmup,probe,delay,0.8775,800
ACI-PER,S2,1024,warmup,data,cost,0.9034564958283671,839
ACI-PER,S2,1024,warmup,data,delay,0.8939213349225268,839
ACI-PER,S2,1024,early,probe,cost,0.9007142857142857,1400
ACI-PER,S2,1024,early,probe,delay,0.8992857142857142,1400
ACI-PER,S2,1024,early,data,cost,0.8896504455106237,1459
ACI-PER,S2,1024,early,data,delay,0.882111034955449,1459
ACI-PER,S2,1024,middle,probe,cost,0.9,1800
ACI-PER,S2,1024,middle,probe,delay,0.8966666666666666,1800
ACI-PER,S2,1024,middle,data,cost,0.7436604189636163,1814
ACI-PER,S2,1024,middle,data,delay,0.7309812568908489,1814
ACI-PER,S2,1024,late,probe,cost,0.9016877637130801,2370
ACI-PER,S2,1024,late,probe,delay,0.9029535864978903,2370
ACI-PER,S2,1024,late,data,cost,0.8782467532467533,2464
ACI-PER,S2,1024,late,data,delay,0.8721590909090909,2464
ACI-PER,S2,1025,warmup,probe,cost,0.91125,800
ACI-PER,S2,1025,warmup,probe,delay,0.8975,800
ACI-PER,S2,1025,warmup,data,cost,0.9024691358024691,810
ACI-PER,S2,1025,warmup,data,delay,0.891358024691358,810
ACI-PER,S2,1025,early,probe,cost,0.8964285714285715,1400
ACI-PER,S2,1025,early,probe,delay,0.8971428571428571,1400
ACI-PER,S2,1025,early,data,cost,0.8684389911383776,1467
ACI-PER,S2,1025,early,data,delay,0.8650306748466258,1467
ACI-PER,S2,1025,middle,probe,cost,0.9044444444444445,1800
ACI-PER,S2,1025,middle,probe,delay,0.8994444444444445,1800
ACI-PER,S2,1025,middle,data,cost,0.7832783278327833,1818
ACI-PER,S2,1025,middle,data,delay,0.7612761276127613,1818
ACI-PER,S2,1025,late,probe,cost,0.9015565839293227,2377
ACI-PER,S2,1025,late,probe,delay,0.906184265881363,2377
ACI-PER,S2,1025,late,data,cost,0.8568556493767592,2487
ACI-PER,S2,1025,late,data,delay,0.856453558504222,2487
ACI-PER,S2,1026,warmup,probe,cost,0.88875,800
ACI-PER,S2,1026,warmup,probe,delay,0.885,800
ACI-PER,S2,1026,warmup,data,cost,0.8899521531100478,836
ACI-PER,S2,1026,warmup,data,delay,0.8851674641148325,836
ACI-PER,S2,1026,early,probe,cost,0.9035714285714286,1400
ACI-PER,S2,1026,early,probe,delay,0.9028571428571428,1400
ACI-PER,S2,1026,early,data,cost,0.8892686261107313,1463
ACI-PER,S2,1026,early,data,delay,0.8790157211209843,1463
ACI-PER,S2,1026,middle,probe,cost,0.8977528089887641,1780
ACI-PER,S2,1026,middle,probe,delay,0.897191011235955,1780
ACI-PER,S2,1026,middle,data,cost,0.7943722943722944,1848
ACI-PER,S2,1026,middle,data,delay,0.7516233766233766,1848
ACI-PER,S2,1026,late,probe,cost,0.903558052434457,2136
ACI-PER,S2,1026,late,probe,delay,0.9030898876404494,2136
ACI-PER,S2,1026,late,data,cost,0.8688803746275011,2349
ACI-PER,S2,1026,late,data,delay,0.86504895700298,2349
ACI-PER,S2,1027,warmup,probe,cost,0.8975,800
ACI-PER,S2,1027,warmup,probe,delay,0.89625,800
ACI-PER,S2,1027,warmup,data,cost,0.89,800
ACI-PER,S2,1027,warmup,data,delay,0.885,800
ACI-PER,S2,1027,early,probe,cost,0.9028571428571428,1400
ACI-PER,S2,1027,early,probe,delay,0.9007142857142857,1400
ACI-PER,S2,1027,early,data,cost,0.8657949070887818,1453
ACI-PER,S2,1027,early,data,delay,0.860977288368892,1453
ACI-PER,S2,1027,middle,probe,cost,0.8933333333333333,1800
ACI-PER,S2,1027,middle,probe,delay,0.8966666666666666,1800
ACI-PER,S2,1027,middle,data,cost,0.7603485838779956,1836
ACI-PER,S2,1027,middle,data,delay,0.7369281045751634,1836
ACI-PER,S2,1027,late,probe,cost,0.9045833333333333,2400
ACI-PER,S2,1027,late,probe,delay,0.9025,2400
ACI-PER,S2,1027,late,data,cost,0.8588957055214724,2445
ACI-PER,S2,1027,late,data,delay,0.852760736196319,2445
ACI-PER,S2,1028,warmup,probe,cost,0.895,800
ACI-PER,S2,1028,warmup,probe,delay,0.8975,800
ACI-PER,S2,1028,warmup,data,cost,0.8997555012224939,818
ACI-PER,S2,1028,warmup,data,delay,0.8985330073349633,818
ACI-PER,S2,1028,early,probe,cost,0.9007142857142857,1400
ACI-PER,S2,1028,early,probe,delay,0.8971428571428571,1400
ACI-PER,S2,1028,early,data,cost,0.8743893928820656,1433
ACI-PER,S2,1028,early,data,delay,0.8674110258199581,1433
ACI-PER,S2,1028,middle,probe,cost,0.8961111111111111,1800
ACI-PER,S2,1028,middle,probe,delay,0.8983333333333333,1800
ACI-PER,S2,1028,middle,data,cost,0.7519251925192519,1818
ACI-PER,S2,1028,middle,data,delay,0.7491749174917491,1818
ACI-PER,S2,1028,late,probe,cost,0.903805044890979,2339
ACI-PER,S2,1028,late,probe,delay,0.9067977768277041,2339
ACI-PER,S2,1028,late,data,cost,0.8573175703220546,2453
ACI-PER,S2,1028,late,data,delay,0.8499796167957603,2453
ACI-PER,S2,1029,warmup,probe,cost,0.88375,800
ACI-PER,S2,1029,warmup,probe,delay,0.8875,800
ACI-PER,S2,1029,warmup,data,cost,0.8864197530864197,810
ACI-PER,S2,1029,warmup,data,delay,0.8802469135802469,810
ACI-PER,S2,1029,early,probe,cost,0.9007142857142857,1400
ACI-PER,S2,1029,early,probe,delay,0.9042857142857142,1400
ACI-PER,S2,1029,early,data,cost,0.8759581881533101,1435
ACI-PER,S2,1029,early,data,delay,0.8780487804878049,1435
ACI-PER,S2,1029,middle,probe,cost,0.9033333333333333,1800
ACI-PER,S2,1029,middle,probe,delay,0.8983333333333333,1800
ACI-PER,S2,1029,middle,data,cost,0.827357970215113,1813
ACI-PER,S2,1029,middle,data,delay,0.7942636514065086,1813
ACI-PER,S2,1029,late,probe,cost,0.9029166666666667,2400
ACI-PER,S2,1029,late,probe,delay,0.9041666666666667,2400
ACI-PER,S2,1029,late,data,cost,0.8747947454844006,2436
ACI-PER,S2,1029,late,data,delay,0.8747947454844006,2436
ACI-PER,S3,1000,warmup,probe,cost,0.89,800
ACI-PER,S3,1000,warmup,probe,delay,0.8825,800
ACI-PER,S3,1000,warmup,data,cost,0.8800988875154512,809
ACI-PER,S3,1000,warmup,data,delay,0.8627935723114957,809
ACI-PER,S3,1000,early,probe,cost,0.9035714285714286,1400
ACI-PER,S3,1000,early,probe,delay,0.905,1400
ACI-PER,S3,1000,early,data,cost,0.8783967391304348,1472
ACI-PER,S3,1000,early,data,delay,0.8729619565217391,1472
ACI-PER,S3,1000,middle,probe,cost,0.8994444444444445,1800
ACI-PER,S3,1000,middle,probe,delay,0.8955555555555555,1800
ACI-PER,S3,1000,middle,data,cost,0.842704887908857,2721
ACI-PER,S3,1000,middle,data,delay,0.8257993384785005,2721
ACI-PER,S3,1000,late,probe,cost,0.8993288590604027,2384
ACI-PER,S3,1000,late,probe,delay,0.9010067114093959,2384
ACI-PER,S3,1000,late,data,cost,0.8425568425568426,4662
ACI-PER,S3,1000,late,data,delay,0.838052338052338,4662
ACI-PER,S3,1001,warmup,probe,cost,0.89625,800
ACI-PER,S3,1001,warmup,probe,delay,0.895,800
ACI-PER,S3,1001,warmup,data,cost,0.8913308913308914,819
ACI-PER,S3,1001,warmup,data,delay,0.8803418803418803,819
ACI-PER,S3,1001,early,probe,cost,0.8985714285714286,1400
ACI-PER,S3,1001,early,probe,delay,0.9021428571428571,1400
ACI-PER,S3,1001,early,data,cost,0.8709897610921502,1465
ACI-PER,S3,1001,early,data,delay,0.868259385665529,1465
ACI-PER,S3,1001,middle,probe,cost,0.9011111111111111,1800
ACI-PER,S3,1001,middle,probe,delay,0.8966666666666666,1800
ACI-PER,S3,1001,middle,data,cost,0.8821349147516679,2698
ACI-PER,S3,1001,middle,data,delay,0.8713862120088954,2698
ACI-PER,S3,1001,late,probe,cost,0.9019417475728155,2060
ACI-PER,S3,1001,late,probe,delay,0.9048543689320389,2060
ACI-PER,S3,1001,late,data,cost,0.8668989547038327,4305
ACI-PER,S3,1001,late,data,delay,0.8585365853658536,4305
ACI-PER,S3,1002,warmup,probe,cost,0.89875,800
ACI-PER,S3,1002,warmup,probe,delay,0.9025,800
ACI-PER,S3,1002,warmup,data,cost,0.9072039072039072,819
ACI-PER,S3,1002,warmup,data,delay,0.8986568986568987,819
ACI-PER,S3,1002,early,probe,cost,0.9042857142857142,1400
ACI-PER,S3,1002,early,probe,delay,0.905,1400
ACI-PER,S3,1002,early,data,cost,0.8558743169398907,1464
ACI-PER,S3,1002,early,data,delay,0.8545081967213115,1464
ACI-PER,S3,1002,middle,probe,cost,0.8966666666666666,1800
ACI-PER,S3,1002,middle,probe,delay,0.8922222222222222,1800
ACI-PER,S3,1002,middle,data,cost,0.8381162619573216,2718
ACI-PER,S3,1002,middle,data,delay,0.8325974981604121,2718
ACI-PER,S3,1002,late,probe,cost,0.897732135216089,2337
ACI-PER,S3,1002,late,probe,delay,0.9015832263585793,2337
ACI-PER,S3,1002,late,data,cost,0.8534201954397395,4605
ACI-PER,S3,1002,late,data,delay,0.8429967426710098,4605
ACI-PER,S3,1003,warmup,probe,cost,0.8775,800
ACI-PER,S3,1003,warmup,probe,delay,0.88,800
ACI-PER,S3,1003,warmup,data,cost,0.8876543209876543,810
ACI-PER,S3,1003,warmup,data,delay,0.8802469135802469,810
ACI-PER,S3,1003,early,probe,cost,0.8992857142857142,1400
ACI-PER,S3,1003,early,probe,delay,0.8985714285714286,1400
ACI-PER,S3,1003,early,data,cost,0.8669985775248933,1406
ACI-PER,S3,1003,early,data,delay,0.8648648648648649,1406
ACI-PER,S3,1003,middle,probe,cost,0.9027777777777778,1800
ACI-PER,S3,1003,middle,probe,delay,0.9011111111111111,1800
ACI-PER,S3,1003,middle,data,cost,0.8450810403317,2653
ACI-PER,S3,1003,middle,data,delay,0.8401809272521673,2653
ACI-PER,S3,1003,late,probe,cost,0.8988426918131162,2333
ACI-PER,S3,1003,late,probe,delay,0.9001285897985426,2333
ACI-PER,S3,1003,late,data,cost,0.8560772268538833,4558
ACI-PER,S3,1003,late,data,delay,0.8562966213251426,4558
ACI-PER,S3,1004,warmup,probe,cost,0.90375,800
ACI-PER,S3,1004,warmup,probe,delay,0.89375,800
ACI-PER,S3,1004,warmup,data,cost,0.8646986469864698,813
ACI-PER,S3,1004,warmup,data,delay,0.8536285362853628,813
ACI-PER,S3,1004,early,probe,cost,0.905,1400
ACI-PER,S3,1004,early,probe,delay,0.9035714285714286,1400
ACI-PER,S3,1004,early,data,cost,0.8759581881533101,1435
ACI-PER,S3,1004,early,data,delay,0.8634146341463415,1435
ACI-PER,S3,1004,middle,probe,cost,0.8955555555555555,1800
ACI-PER,S3,1004,middle,probe,delay,0.8944444444444445,1800
ACI-PER,S3,1004,middle,data,cost,0.8644702358667166,2671
ACI-PER,S3,1004,middle,data,delay,0.8611007113440659,2671
ACI-PER,S3,1004,late,probe,cost,0.9017021276595745,2350
ACI-PER,S3,1004,late,probe,delay,0.9034042553191489,2350
ACI-PER,S3,1004,late,data,cost,0.8521324962113012,4619
ACI-PER,S3,1004,late,data,delay,0.8486685429746699,4619
ACI-PER,S3,1005,warmup,probe,cost,0.895,800
ACI-PER,S3,1005,warmup,probe,delay,0.89375,800
ACI-PER,S3,1005,warmup,data,cost,0.8471882640586798,818
ACI-PER,S3,1005,warmup,data,delay,0.8374083129584352,818
ACI-PER,S3,1005,early,probe,cost,0.9,1400
ACI-PER,S3,1005,early,probe,delay,0.8971428571428571,1400
ACI-PER,S3,1005,early,data,cost,0.8520833333333333,1440
ACI-PER,S3,1005,early,data,delay,0.8409722222222222,1440
ACI-PER,S3,1005,middle,probe,cost,0.9005555555555556,1800
ACI-PER,S3,1005,middle,probe,delay,0.8994444444444445,1800
ACI-PER,S3,1005,middle,data,cost,0.8706099815157117,2705
ACI-PER,S3,1005,middle,data,delay,0.8683918669131239,2705
ACI-PER,S3,1005,late,probe,cost,0.9016903914590747,2248
ACI-PER,S3,1005,late,probe,delay,0.9052491103202847,2248
ACI-PER,S3,1005,late,data,cost,0.8478163992869875,4488
ACI-PER,S3,1005,late,data,delay,0.8469251336898396,4488
ACI-PER,S3,1006,warmup,probe,cost,0.91,800
ACI-PER,S3,1006,warmup,probe,delay,0.90625,800
ACI-PER,S3,1006,warmup,data,cost,0.8791208791208791,819
ACI-PER,S3,1006,warmup,data,delay,0.8681318681318682,819
ACI-PER,S3,1006,early,probe,cost,0.8971428571428571,1400
ACI-PER,S3,1006,early,probe,delay,0.8992857142857142,1400
ACI-PER,S3,1006,early,data,cost,0.8798342541436464,1448
ACI-PER,S3,1006,early,data,delay,0.8763812154696132,1448
ACI-PER,S3,1006,middle,probe,cost,0.9,1800
ACI-PER,S3,1006,middle,probe,delay,0.8977777777777778,1800
ACI-PER,S3,1006,middle,data,cost,0.8552729992520568,2674
ACI-PER,S3,1006,middle,data,delay,0.8451757666417352,2674
ACI-PER,S3,1006,late,probe,cost,0.9033259423503326,2255
ACI-PER,S3,1006,late,probe,delay,0.90509977827051,2255
ACI-PER,S3,1006,late,data,cost,0.8393565447333627,4538
ACI-PER,S3,1006,late,data,delay,0.8345085940943147,4538
ACI-PER,S3,1007,warmup,probe,cost,0.89,800
ACI-PER,S3,1007,warmup,probe,delay,0.905,800
ACI-PER,S3,1007,warmup,data,cost,0.8849449204406364,817
ACI-PER,S3,1007,warmup,data,delay,0.8714810281517748,817
ACI-PER,S3,1007,early,probe,cost,0.9092857142857143,1400
ACI-PER,S3,1007,early,probe,delay,0.9057142857142857,1400
ACI-PER,S3,1007,early,data,cost,0.8604326587578507,1433
ACI-PER,S3,1007,early,data,delay,0.8583391486392185,1433
ACI-PER,S3,1007,middle,probe,cost,0.8933333333333333,1800
ACI-PER,S3,1007,middle,probe,delay,0.8938888888888888,1800
ACI-PER,S3,1007,middle,data,cost,0.8564522127184827,2689
ACI-PER,S3,1007,middle,data,delay,0.8497582744514689,2689
ACI-PER,S3,1007,late,probe,cost,0.8985319516407599,2316
ACI-PER,S3,1007,late,probe,delay,0.9002590673575129,2316
ACI-PER,S3,1007,late,data,cost,0.868891797556719,4584
ACI-PER,S3,1007,late,data,delay,0.8623472949389179,4584
ACI-PER,S3,1008,warmup,probe,cost,0.89375,800
ACI-PER,S3,1008,warmup,probe,delay,0.89,800
ACI-PER,S3,1008,warmup,data,cost,0.899880810488677,839
ACI-PER,S3,1008,warmup,data,delay,0.8867699642431466,839
ACI-PER,S3,1008,early,probe,cost,0.9007142857142857,1400
ACI-PER,S3,1008,early,probe,delay,0.8992857142857142,1400
ACI-PER,S3,1008,early,data,cost,0.8739782016348774,1468
ACI-PER,S3,1008,early,data,delay,0.8753405994550408,1468
ACI-PER,S3,1008,middle,probe,cost,0.9022222222222223,1800
ACI-PER,S3,1008,middle,probe,delay,0.8994444444444445,1800
ACI-PER,S3,1008,middle,data,cost,0.8481522136845957,2733
ACI-PER,S3,1008,middle,data,delay,0.8371752652762532,2733
ACI-PER,S3,1008,late,probe,cost,0.8979680069174233,2313
ACI-PER,S3,1008,late,probe,delay,0.9001297016861219,2313
ACI-PER,S3,1008,late,data,cost,0.8586742507110041,4571
ACI-PER,S3,1008,late,data,delay,0.8529862174578867,4571
ACI-PER,S3,1009,warmup,probe,cost,0.9075,800
ACI-PER,S3,1009,warmup,probe,delay,0.8975,800
ACI-PER,S3,1009,warmup,data,cost,0.8852258852258852,819
ACI-PER,S3,1009,warmup,data,delay,0.8693528693528694,819
ACI-PER,S3,1009,early,probe,cost,0.8971428571428571,1400
ACI-PER,S3,1009,early,probe,delay,0.9021428571428571,1400
ACI-PER,S3,1009,early,data,cost,0.8836265223274695,1478
ACI-PER,S3,1009,early,data,delay,0.8687415426251691,1478
ACI-PER,S3,1009,middle,probe,cost,0.9022222222222223,1800
ACI-PER,S3,1009,middle,probe,delay,0.8972222222222223,1800
ACI-PER,S3,1009,middle,data,cost,0.8714499252615845,2676
ACI-PER,S3,1009,middle,data,delay,0.8628550074738416,2676
ACI-PER,S3,1009,late,probe,cost,0.8993115318416524,2324
ACI-PER,S3,1009,late,probe,delay,0.9018932874354562,2324
ACI-PER,S3,1009,late,data,cost,0.8523417172593235,4612
ACI-PER,S3,1009,late,data,delay,0.8460537727666956,4612
ACI-PER,S3,1010,warmup,probe,cost,0.8925,800
ACI-PER,S3,1010,warmup,probe,delay,0.88625,800
ACI-PER,S3,1010,warmup,data,cost,0.8655256723716381,818
ACI-PER,S3,1010,warmup,data,delay,0.863080684596577,818
ACI-PER,S3,1010,early,probe,cost,0.8978571428571429,1400
ACI-PER,S3,1010,early,probe,delay,0.8985714285714286,1400
ACI-PER,S3,1010,early,data,cost,0.8574408901251739,1438
ACI-PER,S3,1010,early,data,delay,0.8553546592489569,1438
ACI-PER,S3,1010,middle,probe,cost,0.9059154929577464,1775
ACI-PER,S3,1010,middle,probe,delay,0.9025352112676056,1775
ACI-PER,S3,1010,middle,data,cost,0.8402674591381872,2692
ACI-PER,S3,1010,middle,data,delay,0.836552748885587,2692
ACI-PER,S3,1010,late,probe,cost,0.898360655737705,2135
ACI-PER,S3,1010,late,probe,delay,0.9007025761124122,2135
ACI-PER,S3,1010,late,data,cost,0.869702434625789,4436
ACI-PER,S3,1010,late,data,delay,0.8683498647430117,4436
ACI-PER,S3,1011,warmup,probe,cost,0.885,800
ACI-PER,S3,1011,warmup,probe,delay,0.89625,800
ACI-PER,S3,1011,warmup,data,cost,0.8742368742368742,819
ACI-PER,S3,1011,warmup,data,delay,0.8766788766788767,819
ACI-PER,S3,1011,early,probe,cost,0.8957142857142857,1400
ACI-PER,S3,1011,early,probe,delay,0.8978571428571429,1400
ACI-PER,S3,1011,early,data,cost,0.8902522154055896,1467
ACI-PER,S3,1011,early,data,delay,0.8779822767552828,1467
ACI-PER,S3,1011,middle,probe,cost,0.9077777777777778,1800
ACI-PER,S3,1011,middle,probe,delay,0.9033333333333333,1800
ACI-PER,S3,1011,middle,data,cost,0.8849133161195131,2711
ACI-PER,S3,1011,middle,data,delay,0.8771670970121727,2711
ACI-PER,S3,1011,late,probe,cost,0.89748045178106,2302
ACI-PER,S3,1011,late,probe,delay,0.9000868809730669,2302
ACI-PER,S3,1011,late,data,cost,0.8748637453673425,4587
ACI-PER,S3,1011,late,data,delay,0.868759537824286,4587
ACI-PER,S3,1012,warmup,probe,cost,0.895,800
ACI-PER,S3,1012,warmup,probe,delay,0.90125,800
ACI-PER,S3,1012,warmup,data,cost,0.8621951219512195,820
ACI-PER,S3,1012,warmup,data,delay,0.8560975609756097,820
ACI-PER,S3,1012,early,probe,cost,0.9,1400
ACI-PER,S3,1012,early,probe,delay,0.9,1400
ACI-PER,S3,1012,early,data,cost,0.8383275261324041,1435
ACI-PER,S3,1012,early,data,delay,0.8362369337979094,1435
ACI-PER,S3,1012,middle,probe,cost,0.905,1800
ACI-PER,S3,1012,middle,probe,delay,0.9027777777777778,1800
ACI-PER,S3,1012,middle,data,cost,0.869662086891942,2693
ACI-PER,S3,1012,middle,data,delay,0.8574080950612699,2693
ACI-PER,S3,1012,late,probe,cost,0.8938215102974828,2185
ACI-PER,S3,1012,late,probe,delay,0.8956521739130435,2185
ACI-PER,S3,1012,late,data,cost,0.8764521894548705,4476
ACI-PER,S3,1012,late,data,delay,0.8668453976764968,4476
ACI-PER,S3,1013,warmup,probe,cost,0.90375,800
ACI-PER,S3,1013,warmup,probe,delay,0.89,800
ACI-PER,S3,1013,warmup,data,cost,0.8856088560885609,813
ACI-PER,S3,1013,warmup,data,delay,0.8806888068880688,813
ACI-PER,S3,1013,early,probe,cost,0.8992857142857142,1400
ACI-PER,S3,1013,early,probe,delay,0.8985714285714286,1400
ACI-PER,S3,1013,early,data,cost,0.8582677165354331,1524
ACI-PER,S3,1013,early,data,delay,0.8431758530183727,1524
ACI-PER,S3,1013,middle,probe,cost,0.9033333333333333,1800
ACI-PER,S3,1013,middle,probe,delay,0.8983333333333333,1800
ACI-PER,S3,1013,middle,data,cost,0.8539855072463768,2760
ACI-PER,S3,1013,middle,data,delay,0.8525362318840579,2760
ACI-PER,S3,1013,late,probe,cost,0.8949074074074074,2160
ACI-PER,S3,1013,late,probe,delay,0.9,2160
ACI-PER,S3,1013,late,data,cost,0.8657989228007181,4456
ACI-PER,S3,1013,late,data,delay,0.8631059245960503,4456
ACI-PER,S3,1014,warmup,probe,cost,0.8975,800
ACI-PER,S3,1014,warmup,probe,delay,0.9025,800
ACI-PER,S3,1014,warmup,data,cost,0.8853658536585366,820
ACI-PER,S3,1014,warmup,data,delay,0.8780487804878049,820
ACI-PER,S3,1014,early,probe,cost,0.8985714285714286,1400
ACI-PER,S3,1014,early,probe,delay,0.9,1400
ACI-PER,S3,1014,early,data,cost,0.8714581893572909,1447
ACI-PER,S3,1014,early,data,delay,0.866620594333103,1447
ACI-PER,S3,1014,middle,probe,cost,0.9016666666666666,1800
ACI-PER,S3,1014,middle,probe,delay,0.8983333333333333,1800
ACI-PER,S3,1014,middle,data,cost,0.8630751964085297,2673
ACI-PER,S3,1014,middle,data,delay,0.8567153011597456,2673
ACI-PER,S3,1014,late,probe,cost,0.900972590627763,2262
ACI-PER,S3,1014,late,probe,delay,0.9022988505747126,2262
ACI-PER,S3,1014,late,data,cost,0.8707589285714286,4480
ACI-PER,S3,1014,late,data,delay,0.8651785714285715,4480
ACI-PER,S3,1015,warmup,probe,cost,0.8975,800
ACI-PER,S3,1015,warmup,probe,delay,0.89625,800
ACI-PER,S3,1015,warmup,data,cost,0.8693528693528694,819
ACI-PER,S3,1015,warmup,data,delay,0.8583638583638583,819
ACI-PER,S3,1015,early,probe,cost,0.905,1400
ACI-PER,S3,1015,early,probe,delay,0.9042857142857142,1400
ACI-PER,S3,1015,early,data,cost,0.8600419874037789,1429
ACI-PER,S3,1015,early,data,delay,0.8558432470258922,1429
ACI-PER,S3,1015,middle,probe,cost,0.8955555555555555,1800
ACI-PER,S3,1015,middle,probe,delay,0.8933333333333333,1800
ACI-PER,S3,1015,middle,data,cost,0.8747203579418344,2682
ACI-PER,S3,1015,middle,data,delay,0.8691275167785235,2682
ACI-PER,S3,1015,late,probe,cost,0.9048888888888889,2250
ACI-PER,S3,1015,late,probe,delay,0.9048888888888889,2250
ACI-PER,S3,1015,late,data,cost,0.8605015673981191,4466
ACI-PER,S3,1015,late,data,delay,0.8564711150918047,4466
ACI-PER,S3,1016,warmup,probe,cost,0.9175,800
ACI-PER,S3,1016,warmup,probe,delay,0.9125,800
ACI-PER,S3,1016,warmup,data,cost,0.8803418803418803,819
ACI-PER,S3,1016,warmup,data,delay,0.8754578754578755,819
ACI-PER,S3,1016,early,probe,cost,0.9057142857142857,1400
ACI-PER,S3,1016,early,probe,delay,0.9057142857142857,1400
ACI-PER,S3,1016,early,data,cost,0.8556485355648535,1434
ACI-PER,S3,1016,early,data,delay,0.8423988842398884,1434
ACI-PER,S3,1016,middle,probe,cost,0.8983333333333333,1800
ACI-PER,S3,1016,middle,probe,delay,0.8972222222222223,1800
ACI-PER,S3,1016,middle,data,cost,0.8461253244345569,2697
ACI-PER,S3,1016,middle,data,delay,0.8453837597330367,2697
ACI-PER,S3,1016,late,probe,cost,0.8998194945848376,2216
ACI-PER,S3,1016,late,probe,delay,0.901173285198556,2216
ACI-PER,S3,1016,late,data,cost,0.8618611916982817,4481
ACI-PER,S3,1016,late,data,delay,0.8589600535594734,4481
ACI-PER,S3,1017,warmup,probe,cost,0.89375,800
ACI-PER,S3,1017,warmup,probe,delay,0.895,800
ACI-PER,S3,1017,warmup,data,cost,0.8590686274509803,816
ACI-PER,S3,1017,warmup,data,delay,0.8566176470588235,816
ACI-PER,S3,1017,early,probe,cost,0.9028571428571428,1400
ACI-PER,S3,1017,early,probe,delay,0.9021428571428571,1400
ACI-PER,S3,1017,early,data,cost,0.8811188811188811,1430
ACI-PER,S3,1017,early,data,delay,0.8804195804195805,1430
ACI-PER,S3,1017,middle,probe,cost,0.8994444444444445,1800
ACI-PER,S3,1017,middle,probe,delay,0.8977777777777778,1800
ACI-PER,S3,1017,middle,data,cost,0.8633962264150944,2650
ACI-PER,S3,1017,middle,data,delay,0.8494339622641509,2650
ACI-PER,S3,1017,late,probe,cost,0.8981052631578947,2375
ACI-PER,S3,1017,late,probe,delay,0.9002105263157895,2375
ACI-PER,S3,1017,late,data,cost,0.8680236375574524,4569
ACI-PER,S3,1017,late,data,delay,0.8662727073757934,4569
ACI-PER,S3,1018,warmup,probe,cost,0.90125,800
ACI-PER,S3,1018,warmup,probe,delay,0.9025,800
ACI-PER,S3,1018,warmup,data,cost,0.8862793572311496,809
ACI-PER,S3,1018,warmup,data,delay,0.8751545117428925,809
ACI-PER,S3,1018,early,probe,cost,0.9035714285714286,1400
ACI-PER,S3,1018,early,probe,delay,0.9,1400
ACI-PER,S3,1018,early,data,cost,0.8558432470258922,1429
ACI-PER,S3,1018,early,data,delay,0.8551434569629112,1429
ACI-PER,S3,1018,middle,probe,cost,0.9038888888888889,1800
ACI-PER,S3,1018,middle,probe,delay,0.9005555555555556,1800
ACI-PER,S3,1018,middle,data,cost,0.8510479041916168,2672
ACI-PER,S3,1018,middle,data,delay,0.8465568862275449,2672
ACI-PER,S3,1018,late,probe,cost,0.8966480446927374,2148
ACI-PER,S3,1018,late,probe,delay,0.9036312849162011,2148
ACI-PER,S3,1018,late,data,cost,0.8757679180887372,4395
ACI-PER,S3,1018,late,data,delay,0.8668941979522184,4395
ACI-PER,S3,1019,warmup,probe,cost,0.8825,800
ACI-PER,S3,1019,warmup,probe,delay,0.88875,800
ACI-PER,S3,1019,warmup,data,cost,0.85375,800
ACI-PER,S3,1019,warmup,data,delay,0.85375,800
ACI-PER,S3,1019,early,probe,cost,0.895,1400
ACI-PER,S3,1019,early,probe,delay,0.8957142857142857,1400
ACI-PER,S3,1019,early,data,cost,0.8668515950069348,1442
ACI-PER,S3,1019,early,data,delay,0.8682385575589459,1442
ACI-PER,S3,1019,middle,probe,cost,0.9027777777777778,1800
ACI-PER,S3,1019,middle,probe,delay,0.8988888888888888,1800
ACI-PER,S3,1019,middle,data,cost,0.8640958442530887,2671
ACI-PER,S3,1019,middle,data,delay,0.8524897042306252,2671
ACI-PER,S3,1019,late,probe,cost,0.9043015949734171,2069
ACI-PER,S3,1019,late,probe,delay,0.9062348960850652,2069
ACI-PER,S3,1019,late,data,cost,0.8780658724597057,4281
ACI-PER,S3,1019,late,data,delay,0.8724597056762439,4281
ACI-PER,S3,1020,warmup,probe,cost,0.90125,800
ACI-PER,S3,1020,warmup,probe,delay,0.90375,800
ACI-PER,S3,1020,warmup,data,cost,0.8475,800
ACI-PER,S3,1020,warmup,data,delay,0.85375,800
ACI-PER,S3,1020,early,probe,cost,0.8992857142857142,1400
ACI-PER,S3,1020,early,probe,delay,0.9007142857142857,1400
ACI-PER,S3,1020,early,data,cost,0.8643356643356643,1430
ACI-PER,S3,1020,early,data,delay,0.8615384615384616,1430
ACI-PER,S3,1020,middle,probe,cost,0.8969014084507042,1775
ACI-PER,S3,1020,middle,probe,delay,0.8940845070422535,1775
ACI-PER,S3,1020,middle,data,cost,0.8535942792623259,2657
ACI-PER,S3,1020,middle,data,delay,0.849830636055702,2657
ACI-PER,S3,1020,late,probe,cost,0.9007773205304069,2187
ACI-PER,S3,1020,late,probe,delay,0.9021490626428899,2187
ACI-PER,S3,1020,late,data,cost,0.8718122320018055,4431
ACI-PER,S3,1020,late,data,delay,0.8686526743398781,4431
ACI-PER,S3,1021,warmup,probe,cost,0.8875,800
ACI-PER,S3,1021,warmup,probe,delay,0.88375,800
ACI-PER,S3,1021,warmup,data,cost,0.8792682926829268,820
ACI-PER,S3,1021,warmup,data,delay,0.875609756097561,820
ACI-PER,S3,1021,early,probe,cost,0.8985714285714286,1400
ACI-PER,S3,1021,early,probe,delay,0.9007142857142857,1400
ACI-PER,S3,1021,early,data,cost,0.8706536856745479,1438
ACI-PER,S3,1021,early,data,delay,0.8588317107093185,1438
ACI-PER,S3,1021,middle,probe,cost,0.9033333333333333,1800
ACI-PER,S3,1021,middle,probe,delay,0.8966666666666666,1800
ACI-PER,S3,1021,middle,data,cost,0.8677229182019159,2714
ACI-PER,S3,1021,middle,data,delay,0.8574060427413412,2714
ACI-PER,S3,1021,late,probe,cost,0.8994755244755245,2288
ACI-PER,S3,1021,late,probe,delay,0.9047202797202797,2288
ACI-PER,S3,1021,late,data,cost,0.8680403331871986,4562
ACI-PER,S3,1021,late,data,delay,0.8605874616396317,4562
ACI-PER,S3,1022,warmup,probe,cost,0.9075,800
ACI-PER,S3,1022,warmup,probe,delay,0.90375,800
ACI-PER,S3,1022,warmup,data,cost,0.8935128518971848,817
ACI-PER,S3,1022,warmup,data,delay,0.8861689106487148,817
ACI-PER,S3,1022,early,probe,cost,0.9007142857142857,1400
ACI-PER,S3,1022,early,probe,delay,0.9028571428571428,1400
ACI-PER,S3,1022,early,data,cost,0.866481223922114,1438
ACI-PER,S3,1022,early,data,delay,0.8609179415855355,1438
ACI-PER,S3,1022,middle,probe,cost,0.8994444444444445,1800
ACI-PER,S3,1022,middle,probe,delay,0.8938888888888888,1800
ACI-PER,S3,1022,middle,data,cost,0.8629329403095063,2714
ACI-PER,S3,1022,middle,data,delay,0.8489314664701547,2714
ACI-PER,S3,1022,late,probe,cost,0.8974789915966387,2380
ACI-PER,S3,1022,late,probe,delay,0.9016806722689076,2380
ACI-PER,S3,1022,late,data,cost,0.8524484536082474,4656
ACI-PER,S3,1022,late,data,delay,0.8483676975945017,4656
ACI-PER,S3,1023,warmup,probe,cost,0.87875,800
ACI-PER,S3,1023,warmup,probe,delay,0.88625,800
ACI-PER,S3,1023,warmup,data,cost,0.8674846625766871,815
ACI-PER,S3,1023,warmup,data,delay,0.8601226993865031,815
ACI-PER,S3,1023,early,probe,cost,0.9014285714285715,1400
ACI-PER,S3,1023,early,probe,delay,0.9021428571428571,1400
ACI-PER,S3,1023,early,data,cost,0.8712121212121212,1452
ACI-PER,S3,1023,early,data,delay,0.8601928374655647,1452
ACI-PER,S3,1023,middle,probe,cost,0.8994444444444445,1800
ACI-PER,S3,1023,middle,probe,delay,0.8972222222222223,1800
ACI-PER,S3,1023,middle,data,cost,0.8363977485928705,2665
ACI-PER,S3,1023,middle,data,delay,0.8345215759849907,2665
ACI-PER,S3,1023,late,probe,cost,0.8994932432432432,2368
ACI-PER,S3,1023,late,probe,delay,0.902027027027027,2368
ACI-PER,S3,1023,late,data,cost,0.8386467143786597,4611
ACI-PER,S3,1023,late,data,delay,0.8336586423769248,4611
ACI-PER,S3,1024,warmup,probe,cost,0.88625,800
ACI-PER,S3,1024,warmup,probe,delay,0.88,800
ACI-PER,S3,1024,warmup,data,cost,0.8939213349225268,839
ACI-PER,S3,1024,warmup,data,delay,0.8820023837902264,839
ACI-PER,S3,1024,early,probe,cost,0.8985714285714286,1400
ACI-PER,S3,1024,early,probe,delay,0.9,1400
ACI-PER,S3,1024,early,data,cost,0.8812286689419795,1465
ACI-PER,S3,1024,early,data,delay,0.8737201365187713,1465
ACI-PER,S3,1024,middle,probe,cost,0.9011111111111111,1800
ACI-PER,S3,1024,middle,probe,delay,0.8977777777777778,1800
ACI-PER,S3,1024,middle,data,cost,0.8757440476190477,2688
ACI-PER,S3,1024,middle,data,delay,0.8645833333333334,2688
ACI-PER,S3,1024,late,probe,cost,0.9001713796058269,2334
ACI-PER,S3,1024,late,probe,delay,0.9061696658097687,2334
ACI-PER,S3,1024,late,data,cost,0.8775733683749453,4566
ACI-PER,S3,1024,late,data,delay,0.870784056066579,4566
ACI-PER,S3,1025,warmup,probe,cost,0.9075,800
ACI-PER,S3,1025,warmup,probe,delay,0.89375,800
ACI-PER,S3,1025,warmup,data,cost,0.8876543209876543,810
ACI-PER,S3,1025,warmup,data,delay,0.8790123456790123,810
ACI-PER,S3,1025,early,probe,cost,0.8964285714285715,1400
ACI-PER,S3,1025,early,probe,delay,0.8964285714285715,1400
ACI-PER,S3,1025,early,data,cost,0.854706684856753,1466
ACI-PER,S3,1025,early,data,delay,0.8533424283765347,1466
ACI-PER,S3,1025,middle,probe,cost,0.9022222222222223,1800
ACI-PER,S3,1025,middle,probe,delay,0.9005555555555556,1800
ACI-PER,S3,1025,middle,data,cost,0.8845018450184502,2710
ACI-PER,S3,1025,middle,data,delay,0.8719557195571955,2710
ACI-PER,S3,1025,late,probe,cost,0.8998211091234347,2236
ACI-PER,S3,1025,late,probe,delay,0.9029516994633273,2236
ACI-PER,S3,1025,late,data,cost,0.8465667635875643,4471
ACI-PER,S3,1025,late,data,delay,0.8407515097293671,4471
ACI-PER,S3,1026,warmup,probe,cost,0.88625,800
ACI-PER,S3,1026,warmup,probe,delay,0.88625,800
ACI-PER,S3,1026,warmup,data,cost,0.8755980861244019,836
ACI-PER,S3,1026,warmup,data,delay,0.8696172248803827,836
ACI-PER,S3,1026,early,probe,cost,0.9035714285714286,1400
ACI-PER,S3,1026,early,probe,delay,0.9021428571428571,1400
ACI-PER,S3,1026,early,data,cost,0.8817498291182502,1463
ACI-PER,S3,1026,early,data,delay,0.8810663021189337,1463
ACI-PER,S3,1026,middle,probe,cost,0.8966666666666666,1800
ACI-PER,S3,1026,middle,probe,delay,0.8938888888888888,1800
ACI-PER,S3,1026,middle,data,cost,0.8681852128454071,2678
ACI-PER,S3,1026,middle,data,delay,0.8588498879761016,2678
ACI-PER,S3,1026,late,probe,cost,0.900398406374502,2259
ACI-PER,S3,1026,late,probe,delay,0.9030544488711819,2259
ACI-PER,S3,1026,late,data,cost,0.8767699115044247,4520
ACI-PER,S3,1026,late,data,delay,0.8736725663716814,4520
ACI-PER,S3,1027,warmup,probe,cost,0.89625,800
ACI-PER,S3,1027,warmup,probe,delay,0.88875,800
ACI-PER,S3,1027,warmup,data,cost,0.875,800
ACI-PER,S3,1027,warmup,data,delay,0.87,800
ACI-PER,S3,1027,early,probe,cost,0.905,1400
ACI-PER,S3,1027,early,probe,delay,0.9028571428571428,1400
ACI-PER,S3,1027,early,data,cost,0.867214236824093,1461
ACI-PER,S3,1027,early,data,delay,0.8617385352498289,1461
ACI-PER,S3,1027,middle,probe,cost,0.8977777777777778,1800
ACI-PER,S3,1027,middle,probe,delay,0.8983333333333333,1800
ACI-PER,S3,1027,middle,data,cost,0.8543833580980683,2692
ACI-PER,S3,1027,middle,data,delay,0.8458395245170877,2692
ACI-PER,S3,1027,late,probe,cost,0.8987396784006954,2301
ACI-PER,S3,1027,late,probe,delay,0.8987396784006954,2301
ACI-PER,S3,1027,late,data,cost,0.8500330323717243,4541
ACI-PER,S3,1027,late,data,delay,0.8418850473463995,4541
ACI-PER,S3,1028,warmup,probe,cost,0.90125,800
ACI-PER,S3,1028,warmup,probe,delay,0.89625,800
ACI-PER,S3,1028,warmup,data,cost,0.9046454767726161,818
ACI-PER,S3,1028,warmup,data,delay,0.8973105134474327,818
ACI-PER,S3,1028,early,probe,cost,0.8992857142857142,1400
ACI-PER,S3,1028,early,probe,delay,0.8992857142857142,1400
ACI-PER,S3,1028,early,data,cost,0.8757679180887372,1465
ACI-PER,S3,1028,early,data,delay,0.8641638225255973,1465
ACI-PER,S3,1028,middle,probe,cost,0.9022222222222223,1800
ACI-PER,S3,1028,middle,probe,delay,0.8961111111111111,1800
ACI-PER,S3,1028,middle,data,cost,0.8849294729027468,2694
ACI-PER,S3,1028,middle,data,delay,0.8778767631774314,2694
ACI-PER,S3,1028,late,probe,cost,0.8968531468531469,2288
ACI-PER,S3,1028,late,probe,delay,0.9020979020979021,2288
ACI-PER,S3,1028,late,data,cost,0.8606194690265486,4520
ACI-PER,S3,1028,late,data,delay,0.8553097345132743,4520
ACI-PER,S3,1029,warmup,probe,cost,0.88125,800
ACI-PER,S3,1029,warmup,probe,delay,0.8825,800
ACI-PER,S3,1029,warmup,data,cost,0.8753086419753087,810
ACI-PER,S3,1029,warmup,data,delay,0.8666666666666667,810
ACI-PER,S3,1029,early,probe,cost,0.9042857142857142,1400
ACI-PER,S3,1029,early,probe,delay,0.9042857142857142,1400
ACI-PER,S3,1029,early,data,cost,0.8645251396648045,1432
ACI-PER,S3,1029,early,data,delay,0.8631284916201117,1432
ACI-PER,S3,1029,middle,probe,cost,0.8938888888888888,1800
ACI-PER,S3,1029,middle,probe,delay,0.8938888888888888,1800
ACI-PER,S3,1029,middle,data,cost,0.8812246403541129,2711
ACI-PER,S3,1029,middle,data,delay,0.8753227591294725,2711
ACI-PER,S3,1029,late,probe,cost,0.9045625784847217,2389
ACI-PER,S3,1029,late,probe,delay,0.9053997488488907,2389
ACI-PER,S3,1029,late,data,cost,0.86763431542461,4616
ACI-PER,S3,1029,late,data,delay,0.8622183708838822,4616
ACI-PER,S4,1000,warmup,probe,cost,0.89875,800
ACI-PER,S4,1000,warmup,probe,delay,0.88375,800
ACI-PER,S4,1000,warmup,data,cost,0.895,800
ACI-PER,S4,1000,warmup,data,delay,0.87625,800
ACI-PER,S4,1000,early,probe,cost,0.9035714285714286,1400
ACI-PER,S4,1000,early,probe,delay,0.9064285714285715,1400
ACI-PER,S4,1000,early,data,cost,0.8714384989576095,1439
ACI-PER,S4,1000,early,data,delay,0.8658790826963169,1439
ACI-PER,S4,1000,middle,probe,cost,0.8994800693240901,1731
ACI-PER,S4,1000,middle,probe,delay,0.8971692663200462,1731
ACI-PER,S4,1000,middle,data,cost,0.8491891891891892,1850
ACI-PER,S4,1000,middle,data,delay,0.8454054054054054,1850
ACI-PER,S4,1000,late,probe,cost,0.8988366211431462,1977
ACI-PER,S4,1000,late,probe,delay,0.8968133535660091,1977
ACI-PER,S4,1000,late,data,cost,0.8411378555798688,2285
ACI-PER,S4,1000,late,data,delay,0.838074398249453,2285
ACI-PER,S4,1001,warmup,probe,cost,0.89125,800
ACI-PER,S4,1001,warmup,probe,delay,0.89375,800
ACI-PER,S4,1001,warmup,data,cost,0.8901098901098901,819
ACI-PER,S4,1001,warmup,data,delay,0.8754578754578755,819
ACI-PER,S4,1001,early,probe,cost,0.9028571428571428,1400
ACI-PER,S4,1001,early,probe,delay,0.9021428571428571,1400
ACI-PER,S4,1001,early,data,cost,0.8654371584699454,1464
ACI-PER,S4,1001,early,data,delay,0.8599726775956285,1464
ACI-PER,S4,1001,middle,probe,cost,0.8971692663200462,1731
ACI-PER,S4,1001,middle,probe,delay,0.8977469670710572,1731
ACI-PER,S4,1001,middle,data,cost,0.87527352297593,1828
ACI-PER,S4,1001,middle,data,delay,0.8659737417943107,1828
ACI-PER,S4,1001,late,probe,cost,0.9049544994944388,1978
ACI-PER,S4,1001,late,probe,delay,0.9049544994944388,1978
ACI-PER,S4,1001,late,data,cost,0.8561247216035635,2245
ACI-PER,S4,1001,late,data,delay,0.8503340757238307,2245
ACI-PER,S4,1002,warmup,probe,cost,0.9025,800
ACI-PER,S4,1002,warmup,probe,delay,0.9,800
ACI-PER,S4,1002,warmup,data,cost,0.9133089133089133,819
ACI-PER,S4,1002,warmup,data,delay,0.8998778998778999,819
ACI-PER,S4,1002,early,probe,cost,0.9035714285714286,1400
ACI-PER,S4,1002,early,probe,delay,0.9064285714285715,1400
ACI-PER,S4,1002,early,data,cost,0.8641638225255973,1465
ACI-PER,S4,1002,early,data,delay,0.8491467576791809,1465
ACI-PER,S4,1002,middle,probe,cost,0.8948896631823461,1722
ACI-PER,S4,1002,middle,probe,delay,0.8972125435540069,1722
ACI-PER,S4,1002,middle,data,cost,0.8484187568157033,1834
ACI-PER,S4,1002,middle,data,delay,0.8396946564885496,1834
ACI-PER,S4,1002,late,probe,cost,0.9005416051206302,2031
ACI-PER,S4,1002,late,probe,delay,0.896602658788774,2031
ACI-PER,S4,1002,late,data,cost,0.8485106382978723,2350
ACI-PER,S4,1002,late,data,delay,0.8327659574468085,2350
ACI-PER,S4,1003,warmup,probe,cost,0.87875,800
ACI-PER,S4,1003,warmup,probe,delay,0.87875,800
ACI-PER,S4,1003,warmup,data,cost,0.8658536585365854,820
ACI-PER,S4,1003,warmup,data,delay,0.8536585365853658,820
ACI-PER,S4,1003,early,probe,cost,0.8985714285714286,1400
ACI-PER,S4,1003,early,probe,delay,0.8985714285714286,1400
ACI-PER,S4,1003,early,data,cost,0.8229598893499308,1446
ACI-PER,S4,1003,early,data,delay,0.822268326417704,1446
ACI-PER,S4,1003,middle,probe,cost,0.9016772700983228,1729
ACI-PER,S4,1003,middle,probe,delay,0.9005205320994795,1729
ACI-PER,S4,1003,middle,data,cost,0.8492545554942021,1811
ACI-PER,S4,1003,middle,data,delay,0.8442849254555495,1811
ACI-PER,S4,1003,late,probe,cost,0.9001497753369945,2003
ACI-PER,S4,1003,late,probe,delay,0.9026460309535697,2003
ACI-PER,S4,1003,late,data,cost,0.8581896551724137,2320
ACI-PER,S4,1003,late,data,delay,0.8551724137931035,2320
ACI-PER,S4,1004,warmup,probe,cost,0.9025,800
ACI-PER,S4,1004,warmup,probe,delay,0.8975,800
ACI-PER,S4,1004,warmup,data,cost,0.8585485854858549,813
ACI-PER,S4,1004,warmup,data,delay,0.8487084870848709,813
ACI-PER,S4,1004,early,probe,cost,0.9035714285714286,1400
ACI-PER,S4,1004,early,probe,delay,0.9035714285714286,1400
ACI-PER,S4,1004,early,data,cost,0.8688981868898187,1434
ACI-PER,S4,1004,early,data,delay,0.8584379358437936,1434
ACI-PER,S4,1004,middle,probe,cost,0.8927113702623907,1715
ACI-PER,S4,1004,middle,probe,delay,0.8979591836734694,1715
ACI-PER,S4,1004,middle,data,cost,0.8566037735849057,1855
ACI-PER,S4,1004,middle,data,delay,0.8495956873315363,1855
ACI-PER,S4,1004,late,probe,cost,0.9054726368159204,2010
ACI-PER,S4,1004,late,probe,delay,0.8995024875621891,2010
ACI-PER,S4,1004,late,data,cost,0.8598090277777778,2304
ACI-PER,S4,1004,late,data,delay,0.85546875,2304
ACI-PER,S4,1005,warmup,probe,cost,0.9,800
ACI-PER,S4,1005,warmup,probe,delay,0.8925,800
ACI-PER,S4,1005,warmup,data,cost,0.8349633251833741,818
ACI-PER,S4,1005,warmup,data,delay,0.8312958435207825,818
ACI-PER,S4,1005,early,probe,cost,0.8992857142857142,1400
ACI-PER,S4,1005,early,probe,delay,0.895,1400
ACI-PER,S4,1005,early,data,cost,0.8652777777777778,1440
ACI-PER,S4,1005,early,data,delay,0.8513888888888889,1440
ACI-PER,S4,1005,middle,probe,cost,0.9012775842044135,1722
ACI-PER,S4,1005,middle,probe,delay,0.9041811846689896,1722
ACI-PER,S4,1005,middle,data,cost,0.8708791208791209,1820
ACI-PER,S4,1005,middle,data,delay,0.8587912087912087,1820
ACI-PER,S4,1005,late,probe,cost,0.9019019019019019,1998
ACI-PER,S4,1005,late,probe,delay,0.9024024024024024,1998
ACI-PER,S4,1005,late,data,cost,0.8580757509795385,2297
ACI-PER,S4,1005,late,data,delay,0.8463212886373531,2297
ACI-PER,S4,1006,warmup,probe,cost,0.9075,800
ACI-PER,S4,1006,warmup,probe,delay,0.90625,800
ACI-PER,S4,1006,warmup,data,cost,0.8620268620268621,819
ACI-PER,S4,1006,warmup,data,delay,0.8547008547008547,819
ACI-PER,S4,1006,early,probe,cost,0.8971428571428571,1400
ACI-PER,S4,1006,early,probe,delay,0.9007142857142857,1400
ACI-PER,S4,1006,early,data,cost,0.8631284916201117,1432
ACI-PER,S4,1006,early,data,delay,0.854050279329609,1432
ACI-PER,S4,1006,middle,probe,cost,0.9001154734411085,1732
ACI-PER,S4,1006,middle,probe,delay,0.8983833718244804,1732
ACI-PER,S4,1006,middle,data,cost,0.8392461197339246,1804
ACI-PER,S4,1006,middle,data,delay,0.8314855875831486,1804
ACI-PER,S4,1006,late,probe,cost,0.9014373716632443,1948
ACI-PER,S4,1006,late,probe,delay,0.9029774127310062,1948
ACI-PER,S4,1006,late,data,cost,0.8446515756768753,2253
ACI-PER,S4,1006,late,data,delay,0.8411007545494895,2253
ACI-PER,S4,1007,warmup,probe,cost,0.89375,800
ACI-PER,S4,1007,warmup,probe,delay,0.90125,800
ACI-PER,S4,1007,warmup,data,cost,0.8727050183598531,817
ACI-PER,S4,1007,warmup,data,delay,0.8653610771113831,817
ACI-PER,S4,1007,early,probe,cost,0.9071428571428571,1400
ACI-PER,S4,1007,early,probe,delay,0.9057142857142857,1400
ACI-PER,S4,1007,early,data,cost,0.8790601243953006,1447
ACI-PER,S4,1007,early,data,delay,0.8673116793365584,1447
ACI-PER,S4,1007,middle,probe,cost,0.8955310504933256,1723
ACI-PER,S4,1007,middle,probe,delay,0.8961114335461404,1723
ACI-PER,S4,1007,middle,data,cost,0.8498367791077258,1838
ACI-PER,S4,1007,middle,data,delay,0.838411316648531,1838
ACI-PER,S4,1007,late,probe,cost,0.8960321446509292,1991
ACI-PER,S4,1007,late,probe,delay,0.8975389251632345,1991
ACI-PER,S4,1007,late,data,cost,0.8684895833333334,2304
ACI-PER,S4,1007,late,data,delay,0.8628472222222222,2304
ACI-PER,S4,1008,warmup,probe,cost,0.89125,800
ACI-PER,S4,1008,warmup,probe,delay,0.88875,800
ACI-PER,S4,1008,warmup,data,cost,0.8866348448687351,838
ACI-PER,S4,1008,warmup,data,delay,0.8723150357995226,838
ACI-PER,S4,1008,early,probe,cost,0.9014285714285715,1400
ACI-PER,S4,1008,early,probe,delay,0.9,1400
ACI-PER,S4,1008,early,data,cost,0.8685286103542235,1468
ACI-PER,S4,1008,early,data,delay,0.8698910081743869,1468
ACI-PER,S4,1008,middle,probe,cost,0.9038795599305154,1727
ACI-PER,S4,1008,middle,probe,delay,0.903300521134916,1727
ACI-PER,S4,1008,middle,data,cost,0.8491471215351812,1876
ACI-PER,S4,1008,middle,data,delay,0.8432835820895522,1876
ACI-PER,S4,1008,late,probe,cost,0.8969428007889546,2028
ACI-PER,S4,1008,late,probe,delay,0.8964497041420119,2028
ACI-PER,S4,1008,late,data,cost,0.8415883859948762,2342
ACI-PER,S4,1008,late,data,delay,0.838599487617421,2342
ACI-PER,S4,1009,warmup,probe,cost,0.9075,800
ACI-PER,S4,1009,warmup,probe,delay,0.9,800
ACI-PER,S4,1009,warmup,data,cost,0.8876678876678876,819
ACI-PER,S4,1009,warmup,data,delay,0.8705738705738706,819
ACI-PER,S4,1009,early,probe,cost,0.8964285714285715,1400
ACI-PER,S4,1009,early,probe,delay,0.9014285714285715,1400
ACI-PER,S4,1009,early,data,cost,0.8646978021978022,1456
ACI-PER,S4,1009,early,data,delay,0.8502747252747253,1456
ACI-PER,S4,1009,middle,probe,cost,0.901915264074289,1723
ACI-PER,S4,1009,middle,probe,delay,0.8995937318630296,1723
ACI-PER,S4,1009,middle,data,cost,0.868421052631579,1824
ACI-PER,S4,1009,middle,data,delay,0.8536184210526315,1824
ACI-PER,S4,1009,late,probe,cost,0.9024269440316989,2019
ACI-PER,S4,1009,late,probe,delay,0.9029222387320456,2019
ACI-PER,S4,1009,late,data,cost,0.8369377162629758,2312
ACI-PER,S4,1009,late,data,delay,0.8261245674740484,2312
ACI-PER,S4,1010,warmup,probe,cost,0.88625,800
ACI-PER,S4,1010,warmup,probe,delay,0.88375,800
ACI-PER,S4,1010,warmup,data,cost,0.8606356968215159,818
ACI-PER,S4,1010,warmup,data,delay,0.8581907090464548,818
ACI-PER,S4,1010,early,probe,cost,0.8971428571428571,1400
ACI-PER,S4,1010,early,probe,delay,0.9035714285714286,1400
ACI-PER,S4,1010,early,data,cost,0.8614540466392319,1458
ACI-PER,S4,1010,early,data,delay,0.8621399176954733,1458
ACI-PER,S4,1010,middle,probe,cost,0.9076655052264808,1722
ACI-PER,S4,1010,middle,probe,delay,0.9012775842044135,1722
ACI-PER,S4,1010,middle,data,cost,0.8445154419595314,1878
ACI-PER,S4,1010,middle,data,delay,0.838125665601704,1878
ACI-PER,S4,1010,late,probe,cost,0.8963807635101636,2017
ACI-PER,S4,1010,late,probe,delay,0.8983639067922657,2017
ACI-PER,S4,1010,late,data,cost,0.8484450284713096,2283
ACI-PER,S4,1010,late,data,delay,0.8501971090670171,2283
ACI-PER,S4,1011,warmup,probe,cost,0.8875,800
ACI-PER,S4,1011,warmup,probe,delay,0.89625,800
ACI-PER,S4,1011,warmup,data,cost,0.873015873015873,819
ACI-PER,S4,1011,warmup,data,delay,0.8681318681318682,819
ACI-PER,S4,1011,early,probe,cost,0.8964285714285715,1400
ACI-PER,S4,1011,early,probe,delay,0.8978571428571429,1400
ACI-PER,S4,1011,early,data,cost,0.8737997256515775,1458
ACI-PER,S4,1011,early,data,delay,0.8703703703703703,1458
ACI-PER,S4,1011,middle,probe,cost,0.9058891454965358,1732
ACI-PER,S4,1011,middle,probe,delay,0.9047344110854504,1732
ACI-PER,S4,1011,middle,data,cost,0.8820960698689956,1832
ACI-PER,S4,1011,middle,data,delay,0.8744541484716157,1832
ACI-PER,S4,1011,late,probe,cost,0.8974987739087789,2039
ACI-PER,S4,1011,late,probe,delay,0.8984796468857283,2039
ACI-PER,S4,1011,late,data,cost,0.8418502202643172,2270
ACI-PER,S4,1011,late,data,delay,0.8365638766519824,2270
ACI-PER,S4,1012,warmup,probe,cost,0.9,800
ACI-PER,S4,1012,warmup,probe,delay,0.895,800
ACI-PER,S4,1012,warmup,data,cost,0.8621951219512195,820
ACI-PER,S4,1012,warmup,data,delay,0.8451219512195122,820
ACI-PER,S4,1012,early,probe,cost,0.8992857142857142,1400
ACI-PER,S4,1012,early,probe,delay,0.9014285714285715,1400
ACI-PER,S4,1012,early,data,cost,0.8534542916957432,1433
ACI-PER,S4,1012,early,data,delay,0.8506629448709002,1433
ACI-PER,S4,1012,middle,probe,cost,0.9042123485285631,1733
ACI-PER,S4,1012,middle,probe,delay,0.9030582804385459,1733
ACI-PER,S4,1012,middle,data,cost,0.85,1800
ACI-PER,S4,1012,middle,data,delay,0.84,1800
ACI-PER,S4,1012,late,probe,cost,0.8974231912784936,2018
ACI-PER,S4,1012,late,probe,delay,0.8939544103072349,2018
ACI-PER,S4,1012,late,data,cost,0.855321020228672,2274
ACI-PER,S4,1012,late,data,delay,0.8425681618293756,2274
ACI-PER,S4,1013,warmup,probe,cost,0.89875,800
ACI-PER,S4,1013,warmup,probe,delay,0.89125,800
ACI-PER,S4,1013,warmup,data,cost,0.8880688806888068,813
ACI-PER,S4,1013,warmup,data,delay,0.8794587945879458,813
ACI-PER,S4,1013,early,probe,cost,0.9,1400
ACI-PER,S4,1013,early,probe,delay,0.9,1400
ACI-PER,S4,1013,early,data,cost,0.8458445040214477,1492
ACI-PER,S4,1013,early,data,delay,0.8351206434316354,1492
ACI-PER,S4,1013,middle,probe,cost,0.9017241379310345,1740
ACI-PER,S4,1013,middle,probe,delay,0.9,1740
ACI-PER,S4,1013,middle,data,cost,0.8480340063761955,1882
ACI-PER,S4,1013,middle,data,delay,0.8464399574920297,1882
ACI-PER,S4,1013,late,probe,cost,0.8968861664114344,1959
ACI-PER,S4,1013,late,probe,delay,0.8984175599795814,1959
ACI-PER,S4,1013,late,data,cost,0.8566992014196984,2254
ACI-PER,S4,1013,late,data,delay,0.8513753327417923,2254
ACI-PER,S4,1014,warmup,probe,cost,0.895,800
ACI-PER,S4,1014,warmup,probe,delay,0.89625,800
ACI-PER,S4,1014,warmup,data,cost,0.8792682926829268,820
ACI-PER,S4,1014,warmup,data,delay,0.8719512195121951,820
ACI-PER,S4,1014,early,probe,cost,0.8992857142857142,1400
ACI-PER,S4,1014,early,probe,delay,0.9007142857142857,1400
ACI-PER,S4,1014,early,data,cost,0.8638562543192813,1447
ACI-PER,S4,1014,early,data,delay,0.8610919143054596,1447
ACI-PER,S4,1014,middle,probe,cost,0.901790872328134,1731
ACI-PER,S4,1014,middle,probe,delay,0.8994800693240901,1731
ACI-PER,S4,1014,middle,data,cost,0.8560397131825703,1813
ACI-PER,S4,1014,middle,data,delay,0.851627137341423,1813
ACI-PER,S4,1014,late,probe,cost,0.8988540109616343,2007
ACI-PER,S4,1014,late,probe,delay,0.8988540109616343,2007
ACI-PER,S4,1014,late,data,cost,0.8553266111354669,2281
ACI-PER,S4,1014,late,data,delay,0.8505041648399825,2281
ACI-PER,S4,1015,warmup,probe,cost,0.895,800
ACI-PER,S4,1015,warmup,probe,delay,0.895,800
ACI-PER,S4,1015,warmup,data,cost,0.8620268620268621,819
ACI-PER,S4,1015,warmup,data,delay,0.8559218559218559,819
ACI-PER,S4,1015,early,probe,cost,0.905,1400
ACI-PER,S4,1015,early,probe,delay,0.905,1400
ACI-PER,S4,1015,early,data,cost,0.8498942917547568,1419
ACI-PER,S4,1015,early,data,delay,0.8470754052149401,1419
ACI-PER,S4,1015,middle,probe,cost,0.8956268221574344,1715
ACI-PER,S4,1015,middle,probe,delay,0.8950437317784257,1715
ACI-PER,S4,1015,middle,data,cost,0.8660366870483602,1799
ACI-PER,S4,1015,middle,data,delay,0.8638132295719845,1799
ACI-PER,S4,1015,late,probe,cost,0.9054455445544555,2020
ACI-PER,S4,1015,late,probe,delay,0.902970297029703,2020
ACI-PER,S4,1015,late,data,cost,0.8546387345019238,2339
ACI-PER,S4,1015,late,data,delay,0.8469431380932022,2339
ACI-PER,S4,1016,warmup,probe,cost,0.91625,800
ACI-PER,S4,1016,warmup,probe,delay,0.915,800
ACI-PER,S4,1016,warmup,data,cost,0.8693528693528694,819
ACI-PER,S4,1016,warmup,data,delay,0.8669108669108669,819
ACI-PER,S4,1016,early,probe,cost,0.905,1400
ACI-PER,S4,1016,early,probe,delay,0.9042857142857142,1400
ACI-PER,S4,1016,early,data,cost,0.8528591352859135,1434
ACI-PER,S4,1016,early,data,delay,0.8368200836820083,1434
ACI-PER,S4,1016,middle,probe,cost,0.8992472495657209,1727
ACI-PER,S4,1016,middle,probe,delay,0.9004053271569196,1727
ACI-PER,S4,1016,middle,data,cost,0.8410087719298246,1824
ACI-PER,S4,1016,middle,data,delay,0.8393640350877193,1824
ACI-PER,S4,1016,late,probe,cost,0.8998978549540347,1958
ACI-PER,S4,1016,late,probe,delay,0.900408580183861,1958
ACI-PER,S4,1016,late,data,cost,0.8604347826086957,2300
ACI-PER,S4,1016,late,data,delay,0.8586956521739131,2300
ACI-PER,S4,1017,warmup,probe,cost,0.89125,800
ACI-PER,S4,1017,warmup,probe,delay,0.8925,800
ACI-PER,S4,1017,warmup,data,cost,0.8504901960784313,816
ACI-PER,S4,1017,warmup,data,delay,0.8468137254901961,816
ACI-PER,S4,1017,early,probe,cost,0.8992857142857142,1400
ACI-PER,S4,1017,early,probe,delay,0.9014285714285715,1400
ACI-PER,S4,1017,early,data,cost,0.883298392732355,1431
ACI-PER,S4,1017,early,data,delay,0.8784067085953878,1431
ACI-PER,S4,1017,middle,probe,cost,0.9027214823393167,1727
ACI-PER,S4,1017,middle,probe,delay,0.8992472495657209,1727
ACI-PER,S4,1017,middle,data,cost,0.8562605277933745,1781
ACI-PER,S4,1017,middle,data,delay,0.8467153284671532,1781
ACI-PER,S4,1017,late,probe,cost,0.8971871968962173,2062
ACI-PER,S4,1017,late,probe,delay,0.9000969932104753,2062
ACI-PER,S4,1017,late,data,cost,0.8692955250332299,2257
ACI-PER,S4,1017,late,data,delay,0.8688524590163934,2257
ACI-PER,S4,1018,warmup,probe,cost,0.89625,800
ACI-PER,S4,1018,warmup,probe,delay,0.89875,800
ACI-PER,S4,1018,warmup,data,cost,0.8950617283950617,810
ACI-PER,S4,1018,warmup,data,delay,0.8876543209876543,810
ACI-PER,S4,1018,early,probe,cost,0.9028571428571428,1400
ACI-PER,S4,1018,early,probe,delay,0.9007142857142857,1400
ACI-PER,S4,1018,early,data,cost,0.8527397260273972,1460
ACI-PER,S4,1018,early,data,delay,0.8465753424657534,1460
ACI-PER,S4,1018,middle,probe,cost,0.9042123485285631,1733
ACI-PER,S4,1018,middle,probe,delay,0.9024812463935372,1733
ACI-PER,S4,1018,middle,data,cost,0.8494565217391304,1840
ACI-PER,S4,1018,middle,data,delay,0.845108695652174,1840
ACI-PER,S4,1018,late,probe,cost,0.8953430145217827,1997
ACI-PER,S4,1018,late,probe,delay,0.8983475212819229,1997
ACI-PER,S4,1018,late,data,cost,0.8596491228070176,2280
ACI-PER,S4,1018,late,data,delay,0.8583333333333333,2280
ACI-PER,S4,1019,warmup,probe,cost,0.885,800
ACI-PER,S4,1019,warmup,probe,delay,0.89125,800
ACI-PER,S4,1019,warmup,data,cost,0.84875,800
ACI-PER,S4,1019,warmup,data,delay,0.85,800
ACI-PER,S4,1019,early,probe,cost,0.8957142857142857,1400
ACI-PER,S4,1019,early,probe,delay,0.8964285714285715,1400
ACI-PER,S4,1019,early,data,cost,0.8564493758668515,1442
ACI-PER,S4,1019,early,data,delay,0.8550624133148405,1442
ACI-PER,S4,1019,middle,probe,cost,0.9027777777777778,1728
ACI-PER,S4,1019,middle,probe,delay,0.9027777777777778,1728
ACI-PER,S4,1019,middle,data,cost,0.8679558011049724,1810
ACI-PER,S4,1019,middle,data,delay,0.8613259668508287,1810
ACI-PER,S4,1019,late,probe,cost,0.9064819396338446,2021
ACI-PER,S4,1019,late,probe,delay,0.9054923305294409,2021
ACI-PER,S4,1019,late,data,cost,0.8693356797184338,2273
ACI-PER,S4,1019,late,data,delay,0.8649362076550814,2273
ACI-PER,S4,1020,warmup,probe,cost,0.90875,800
ACI-PER,S4,1020,warmup,probe,delay,0.9075,800
ACI-PER,S4,1020,warmup,data,cost,0.8425,800
ACI-PER,S4,1020,warmup,data,delay,0.8475,800
ACI-PER,S4,1020,early,probe,cost,0.8985714285714286,1400
ACI-PER,S4,1020,early,probe,delay,0.8992857142857142,1400
ACI-PER,S4,1020,early,data,cost,0.856743535988819,1431
ACI-PER,S4,1020,early,data,delay,0.8511530398322851,1431
ACI-PER,S4,1020,middle,probe,cost,0.8980891719745223,1727
ACI-PER,S4,1020,middle,probe,delay,0.8986682107701216,1727
ACI-PER,S4,1020,middle,data,cost,0.8658603628367235,1819
ACI-PER,S4,1020,middle,data,delay,0.863111599780099,1819
ACI-PER,S4,1020,late,probe,cost,0.9056701030927835,1940
ACI-PER,S4,1020,late,probe,delay,0.9020618556701031,1940
ACI-PER,S4,1020,late,data,cost,0.8600441501103753,2265
ACI-PER,S4,1020,late,data,delay,0.8520971302428256,2265
ACI-PER,S4,1021,warmup,probe,cost,0.88375,800
ACI-PER,S4,1021,warmup,probe,delay,0.8825,800
ACI-PER,S4,1021,warmup,data,cost,0.8695121951219512,820
ACI-PER,S4,1021,warmup,data,delay,0.8658536585365854,820
ACI-PER,S4,1021,early,probe,cost,0.8992857142857142,1400
ACI-PER,S4,1021,early,probe,delay,0.9007142857142857,1400
ACI-PER,S4,1021,early,data,cost,0.8651761517615176,1476
ACI-PER,S4,1021,early,data,delay,0.8556910569105691,1476
ACI-PER,S4,1021,middle,probe,cost,0.9025670945157527,1714
ACI-PER,S4,1021,middle,probe,delay,0.9019836639439907,1714
ACI-PER,S4,1021,middle,data,cost,0.8660520607375272,1844
ACI-PER,S4,1021,middle,data,delay,0.8546637744034707,1844
ACI-PER,S4,1021,late,probe,cost,0.9004950495049505,2020
ACI-PER,S4,1021,late,probe,delay,0.8995049504950495,2020
ACI-PER,S4,1021,late,data,cost,0.8746747614917606,2306
ACI-PER,S4,1021,late,data,delay,0.8720728534258456,2306
ACI-PER,S4,1022,warmup,probe,cost,0.9075,800
ACI-PER,S4,1022,warmup,probe,delay,0.90625,800
ACI-PER,S4,1022,warmup,data,cost,0.8800489596083231,817
ACI-PER,S4,1022,warmup,data,delay,0.8751529987760098,817
ACI-PER,S4,1022,early,probe,cost,0.9014285714285715,1400
ACI-PER,S4,1022,early,probe,delay,0.9007142857142857,1400
ACI-PER,S4,1022,early,data,cost,0.8626220362622036,1434
ACI-PER,S4,1022,early,data,delay,0.8570432357043236,1434
ACI-PER,S4,1022,middle,probe,cost,0.8983149331783846,1721
ACI-PER,S4,1022,middle,probe,delay,0.9006391632771644,1721
ACI-PER,S4,1022,middle,data,cost,0.8568387440127727,1879
ACI-PER,S4,1022,middle,data,delay,0.8451303885045237,1879
ACI-PER,S4,1022,late,probe,cost,0.8975247524752475,2020
ACI-PER,S4,1022,late,probe,delay,0.8965346534653466,2020
ACI-PER,S4,1022,late,data,cost,0.8482142857142857,2352
ACI-PER,S4,1022,late,data,delay,0.8422619047619048,2352
ACI-PER,S4,1023,warmup,probe,cost,0.87875,800
ACI-PER,S4,1023,warmup,probe,delay,0.885,800
ACI-PER,S4,1023,warmup,data,cost,0.8613496932515338,815
ACI-PER,S4,1023,warmup,data,delay,0.8552147239263803,815
ACI-PER,S4,1023,early,probe,cost,0.9021428571428571,1400
ACI-PER,S4,1023,early,probe,delay,0.9021428571428571,1400
ACI-PER,S4,1023,early,data,cost,0.8628532046864231,1451
ACI-PER,S4,1023,early,data,delay,0.8594073053066851,1451
ACI-PER,S4,1023,middle,probe,cost,0.9001741149158444,1723
ACI-PER,S4,1023,middle,probe,delay,0.9013348810214742,1723
ACI-PER,S4,1023,middle,data,cost,0.8585472419442928,1831
ACI-PER,S4,1023,middle,data,delay,0.8585472419442928,1831
ACI-PER,S4,1023,late,probe,cost,0.8988326848249028,2056
ACI-PER,S4,1023,late,probe,delay,0.8988326848249028,2056
ACI-PER,S4,1023,late,data,cost,0.82141290039491,2279
ACI-PER,S4,1023,late,data,delay,0.8196577446248354,2279
ACI-PER,S4,1024,warmup,probe,cost,0.88625,800
ACI-PER,S4,1024,warmup,probe,delay,0.88625,800
ACI-PER,S4,1024,warmup,data,cost,0.8855780691299165,839
ACI-PER,S4,1024,warmup,data,delay,0.8748510131108462,839
ACI-PER,S4,1024,early,probe,cost,0.8978571428571429,1400
ACI-PER,S4,1024,early,probe,delay,0.8964285714285715,1400
ACI-PER,S4,1024,early,data,cost,0.875,1464
ACI-PER,S4,1024,early,data,delay,0.8674863387978142,1464
ACI-PER,S4,1024,middle,probe,cost,0.9033197437390798,1717
ACI-PER,S4,1024,middle,probe,delay,0.9044845661036692,1717
ACI-PER,S4,1024,middle,data,cost,0.8732782369146006,1815
ACI-PER,S4,1024,middle,data,delay,0.8633608815426997,1815
ACI-PER,S4,1024,late,probe,cost,0.8979803210771621,1931
ACI-PER,S4,1024,late,probe,delay,0.9005696530295184,1931
ACI-PER,S4,1024,late,data,cost,0.8711385701676964,2266
ACI-PER,S4,1024,late,data,delay,0.8667255075022066,2266
ACI-PER,S4,1025,warmup,probe,cost,0.90375,800
ACI-PER,S4,1025,warmup,probe,delay,0.89375,800
ACI-PER,S4,1025,warmup,data,cost,0.8691358024691358,810
ACI-PER,S4,1025,warmup,data,delay,0.8604938271604938,810
ACI-PER,S4,1025,early,probe,cost,0.895,1400
ACI-PER,S4,1025,early,probe,delay,0.8957142857142857,1400
ACI-PER,S4,1025,early,data,cost,0.8383356070941337,1466
ACI-PER,S4,1025,early,data,delay,0.8383356070941337,1466
ACI-PER,S4,1025,middle,probe,cost,0.9016772700983228,1729
ACI-PER,S4,1025,middle,probe,delay,0.9010989010989011,1729
ACI-PER,S4,1025,middle,data,cost,0.8658269441401971,1826
ACI-PER,S4,1025,middle,data,delay,0.8581599123767798,1826
ACI-PER,S4,1025,late,probe,cost,0.8983739837398373,1968
ACI-PER,S4,1025,late,probe,delay,0.8998983739837398,1968
ACI-PER,S4,1025,late,data,cost,0.8427927927927928,2220
ACI-PER,S4,1025,late,data,delay,0.8373873873873874,2220
ACI-PER,S4,1026,warmup,probe,cost,0.89,800
ACI-PER,S4,1026,warmup,probe,delay,0.88375,800
ACI-PER,S4,1026,warmup,data,cost,0.868421052631579,836
ACI-PER,S4,1026,warmup,data,delay,0.8624401913875598,836
ACI-PER,S4,1026,early,probe,cost,0.9057142857142857,1400
ACI-PER,S4,1026,early,probe,delay,0.905,1400
ACI-PER,S4,1026,early,data,cost,0.87920384351407,1457
ACI-PER,S4,1026,early,data,delay,0.8860672614962252,1457
ACI-PER,S4,1026,middle,probe,cost,0.8952546296296297,1728
ACI-PER,S4,1026,middle,probe,delay,0.8940972222222222,1728
ACI-PER,S4,1026,middle,data,cost,0.8619201725997843,1854
ACI-PER,S4,1026,middle,data,delay,0.8581445523193096,1854
ACI-PER,S4,1026,late,probe,cost,0.9023552502453386,2038
ACI-PER,S4,1026,late,probe,delay,0.9052993130520117,2038
ACI-PER,S4,1026,late,data,cost,0.8575074436410038,2351
ACI-PER,S4,1026,late,data,delay,0.8536792854104637,2351
ACI-PER,S4,1027,warmup,probe,cost,0.8925,800
ACI-PER,S4,1027,warmup,probe,delay,0.88125,800
ACI-PER,S4,1027,warmup,data,cost,0.85625,800
ACI-PER,S4,1027,warmup,data,delay,0.85,800
ACI-PER,S4,1027,early,probe,cost,0.9035714285714286,1400
ACI-PER,S4,1027,early,probe,delay,0.9035714285714286,1400
ACI-PER,S4,1027,early,data,cost,0.8695652173913043,1449
ACI-PER,S4,1027,early,data,delay,0.865424430641822,1449
ACI-PER,S4,1027,middle,probe,cost,0.8983246678220682,1731
ACI-PER,S4,1027,middle,probe,delay,0.8994800693240901,1731
ACI-PER,S4,1027,middle,data,cost,0.8497807017543859,1824
ACI-PER,S4,1027,middle,data,delay,0.8421052631578947,1824
ACI-PER,S4,1027,late,probe,cost,0.8997566909975669,2055
ACI-PER,S4,1027,late,probe,delay,0.8982968369829684,2055
ACI-PER,S4,1027,late,data,cost,0.8634380453752182,2292
ACI-PER,S4,1027,late,data,delay,0.8621291448516579,2292
ACI-PER,S4,1028,warmup,probe,cost,0.9,800
ACI-PER,S4,1028,warmup,probe,delay,0.895,800
ACI-PER,S4,1028,warmup,data,cost,0.9034229828850856,818
ACI-PER,S4,1028,warmup,data,delay,0.8960880195599022,818
ACI-PER,S4,1028,early,probe,cost,0.8957142857142857,1400
ACI-PER,S4,1028,early,probe,delay,0.8978571428571429,1400
ACI-PER,S4,1028,early,data,cost,0.8452961672473868,1435
ACI-PER,S4,1028,early,data,delay,0.8327526132404182,1435
ACI-PER,S4,1028,middle,probe,cost,0.9016110471806674,1738
ACI-PER,S4,1028,middle,probe,delay,0.9016110471806674,1738
ACI-PER,S4,1028,middle,data,cost,0.8716104039845047,1807
ACI-PER,S4,1028,middle,data,delay,0.8644161593801881,1807
ACI-PER,S4,1028,late,probe,cost,0.9021632251720747,2034
ACI-PER,S4,1028,late,probe,delay,0.9026548672566371,2034
ACI-PER,S4,1028,late,data,cost,0.8739569609134826,2277
ACI-PER,S4,1028,late,data,delay,0.865173473869126,2277
ACI-PER,S4,1029,warmup,probe,cost,0.8775,800
ACI-PER,S4,1029,warmup,probe,delay,0.885,800
ACI-PER,S4,1029,warmup,data,cost,0.8665018541409147,809
ACI-PER,S4,1029,warmup,data,delay,0.8603213844252163,809
ACI-PER,S4,1029,early,probe,cost,0.9021428571428571,1400
ACI-PER,S4,1029,early,probe,delay,0.9021428571428571,1400
ACI-PER,S4,1029,early,data,cost,0.872133425990271,1439
ACI-PER,S4,1029,early,data,delay,0.8658790826963169,1439
ACI-PER,S4,1029,middle,probe,cost,0.8958090803259604,1718
ACI-PER,S4,1029,middle,probe,delay,0.8981373690337602,1718
ACI-PER,S4,1029,middle,data,cost,0.85437430786268,1806
ACI-PER,S4,1029,middle,data,delay,0.8527131782945736,1806
ACI-PER,S4,1029,late,probe,cost,0.9035785288270378,2012
ACI-PER,S4,1029,late,probe,delay,0.9025844930417495,2012
ACI-PER,S4,1029,late,data,cost,0.8548174219093708,2273
ACI-PER,S4,1029,late,data,delay,0.8473383194016718,2273
ACI-PER,S5,1000,warmup,probe,cost,0.88125,800
ACI-PER,S5,1000,warmup,probe,delay,0.88,800
ACI-PER,S5,1000,warmup,data,cost,0.8864197530864197,810
ACI-PER,S5,1000,warmup,data,delay,0.8851851851851852,810
ACI-PER,S5,1000,early,probe,cost,0.9014285714285715,1400
ACI-PER,S5,1000,early,probe,delay,0.9028571428571428,1400
ACI-PER,S5,1000,early,data,cost,0.8869625520110958,1442
ACI-PER,S5,1000,early,data,delay,0.8828016643550625,1442
ACI-PER,S5,1000,middle,probe,cost,0.903523974581167,1731
ACI-PER,S5,1000,middle,probe,delay,0.8989023685730791,1731
ACI-PER,S5,1000,middle,data,cost,0.8182912154031288,2493
ACI-PER,S5,1000,middle,data,delay,0.776173285198556,2493
ACI-PER,S5,1000,late,probe,cost,0.8935,2000
ACI-PER,S5,1000,late,probe,delay,0.895,2000
ACI-PER,S5,1000,late,data,cost,0.8003762050317423,4253
ACI-PER,S5,1000,late,data,delay,0.7808605690101105,4253
ACI-PER,S5,1001,warmup,probe,cost,0.89625,800
ACI-PER,S5,1001,warmup,probe,delay,0.89625,800
ACI-PER,S5,1001,warmup,data,cost,0.905982905982906,819
ACI-PER,S5,1001,warmup,data,delay,0.8925518925518926,819
ACI-PER,S5,1001,early,probe,cost,0.8985714285714286,1400
ACI-PER,S5,1001,early,probe,delay,0.9,1400
ACI-PER,S5,1001,early,data,cost,0.8635116598079561,1458
ACI-PER,S5,1001,early,data,delay,0.8635116598079561,1458
ACI-PER,S5,1001,middle,probe,cost,0.9046793760831889,1731
ACI-PER,S5,1001,middle,probe,delay,0.902946273830156,1731
ACI-PER,S5,1001,middle,data,cost,0.8195815238847217,2533
ACI-PER,S5,1001,middle,data,delay,0.777733912356889,2533
ACI-PER,S5,1001,late,probe,cost,0.8976023976023976,2002
ACI-PER,S5,1001,late,probe,delay,0.8991008991008991,2002
ACI-PER,S5,1001,late,data,cost,0.8056670602125148,4235
ACI-PER,S5,1001,late,data,delay,0.7931523022432113,4235
ACI-PER,S5,1002,warmup,probe,cost,0.90375,800
ACI-PER,S5,1002,warmup,probe,delay,0.91,800
ACI-PER,S5,1002,warmup,data,cost,0.9169719169719169,819
ACI-PER,S5,1002,warmup,data,delay,0.9084249084249084,819
ACI-PER,S5,1002,early,probe,cost,0.9007142857142857,1400
ACI-PER,S5,1002,early,probe,delay,0.9014285714285715,1400
ACI-PER,S5,1002,early,data,cost,0.8643598615916955,1445
ACI-PER,S5,1002,early,data,delay,0.859515570934256,1445
ACI-PER,S5,1002,middle,probe,cost,0.9012775842044135,1722
ACI-PER,S5,1002,middle,probe,delay,0.9001161440185831,1722
ACI-PER,S5,1002,middle,data,cost,0.8040947410678443,2491
ACI-PER,S5,1002,middle,data,delay,0.7731834604576475,2491
ACI-PER,S5,1002,late,probe,cost,0.8955680081507896,1963
ACI-PER,S5,1002,late,probe,delay,0.8986245542536934,1963
ACI-PER,S5,1002,late,data,cost,0.8038936372269706,4212
ACI-PER,S5,1002,late,data,delay,0.7811016144349477,4212
ACI-PER,S5,1003,warmup,probe,cost,0.88375,800
ACI-PER,S5,1003,warmup,probe,delay,0.8775,800
ACI-PER,S5,1003,warmup,data,cost,0.8975308641975308,810
ACI-PER,S5,1003,warmup,data,delay,0.8901234567901235,810
ACI-PER,S5,1003,early,probe,cost,0.895,1400
ACI-PER,S5,1003,early,probe,delay,0.8971428571428571,1400
ACI-PER,S5,1003,early,data,cost,0.869198312236287,1422
ACI-PER,S5,1003,early,data,delay,0.870604781997187,1422
ACI-PER,S5,1003,middle,probe,cost,0.9045691150954309,1729
ACI-PER,S5,1003,middle,probe,delay,0.9034123770965876,1729
ACI-PER,S5,1003,middle,data,cost,0.8454144973968762,2497
ACI-PER,S5,1003,middle,data,delay,0.8085702843412095,2497
ACI-PER,S5,1003,late,probe,cost,0.8998015873015873,2016
ACI-PER,S5,1003,late,probe,delay,0.8993055555555556,2016
ACI-PER,S5,1003,late,data,cost,0.8205668774888732,4269
ACI-PER,S5,1003,late,data,delay,0.8025298664792692,4269
ACI-PER,S5,1004,warmup,probe,cost,0.9025,800
ACI-PER,S5,1004,warmup,probe,delay,0.89625,800
ACI-PER,S5,1004,warmup,data,cost,0.8733087330873309,813
ACI-PER,S5,1004,warmup,data,delay,0.8585485854858549,813
ACI-PER,S5,1004,early,probe,cost,0.9035714285714286,1400
ACI-PER,S5,1004,early,probe,delay,0.9,1400
ACI-PER,S5,1004,early,data,cost,0.8778785764131193,1433
ACI-PER,S5,1004,early,data,delay,0.8688066992323796,1433
ACI-PER,S5,1004,middle,probe,cost,0.9020408163265307,1715
ACI-PER,S5,1004,middle,probe,delay,0.8997084548104957,1715
ACI-PER,S5,1004,middle,data,cost,0.8698105602579606,2481
ACI-PER,S5,1004,middle,data,delay,0.8347440548166062,2481
ACI-PER,S5,1004,late,probe,cost,0.8969404186795491,1863
ACI-PER,S5,1004,late,probe,delay,0.9006977992485239,1863
ACI-PER,S5,1004,late,data,cost,0.7777238534336326,4121
ACI-PER,S5,1004,late,data,delay,0.7677748119388498,4121
ACI-PER,S5,1005,warmup,probe,cost,0.895,800
ACI-PER,S5,1005,warmup,probe,delay,0.9025,800
ACI-PER,S5,1005,warmup,data,cost,0.8594132029339854,818
ACI-PER,S5,1005,warmup,data,delay,0.8533007334963325,818
ACI-PER,S5,1005,early,probe,cost,0.8971428571428571,1400
ACI-PER,S5,1005,early,probe,delay,0.8957142857142857,1400
ACI-PER,S5,1005,early,data,cost,0.8592436974789915,1428
ACI-PER,S5,1005,early,data,delay,0.8515406162464986,1428
ACI-PER,S5,1005,middle,probe,cost,0.9076655052264808,1722
ACI-PER,S5,1005,middle,probe,delay,0.9088269454123112,1722
ACI-PER,S5,1005,middle,data,cost,0.8471544715447155,2460
ACI-PER,S5,1005,middle,data,delay,0.7995934959349593,2460
ACI-PER,S5,1005,late,probe,cost,0.8965158606344253,1923
ACI-PER,S5,1005,late,probe,delay,0.8970358814352574,1923
ACI-PER,S5,1005,late,data,cost,0.8036824485891918,4182
ACI-PER,S5,1005,late,data,delay,0.7931611669057868,4182
ACI-PER,S5,1006,warmup,probe,cost,0.91375,800
ACI-PER,S5,1006,warmup,probe,delay,0.90375,800
ACI-PER,S5,1006,warmup,data,cost,0.8878048780487805,820
ACI-PER,S5,1006,warmup,data,delay,0.875609756097561,820
ACI-PER,S5,1006,early,probe,cost,0.8978571428571429,1400
ACI-PER,S5,1006,early,probe,delay,0.8992857142857142,1400
ACI-PER,S5,1006,early,data,cost,0.8801089918256131,1468
ACI-PER,S5,1006,early,data,delay,0.8760217983651226,1468
ACI-PER,S5,1006,middle,probe,cost,0.9058891454965358,1732
ACI-PER,S5,1006,middle,probe,delay,0.9006928406466512,1732
ACI-PER,S5,1006,middle,data,cost,0.8340628730600875,2513
ACI-PER,S5,1006,middle,data,delay,0.7707918822124951,2513
ACI-PER,S5,1006,late,probe,cost,0.8958652373660031,1959
ACI-PER,S5,1006,late,probe,delay,0.8958652373660031,1959
ACI-PER,S5,1006,late,data,cost,0.8198433420365535,4213
ACI-PER,S5,1006,late,data,delay,0.8039401851412296,4213
ACI-PER,S5,1007,warmup,probe,cost,0.89625,800
ACI-PER,S5,1007,warmup,probe,delay,0.89875,800
ACI-PER,S5,1007,warmup,data,cost,0.8848920863309353,834
ACI-PER,S5,1007,warmup,data,delay,0.8597122302158273,834
ACI-PER,S5,1007,early,probe,cost,0.9078571428571428,1400
ACI-PER,S5,1007,early,probe,delay,0.9042857142857142,1400
ACI-PER,S5,1007,early,data,cost,0.8591065292096219,1455
ACI-PER,S5,1007,early,data,delay,0.8508591065292096,1455
ACI-PER,S5,1007,middle,probe,cost,0.9013348810214742,1723
ACI-PER,S5,1007,middle,probe,delay,0.8984329657573998,1723
ACI-PER,S5,1007,middle,data,cost,0.8350060216780409,2491
ACI-PER,S5,1007,middle,data,delay,0.8089120835006022,2491
ACI-PER,S5,1007,late,probe,cost,0.8922774225282833,2033
ACI-PER,S5,1007,late,probe,delay,0.8942449581898672,2033
ACI-PER,S5,1007,late,data,cost,0.8158202667914813,4273
ACI-PER,S5,1007,late,data,delay,0.8080973554879476,4273
ACI-PER,S5,1008,warmup,probe,cost,0.88875,800
ACI-PER,S5,1008,warmup,probe,delay,0.89625,800
ACI-PER,S5,1008,warmup,data,cost,0.8963051251489869,839
ACI-PER,S5,1008,warmup,data,delay,0.8903456495828367,839
ACI-PER,S5,1008,early,probe,cost,0.9007142857142857,1400
ACI-PER,S5,1008,early,probe,delay,0.8992857142857142,1400
ACI-PER,S5,1008,early,data,cost,0.8746594005449592,1468
ACI-PER,S5,1008,early,data,delay,0.8767029972752044,1468
ACI-PER,S5,1008,middle,probe,cost,0.905037637521714,1727
ACI-PER,S5,1008,middle,probe,delay,0.9038795599305154,1727
ACI-PER,S5,1008,middle,data,cost,0.833267169511711,2519
ACI-PER,S5,1008,middle,data,delay,0.8038904327113934,2519
ACI-PER,S5,1008,late,probe,cost,0.897948717948718,1950
ACI-PER,S5,1008,late,probe,delay,0.897948717948718,1950
ACI-PER,S5,1008,late,data,cost,0.8014251781472684,4210
ACI-PER,S5,1008,late,data,delay,0.7866983372921615,4210
ACI-PER,S5,1009,warmup,probe,cost,0.9025,800
ACI-PER,S5,1009,warmup,probe,delay,0.9,800
ACI-PER,S5,1009,warmup,data,cost,0.894993894993895,819
ACI-PER,S5,1009,warmup,data,delay,0.8803418803418803,819
ACI-PER,S5,1009,early,probe,cost,0.8992857142857142,1400
ACI-PER,S5,1009,early,probe,delay,0.9021428571428571,1400
ACI-PER,S5,1009,early,data,cost,0.8935729094678645,1447
ACI-PER,S5,1009,early,data,delay,0.8908085694540429,1447
ACI-PER,S5,1009,middle,probe,cost,0.9007544979686594,1723
ACI-PER,S5,1009,middle,probe,delay,0.9001741149158444,1723
ACI-PER,S5,1009,middle,data,cost,0.8629421221864951,2488
ACI-PER,S5,1009,middle,data,delay,0.827572347266881,2488
ACI-PER,S5,1009,late,probe,cost,0.8991470145509283,1993
ACI-PER,S5,1009,late,probe,delay,0.8986452584044154,1993
ACI-PER,S5,1009,late,data,cost,0.8279924599434496,4244
ACI-PER,S5,1009,late,data,delay,0.812205466540999,4244
ACI-PER,S5,1010,warmup,probe,cost,0.895,800
ACI-PER,S5,1010,warmup,probe,delay,0.89,800
ACI-PER,S5,1010,warmup,data,cost,0.875453446191052,827
ACI-PER,S5,1010,warmup,data,delay,0.8730350665054414,827
ACI-PER,S5,1010,early,probe,cost,0.895,1400
ACI-PER,S5,1010,early,probe,delay,0.895,1400
ACI-PER,S5,1010,early,data,cost,0.8730587440918298,1481
ACI-PER,S5,1010,early,data,delay,0.8669817690749494,1481
ACI-PER,S5,1010,middle,probe,cost,0.9111630625365283,1711
ACI-PER,S5,1010,middle,probe,delay,0.9035651665692578,1711
ACI-PER,S5,1010,middle,data,cost,0.8510383386581469,2504
ACI-PER,S5,1010,middle,data,delay,0.8234824281150159,2504
ACI-PER,S5,1010,late,probe,cost,0.8933102652825836,1734
ACI-PER,S5,1010,late,probe,delay,0.9025374855824683,1734
ACI-PER,S5,1010,late,data,cost,0.8235884567126726,3985
ACI-PER,S5,1010,late,data,delay,0.813801756587202,3985
ACI-PER,S5,1011,warmup,probe,cost,0.8825,800
ACI-PER,S5,1011,warmup,probe,delay,0.8925,800
ACI-PER,S5,1011,warmup,data,cost,0.8876678876678876,819
ACI-PER,S5,1011,warmup,data,delay,0.8852258852258852,819
ACI-PER,S5,1011,early,probe,cost,0.8957142857142857,1400
ACI-PER,S5,1011,early,probe,delay,0.8957142857142857,1400
ACI-PER,S5,1011,early,data,cost,0.8944141689373297,1468
ACI-PER,S5,1011,early,data,delay,0.885558583106267,1468
ACI-PER,S5,1011,middle,probe,cost,0.913972286374134,1732
ACI-PER,S5,1011,middle,probe,delay,0.9081986143187067,1732
ACI-PER,S5,1011,middle,data,cost,0.874047332531087,2493
ACI-PER,S5,1011,middle,data,delay,0.8439630966706779,2493
ACI-PER,S5,1011,late,probe,cost,0.8915601023017903,1955
ACI-PER,S5,1011,late,probe,delay,0.8941176470588236,1955
ACI-PER,S5,1011,late,data,cost,0.8420306965761511,4235
ACI-PER,S5,1011,late,data,delay,0.8290436835891382,4235
ACI-PER,S5,1012,warmup,probe,cost,0.89875,800
ACI-PER,S5,1012,warmup,probe,delay,0.895,800
ACI-PER,S5,1012,warmup,data,cost,0.8682926829268293,820
ACI-PER,S5,1012,warmup,data,delay,0.8658536585365854,820
ACI-PER,S5,1012,early,probe,cost,0.8971428571428571,1400
ACI-PER,S5,1012,early,probe,delay,0.8978571428571429,1400
ACI-PER,S5,1012,early,data,cost,0.8744769874476988,1434
ACI-PER,S5,1012,early,data,delay,0.8702928870292888,1434
ACI-PER,S5,1012,middle,probe,cost,0.9105597230236584,1733
ACI-PER,S5,1012,middle,probe,delay,0.9053664166185805,1733
ACI-PER,S5,1012,middle,data,cost,0.8441767068273093,2490
ACI-PER,S5,1012,middle,data,delay,0.8144578313253013,2490
ACI-PER,S5,1012,late,probe,cost,0.8934217236104028,1961
ACI-PER,S5,1012,late,probe,delay,0.898521162672106,1961
ACI-PER,S5,1012,late,data,cost,0.8125148139369519,4219
ACI-PER,S5,1012,late,data,delay,0.7890495378051671,4219
ACI-PER,S5,1013,warmup,probe,cost,0.90125,800
ACI-PER,S5,1013,warmup,probe,delay,0.8875,800
ACI-PER,S5,1013,warmup,data,cost,0.8955773955773956,814
ACI-PER,S5,1013,warmup,data,delay,0.8845208845208845,814
ACI-PER,S5,1013,early,probe,cost,0.8978571428571429,1400
ACI-PER,S5,1013,early,probe,delay,0.8985714285714286,1400
ACI-PER,S5,1013,early,data,cost,0.865485564304462,1524
ACI-PER,S5,1013,early,data,delay,0.8582677165354331,1524
ACI-PER,S5,1013,middle,probe,cost,0.906896551724138,1740
ACI-PER,S5,1013,middle,probe,delay,0.9022988505747126,1740
ACI-PER,S5,1013,middle,data,cost,0.8357030015797788,2532
ACI-PER,S5,1013,middle,data,delay,0.7969984202211691,2532
ACI-PER,S5,1013,late,probe,cost,0.8953619909502263,1768
ACI-PER,S5,1013,late,probe,delay,0.8987556561085973,1768
ACI-PER,S5,1013,late,data,cost,0.8385093167701864,4025
ACI-PER,S5,1013,late,data,delay,0.8330434782608696,4025
ACI-PER,S5,1014,warmup,probe,cost,0.90625,800
ACI-PER,S5,1014,warmup,probe,delay,0.905,800
ACI-PER,S5,1014,warmup,data,cost,0.8890243902439025,820
ACI-PER,S5,1014,warmup,data,delay,0.8792682926829268,820
ACI-PER,S5,1014,early,probe,cost,0.8971428571428571,1400
ACI-PER,S5,1014,early,probe,delay,0.8978571428571429,1400
ACI-PER,S5,1014,early,data,cost,0.8825155494125777,1447
ACI-PER,S5,1014,early,data,delay,0.8790601243953006,1447
ACI-PER,S5,1014,middle,probe,cost,0.9046793760831889,1731
ACI-PER,S5,1014,middle,probe,delay,0.901790872328134,1731
ACI-PER,S5,1014,middle,data,cost,0.8330683624801272,2516
ACI-PER,S5,1014,middle,data,delay,0.7865659777424483,2516
ACI-PER,S5,1014,late,probe,cost,0.9017618793379605,1873
ACI-PER,S5,1014,late,probe,delay,0.9028296849973305,1873
ACI-PER,S5,1014,late,data,cost,0.806319343945972,4146
ACI-PER,S5,1014,late,data,delay,0.7935359382537386,4146
ACI-PER,S5,1015,warmup,probe,cost,0.89,800
ACI-PER,S5,1015,warmup,probe,delay,0.8975,800
ACI-PER,S5,1015,warmup,data,cost,0.8878048780487805,820
ACI-PER,S5,1015,warmup,data,delay,0.8804878048780488,820
ACI-PER,S5,1015,early,probe,cost,0.9028571428571428,1400
ACI-PER,S5,1015,early,probe,delay,0.9035714285714286,1400
ACI-PER,S5,1015,early,data,cost,0.8702397743300423,1418
ACI-PER,S5,1015,early,data,delay,0.8688293370944993,1418
ACI-PER,S5,1015,middle,probe,cost,0.9037900874635568,1715
ACI-PER,S5,1015,middle,probe,delay,0.8979591836734694,1715
ACI-PER,S5,1015,middle,data,cost,0.8439773645917542,2474
ACI-PER,S5,1015,middle,data,delay,0.7966855295068714,2474
ACI-PER,S5,1015,late,probe,cost,0.8982254697286013,1916
ACI-PER,S5,1015,late,probe,delay,0.901356993736952,1916
ACI-PER,S5,1015,late,data,cost,0.8479151602795855,4149
ACI-PER,S5,1015,late,data,delay,0.8177874186550976,4149
ACI-PER,S5,1016,warmup,probe,cost,0.91625,800
ACI-PER,S5,1016,warmup,probe,delay,0.915,800
ACI-PER,S5,1016,warmup,data,cost,0.884004884004884,819
ACI-PER,S5,1016,warmup,data,delay,0.8803418803418803,819
ACI-PER,S5,1016,early,probe,cost,0.9035714285714286,1400
ACI-PER,S5,1016,early,probe,delay,0.9035714285714286,1400
ACI-PER,S5,1016,early,data,cost,0.8599303135888502,1435
ACI-PER,S5,1016,early,data,delay,0.8550522648083624,1435
ACI-PER,S5,1016,middle,probe,cost,0.9015634047481181,1727
ACI-PER,S5,1016,middle,probe,delay,0.8998262883613202,1727
ACI-PER,S5,1016,middle,data,cost,0.8427192276749799,2486
ACI-PER,S5,1016,middle,data,delay,0.7904263877715205,2486
ACI-PER,S5,1016,late,probe,cost,0.8952225841476655,1842
ACI-PER,S5,1016,late,probe,delay,0.8984799131378935,1842
ACI-PER,S5,1016,late,data,cost,0.8168013715405339,4083
ACI-PER,S5,1016,late,data,delay,0.8030859662013226,4083
ACI-PER,S5,1017,warmup,probe,cost,0.895,800
ACI-PER,S5,1017,warmup,probe,delay,0.89875,800
ACI-PER,S5,1017,warmup,data,cost,0.8776009791921665,817
ACI-PER,S5,1017,warmup,data,delay,0.8788249694002448,817
ACI-PER,S5,1017,early,probe,cost,0.9,1400
ACI-PER,S5,1017,early,probe,delay,0.9,1400
ACI-PER,S5,1017,early,data,cost,0.8825174825174825,1430
ACI-PER,S5,1017,early,data,delay,0.8846153846153846,1430
ACI-PER,S5,1017,middle,probe,cost,0.9079328314997105,1727
ACI-PER,S5,1017,middle,probe,delay,0.903300521134916,1727
ACI-PER,S5,1017,middle,data,cost,0.8548780487804878,2460
ACI-PER,S5,1017,middle,data,delay,0.8227642276422764,2460
ACI-PER,S5,1017,late,probe,cost,0.8908382066276803,2052
ACI-PER,S5,1017,late,probe,delay,0.8947368421052632,2052
ACI-PER,S5,1017,late,data,cost,0.7981564641928622,4231
ACI-PER,S5,1017,late,data,delay,0.7764121956984165,4231
ACI-PER,S5,1018,warmup,probe,cost,0.89875,800
ACI-PER,S5,1018,warmup,probe,delay,0.895,800
ACI-PER,S5,1018,warmup,data,cost,0.9,810
ACI-PER,S5,1018,warmup,data,delay,0.891358024691358,810
ACI-PER,S5,1018,early,probe,cost,0.9028571428571428,1400
ACI-PER,S5,1018,early,probe,delay,0.8992857142857142,1400
ACI-PER,S5,1018,early,data,cost,0.8892757660167131,1436
ACI-PER,S5,1018,early,data,delay,0.8788300835654597,1436
ACI-PER,S5,1018,middle,probe,cost,0.9013271783035199,1733
ACI-PER,S5,1018,middle,probe,delay,0.8995960761684939,1733
ACI-PER,S5,1018,middle,data,cost,0.8378594249201278,2504
ACI-PER,S5,1018,middle,data,delay,0.8027156549520766,2504
ACI-PER,S5,1018,late,probe,cost,0.8950159066808059,1886
ACI-PER,S5,1018,late,probe,delay,0.9008483563096501,1886
ACI-PER,S5,1018,late,data,cost,0.8154402895054282,4145
ACI-PER,S5,1018,late,data,delay,0.8060313630880579,4145
ACI-PER,S5,1019,warmup,probe,cost,0.885,800
ACI-PER,S5,1019,warmup,probe,delay,0.89,800
ACI-PER,S5,1019,warmup,data,cost,0.8775,800
ACI-PER,S5,1019,warmup,data,delay,0.87625,800
ACI-PER,S5,1019,early,probe,cost,0.8942857142857142,1400
ACI-PER,S5,1019,early,probe,delay,0.8957142857142857,1400
ACI-PER,S5,1019,early,data,cost,0.8734525447042641,1454
ACI-PER,S5,1019,early,data,delay,0.874828060522696,1454
ACI-PER,S5,1019,middle,probe,cost,0.9056712962962963,1728
ACI-PER,S5,1019,middle,probe,delay,0.8993055555555556,1728
ACI-PER,S5,1019,middle,data,cost,0.8373420301671423,2453
ACI-PER,S5,1019,middle,data,delay,0.8010599266204648,2453
ACI-PER,S5,1019,late,probe,cost,0.8987080103359173,1935
ACI-PER,S5,1019,late,probe,delay,0.9007751937984496,1935
ACI-PER,S5,1019,late,data,cost,0.7937545388525781,4131
ACI-PER,S5,1019,late,data,delay,0.784555797627693,4131
ACI-PER,S5,1020,warmup,probe,cost,0.90625,800
ACI-PER,S5,1020,warmup,probe,delay,0.90875,800
ACI-PER,S5,1020,warmup,data,cost,0.87125,800
ACI-PER,S5,1020,warmup,data,delay,0.875,800
ACI-PER,S5,1020,early,probe,cost,0.8985714285714286,1400
ACI-PER,S5,1020,early,probe,delay,0.9,1400
ACI-PER,S5,1020,early,data,cost,0.872249822569198,1409
ACI-PER,S5,1020,early,data,delay,0.8658623136976579,1409
ACI-PER,S5,1020,middle,probe,cost,0.9085118702953098,1727
ACI-PER,S5,1020,middle,probe,delay,0.9015634047481181,1727
ACI-PER,S5,1020,middle,data,cost,0.8242424242424242,2475
ACI-PER,S5,1020,middle,data,delay,0.7915151515151515,2475
ACI-PER,S5,1020,late,probe,cost,0.8942528735632184,1740
ACI-PER,S5,1020,late,probe,delay,0.9,1740
ACI-PER,S5,1020,late,data,cost,0.830070281124498,3984
ACI-PER,S5,1020,late,data,delay,0.8253012048192772,3984
ACI-PER,S5,1021,warmup,probe,cost,0.8875,800
ACI-PER,S5,1021,warmup,probe,delay,0.88,800
ACI-PER,S5,1021,warmup,data,cost,0.8817073170731707,820
ACI-PER,S5,1021,warmup,data,delay,0.8731707317073171,820
ACI-PER,S5,1021,early,probe,cost,0.8971428571428571,1400
ACI-PER,S5,1021,early,probe,delay,0.8978571428571429,1400
ACI-PER,S5,1021,early,data,cost,0.8841379310344828,1450
ACI-PER,S5,1021,early,data,delay,0.8703448275862069,1450
ACI-PER,S5,1021,middle,probe,cost,0.9084014002333722,1714
ACI-PER,S5,1021,middle,probe,delay,0.9072345390898483,1714
ACI-PER,S5,1021,middle,data,cost,0.8469551282051282,2496
ACI-PER,S5,1021,middle,data,delay,0.8056891025641025,2496
ACI-PER,S5,1021,late,probe,cost,0.8934971838197645,1953
ACI-PER,S5,1021,late,probe,delay,0.8929851510496671,1953
ACI-PER,S5,1021,late,data,cost,0.7996237064910631,4252
ACI-PER,S5,1021,late,data,delay,0.7758701787394168,4252
ACI-PER,S5,1022,warmup,probe,cost,0.895,800
ACI-PER,S5,1022,warmup,probe,delay,0.89875,800
ACI-PER,S5,1022,warmup,data,cost,0.8800489596083231,817
ACI-PER,S5,1022,warmup,data,delay,0.8849449204406364,817
ACI-PER,S5,1022,early,probe,cost,0.8985714285714286,1400
ACI-PER,S5,1022,early,probe,delay,0.9007142857142857,1400
ACI-PER,S5,1022,early,data,cost,0.8727524204702628,1446
ACI-PER,S5,1022,early,data,delay,0.8699861687413555,1446
ACI-PER,S5,1022,middle,probe,cost,0.9012202208018594,1721
ACI-PER,S5,1022,middle,probe,delay,0.8983149331783846,1721
ACI-PER,S5,1022,middle,data,cost,0.8453855373551737,2503
ACI-PER,S5,1022,middle,data,delay,0.7934478625649221,2503
ACI-PER,S5,1022,late,probe,cost,0.902075572112826,1879
ACI-PER,S5,1022,late,probe,delay,0.9047365620010644,1879
ACI-PER,S5,1022,late,data,cost,0.8373101952277657,4149
ACI-PER,S5,1022,late,data,delay,0.8158592431911303,4149
ACI-PER,S5,1023,warmup,probe,cost,0.88875,800
ACI-PER,S5,1023,warmup,probe,delay,0.88875,800
ACI-PER,S5,1023,warmup,data,cost,0.8822085889570552,815
ACI-PER,S5,1023,warmup,data,delay,0.8785276073619632,815
ACI-PER,S5,1023,early,probe,cost,0.9,1400
ACI-PER,S5,1023,early,probe,delay,0.8971428571428571,1400
ACI-PER,S5,1023,early,data,cost,0.8635116598079561,1458
ACI-PER,S5,1023,early,data,delay,0.8614540466392319,1458
ACI-PER,S5,1023,middle,probe,cost,0.9071387115496228,1723
ACI-PER,S5,1023,middle,probe,delay,0.9071387115496228,1723
ACI-PER,S5,1023,middle,data,cost,0.8233861144945189,2463
ACI-PER,S5,1023,middle,data,delay,0.7823792123426715,2463
ACI-PER,S5,1023,late,probe,cost,0.8956916099773242,1764
ACI-PER,S5,1023,late,probe,delay,0.8962585034013606,1764
ACI-PER,S5,1023,late,data,cost,0.8186911128087598,3927
ACI-PER,S5,1023,late,data,delay,0.8036669213139801,3927
ACI-PER,S5,1024,warmup,probe,cost,0.88375,800
ACI-PER,S5,1024,warmup,probe,delay,0.8775,800
ACI-PER,S5,1024,warmup,data,cost,0.9034564958283671,839
ACI-PER,S5,1024,warmup,data,delay,0.8939213349225268,839
ACI-PER,S5,1024,early,probe,cost,0.8964285714285715,1400
ACI-PER,S5,1024,early,probe,delay,0.8971428571428571,1400
ACI-PER,S5,1024,early,data,cost,0.8856749311294766,1452
ACI-PER,S5,1024,early,data,delay,0.8794765840220385,1452
ACI-PER,S5,1024,middle,probe,cost,0.9015725101921956,1717
ACI-PER,S5,1024,middle,probe,delay,0.900990099009901,1717
ACI-PER,S5,1024,middle,data,cost,0.8466479325572059,2491
ACI-PER,S5,1024,middle,data,delay,0.7964672822159775,2491
ACI-PER,S5,1024,late,probe,cost,0.8964514252472368,1719
ACI-PER,S5,1024,late,probe,delay,0.8999418266433973,1719
ACI-PER,S5,1024,late,data,cost,0.8372389200203769,3926
ACI-PER,S5,1024,late,data,delay,0.8354559347936832,3926
ACI-PER,S5,1025,warmup,probe,cost,0.91125,800
ACI-PER,S5,1025,warmup,probe,delay,0.8975,800
ACI-PER,S5,1025,warmup,data,cost,0.9024691358024691,810
ACI-PER,S5,1025,warmup,data,delay,0.891358024691358,810
ACI-PER,S5,1025,early,probe,cost,0.8914285714285715,1400
ACI-PER,S5,1025,early,probe,delay,0.8935714285714286,1400
ACI-PER,S5,1025,early,data,cost,0.8670756646216768,1467
ACI-PER,S5,1025,early,data,delay,0.863667348329925,1467
ACI-PER,S5,1025,middle,probe,cost,0.9063042220936958,1729
ACI-PER,S5,1025,middle,probe,delay,0.9016772700983228,1729
ACI-PER,S5,1025,middle,data,cost,0.8352893565358155,2471
ACI-PER,S5,1025,middle,data,delay,0.7984621610683934,2471
ACI-PER,S5,1025,late,probe,cost,0.9014830508474576,1888
ACI-PER,S5,1025,late,probe,delay,0.903072033898305,1888
ACI-PER,S5,1025,late,data,cost,0.8118544023610428,4066
ACI-PER,S5,1025,late,data,delay,0.7850467289719626,4066
ACI-PER,S5,1026,warmup,probe,cost,0.88875,800
ACI-PER,S5,1026,warmup,probe,delay,0.885,800
ACI-PER,S5,1026,warmup,data,cost,0.8899521531100478,836
ACI-PER,S5,1026,warmup,data,delay,0.8851674641148325,836
ACI-PER,S5,1026,early,probe,cost,0.9035714285714286,1400
ACI-PER,S5,1026,early,probe,delay,0.9028571428571428,1400
ACI-PER,S5,1026,early,data,cost,0.8851674641148325,1463
ACI-PER,S5,1026,early,data,delay,0.8742310321257689,1463
ACI-PER,S5,1026,middle,probe,cost,0.9014002333722287,1714
ACI-PER,S5,1026,middle,probe,delay,0.8978996499416569,1714
ACI-PER,S5,1026,middle,data,cost,0.8562850280224179,2498
ACI-PER,S5,1026,middle,data,delay,0.8062449959967974,2498
ACI-PER,S5,1026,late,probe,cost,0.8971006253553155,1759
ACI-PER,S5,1026,late,probe,delay,0.9050596930073905,1759
ACI-PER,S5,1026,late,data,cost,0.8380976473564381,3953
ACI-PER,S5,1026,late,data,delay,0.8249430812041487,3953
ACI-PER,S5,1027,warmup,probe,cost,0.8975,800
ACI-PER,S5,1027,warmup,probe,delay,0.89625,800
ACI-PER,S5,1027,warmup,data,cost,0.89,800
ACI-PER,S5,1027,warmup,data,delay,0.885,800
ACI-PER,S5,1027,early,probe,cost,0.9035714285714286,1400
ACI-PER,S5,1027,early,probe,delay,0.8992857142857142,1400
ACI-PER,S5,1027,early,data,cost,0.8596008258774949,1453
ACI-PER,S5,1027,early,data,delay,0.8547832071576049,1453
ACI-PER,S5,1027,middle,probe,cost,0.8989023685730791,1731
ACI-PER,S5,1027,middle,probe,delay,0.901790872328134,1731
ACI-PER,S5,1027,middle,data,cost,0.8231292517006803,2499
ACI-PER,S5,1027,middle,data,delay,0.7919167667066827,2499
ACI-PER,S5,1027,late,probe,cost,0.8977732793522267,1976
ACI-PER,S5,1027,late,probe,delay,0.8972672064777328,1976
ACI-PER,S5,1027,late,data,cost,0.8051133622768933,4146
ACI-PER,S5,1027,late,data,delay,0.7819585142305837,4146
ACI-PER,S5,1028,warmup,probe,cost,0.895,800
ACI-PER,S5,1028,warmup,probe,delay,0.8975,800
ACI-PER,S5,1028,warmup,data,cost,0.8997555012224939,818
ACI-PER,S5,1028,warmup,data,delay,0.8985330073349633,818
ACI-PER,S5,1028,early,probe,cost,0.8985714285714286,1400
ACI-PER,S5,1028,early,probe,delay,0.8957142857142857,1400
ACI-PER,S5,1028,early,data,cost,0.8709002093510119,1433
ACI-PER,S5,1028,early,data,delay,0.8639218422889045,1433
ACI-PER,S5,1028,middle,probe,cost,0.9027617951668585,1738
ACI-PER,S5,1028,middle,probe,delay,0.9021864211737629,1738
ACI-PER,S5,1028,middle,data,cost,0.8461538461538461,2496
ACI-PER,S5,1028,middle,data,delay,0.8189102564102564,2496
ACI-PER,S5,1028,late,probe,cost,0.901386748844376,1947
ACI-PER,S5,1028,late,probe,delay,0.9054956343091937,1947
ACI-PER,S5,1028,late,data,cost,0.8263170555689199,4157
ACI-PER,S5,1028,late,data,delay,0.8121241279769065,4157
ACI-PER,S5,1029,warmup,probe,cost,0.88375,800
ACI-PER,S5,1029,warmup,probe,delay,0.8875,800
ACI-PER,S5,1029,warmup,data,cost,0.8864197530864197,810
ACI-PER,S5,1029,warmup,data,delay,0.8802469135802469,810
ACI-PER,S5,1029,early,probe,cost,0.9,1400
ACI-PER,S5,1029,early,probe,delay,0.9035714285714286,1400
ACI-PER,S5,1029,early,data,cost,0.8752613240418119,1435
ACI-PER,S5,1029,early,data,delay,0.8766550522648083,1435
ACI-PER,S5,1029,middle,probe,cost,0.89988358556461,1718
ACI-PER,S5,1029,middle,probe,delay,0.8958090803259604,1718
ACI-PER,S5,1029,middle,data,cost,0.8536880290205562,2481
ACI-PER,S5,1029,middle,data,delay,0.8105602579604998,2481
ACI-PER,S5,1029,late,probe,cost,0.8960970464135021,1896
ACI-PER,S5,1029,late,probe,delay,0.8987341772151899,1896
ACI-PER,S5,1029,late,data,cost,0.8236288958685672,4139
ACI-PER,S5,1029,late,data,delay,0.7989852621406137,4139
ACR-MCR,S1,1000,warmup,probe,cost,0.88125,800
ACR-MCR,S1,1000,warmup,probe,delay,0.88,800
ACR-MCR,S1,1000,warmup,data,cost,0.8864197530864197,810
ACR-MCR,S1,1000,warmup,data,delay,0.8851851851851852,810
ACR-MCR,S1,1000,early,probe,cost,0.9028571428571428,1400
ACR-MCR,S1,1000,early,probe,delay,0.9021428571428571,1400
ACR-MCR,S1,1000,early,data,cost,0.8857331571994715,1514
ACR-MCR,S1,1000,early,data,delay,0.881770145310436,1514
ACR-MCR,S1,1000,middle,probe,cost,0.8927777777777778,1800
ACR-MCR,S1,1000,middle,probe,delay,0.8933333333333333,1800
ACR-MCR,S1,1000,middle,data,cost,0.8074501573976915,1906
ACR-MCR,S1,1000,middle,data,delay,0.7838405036726128,1906
ACR-MCR,S1,1000,late,probe,cost,0.9017969076473047,2393
ACR-MCR,S1,1000,late,probe,delay,0.9030505641454242,2393
ACR-MCR,S1,1000,late,data,cost,0.8229335494327391,2468
ACR-MCR,S1,1000,late,data,delay,0.7747163695299838,2468
ACR-MCR,S1,1001,warmup,probe,cost,0.89625,800
ACR-MCR,S1,1001,warmup,probe,delay,0.89625,800
ACR-MCR,S1,1001,warmup,data,cost,0.905982905982906,819
ACR-MCR,S1,1001,warmup,data,delay,0.8925518925518926,819
ACR-MCR,S1,1001,early,probe,cost,0.9007142857142857,1400
ACR-MCR,S1,1001,early,probe,delay,0.9021428571428571,1400
ACR-MCR,S1,1001,early,data,cost,0.8857729138166894,1462
ACR-MCR,S1,1001,early,data,delay,0.8864569083447332,1462
ACR-MCR,S1,1001,middle,probe,cost,0.8983333333333333,1800
ACR-MCR,S1,1001,middle,probe,delay,0.8961111111111111,1800
ACR-MCR,S1,1001,middle,data,cost,0.8624,1875
ACR-MCR,S1,1001,middle,data,delay,0.832,1875
ACR-MCR,S1,1001,late,probe,cost,0.9011962782454586,2257
ACR-MCR,S1,1001,late,probe,delay,0.9025254762959681,2257
ACR-MCR,S1,1001,late,data,cost,0.8092412038999576,2359
ACR-MCR,S1,1001,late,data,delay,0.7744807121661721,2359
ACR-MCR,S1,1002,warmup,probe,cost,0.90375,800
ACR-MCR,S1,1002,warmup,probe,delay,0.91,800
ACR-MCR,S1,1002,warmup,data,cost,0.9169719169719169,819
ACR-MCR,S1,1002,warmup,data,delay,0.9084249084249084,819
ACR-MCR,S1,1002,early,probe,cost,0.8992857142857142,1400
ACR-MCR,S1,1002,early,probe,delay,0.9007142857142857,1400
ACR-MCR,S1,1002,early,data,cost,0.880617035546613,1491
ACR-MCR,S1,1002,early,data,delay,0.8765928906773978,1491
ACR-MCR,S1,1002,middle,probe,cost,0.8877777777777778,1800
ACR-MCR,S1,1002,middle,probe,delay,0.8877777777777778,1800
ACR-MCR,S1,1002,middle,data,cost,0.8224946695095949,1876
ACR-MCR,S1,1002,middle,data,delay,0.7942430703624733,1876
ACR-MCR,S1,1002,late,probe,cost,0.9083044982698962,2312
ACR-MCR,S1,1002,late,probe,delay,0.9057093425605537,2312
ACR-MCR,S1,1002,late,data,cost,0.8201320132013201,2424
ACR-MCR,S1,1002,late,data,delay,0.7557755775577558,2424
ACR-MCR,S1,1003,warmup,probe,cost,0.88375,800
ACR-MCR,S1,1003,warmup,probe,delay,0.8775,800
ACR-MCR,S1,1003,warmup,data,cost,0.8975308641975308,810
ACR-MCR,S1,1003,warmup,data,delay,0.8901234567901235,810
ACR-MCR,S1,1003,early,probe,cost,0.8971428571428571,1400
ACR-MCR,S1,1003,early,probe,delay,0.8985714285714286,1400
ACR-MCR,S1,1003,early,data,cost,0.8546470999301188,1431
ACR-MCR,S1,1003,early,data,delay,0.8518518518518519,1431
ACR-MCR,S1,1003,middle,probe,cost,0.8961111111111111,1800
ACR-MCR,S1,1003,middle,probe,delay,0.8922222222222222,1800
ACR-MCR,S1,1003,middle,data,cost,0.8339542309739223,1879
ACR-MCR,S1,1003,middle,data,delay,0.8046833422032996,1879
ACR-MCR,S1,1003,late,probe,cost,0.9048435490784398,2333
ACR-MCR,S1,1003,late,probe,delay,0.9065580797256751,2333
ACR-MCR,S1,1003,late,data,cost,0.836490939044481,2428
ACR-MCR,S1,1003,late,data,delay,0.7668863261943987,2428
ACR-MCR,S1,1004,warmup,probe,cost,0.9025,800
ACR-MCR,S1,1004,warmup,probe,delay,0.89625,800
ACR-MCR,S1,1004,warmup,data,cost,0.8733087330873309,813
ACR-MCR,S1,1004,warmup,data,delay,0.8585485854858549,813
ACR-MCR,S1,1004,early,probe,cost,0.9042857142857142,1400
ACR-MCR,S1,1004,early,probe,delay,0.9014285714285715,1400
ACR-MCR,S1,1004,early,data,cost,0.8766937669376694,1476
ACR-MCR,S1,1004,early,data,delay,0.8685636856368564,1476
ACR-MCR,S1,1004,middle,probe,cost,0.8966666666666666,1800
ACR-MCR,S1,1004,middle,probe,delay,0.8955555555555555,1800
ACR-MCR,S1,1004,middle,data,cost,0.8566810344827587,1856
ACR-MCR,S1,1004,middle,data,delay,0.8313577586206896,1856
ACR-MCR,S1,1004,late,probe,cost,0.9014084507042254,2272
ACR-MCR,S1,1004,late,probe,delay,0.9044894366197183,2272
ACR-MCR,S1,1004,late,data,cost,0.7929571489181162,2357
ACR-MCR,S1,1004,late,data,delay,0.7619855748833263,2357
ACR-MCR,S1,1005,warmup,probe,cost,0.895,800
ACR-MCR,S1,1005,warmup,probe,delay,0.9025,800
ACR-MCR,S1,1005,warmup,data,cost,0.8594132029339854,818
ACR-MCR,S1,1005,warmup,data,delay,0.8533007334963325,818
ACR-MCR,S1,1005,early,probe,cost,0.8957142857142857,1400
ACR-MCR,S1,1005,early,probe,delay,0.8942857142857142,1400
ACR-MCR,S1,1005,early,data,cost,0.8584316446911867,1441
ACR-MCR,S1,1005,early,data,delay,0.8501040943789036,1441
ACR-MCR,S1,1005,middle,probe,cost,0.8994444444444445,1800
ACR-MCR,S1,1005,middle,probe,delay,0.9,1800
ACR-MCR,S1,1005,middle,data,cost,0.855127509495388,1843
ACR-MCR,S1,1005,middle,data,delay,0.8404774823657081,1843
ACR-MCR,S1,1005,late,probe,cost,0.905726872246696,2270
ACR-MCR,S1,1005,late,probe,delay,0.9061674008810573,2270
ACR-MCR,S1,1005,late,data,cost,0.8184121621621622,2368
ACR-MCR,S1,1005,late,data,delay,0.7753378378378378,2368
ACR-MCR,S1,1006,warmup,probe,cost,0.91375,800
ACR-MCR,S1,1006,warmup,probe,delay,0.90375,800
ACR-MCR,S1,1006,warmup,data,cost,0.8878048780487805,820
ACR-MCR,S1,1006,warmup,data,delay,0.875609756097561,820
ACR-MCR,S1,1006,early,probe,cost,0.8992857142857142,1400
ACR-MCR,S1,1006,early,probe,delay,0.8992857142857142,1400
ACR-MCR,S1,1006,early,data,cost,0.8729619565217391,1472
ACR-MCR,S1,1006,early,data,delay,0.8688858695652174,1472
ACR-MCR,S1,1006,middle,probe,cost,0.8972222222222223,1800
ACR-MCR,S1,1006,middle,probe,delay,0.8944444444444445,1800
ACR-MCR,S1,1006,middle,data,cost,0.8115631691648822,1868
ACR-MCR,S1,1006,middle,data,delay,0.7724839400428265,1868
ACR-MCR,S1,1006,late,probe,cost,0.903125,2240
ACR-MCR,S1,1006,late,probe,delay,0.9053571428571429,2240
ACR-MCR,S1,1006,late,data,cost,0.8359966358284272,2378
ACR-MCR,S1,1006,late,data,delay,0.7712363330529857,2378
ACR-MCR,S1,1007,warmup,probe,cost,0.89625,800
ACR-MCR,S1,1007,warmup,probe,delay,0.89875,800
ACR-MCR,S1,1007,warmup,data,cost,0.8848920863309353,834
ACR-MCR,S1,1007,warmup,data,delay,0.8597122302158273,834
ACR-MCR,S1,1007,early,probe,cost,0.9078571428571428,1400
ACR-MCR,S1,1007,early,probe,delay,0.9064285714285715,1400
ACR-MCR,S1,1007,early,data,cost,0.8607764390896921,1494
ACR-MCR,S1,1007,early,data,delay,0.8540829986613119,1494
ACR-MCR,S1,1007,middle,probe,cost,0.8916666666666667,1800
ACR-MCR,S1,1007,middle,probe,delay,0.8905555555555555,1800
ACR-MCR,S1,1007,middle,data,cost,0.8339602364320258,1861
ACR-MCR,S1,1007,middle,data,delay,0.8205265986029017,1861
ACR-MCR,S1,1007,late,probe,cost,0.8986632169038379,2319
ACR-MCR,S1,1007,late,probe,delay,0.9008193186718413,2319
ACR-MCR,S1,1007,late,data,cost,0.8254364089775561,2406
ACR-MCR,S1,1007,late,data,delay,0.7701579384871156,2406
ACR-MCR,S1,1008,warmup,probe,cost,0.88875,800
ACR-MCR,S1,1008,warmup,probe,delay,0.89625,800
ACR-MCR,S1,1008,warmup,data,cost,0.8963051251489869,839
ACR-MCR,S1,1008,warmup,data,delay,0.8903456495828367,839
ACR-MCR,S1,1008,early,probe,cost,0.9021428571428571,1400
ACR-MCR,S1,1008,early,probe,delay,0.8992857142857142,1400
ACR-MCR,S1,1008,early,data,cost,0.8807901907356949,1468
ACR-MCR,S1,1008,early,data,delay,0.8739782016348774,1468
ACR-MCR,S1,1008,middle,probe,cost,0.8955555555555555,1800
ACR-MCR,S1,1008,middle,probe,delay,0.8977777777777778,1800
ACR-MCR,S1,1008,middle,data,cost,0.8177000529941706,1887
ACR-MCR,S1,1008,middle,data,delay,0.8002119766825649,1887
ACR-MCR,S1,1008,late,probe,cost,0.9014024649383765,2353
ACR-MCR,S1,1008,late,probe,delay,0.9022524436889078,2353
ACR-MCR,S1,1008,late,data,cost,0.8118367346938775,2450
ACR-MCR,S1,1008,late,data,delay,0.7693877551020408,2450
ACR-MCR,S1,1009,warmup,probe,cost,0.9025,800
ACR-MCR,S1,1009,warmup,probe,delay,0.9,800
ACR-MCR,S1,1009,warmup,data,cost,0.894993894993895,819
ACR-MCR,S1,1009,warmup,data,delay,0.8803418803418803,819
ACR-MCR,S1,1009,early,probe,cost,0.9,1400
ACR-MCR,S1,1009,early,probe,delay,0.9021428571428571,1400
ACR-MCR,S1,1009,early,data,cost,0.8768913342503438,1454
ACR-MCR,S1,1009,early,data,delay,0.8651994497936726,1454
ACR-MCR,S1,1009,middle,probe,cost,0.8955555555555555,1800
ACR-MCR,S1,1009,middle,probe,delay,0.8944444444444445,1800
ACR-MCR,S1,1009,middle,data,cost,0.8262734584450402,1865
ACR-MCR,S1,1009,middle,data,delay,0.8026809651474531,1865
ACR-MCR,S1,1009,late,probe,cost,0.90125,2400
ACR-MCR,S1,1009,late,probe,delay,0.9033333333333333,2400
ACR-MCR,S1,1009,late,data,cost,0.8105263157894737,2470
ACR-MCR,S1,1009,late,data,delay,0.7493927125506072,2470
ACR-MCR,S1,1010,warmup,probe,cost,0.895,800
ACR-MCR,S1,1010,warmup,probe,delay,0.89,800
ACR-MCR,S1,1010,warmup,data,cost,0.875453446191052,827
ACR-MCR,S1,1010,warmup,data,delay,0.8730350665054414,827
ACR-MCR,S1,1010,early,probe,cost,0.8971428571428571,1400
ACR-MCR,S1,1010,early,probe,delay,0.8971428571428571,1400
ACR-MCR,S1,1010,early,data,cost,0.8654496281271129,1479
ACR-MCR,S1,1010,early,data,delay,0.8593644354293442,1479
ACR-MCR,S1,1010,middle,probe,cost,0.8961111111111111,1800
ACR-MCR,S1,1010,middle,probe,delay,0.8961111111111111,1800
ACR-MCR,S1,1010,middle,data,cost,0.82409381663113,1876
ACR-MCR,S1,1010,middle,data,delay,0.8113006396588486,1876
ACR-MCR,S1,1010,late,probe,cost,0.8997752808988764,2225
ACR-MCR,S1,1010,late,probe,delay,0.9015730337078651,2225
ACR-MCR,S1,1010,late,data,cost,0.8231835363292734,2381
ACR-MCR,S1,1010,late,data,delay,0.7887442251154977,2381
ACR-MCR,S1,1011,warmup,probe,cost,0.8825,800
ACR-MCR,S1,1011,warmup,probe,delay,0.8925,800
ACR-MCR,S1,1011,warmup,data,cost,0.8876678876678876,819
ACR-MCR,S1,1011,warmup,data,delay,0.8852258852258852,819
ACR-MCR,S1,1011,early,probe,cost,0.8985714285714286,1400
ACR-MCR,S1,1011,early,probe,delay,0.8971428571428571,1400
ACR-MCR,S1,1011,early,data,cost,0.8740588637919233,1461
ACR-MCR,S1,1011,early,data,delay,0.8699520876112252,1461
ACR-MCR,S1,1011,middle,probe,cost,0.8983333333333333,1800
ACR-MCR,S1,1011,middle,probe,delay,0.8994444444444445,1800
ACR-MCR,S1,1011,middle,data,cost,0.8795503211991434,1868
ACR-MCR,S1,1011,middle,data,delay,0.8586723768736617,1868
ACR-MCR,S1,1011,late,probe,cost,0.9008333333333334,2400
ACR-MCR,S1,1011,late,probe,delay,0.90125,2400
ACR-MCR,S1,1011,late,data,cost,0.8274462038164839,2463
ACR-MCR,S1,1011,late,data,delay,0.7917174177831913,2463
ACR-MCR,S1,1012,warmup,probe,cost,0.89875,800
ACR-MCR,S1,1012,warmup,probe,delay,0.895,800
ACR-MCR,S1,1012,warmup,data,cost,0.8682926829268293,820
ACR-MCR,S1,1012,warmup,data,delay,0.8658536585365854,820
ACR-MCR,S1,1012,early,probe,cost,0.8978571428571429,1400
ACR-MCR,S1,1012,early,probe,delay,0.8992857142857142,1400
ACR-MCR,S1,1012,early,data,cost,0.8681541582150102,1479
ACR-MCR,S1,1012,early,data,delay,0.8627450980392157,1479
ACR-MCR,S1,1012,middle,probe,cost,0.8988888888888888,1800
ACR-MCR,S1,1012,middle,probe,delay,0.8961111111111111,1800
ACR-MCR,S1,1012,middle,data,cost,0.8509011469142546,1831
ACR-MCR,S1,1012,middle,data,delay,0.8312397596941562,1831
ACR-MCR,S1,1012,late,probe,cost,0.8978354978354979,2310
ACR-MCR,S1,1012,late,probe,delay,0.9004329004329005,2310
ACR-MCR,S1,1012,late,data,cost,0.843308395677473,2406
ACR-MCR,S1,1012,late,data,delay,0.8029925187032418,2406
ACR-MCR,S1,1013,warmup,probe,cost,0.90125,800
ACR-MCR,S1,1013,warmup,probe,delay,0.8875,800
ACR-MCR,S1,1013,warmup,data,cost,0.8955773955773956,814
ACR-MCR,S1,1013,warmup,data,delay,0.8845208845208845,814
ACR-MCR,S1,1013,early,probe,cost,0.8985714285714286,1400
ACR-MCR,S1,1013,early,probe,delay,0.8978571428571429,1400
ACR-MCR,S1,1013,early,data,cost,0.8683862433862434,1512
ACR-MCR,S1,1013,early,data,delay,0.8611111111111112,1512
ACR-MCR,S1,1013,middle,probe,cost,0.8988888888888888,1800
ACR-MCR,S1,1013,middle,probe,delay,0.8994444444444445,1800
ACR-MCR,S1,1013,middle,data,cost,0.8354363827549948,1902
ACR-MCR,S1,1013,middle,data,delay,0.8201892744479495,1902
ACR-MCR,S1,1013,late,probe,cost,0.8964747880410531,2241
ACR-MCR,S1,1013,late,probe,delay,0.8969210174029452,2241
ACR-MCR,S1,1013,late,data,cost,0.8335403726708075,2415
ACR-MCR,S1,1013,late,data,delay,0.7867494824016563,2415
ACR-MCR,S1,1014,warmup,probe,cost,0.90625,800
ACR-MCR,S1,1014,warmup,probe,delay,0.905,800
ACR-MCR,S1,1014,warmup,data,cost,0.8890243902439025,820
ACR-MCR,S1,1014,warmup,data,delay,0.8792682926829268,820
ACR-MCR,S1,1014,early,probe,cost,0.8978571428571429,1400
ACR-MCR,S1,1014,early,probe,delay,0.8992857142857142,1400
ACR-MCR,S1,1014,early,data,cost,0.882111034955449,1459
ACR-MCR,S1,1014,early,data,delay,0.8800548320767649,1459
ACR-MCR,S1,1014,middle,probe,cost,0.8977777777777778,1800
ACR-MCR,S1,1014,middle,probe,delay,0.895,1800
ACR-MCR,S1,1014,middle,data,cost,0.8294117647058824,1870
ACR-MCR,S1,1014,middle,data,delay,0.8021390374331551,1870
ACR-MCR,S1,1014,late,probe,cost,0.8995833333333333,2400
ACR-MCR,S1,1014,late,probe,delay,0.9029166666666667,2400
ACR-MCR,S1,1014,late,data,cost,0.8350181965224424,2473
ACR-MCR,S1,1014,late,data,delay,0.7994338859684593,2473
ACR-MCR,S1,1015,warmup,probe,cost,0.89,800
ACR-MCR,S1,1015,warmup,probe,delay,0.8975,800
ACR-MCR,S1,1015,warmup,data,cost,0.8878048780487805,820
ACR-MCR,S1,1015,warmup,data,delay,0.8804878048780488,820
ACR-MCR,S1,1015,early,probe,cost,0.9035714285714286,1400
ACR-MCR,S1,1015,early,probe,delay,0.905,1400
ACR-MCR,S1,1015,early,data,cost,0.8717948717948718,1443
ACR-MCR,S1,1015,early,data,delay,0.8683298683298684,1443
ACR-MCR,S1,1015,middle,probe,cost,0.8927777777777778,1800
ACR-MCR,S1,1015,middle,probe,delay,0.8916666666666667,1800
ACR-MCR,S1,1015,middle,data,cost,0.8552492046659597,1886
ACR-MCR,S1,1015,middle,data,delay,0.820254506892895,1886
ACR-MCR,S1,1015,late,probe,cost,0.9033333333333333,2400
ACR-MCR,S1,1015,late,probe,delay,0.9008333333333334,2400
ACR-MCR,S1,1015,late,data,cost,0.8300411522633745,2430
ACR-MCR,S1,1015,late,data,delay,0.7703703703703704,2430
ACR-MCR,S1,1016,warmup,probe,cost,0.91625,800
ACR-MCR,S1,1016,warmup,probe,delay,0.915,800
ACR-MCR,S1,1016,warmup,data,cost,0.884004884004884,819
ACR-MCR,S1,1016,warmup,data,delay,0.8803418803418803,819
ACR-MCR,S1,1016,early,probe,cost,0.9035714285714286,1400
ACR-MCR,S1,1016,early,probe,delay,0.9042857142857142,1400
ACR-MCR,S1,1016,early,data,cost,0.878581173260573,1466
ACR-MCR,S1,1016,early,data,delay,0.8724420190995907,1466
ACR-MCR,S1,1016,middle,probe,cost,0.8972222222222223,1800
ACR-MCR,S1,1016,middle,probe,delay,0.8977777777777778,1800
ACR-MCR,S1,1016,middle,data,cost,0.8371967654986523,1855
ACR-MCR,S1,1016,middle,data,delay,0.816711590296496,1855
ACR-MCR,S1,1016,late,probe,cost,0.8967822816548265,2393
ACR-MCR,S1,1016,late,probe,delay,0.8980359381529461,2393
ACR-MCR,S1,1016,late,data,cost,0.8093322606596943,2486
ACR-MCR,S1,1016,late,data,delay,0.7642799678197908,2486
ACR-MCR,S1,1017,warmup,probe,cost,0.895,800
ACR-MCR,S1,1017,warmup,probe,delay,0.89875,800
ACR-MCR,S1,1017,warmup,data,cost,0.8776009791921665,817
ACR-MCR,S1,1017,warmup,data,delay,0.8788249694002448,817
ACR-MCR,S1,1017,early,probe,cost,0.8992857142857142,1400
ACR-MCR,S1,1017,early,probe,delay,0.8992857142857142,1400
ACR-MCR,S1,1017,early,data,cost,0.879837067209776,1473
ACR-MCR,S1,1017,early,data,delay,0.8805159538357095,1473
ACR-MCR,S1,1017,middle,probe,cost,0.89,1800
ACR-MCR,S1,1017,middle,probe,delay,0.8961111111111111,1800
ACR-MCR,S1,1017,middle,data,cost,0.8612869198312236,1896
ACR-MCR,S1,1017,middle,data,delay,0.8227848101265823,1896
ACR-MCR,S1,1017,late,probe,cost,0.9072703526338702,2297
ACR-MCR,S1,1017,late,probe,delay,0.9033521985198084,2297
ACR-MCR,S1,1017,late,data,cost,0.7953684210526316,2375
ACR-MCR,S1,1017,late,data,delay,0.7431578947368421,2375
ACR-MCR,S1,1018,warmup,probe,cost,0.89875,800
ACR-MCR,S1,1018,warmup,probe,delay,0.895,800
ACR-MCR,S1,1018,warmup,data,cost,0.9,810
ACR-MCR,S1,1018,warmup,data,delay,0.891358024691358,810
ACR-MCR,S1,1018,early,probe,cost,0.9042857142857142,1400
ACR-MCR,S1,1018,early,probe,delay,0.9007142857142857,1400
ACR-MCR,S1,1018,early,data,cost,0.8845618915159944,1438
ACR-MCR,S1,1018,early,data,delay,0.8810848400556328,1438
ACR-MCR,S1,1018,middle,probe,cost,0.8938888888888888,1800
ACR-MCR,S1,1018,middle,probe,delay,0.8961111111111111,1800
ACR-MCR,S1,1018,middle,data,cost,0.8517150395778365,1895
ACR-MCR,S1,1018,middle,data,delay,0.8390501319261213,1895
ACR-MCR,S1,1018,late,probe,cost,0.9029166666666667,2400
ACR-MCR,S1,1018,late,probe,delay,0.9020833333333333,2400
ACR-MCR,S1,1018,late,data,cost,0.8250705360741637,2481
ACR-MCR,S1,1018,late,data,delay,0.7783151954856913,2481
ACR-MCR,S1,1019,warmup,probe,cost,0.885,800
ACR-MCR,S1,1019,warmup,probe,delay,0.89,800
ACR-MCR,S1,1019,warmup,data,cost,0.8775,800
ACR-MCR,S1,1019,warmup,data,delay,0.87625,800
ACR-MCR,S1,1019,early,probe,cost,0.8957142857142857,1400
ACR-MCR,S1,1019,early,probe,delay,0.8964285714285715,1400
ACR-MCR,S1,1019,early,data,cost,0.8798611111111111,1440
ACR-MCR,S1,1019,early,data,delay,0.8777777777777778,1440
ACR-MCR,S1,1019,middle,probe,cost,0.8944444444444445,1800
ACR-MCR,S1,1019,middle,probe,delay,0.8955555555555555,1800
ACR-MCR,S1,1019,middle,data,cost,0.8366902558519325,1837
ACR-MCR,S1,1019,middle,data,delay,0.8132825258573761,1837
ACR-MCR,S1,1019,late,probe,cost,0.90360435875943,2386
ACR-MCR,S1,1019,late,probe,delay,0.904861693210394,2386
ACR-MCR,S1,1019,late,data,cost,0.7901490066225165,2416
ACR-MCR,S1,1019,late,data,delay,0.7475165562913907,2416
ACR-MCR,S1,1020,warmup,probe,cost,0.90625,800
ACR-MCR,S1,1020,warmup,probe,delay,0.90875,800
ACR-MCR,S1,1020,warmup,data,cost,0.87125,800
ACR-MCR,S1,1020,warmup,data,delay,0.875,800
ACR-MCR,S1,1020,early,probe,cost,0.8985714285714286,1400
ACR-MCR,S1,1020,early,probe,delay,0.9,1400
ACR-MCR,S1,1020,early,data,cost,0.8882072256305386,1467
ACR-MCR,S1,1020,early,data,delay,0.8725289706884799,1467
ACR-MCR,S1,1020,middle,probe,cost,0.8961111111111111,1800
ACR-MCR,S1,1020,middle,probe,delay,0.8944444444444445,1800
ACR-MCR,S1,1020,middle,data,cost,0.8657282079047104,1847
ACR-MCR,S1,1020,middle,data,delay,0.8159177043854899,1847
ACR-MCR,S1,1020,late,probe,cost,0.9046218487394958,2380
ACR-MCR,S1,1020,late,probe,delay,0.9021008403361345,2380
ACR-MCR,S1,1020,late,data,cost,0.7867494824016563,2415
ACR-MCR,S1,1020,late,data,delay,0.7316770186335404,2415
ACR-MCR,S1,1021,warmup,probe,cost,0.8875,800
ACR-MCR,S1,1021,warmup,probe,delay,0.88,800
ACR-MCR,S1,1021,warmup,data,cost,0.8817073170731707,820
ACR-MCR,S1,1021,warmup,data,delay,0.8731707317073171,820
ACR-MCR,S1,1021,early,probe,cost,0.8978571428571429,1400
ACR-MCR,S1,1021,early,probe,delay,0.9007142857142857,1400
ACR-MCR,S1,1021,early,data,cost,0.8719346049046321,1468
ACR-MCR,S1,1021,early,data,delay,0.8596730245231607,1468
ACR-MCR,S1,1021,middle,probe,cost,0.9033333333333333,1800
ACR-MCR,S1,1021,middle,probe,delay,0.8972222222222223,1800
ACR-MCR,S1,1021,middle,data,cost,0.8518321826872013,1883
ACR-MCR,S1,1021,middle,data,delay,0.8130642591609134,1883
ACR-MCR,S1,1021,late,probe,cost,0.8979591836734694,2352
ACR-MCR,S1,1021,late,probe,delay,0.9000850340136054,2352
ACR-MCR,S1,1021,late,data,cost,0.814662273476112,2428
ACR-MCR,S1,1021,late,data,delay,0.7586490939044481,2428
ACR-MCR,S1,1022,warmup,probe,cost,0.895,800
ACR-MCR,S1,1022,warmup,probe,delay,0.89875,800
ACR-MCR,S1,1022,warmup,data,cost,0.8800489596083231,817
ACR-MCR,S1,1022,warmup,data,delay,0.8849449204406364,817
ACR-MCR,S1,1022,early,probe,cost,0.8992857142857142,1400
ACR-MCR,S1,1022,early,probe,delay,0.9014285714285715,1400
ACR-MCR,S1,1022,early,data,cost,0.8769651401230348,1463
ACR-MCR,S1,1022,early,data,delay,0.872863978127136,1463
ACR-MCR,S1,1022,middle,probe,cost,0.8922222222222222,1800
ACR-MCR,S1,1022,middle,probe,delay,0.89,1800
ACR-MCR,S1,1022,middle,data,cost,0.8249088066701407,1919
ACR-MCR,S1,1022,middle,data,delay,0.8025013027618552,1919
ACR-MCR,S1,1022,late,probe,cost,0.9021500658183413,2279
ACR-MCR,S1,1022,late,probe,delay,0.9060991663010092,2279
ACR-MCR,S1,1022,late,data,cost,0.8039297658862876,2392
ACR-MCR,S1,1022,late,data,delay,0.7491638795986622,2392
ACR-MCR,S1,1023,warmup,probe,cost,0.88875,800
ACR-MCR,S1,1023,warmup,probe,delay,0.88875,800
ACR-MCR,S1,1023,warmup,data,cost,0.8822085889570552,815
ACR-MCR,S1,1023,warmup,data,delay,0.8785276073619632,815
ACR-MCR,S1,1023,early,probe,cost,0.9014285714285715,1400
ACR-MCR,S1,1023,early,probe,delay,0.8978571428571429,1400
ACR-MCR,S1,1023,early,data,cost,0.8786008230452675,1458
ACR-MCR,S1,1023,early,data,delay,0.8751714677640604,1458
ACR-MCR,S1,1023,middle,probe,cost,0.8966666666666666,1800
ACR-MCR,S1,1023,middle,probe,delay,0.8961111111111111,1800
ACR-MCR,S1,1023,middle,data,cost,0.8323576370409792,1879
ACR-MCR,S1,1023,middle,data,delay,0.8068121341138904,1879
ACR-MCR,S1,1023,late,probe,cost,0.90020964360587,2385
ACR-MCR,S1,1023,late,probe,delay,0.9044025157232705,2385
ACR-MCR,S1,1023,late,data,cost,0.8114143920595533,2418
ACR-MCR,S1,1023,late,data,delay,0.760545905707196,2418
ACR-MCR,S1,1024,warmup,probe,cost,0.88375,800
ACR-MCR,S1,1024,warmup,probe,delay,0.8775,800
ACR-MCR,S1,1024,warmup,data,cost,0.9034564958283671,839
ACR-MCR,S1,1024,warmup,data,delay,0.8939213349225268,839
ACR-MCR,S1,1024,early,probe,cost,0.8992857142857142,1400
ACR-MCR,S1,1024,early,probe,delay,0.8978571428571429,1400
ACR-MCR,S1,1024,early,data,cost,0.873015873015873,1449
ACR-MCR,S1,1024,early,data,delay,0.8674948240165632,1449
ACR-MCR,S1,1024,middle,probe,cost,0.8944444444444445,1800
ACR-MCR,S1,1024,middle,probe,delay,0.8933333333333333,1800
ACR-MCR,S1,1024,middle,data,cost,0.8572984749455338,1836
ACR-MCR,S1,1024,middle,data,delay,0.8316993464052288,1836
ACR-MCR,S1,1024,late,probe,cost,0.9025,2400
ACR-MCR,S1,1024,late,probe,delay,0.9075,2400
ACR-MCR,S1,1024,late,data,cost,0.8173349534224382,2469
ACR-MCR,S1,1024,late,data,delay,0.7622519238558121,2469
ACR-MCR,S1,1025,warmup,probe,cost,0.91125,800
ACR-MCR,S1,1025,warmup,probe,delay,0.8975,800
ACR-MCR,S1,1025,warmup,data,cost,0.9024691358024691,810
ACR-MCR,S1,1025,warmup,data,delay,0.891358024691358,810
ACR-MCR,S1,1025,early,probe,cost,0.8935714285714286,1400
ACR-MCR,S1,1025,early,probe,delay,0.8942857142857142,1400
ACR-MCR,S1,1025,early,data,cost,0.8738922972051807,1467
ACR-MCR,S1,1025,early,data,delay,0.8704839809134287,1467
ACR-MCR,S1,1025,middle,probe,cost,0.8994444444444445,1800
ACR-MCR,S1,1025,middle,probe,delay,0.9,1800
ACR-MCR,S1,1025,middle,data,cost,0.8609341825902336,1884
ACR-MCR,S1,1025,middle,data,delay,0.8317409766454352,1884
ACR-MCR,S1,1025,late,probe,cost,0.9035984007107952,2251
ACR-MCR,S1,1025,late,probe,delay,0.902265659706797,2251
ACR-MCR,S1,1025,late,data,cost,0.7846473029045643,2410
ACR-MCR,S1,1025,late,data,delay,0.7477178423236515,2410
ACR-MCR,S1,1026,warmup,probe,cost,0.88875,800
ACR-MCR,S1,1026,warmup,probe,delay,0.885,800
ACR-MCR,S1,1026,warmup,data,cost,0.8899521531100478,836
ACR-MCR,S1,1026,warmup,data,delay,0.8851674641148325,836
ACR-MCR,S1,1026,early,probe,cost,0.9035714285714286,1400
ACR-MCR,S1,1026,early,probe,delay,0.9028571428571428,1400
ACR-MCR,S1,1026,early,data,cost,0.8934426229508197,1464
ACR-MCR,S1,1026,early,data,delay,0.8831967213114754,1464
ACR-MCR,S1,1026,middle,probe,cost,0.8922222222222222,1800
ACR-MCR,S1,1026,middle,probe,delay,0.8927777777777778,1800
ACR-MCR,S1,1026,middle,data,cost,0.8506113769271664,1881
ACR-MCR,S1,1026,middle,data,delay,0.835725677830941,1881
ACR-MCR,S1,1026,late,probe,cost,0.900967296176877,2171
ACR-MCR,S1,1026,late,probe,delay,0.9005066789497927,2171
ACR-MCR,S1,1026,late,data,cost,0.8259949195596952,2362
ACR-MCR,S1,1026,late,data,delay,0.7946655376799323,2362
ACR-MCR,S1,1027,warmup,probe,cost,0.8975,800
ACR-MCR,S1,1027,warmup,probe,delay,0.89625,800
ACR-MCR,S1,1027,warmup,data,cost,0.89,800
ACR-MCR,S1,1027,warmup,data,delay,0.885,800
ACR-MCR,S1,1027,early,probe,cost,0.9021428571428571,1400
ACR-MCR,S1,1027,early,probe,delay,0.9,1400
ACR-MCR,S1,1027,early,data,cost,0.8775649794801642,1462
ACR-MCR,S1,1027,early,data,delay,0.874829001367989,1462
ACR-MCR,S1,1027,middle,probe,cost,0.8916666666666667,1800
ACR-MCR,S1,1027,middle,probe,delay,0.8961111111111111,1800
ACR-MCR,S1,1027,middle,data,cost,0.8335983041865395,1887
ACR-MCR,S1,1027,middle,data,delay,0.8113407525172232,1887
ACR-MCR,S1,1027,late,probe,cost,0.9032258064516129,2356
ACR-MCR,S1,1027,late,probe,delay,0.9032258064516129,2356
ACR-MCR,S1,1027,late,data,cost,0.8088597210828548,2438
ACR-MCR,S1,1027,late,data,delay,0.7633305988515177,2438
ACR-MCR,S1,1028,warmup,probe,cost,0.895,800
ACR-MCR,S1,1028,warmup,probe,delay,0.8975,800
ACR-MCR,S1,1028,warmup,data,cost,0.8997555012224939,818
ACR-MCR,S1,1028,warmup,data,delay,0.8985330073349633,818
ACR-MCR,S1,1028,early,probe,cost,0.8992857142857142,1400
ACR-MCR,S1,1028,early,probe,delay,0.895,1400
ACR-MCR,S1,1028,early,data,cost,0.8808395396073121,1477
ACR-MCR,S1,1028,early,data,delay,0.8761002031144212,1477
ACR-MCR,S1,1028,middle,probe,cost,0.8944444444444445,1800
ACR-MCR,S1,1028,middle,probe,delay,0.8972222222222223,1800
ACR-MCR,S1,1028,middle,data,cost,0.8436324556689951,1861
ACR-MCR,S1,1028,middle,data,delay,0.8199892530897367,1861
ACR-MCR,S1,1028,late,probe,cost,0.9011976047904192,2338
ACR-MCR,S1,1028,late,probe,delay,0.9046193327630453,2338
ACR-MCR,S1,1028,late,data,cost,0.8067434210526315,2432
ACR-MCR,S1,1028,late,data,delay,0.7627467105263158,2432
ACR-MCR,S1,1029,warmup,probe,cost,0.88375,800
ACR-MCR,S1,1029,warmup,probe,delay,0.8875,800
ACR-MCR,S1,1029,warmup,data,cost,0.8864197530864197,810
ACR-MCR,S1,1029,warmup,data,delay,0.8802469135802469,810
ACR-MCR,S1,1029,early,probe,cost,0.9,1400
ACR-MCR,S1,1029,early,probe,delay,0.9042857142857142,1400
ACR-MCR,S1,1029,early,data,cost,0.8643617021276596,1504
ACR-MCR,S1,1029,early,data,delay,0.8543882978723404,1504
ACR-MCR,S1,1029,middle,probe,cost,0.8961111111111111,1800
ACR-MCR,S1,1029,middle,probe,delay,0.8911111111111111,1800
ACR-MCR,S1,1029,middle,data,cost,0.8721363878529569,1877
ACR-MCR,S1,1029,middle,data,delay,0.8359083644112946,1877
ACR-MCR,S1,1029,late,probe,cost,0.90125,2400
ACR-MCR,S1,1029,late,probe,delay,0.90375,2400
ACR-MCR,S1,1029,late,data,cost,0.8067434210526315,2432
ACR-MCR,S1,1029,late,data,delay,0.7504111842105263,2432
ACR-MCR,S2,1000,warmup,probe,cost,0.88125,800
ACR-MCR,S2,1000,warmup,probe,delay,0.88,800
ACR-MCR,S2,1000,warmup,data,cost,0.8864197530864197,810
ACR-MCR,S2,1000,warmup,data,delay,0.8851851851851852,810
ACR-MCR,S2,1000,early,probe,cost,0.9035714285714286,1400
ACR-MCR,S2,1000,early,probe,delay,0.9021428571428571,1400
ACR-MCR,S2,1000,early,data,cost,0.8877146631439894,1514
ACR-MCR,S2,1000,early,data,delay,0.8837516512549538,1514
ACR-MCR,S2,1000,middle,probe,cost,0.8955555555555555,1800
ACR-MCR,S2,1000,middle,probe,delay,0.8994444444444445,1800
ACR-MCR,S2,1000,middle,data,cost,0.7783813145029875,1841
ACR-MCR,S2,1000,middle,data,delay,0.7414448669201521,1841
ACR-MCR,S2,1000,late,probe,cost,0.9052587646076795,2396
ACR-MCR,S2,1000,late,probe,delay,0.9002504173622704,2396
ACR-MCR,S2,1000,late,data,cost,0.853472501003613,2491
ACR-MCR,S2,1000,late,data,delay,0.8514652749899638,2491
ACR-MCR,S2,1001,warmup,probe,cost,0.89625,800
ACR-MCR,S2,1001,warmup,probe,delay,0.89625,800
ACR-MCR,S2,1001,warmup,data,cost,0.905982905982906,819
ACR-MCR,S2,1001,warmup,data,delay,0.8925518925518926,819
ACR-MCR,S2,1001,early,probe,cost,0.9021428571428571,1400
ACR-MCR,S2,1001,early,probe,delay,0.9035714285714286,1400
ACR-MCR,S2,1001,early,data,cost,0.8857729138166894,1462
ACR-MCR,S2,1001,early,data,delay,0.8864569083447332,1462
ACR-MCR,S2,1001,middle,probe,cost,0.8955555555555555,1800
ACR-MCR,S2,1001,middle,probe,delay,0.8977777777777778,1800
ACR-MCR,S2,1001,middle,data,cost,0.7929901423877328,1826
ACR-MCR,S2,1001,middle,data,delay,0.7694414019715224,1826
ACR-MCR,S2,1001,late,probe,cost,0.9075,2400
ACR-MCR,S2,1001,late,probe,delay,0.9029166666666667,2400
ACR-MCR,S2,1001,late,data,cost,0.8590468497576736,2476
ACR-MCR,S2,1001,late,data,delay,0.8602584814216478,2476
ACR-MCR,S2,1002,warmup,probe,cost,0.90375,800
ACR-MCR,S2,1002,warmup,probe,delay,0.91,800
ACR-MCR,S2,1002,warmup,data,cost,0.9169719169719169,819
ACR-MCR,S2,1002,warmup,data,delay,0.9084249084249084,819
ACR-MCR,S2,1002,early,probe,cost,0.8992857142857142,1400
ACR-MCR,S2,1002,early,probe,delay,0.9014285714285715,1400
ACR-MCR,S2,1002,early,data,cost,0.8819584171696848,1491
ACR-MCR,S2,1002,early,data,delay,0.8779342723004695,1491
ACR-MCR,S2,1002,middle,probe,cost,0.8994444444444445,1800
ACR-MCR,S2,1002,middle,probe,delay,0.8972222222222223,1800
ACR-MCR,S2,1002,middle,data,cost,0.7692731277533039,1816
ACR-MCR,S2,1002,middle,data,delay,0.7285242290748899,1816
ACR-MCR,S2,1002,late,probe,cost,0.9032537960954446,2305
ACR-MCR,S2,1002,late,probe,delay,0.9028199566160521,2305
ACR-MCR,S2,1002,late,data,cost,0.8489646772228989,2463
ACR-MCR,S2,1002,late,data,delay,0.8485586682907024,2463
ACR-MCR,S2,1003,warmup,probe,cost,0.88375,800
ACR-MCR,S2,1003,warmup,probe,delay,0.8775,800
ACR-MCR,S2,1003,warmup,data,cost,0.8975308641975308,810
ACR-MCR,S2,1003,warmup,data,delay,0.8901234567901235,810
ACR-MCR,S2,1003,early,probe,cost,0.8971428571428571,1400
ACR-MCR,S2,1003,early,probe,delay,0.8985714285714286,1400
ACR-MCR,S2,1003,early,data,cost,0.8553459119496856,1431
ACR-MCR,S2,1003,early,data,delay,0.8525506638714185,1431
ACR-MCR,S2,1003,middle,probe,cost,0.9,1800
ACR-MCR,S2,1003,middle,probe,delay,0.9005555555555556,1800
ACR-MCR,S2,1003,middle,data,cost,0.7844638949671773,1828
ACR-MCR,S2,1003,middle,data,delay,0.7532822757111597,1828
ACR-MCR,S2,1003,late,probe,cost,0.9033333333333333,2400
ACR-MCR,S2,1003,late,probe,delay,0.9020833333333333,2400
ACR-MCR,S2,1003,late,data,cost,0.8397435897435898,2496
ACR-MCR,S2,1003,late,data,delay,0.8365384615384616,2496
ACR-MCR,S2,1004,warmup,probe,cost,0.9025,800
ACR-MCR,S2,1004,warmup,probe,delay,0.89625,800
ACR-MCR,S2,1004,warmup,data,cost,0.8733087330873309,813
ACR-MCR,S2,1004,warmup,data,delay,0.8585485854858549,813
ACR-MCR,S2,1004,early,probe,cost,0.905,1400
ACR-MCR,S2,1004,early,probe,delay,0.9028571428571428,1400
ACR-MCR,S2,1004,early,data,cost,0.8780487804878049,1476
ACR-MCR,S2,1004,early,data,delay,0.8692411924119241,1476
ACR-MCR,S2,1004,middle,probe,cost,0.8933333333333333,1800
ACR-MCR,S2,1004,middle,probe,delay,0.895,1800
ACR-MCR,S2,1004,middle,data,cost,0.8009950248756219,1809
ACR-MCR,S2,1004,middle,data,delay,0.7600884466556108,1809
ACR-MCR,S2,1004,late,probe,cost,0.9045833333333333,2400
ACR-MCR,S2,1004,late,probe,delay,0.90375,2400
ACR-MCR,S2,1004,late,data,cost,0.8640261331155573,2449
ACR-MCR,S2,1004,late,data,delay,0.8599428338097183,2449
ACR-MCR,S2,1005,warmup,probe,cost,0.895,800
ACR-MCR,S2,1005,warmup,probe,delay,0.9025,800
ACR-MCR,S2,1005,warmup,data,cost,0.8594132029339854,818
ACR-MCR,S2,1005,warmup,data,delay,0.8533007334963325,818
ACR-MCR,S2,1005,early,probe,cost,0.8985714285714286,1400
ACR-MCR,S2,1005,early,probe,delay,0.8964285714285715,1400
ACR-MCR,S2,1005,early,data,cost,0.8591256072172103,1441
ACR-MCR,S2,1005,early,data,delay,0.8514920194309508,1441
ACR-MCR,S2,1005,middle,probe,cost,0.8983333333333333,1800
ACR-MCR,S2,1005,middle,probe,delay,0.9,1800
ACR-MCR,S2,1005,middle,data,cost,0.7668508287292818,1810
ACR-MCR,S2,1005,middle,data,delay,0.7580110497237569,1810
ACR-MCR,S2,1005,late,probe,cost,0.9070833333333334,2400
ACR-MCR,S2,1005,late,probe,delay,0.90625,2400
ACR-MCR,S2,1005,late,data,cost,0.8714168714168714,2442
ACR-MCR,S2,1005,late,data,delay,0.8644553644553644,2442
ACR-MCR,S2,1006,warmup,probe,cost,0.91375,800
ACR-MCR,S2,1006,warmup,probe,delay,0.90375,800
ACR-MCR,S2,1006,warmup,data,cost,0.8878048780487805,820
ACR-MCR,S2,1006,warmup,data,delay,0.875609756097561,820
ACR-MCR,S2,1006,early,probe,cost,0.9014285714285715,1400
ACR-MCR,S2,1006,early,probe,delay,0.9014285714285715,1400
ACR-MCR,S2,1006,early,data,cost,0.8729619565217391,1472
ACR-MCR,S2,1006,early,data,delay,0.8688858695652174,1472
ACR-MCR,S2,1006,middle,probe,cost,0.895,1800
ACR-MCR,S2,1006,middle,probe,delay,0.8938888888888888,1800
ACR-MCR,S2,1006,middle,data,cost,0.7700709994538504,1831
ACR-MCR,S2,1006,middle,data,delay,0.7433096668487166,1831
ACR-MCR,S2,1006,late,probe,cost,0.9064354176175262,2191
ACR-MCR,S2,1006,late,probe,delay,0.9100867183934277,2191
ACR-MCR,S2,1006,late,data,cost,0.8864774624373957,2396
ACR-MCR,S2,1006,late,data,delay,0.8839732888146912,2396
ACR-MCR,S2,1007,warmup,probe,cost,0.89625,800
ACR-MCR,S2,1007,warmup,probe,delay,0.89875,800
ACR-MCR,S2,1007,warmup,data,cost,0.8848920863309353,834
ACR-MCR,S2,1007,warmup,data,delay,0.8597122302158273,834
ACR-MCR,S2,1007,early,probe,cost,0.9085714285714286,1400
ACR-MCR,S2,1007,early,probe,delay,0.9071428571428571,1400
ACR-MCR,S2,1007,early,data,cost,0.8621151271753681,1494
ACR-MCR,S2,1007,early,data,delay,0.8554216867469879,1494
ACR-MCR,S2,1007,middle,probe,cost,0.8946488294314381,1794
ACR-MCR,S2,1007,middle,probe,delay,0.8935340022296544,1794
ACR-MCR,S2,1007,middle,data,cost,0.7779596290234588,1833
ACR-MCR,S2,1007,middle,data,delay,0.7479541734860884,1833
ACR-MCR,S2,1007,late,probe,cost,0.8990450204638472,2199
ACR-MCR,S2,1007,late,probe,delay,0.903137789904502,2199
ACR-MCR,S2,1007,late,data,cost,0.880168776371308,2370
ACR-MCR,S2,1007,late,data,delay,0.8789029535864978,2370
ACR-MCR,S2,1008,warmup,probe,cost,0.88875,800
ACR-MCR,S2,1008,warmup,probe,delay,0.89625,800
ACR-MCR,S2,1008,warmup,data,cost,0.8963051251489869,839
ACR-MCR,S2,1008,warmup,data,delay,0.8903456495828367,839
ACR-MCR,S2,1008,early,probe,cost,0.9021428571428571,1400
ACR-MCR,S2,1008,early,probe,delay,0.9007142857142857,1400
ACR-MCR,S2,1008,early,data,cost,0.8807901907356949,1468
ACR-MCR,S2,1008,early,data,delay,0.8746594005449592,1468
ACR-MCR,S2,1008,middle,probe,cost,0.8938888888888888,1800
ACR-MCR,S2,1008,middle,probe,delay,0.895,1800
ACR-MCR,S2,1008,middle,data,cost,0.7696051919956733,1849
ACR-MCR,S2,1008,middle,data,delay,0.7587885343428881,1849
ACR-MCR,S2,1008,late,probe,cost,0.9039429530201343,2384
ACR-MCR,S2,1008,late,probe,delay,0.9060402684563759,2384
ACR-MCR,S2,1008,late,data,cost,0.8780783205490512,2477
ACR-MCR,S2,1008,late,data,delay,0.8744448930157449,2477
ACR-MCR,S2,1009,warmup,probe,cost,0.9025,800
ACR-MCR,S2,1009,warmup,probe,delay,0.9,800
ACR-MCR,S2,1009,warmup,data,cost,0.894993894993895,819
ACR-MCR,S2,1009,warmup,data,delay,0.8803418803418803,819
ACR-MCR,S2,1009,early,probe,cost,0.9007142857142857,1400
ACR-MCR,S2,1009,early,probe,delay,0.9028571428571428,1400
ACR-MCR,S2,1009,early,data,cost,0.8789546079779917,1454
ACR-MCR,S2,1009,early,data,delay,0.8665749656121046,1454
ACR-MCR,S2,1009,middle,probe,cost,0.8977777777777778,1800
ACR-MCR,S2,1009,middle,probe,delay,0.8961111111111111,1800
ACR-MCR,S2,1009,middle,data,cost,0.7824889867841409,1816
ACR-MCR,S2,1009,middle,data,delay,0.7422907488986784,1816
ACR-MCR,S2,1009,late,probe,cost,0.9027898866608544,2294
ACR-MCR,S2,1009,late,probe,delay,0.9032258064516129,2294
ACR-MCR,S2,1009,late,data,cost,0.8810116086235489,2412
ACR-MCR,S2,1009,late,data,delay,0.8752072968490879,2412
ACR-MCR,S2,1010,warmup,probe,cost,0.895,800
ACR-MCR,S2,1010,warmup,probe,delay,0.89,800
ACR-MCR,S2,1010,warmup,data,cost,0.875453446191052,827
ACR-MCR,S2,1010,warmup,data,delay,0.8730350665054414,827
ACR-MCR,S2,1010,early,probe,cost,0.8971428571428571,1400
ACR-MCR,S2,1010,early,probe,delay,0.8978571428571429,1400
ACR-MCR,S2,1010,early,data,cost,0.8701825557809331,1479
ACR-MCR,S2,1010,early,data,delay,0.8640973630831643,1479
ACR-MCR,S2,1010,middle,probe,cost,0.895,1800
ACR-MCR,S2,1010,middle,probe,delay,0.8972222222222223,1800
ACR-MCR,S2,1010,middle,data,cost,0.8112078346028292,1838
ACR-MCR,S2,1010,middle,data,delay,0.7823721436343852,1838
ACR-MCR,S2,1010,late,probe,cost,0.911264367816092,2175
ACR-MCR,S2,1010,late,probe,delay,0.9108045977011494,2175
ACR-MCR,S2,1010,late,data,cost,0.8722871452420701,2396
ACR-MCR,S2,1010,late,data,delay,0.8564273789649416,2396
ACR-MCR,S2,1011,warmup,probe,cost,0.8825,800
ACR-MCR,S2,1011,warmup,probe,delay,0.8925,800
ACR-MCR,S2,1011,warmup,data,cost,0.8876678876678876,819
ACR-MCR,S2,1011,warmup,data,delay,0.8852258852258852,819
ACR-MCR,S2,1011,early,probe,cost,0.9007142857142857,1400
ACR-MCR,S2,1011,early,probe,delay,0.8985714285714286,1400
ACR-MCR,S2,1011,early,data,cost,0.8761122518822724,1461
ACR-MCR,S2,1011,early,data,delay,0.8720054757015743,1461
ACR-MCR,S2,1011,middle,probe,cost,0.9005555555555556,1800
ACR-MCR,S2,1011,middle,probe,delay,0.9005555555555556,1800
ACR-MCR,S2,1011,middle,data,cost,0.8059299191374663,1855
ACR-MCR,S2,1011,middle,data,delay,0.7870619946091644,1855
ACR-MCR,S2,1011,late,probe,cost,0.9031551270815075,2282
ACR-MCR,S2,1011,late,probe,delay,0.9027169149868537,2282
ACR-MCR,S2,1011,late,data,cost,0.8865219172470299,2441
ACR-MCR,S2,1011,late,data,delay,0.8828349037279803,2441
ACR-MCR,S2,1012,warmup,probe,cost,0.89875,800
ACR-MCR,S2,1012,warmup,probe,delay,0.895,800
ACR-MCR,S2,1012,warmup,data,cost,0.8682926829268293,820
ACR-MCR,S2,1012,warmup,data,delay,0.8658536585365854,820
ACR-MCR,S2,1012,early,probe,cost,0.8992857142857142,1400
ACR-MCR,S2,1012,early,probe,delay,0.9007142857142857,1400
ACR-MCR,S2,1012,early,data,cost,0.8701825557809331,1479
ACR-MCR,S2,1012,early,data,delay,0.8654496281271129,1479
ACR-MCR,S2,1012,middle,probe,cost,0.8966666666666666,1800
ACR-MCR,S2,1012,middle,probe,delay,0.8966666666666666,1800
ACR-MCR,S2,1012,middle,data,cost,0.8114035087719298,1824
ACR-MCR,S2,1012,middle,data,delay,0.7719298245614035,1824
ACR-MCR,S2,1012,late,probe,cost,0.9004166666666666,2400
ACR-MCR,S2,1012,late,probe,delay,0.9008333333333334,2400
ACR-MCR,S2,1012,late,data,cost,0.8633615477629988,2481
ACR-MCR,S2,1012,late,data,delay,0.8581217251108424,2481
ACR-MCR,S2,1013,warmup,probe,cost,0.90125,800
ACR-MCR,S2,1013,warmup,probe,delay,0.8875,800
ACR-MCR,S2,1013,warmup,data,cost,0.8955773955773956,814
ACR-MCR,S2,1013,warmup,data,delay,0.8845208845208845,814
ACR-MCR,S2,1013,early,probe,cost,0.9,1400
ACR-MCR,S2,1013,early,probe,delay,0.9,1400
ACR-MCR,S2,1013,early,data,cost,0.8703703703703703,1512
ACR-MCR,S2,1013,early,data,delay,0.8630952380952381,1512
ACR-MCR,S2,1013,middle,probe,cost,0.8939650310208686,1773
ACR-MCR,S2,1013,middle,probe,delay,0.8962210941906373,1773
ACR-MCR,S2,1013,middle,data,cost,0.814078452444922,1861
ACR-MCR,S2,1013,middle,data,delay,0.7791509940891993,1861
ACR-MCR,S2,1013,late,probe,cost,0.9036251105216623,2262
ACR-MCR,S2,1013,late,probe,delay,0.900972590627763,2262
ACR-MCR,S2,1013,late,data,cost,0.8520049607275734,2419
ACR-MCR,S2,1013,late,data,delay,0.8466308391897478,2419
ACR-MCR,S2,1014,warmup,probe,cost,0.90625,800
ACR-MCR,S2,1014,warmup,probe,delay,0.905,800
ACR-MCR,S2,1014,warmup,data,cost,0.8890243902439025,820
ACR-MCR,S2,1014,warmup,data,delay,0.8792682926829268,820
ACR-MCR,S2,1014,early,probe,cost,0.9,1400
ACR-MCR,S2,1014,early,probe,delay,0.9007142857142857,1400
ACR-MCR,S2,1014,early,data,cost,0.884167237834133,1459
ACR-MCR,S2,1014,early,data,delay,0.882111034955449,1459
ACR-MCR,S2,1014,middle,probe,cost,0.8972222222222223,1800
ACR-MCR,S2,1014,middle,probe,delay,0.8983333333333333,1800
ACR-MCR,S2,1014,middle,data,cost,0.7714440825190011,1842
ACR-MCR,S2,1014,middle,data,delay,0.7242128121606949,1842
ACR-MCR,S2,1014,late,probe,cost,0.9052854122621564,2365
ACR-MCR,S2,1014,late,probe,delay,0.906553911205074,2365
ACR-MCR,S2,1014,late,data,cost,0.8495854717726017,2533
ACR-MCR,S2,1014,late,data,delay,0.8499802605606,2533
ACR-MCR,S2,1015,warmup,probe,cost,0.89,800
ACR-MCR,S2,1015,warmup,probe,delay,0.8975,800
ACR-MCR,S2,1015,warmup,data,cost,0.8878048780487805,820
ACR-MCR,S2,1015,warmup,data,delay,0.8804878048780488,820
ACR-MCR,S2,1015,early,probe,cost,0.9064285714285715,1400
ACR-MCR,S2,1015,early,probe,delay,0.9064285714285715,1400
ACR-MCR,S2,1015,early,data,cost,0.8738738738738738,1443
ACR-MCR,S2,1015,early,data,delay,0.8704088704088704,1443
ACR-MCR,S2,1015,middle,probe,cost,0.8911111111111111,1800
ACR-MCR,S2,1015,middle,probe,delay,0.8883333333333333,1800
ACR-MCR,S2,1015,middle,data,cost,0.7716015410016511,1817
ACR-MCR,S2,1015,middle,data,delay,0.724821133736929,1817
ACR-MCR,S2,1015,late,probe,cost,0.905708245243129,2365
ACR-MCR,S2,1015,late,probe,delay,0.908245243128964,2365
ACR-MCR,S2,1015,late,data,cost,0.8795230263157895,2432
ACR-MCR,S2,1015,late,data,delay,0.8729440789473685,2432
ACR-MCR,S2,1016,warmup,probe,cost,0.91625,800
ACR-MCR,S2,1016,warmup,probe,delay,0.915,800
ACR-MCR,S2,1016,warmup,data,cost,0.884004884004884,819
ACR-MCR,S2,1016,warmup,data,delay,0.8803418803418803,819
ACR-MCR,S2,1016,early,probe,cost,0.9057142857142857,1400
ACR-MCR,S2,1016,early,probe,delay,0.9057142857142857,1400
ACR-MCR,S2,1016,early,data,cost,0.8799454297407913,1466
ACR-MCR,S2,1016,early,data,delay,0.8751705320600273,1466
ACR-MCR,S2,1016,middle,probe,cost,0.8911111111111111,1800
ACR-MCR,S2,1016,middle,probe,delay,0.8927777777777778,1800
ACR-MCR,S2,1016,middle,data,cost,0.7937636761487965,1828
ACR-MCR,S2,1016,middle,data,delay,0.7472647702407003,1828
ACR-MCR,S2,1016,late,probe,cost,0.9077244258872651,2395
ACR-MCR,S2,1016,late,probe,delay,0.9068893528183716,2395
ACR-MCR,S2,1016,late,data,cost,0.8656716417910447,2479
ACR-MCR,S2,1016,late,data,delay,0.8628479225494151,2479
ACR-MCR,S2,1017,warmup,probe,cost,0.895,800
ACR-MCR,S2,1017,warmup,probe,delay,0.89875,800
ACR-MCR,S2,1017,warmup,data,cost,0.8776009791921665,817
ACR-MCR,S2,1017,warmup,data,delay,0.8788249694002448,817
ACR-MCR,S2,1017,early,probe,cost,0.8992857142857142,1400
ACR-MCR,S2,1017,early,probe,delay,0.8992857142857142,1400
ACR-MCR,S2,1017,early,data,cost,0.8791581805838425,1473
ACR-MCR,S2,1017,early,data,delay,0.8825526137135098,1473
ACR-MCR,S2,1017,middle,probe,cost,0.9011111111111111,1800
ACR-MCR,S2,1017,middle,probe,delay,0.9083333333333333,1800
ACR-MCR,S2,1017,middle,data,cost,0.7893582007679649,1823
ACR-MCR,S2,1017,middle,data,delay,0.7509599561162918,1823
ACR-MCR,S2,1017,late,probe,cost,0.9033361847733106,2338
ACR-MCR,S2,1017,late,probe,delay,0.8973481608212147,2338
ACR-MCR,S2,1017,late,data,cost,0.8486312399355878,2484
ACR-MCR,S2,1017,late,data,delay,0.8393719806763285,2484
ACR-MCR,S2,1018,warmup,probe,cost,0.89875,800
ACR-MCR,S2,1018,warmup,probe,delay,0.895,800
ACR-MCR,S2,1018,warmup,data,cost,0.9,810
ACR-MCR,S2,1018,warmup,data,delay,0.891358024691358,810
ACR-MCR,S2,1018,early,probe,cost,0.9071428571428571,1400
ACR-MCR,S2,1018,early,probe,delay,0.9035714285714286,1400
ACR-MCR,S2,1018,early,data,cost,0.8866481223922114,1438
ACR-MCR,S2,1018,early,data,delay,0.8831710709318498,1438
ACR-MCR,S2,1018,middle,probe,cost,0.8938888888888888,1800
ACR-MCR,S2,1018,middle,probe,delay,0.8955555555555555,1800
ACR-MCR,S2,1018,middle,data,cost,0.7646733111849391,1806
ACR-MCR,S2,1018,middle,data,delay,0.7253599114064231,1806
ACR-MCR,S2,1018,late,probe,cost,0.9042918454935622,2330
ACR-MCR,S2,1018,late,probe,delay,0.9051502145922746,2330
ACR-MCR,S2,1018,late,data,cost,0.8816376165383056,2467
ACR-MCR,S2,1018,late,data,delay,0.8751520064856101,2467
ACR-MCR,S2,1019,warmup,probe,cost,0.885,800
ACR-MCR,S2,1019,warmup,probe,delay,0.89,800
ACR-MCR,S2,1019,warmup,data,cost,0.8775,800
ACR-MCR,S2,1019,warmup,data,delay,0.87625,800
ACR-MCR,S2,1019,early,probe,cost,0.8964285714285715,1400
ACR-MCR,S2,1019,early,probe,delay,0.8971428571428571,1400
ACR-MCR,S2,1019,early,data,cost,0.8798611111111111,1440
ACR-MCR,S2,1019,early,data,delay,0.8777777777777778,1440
ACR-MCR,S2,1019,middle,probe,cost,0.8983333333333333,1800
ACR-MCR,S2,1019,middle,probe,delay,0.8961111111111111,1800
ACR-MCR,S2,1019,middle,data,cost,0.7863059083379348,1811
ACR-MCR,S2,1019,middle,data,delay,0.7487575924903368,1811
ACR-MCR,S2,1019,late,probe,cost,0.9054166666666666,2400
ACR-MCR,S2,1019,late,probe,delay,0.9075,2400
ACR-MCR,S2,1019,late,data,cost,0.8473188702415063,2443
ACR-MCR,S2,1019,late,data,delay,0.8432255423659435,2443
ACR-MCR,S2,1020,warmup,probe,cost,0.90625,800
ACR-MCR,S2,1020,warmup,probe,delay,0.90875,800
ACR-MCR,S2,1020,warmup,data,cost,0.87125,800
ACR-MCR,S2,1020,warmup,data,delay,0.875,800
ACR-MCR,S2,1020,early,probe,cost,0.9,1400
ACR-MCR,S2,1020,early,probe,delay,0.8992857142857142,1400
ACR-MCR,S2,1020,early,data,cost,0.89093387866394,1467
ACR-MCR,S2,1020,early,data,delay,0.8766189502385822,1467
ACR-MCR,S2,1020,middle,probe,cost,0.8983333333333333,1800
ACR-MCR,S2,1020,middle,probe,delay,0.8972222222222223,1800
ACR-MCR,S2,1020,middle,data,cost,0.7794037940379404,1845
ACR-MCR,S2,1020,middle,data,delay,0.751219512195122,1845
ACR-MCR,S2,1020,late,probe,cost,0.9025,2400
ACR-MCR,S2,1020,late,probe,delay,0.90375,2400
ACR-MCR,S2,1020,late,data,cost,0.8461849010900283,2477
ACR-MCR,S2,1020,late,data,delay,0.8502220427937021,2477
ACR-MCR,S2,1021,warmup,probe,cost,0.8875,800
ACR-MCR,S2,1021,warmup,probe,delay,0.88,800
ACR-MCR,S2,1021,warmup,data,cost,0.8817073170731707,820
ACR-MCR,S2,1021,warmup,data,delay,0.8731707317073171,820
ACR-MCR,S2,1021,early,probe,cost,0.8978571428571429,1400
ACR-MCR,S2,1021,early,probe,delay,0.9007142857142857,1400
ACR-MCR,S2,1021,early,data,cost,0.8732970027247956,1468
ACR-MCR,S2,1021,early,data,delay,0.8610354223433242,1468
ACR-MCR,S2,1021,middle,probe,cost,0.9038888888888889,1800
ACR-MCR,S2,1021,middle,probe,delay,0.8983333333333333,1800
ACR-MCR,S2,1021,middle,data,cost,0.7761437908496732,1836
ACR-MCR,S2,1021,middle,data,delay,0.7336601307189542,1836
ACR-MCR,S2,1021,late,probe,cost,0.9042553191489362,2350
ACR-MCR,S2,1021,late,probe,delay,0.9051063829787234,2350
ACR-MCR,S2,1021,late,data,cost,0.8364579178300758,2507
ACR-MCR,S2,1021,late,data,delay,0.8380534503390507,2507
ACR-MCR,S2,1022,warmup,probe,cost,0.895,800
ACR-MCR,S2,1022,warmup,probe,delay,0.89875,800
ACR-MCR,S2,1022,warmup,data,cost,0.8800489596083231,817
ACR-MCR,S2,1022,warmup,data,delay,0.8849449204406364,817
ACR-MCR,S2,1022,early,probe,cost,0.9014285714285715,1400
ACR-MCR,S2,1022,early,probe,delay,0.9028571428571428,1400
ACR-MCR,S2,1022,early,data,cost,0.8796992481203008,1463
ACR-MCR,S2,1022,early,data,delay,0.8755980861244019,1463
ACR-MCR,S2,1022,middle,probe,cost,0.895,1800
ACR-MCR,S2,1022,middle,probe,delay,0.8911111111111111,1800
ACR-MCR,S2,1022,middle,data,cost,0.7954422137818774,1843
ACR-MCR,S2,1022,middle,data,delay,0.7574606619641888,1843
ACR-MCR,S2,1022,late,probe,cost,0.9020596889449348,2379
ACR-MCR,S2,1022,late,probe,delay,0.905422446406053,2379
ACR-MCR,S2,1022,late,data,cost,0.8610551751913008,2483
ACR-MCR,S2,1022,late,data,delay,0.8590414820781312,2483
ACR-MCR,S2,1023,warmup,probe,cost,0.88875,800
ACR-MCR,S2,1023,warmup,probe,delay,0.88875,800
ACR-MCR,S2,1023,warmup,data,cost,0.8822085889570552,815
ACR-MCR,S2,1023,warmup,data,delay,0.8785276073619632,815
ACR-MCR,S2,1023,early,probe,cost,0.9021428571428571,1400
ACR-MCR,S2,1023,early,probe,delay,0.8978571428571429,1400
ACR-MCR,S2,1023,early,data,cost,0.8799725651577504,1458
ACR-MCR,S2,1023,early,data,delay,0.8765432098765432,1458
ACR-MCR,S2,1023,middle,probe,cost,0.8977777777777778,1800
ACR-MCR,S2,1023,middle,probe,delay,0.8983333333333333,1800
ACR-MCR,S2,1023,middle,data,cost,0.7660044150110376,1812
ACR-MCR,S2,1023,middle,data,delay,0.7455849889624724,1812
ACR-MCR,S2,1023,late,probe,cost,0.9013074652045551,2371
ACR-MCR,S2,1023,late,probe,delay,0.9046815689582455,2371
ACR-MCR,S2,1023,late,data,cost,0.8633768352365416,2452
ACR-MCR,S2,1023,late,data,delay,0.8597063621533442,2452
ACR-MCR,S2,1024,warmup,probe,cost,0.88375,800
ACR-MCR,S2,1024,warmup,probe,delay,0.8775,800
ACR-MCR,S2,1024,warmup,data,cost,0.9034564958283671,839
ACR-MCR,S2,1024,warmup,data,delay,0.8939213349225268,839
ACR-MCR,S2,1024,early,probe,cost,0.9007142857142857,1400
ACR-MCR,S2,1024,early,probe,delay,0.8992857142857142,1400
ACR-MCR,S2,1024,early,data,cost,0.8731034482758621,1450
ACR-MCR,S2,1024,early,data,delay,0.8675862068965517,1450
ACR-MCR,S2,1024,middle,probe,cost,0.9,1800
ACR-MCR,S2,1024,middle,probe,delay,0.8966666666666666,1800
ACR-MCR,S2,1024,middle,data,cost,0.7712707182320442,1810
ACR-MCR,S2,1024,middle,data,delay,0.7419889502762431,1810
ACR-MCR,S2,1024,late,probe,cost,0.9011824324324325,2368
ACR-MCR,S2,1024,late,probe,delay,0.9024493243243243,2368
ACR-MCR,S2,1024,late,data,cost,0.8622386223862238,2439
ACR-MCR,S2,1024,late,data,delay,0.8560885608856088,2439
ACR-MCR,S2,1025,warmup,probe,cost,0.91125,800
ACR-MCR,S2,1025,warmup,probe,delay,0.8975,800
ACR-MCR,S2,1025,warmup,data,cost,0.9024691358024691,810
ACR-MCR,S2,1025,warmup,data,delay,0.891358024691358,810
ACR-MCR,S2,1025,early,probe,cost,0.8964285714285715,1400
ACR-MCR,S2,1025,early,probe,delay,0.8971428571428571,1400
ACR-MCR,S2,1025,early,data,cost,0.8759372869802318,1467
ACR-MCR,S2,1025,early,data,delay,0.8718473074301295,1467
ACR-MCR,S2,1025,middle,probe,cost,0.9038569032979318,1789
ACR-MCR,S2,1025,middle,probe,delay,0.8988261598658468,1789
ACR-MCR,S2,1025,middle,data,cost,0.7412663755458515,1832
ACR-MCR,S2,1025,middle,data,delay,0.7036026200873362,1832
ACR-MCR,S2,1025,late,probe,cost,0.9017621145374449,2270
ACR-MCR,S2,1025,late,probe,delay,0.9061674008810573,2270
ACR-MCR,S2,1025,late,data,cost,0.8478802992518704,2406
ACR-MCR,S2,1025,late,data,delay,0.8458021612635079,2406
ACR-MCR,S2,1026,warmup,probe,cost,0.88875,800
ACR-MCR,S2,1026,warmup,probe,delay,0.885,800
ACR-MCR,S2,1026,warmup,data,cost,0.8899521531100478,836
ACR-MCR,S2,1026,warmup,data,delay,0.8851674641148325,836
ACR-MCR,S2,1026,early,probe,cost,0.9035714285714286,1400
ACR-MCR,S2,1026,early,probe,delay,0.9028571428571428,1400
ACR-MCR,S2,1026,early,data,cost,0.8975409836065574,1464
ACR-MCR,S2,1026,early,data,delay,0.8872950819672131,1464
ACR-MCR,S2,1026,middle,probe,cost,0.8984375,1792
ACR-MCR,S2,1026,middle,probe,delay,0.8973214285714286,1792
ACR-MCR,S2,1026,middle,data,cost,0.8020776380535812,1829
ACR-MCR,S2,1026,middle,data,delay,0.7566976489885183,1829
ACR-MCR,S2,1026,late,probe,cost,0.9034282955094157,2071
ACR-MCR,S2,1026,late,probe,delay,0.9039111540318686,2071
ACR-MCR,S2,1026,late,data,cost,0.8875638841567292,2348
ACR-MCR,S2,1026,late,data,delay,0.883304940374787,2348
ACR-MCR,S2,1027,warmup,probe,cost,0.8975,800
ACR-MCR,S2,1027,warmup,probe,delay,0.89625,800
ACR-MCR,S2,1027,warmup,data,cost,0.89,800
ACR-MCR,S2,1027,warmup,data,delay,0.885,800
ACR-MCR,S2,1027,early,probe,cost,0.9028571428571428,1400
ACR-MCR,S2,1027,early,probe,delay,0.9007142857142857,1400
ACR-MCR,S2,1027,early,data,cost,0.8796992481203008,1463
ACR-MCR,S2,1027,early,data,delay,0.8769651401230348,1463
ACR-MCR,S2,1027,middle,probe,cost,0.8933333333333333,1800
ACR-MCR,S2,1027,middle,probe,delay,0.8966666666666666,1800
ACR-MCR,S2,1027,middle,data,cost,0.7644492911668485,1834
ACR-MCR,S2,1027,middle,data,delay,0.7393675027262814,1834
ACR-MCR,S2,1027,late,probe,cost,0.9047019311502938,2382
ACR-MCR,S2,1027,late,probe,delay,0.9030226700251889,2382
ACR-MCR,S2,1027,late,data,cost,0.8676885841064945,2479
ACR-MCR,S2,1027,late,data,delay,0.8600242033077854,2479
ACR-MCR,S2,1028,warmup,probe,cost,0.895,800
ACR-MCR,S2,1028,warmup,probe,delay,0.8975,800
ACR-MCR,S2,1028,warmup,data,cost,0.8997555012224939,818
ACR-MCR,S2,1028,warmup,data,delay,0.8985330073349633,818
ACR-MCR,S2,1028,early,probe,cost,0.9007142857142857,1400
ACR-MCR,S2,1028,early,probe,delay,0.8971428571428571,1400
ACR-MCR,S2,1028,early,data,cost,0.8828706838185512,1477
ACR-MCR,S2,1028,early,data,delay,0.8781313473256601,1477
ACR-MCR,S2,1028,middle,probe,cost,0.8961111111111111,1800
ACR-MCR,S2,1028,middle,probe,delay,0.8983333333333333,1800
ACR-MCR,S2,1028,middle,data,cost,0.8094206821873308,1847
ACR-MCR,S2,1028,middle,data,delay,0.8121277747698972,1847
ACR-MCR,S2,1028,late,probe,cost,0.9043594306049823,2248
ACR-MCR,S2,1028,late,probe,delay,0.9070284697508897,2248
ACR-MCR,S2,1028,late,data,cost,0.860858794384806,2422
ACR-MCR,S2,1028,late,data,delay,0.8542526837324526,2422
ACR-MCR,S2,1029,warmup,probe,cost,0.88375,800
ACR-MCR,S2,1029,warmup,probe,delay,0.8875,800
ACR-MCR,S2,1029,warmup,data,cost,0.8864197530864197,810
ACR-MCR,S2,1029,warmup,data,delay,0.8802469135802469,810
ACR-MCR,S2,1029,early,probe,cost,0.9007142857142857,1400
ACR-MCR,S2,1029,early,probe,delay,0.9042857142857142,1400
ACR-MCR,S2,1029,early,data,cost,0.8650265957446809,1504
ACR-MCR,S2,1029,early,data,delay,0.855718085106383,1504
ACR-MCR,S2,1029,middle,probe,cost,0.9033333333333333,1800
ACR-MCR,S2,1029,middle,probe,delay,0.8983333333333333,1800
ACR-MCR,S2,1029,middle,data,cost,0.822246455834242,1834
ACR-MCR,S2,1029,middle,data,delay,0.7998909487459106,1834
ACR-MCR,S2,1029,late,probe,cost,0.9030072003388395,2361
ACR-MCR,S2,1029,late,probe,delay,0.9034307496823379,2361
ACR-MCR,S2,1029,late,data,cost,0.8605887162714636,2446
ACR-MCR,S2,1029,late,data,delay,0.8577269010629599,2446
ACR-MCR,S3,1000,warmup,probe,cost,0.89,800
ACR-MCR,S3,1000,warmup,probe,delay,0.8825,800
ACR-MCR,S3,1000,warmup,data,cost,0.8800988875154512,809
ACR-MCR,S3,1000,warmup,data,delay,0.8627935723114957,809
ACR-MCR,S3,1000,early,probe,cost,0.9035714285714286,1400
ACR-MCR,S3,1000,early,probe,delay,0.905,1400
ACR-MCR,S3,1000,early,data,cost,0.8747474747474747,1485
ACR-MCR,S3,1000,early,data,delay,0.8747474747474747,1485
ACR-MCR,S3,1000,middle,probe,cost,0.8994444444444445,1800
ACR-MCR,S3,1000,middle,probe,delay,0.8955555555555555,1800
ACR-MCR,S3,1000,middle,data,cost,0.8418518518518519,2700
ACR-MCR,S3,1000,middle,data,delay,0.8333333333333334,2700
ACR-MCR,S3,1000,late,probe,cost,0.89875,2400
ACR-MCR,S3,1000,late,probe,delay,0.9008333333333334,2400
ACR-MCR,S3,1000,late,data,cost,0.842682140554481,4653
ACR-MCR,S3,1000,late,data,delay,0.8379540081667741,4653
ACR-MCR,S3,1001,warmup,probe,cost,0.89625,800
ACR-MCR,S3,1001,warmup,probe,delay,0.895,800
ACR-MCR,S3,1001,warmup,data,cost,0.8913308913308914,819
ACR-MCR,S3,1001,warmup,data,delay,0.8803418803418803,819
ACR-MCR,S3,1001,early,probe,cost,0.8985714285714286,1400
ACR-MCR,S3,1001,early,probe,delay,0.9021428571428571,1400
ACR-MCR,S3,1001,early,data,cost,0.8709897610921502,1465
ACR-MCR,S3,1001,early,data,delay,0.868259385665529,1465
ACR-MCR,S3,1001,middle,probe,cost,0.9011111111111111,1800
ACR-MCR,S3,1001,middle,probe,delay,0.8966666666666666,1800
ACR-MCR,S3,1001,middle,data,cost,0.8770370370370371,2700
ACR-MCR,S3,1001,middle,data,delay,0.867037037037037,2700
ACR-MCR,S3,1001,late,probe,cost,0.902540415704388,2165
ACR-MCR,S3,1001,late,probe,delay,0.9053117782909931,2165
ACR-MCR,S3,1001,late,data,cost,0.8518014955812373,4413
ACR-MCR,S3,1001,late,data,delay,0.8499886698391117,4413
ACR-MCR,S3,1002,warmup,probe,cost,0.89875,800
ACR-MCR,S3,1002,warmup,probe,delay,0.9025,800
ACR-MCR,S3,1002,warmup,data,cost,0.9072039072039072,819
ACR-MCR,S3,1002,warmup,data,delay,0.8986568986568987,819
ACR-MCR,S3,1002,early,probe,cost,0.9042857142857142,1400
ACR-MCR,S3,1002,early,probe,delay,0.905,1400
ACR-MCR,S3,1002,early,data,cost,0.8448623237071861,1489
ACR-MCR,S3,1002,early,data,delay,0.8415043653458697,1489
ACR-MCR,S3,1002,middle,probe,cost,0.8966666666666666,1800
ACR-MCR,S3,1002,middle,probe,delay,0.8922222222222222,1800
ACR-MCR,S3,1002,middle,data,cost,0.8465804066543438,2705
ACR-MCR,S3,1002,middle,data,delay,0.8399260628465804,2705
ACR-MCR,S3,1002,late,probe,cost,0.8980836236933798,2296
ACR-MCR,S3,1002,late,probe,delay,0.9020034843205574,2296
ACR-MCR,S3,1002,late,data,cost,0.8512921594393342,4566
ACR-MCR,S3,1002,late,data,delay,0.8453788874288217,4566
ACR-MCR,S3,1003,warmup,probe,cost,0.8775,800
ACR-MCR,S3,1003,warmup,probe,delay,0.88,800
ACR-MCR,S3,1003,warmup,data,cost,0.8876543209876543,810
ACR-MCR,S3,1003,warmup,data,delay,0.8802469135802469,810
ACR-MCR,S3,1003,early,probe,cost,0.8992857142857142,1400
ACR-MCR,S3,1003,early,probe,delay,0.8985714285714286,1400
ACR-MCR,S3,1003,early,data,cost,0.8695045359385903,1433
ACR-MCR,S3,1003,early,data,delay,0.8674110258199581,1433
ACR-MCR,S3,1003,middle,probe,cost,0.9027777777777778,1800
ACR-MCR,S3,1003,middle,probe,delay,0.9011111111111111,1800
ACR-MCR,S3,1003,middle,data,cost,0.8651475532312289,2677
ACR-MCR,S3,1003,middle,data,delay,0.8580500560328727,2677
ACR-MCR,S3,1003,late,probe,cost,0.8984113712374582,2392
ACR-MCR,S3,1003,late,probe,delay,0.9009197324414716,2392
ACR-MCR,S3,1003,late,data,cost,0.8706617805561544,4639
ACR-MCR,S3,1003,late,data,delay,0.866781633972839,4639
ACR-MCR,S3,1004,warmup,probe,cost,0.90375,800
ACR-MCR,S3,1004,warmup,probe,delay,0.89375,800
ACR-MCR,S3,1004,warmup,data,cost,0.8646986469864698,813
ACR-MCR,S3,1004,warmup,data,delay,0.8536285362853628,813
ACR-MCR,S3,1004,early,probe,cost,0.905,1400
ACR-MCR,S3,1004,early,probe,delay,0.9035714285714286,1400
ACR-MCR,S3,1004,early,data,cost,0.8759581881533101,1435
ACR-MCR,S3,1004,early,data,delay,0.8634146341463415,1435
ACR-MCR,S3,1004,middle,probe,cost,0.8955555555555555,1800
ACR-MCR,S3,1004,middle,probe,delay,0.8944444444444445,1800
ACR-MCR,S3,1004,middle,data,cost,0.8708348932983901,2671
ACR-MCR,S3,1004,middle,data,delay,0.8719580681392737,2671
ACR-MCR,S3,1004,late,probe,cost,0.9014861995753716,2355
ACR-MCR,S3,1004,late,probe,delay,0.9036093418259024,2355
ACR-MCR,S3,1004,late,data,cost,0.8517151541467651,4606
ACR-MCR,S3,1004,late,data,delay,0.8488927485887973,4606
ACR-MCR,S3,1005,warmup,probe,cost,0.895,800
ACR-MCR,S3,1005,warmup,probe,delay,0.89375,800
ACR-MCR,S3,1005,warmup,data,cost,0.8471882640586798,818
ACR-MCR,S3,1005,warmup,data,delay,0.8374083129584352,818
ACR-MCR,S3,1005,early,probe,cost,0.9,1400
ACR-MCR,S3,1005,early,probe,delay,0.8971428571428571,1400
ACR-MCR,S3,1005,early,data,cost,0.8520833333333333,1440
ACR-MCR,S3,1005,early,data,delay,0.8409722222222222,1440
ACR-MCR,S3,1005,middle,probe,cost,0.9005555555555556,1800
ACR-MCR,S3,1005,middle,probe,delay,0.8994444444444445,1800
ACR-MCR,S3,1005,middle,data,cost,0.8555389221556886,2672
ACR-MCR,S3,1005,middle,data,delay,0.843188622754491,2672
ACR-MCR,S3,1005,late,probe,cost,0.9029612756264237,2195
ACR-MCR,S3,1005,late,probe,delay,0.9047835990888383,2195
ACR-MCR,S3,1005,late,data,cost,0.8539224526600541,4436
ACR-MCR,S3,1005,late,data,delay,0.8514427412082958,4436
ACR-MCR,S3,1006,warmup,probe,cost,0.91,800
ACR-MCR,S3,1006,warmup,probe,delay,0.90625,800
ACR-MCR,S3,1006,warmup,data,cost,0.8791208791208791,819
ACR-MCR,S3,1006,warmup,data,delay,0.8681318681318682,819
ACR-MCR,S3,1006,early,probe,cost,0.8971428571428571,1400
ACR-MCR,S3,1006,early,probe,delay,0.8992857142857142,1400
ACR-MCR,S3,1006,early,data,cost,0.8704839809134287,1467
ACR-MCR,S3,1006,early,data,delay,0.8684389911383776,1467
ACR-MCR,S3,1006,middle,probe,cost,0.9,1800
ACR-MCR,S3,1006,middle,probe,delay,0.8977777777777778,1800
ACR-MCR,S3,1006,middle,data,cost,0.8494222884830414,2683
ACR-MCR,S3,1006,middle,data,delay,0.836749906820723,2683
ACR-MCR,S3,1006,late,probe,cost,0.902712010331468,2323
ACR-MCR,S3,1006,late,probe,delay,0.9052948773138183,2323
ACR-MCR,S3,1006,late,data,cost,0.8620916465687349,4561
ACR-MCR,S3,1006,late,data,delay,0.8623108967331725,4561
ACR-MCR,S3,1007,warmup,probe,cost,0.89,800
ACR-MCR,S3,1007,warmup,probe,delay,0.905,800
ACR-MCR,S3,1007,warmup,data,cost,0.8849449204406364,817
ACR-MCR,S3,1007,warmup,data,delay,0.8714810281517748,817
ACR-MCR,S3,1007,early,probe,cost,0.9092857142857143,1400
ACR-MCR,S3,1007,early,probe,delay,0.9057142857142857,1400
ACR-MCR,S3,1007,early,data,cost,0.8544087491455913,1463
ACR-MCR,S3,1007,early,data,delay,0.8503075871496925,1463
ACR-MCR,S3,1007,middle,probe,cost,0.8933333333333333,1800
ACR-MCR,S3,1007,middle,probe,delay,0.8938888888888888,1800
ACR-MCR,S3,1007,middle,data,cost,0.8723324597529015,2671
ACR-MCR,S3,1007,middle,data,delay,0.8678397603893673,2671
ACR-MCR,S3,1007,late,probe,cost,0.8979680069174233,2313
ACR-MCR,S3,1007,late,probe,delay,0.9005620406398617,2313
ACR-MCR,S3,1007,late,data,cost,0.8606790799561884,4565
ACR-MCR,S3,1007,late,data,delay,0.8558598028477546,4565
ACR-MCR,S3,1008,warmup,probe,cost,0.89375,800
ACR-MCR,S3,1008,warmup,probe,delay,0.89,800
ACR-MCR,S3,1008,warmup,data,cost,0.899880810488677,839
ACR-MCR,S3,1008,warmup,data,delay,0.8867699642431466,839
ACR-MCR,S3,1008,early,probe,cost,0.9007142857142857,1400
ACR-MCR,S3,1008,early,probe,delay,0.8992857142857142,1400
ACR-MCR,S3,1008,early,data,cost,0.8711656441717791,1467
ACR-MCR,S3,1008,early,data,delay,0.8670756646216768,1467
ACR-MCR,S3,1008,middle,probe,cost,0.9022222222222223,1800
ACR-MCR,S3,1008,middle,probe,delay,0.8994444444444445,1800
ACR-MCR,S3,1008,middle,data,cost,0.8592071137458318,2699
ACR-MCR,S3,1008,middle,data,delay,0.8540200074101519,2699
ACR-MCR,S3,1008,late,probe,cost,0.8980891719745223,2355
ACR-MCR,S3,1008,late,probe,delay,0.9002123142250531,2355
ACR-MCR,S3,1008,late,data,cost,0.8469565217391304,4600
ACR-MCR,S3,1008,late,data,delay,0.8428260869565217,4600
ACR-MCR,S3,1009,warmup,probe,cost,0.9075,800
ACR-MCR,S3,1009,warmup,probe,delay,0.8975,800
ACR-MCR,S3,1009,warmup,data,cost,0.8852258852258852,819
ACR-MCR,S3,1009,warmup,data,delay,0.8693528693528694,819
ACR-MCR,S3,1009,early,probe,cost,0.8971428571428571,1400
ACR-MCR,S3,1009,early,probe,delay,0.9021428571428571,1400
ACR-MCR,S3,1009,early,data,cost,0.8877266387726639,1434
ACR-MCR,S3,1009,early,data,delay,0.8828451882845189,1434
ACR-MCR,S3,1009,middle,probe,cost,0.9022222222222223,1800
ACR-MCR,S3,1009,middle,probe,delay,0.8972222222222223,1800
ACR-MCR,S3,1009,middle,data,cost,0.8541510845175767,2674
ACR-MCR,S3,1009,middle,data,delay,0.8406881077038145,2674
ACR-MCR,S3,1009,late,probe,cost,0.8992042440318302,2262
ACR-MCR,S3,1009,late,probe,delay,0.9036251105216623,2262
ACR-MCR,S3,1009,late,data,cost,0.8780755711775043,4552
ACR-MCR,S3,1009,late,data,delay,0.8730228471001757,4552
ACR-MCR,S3,1010,warmup,probe,cost,0.8925,800
ACR-MCR,S3,1010,warmup,probe,delay,0.88625,800
ACR-MCR,S3,1010,warmup,data,cost,0.8655256723716381,818
ACR-MCR,S3,1010,warmup,data,delay,0.863080684596577,818
ACR-MCR,S3,1010,early,probe,cost,0.8978571428571429,1400
ACR-MCR,S3,1010,early,probe,delay,0.8985714285714286,1400
ACR-MCR,S3,1010,early,data,cost,0.8559946416610851,1493
ACR-MCR,S3,1010,early,data,delay,0.8559946416610851,1493
ACR-MCR,S3,1010,middle,probe,cost,0.9064425770308123,1785
ACR-MCR,S3,1010,middle,probe,delay,0.9025210084033614,1785
ACR-MCR,S3,1010,middle,data,cost,0.863821892393321,2695
ACR-MCR,S3,1010,middle,data,delay,0.8545454545454545,2695
ACR-MCR,S3,1010,late,probe,cost,0.8996054362121877,2281
ACR-MCR,S3,1010,late,probe,delay,0.9031126698816309,2281
ACR-MCR,S3,1010,late,data,cost,0.8696609423161603,4542
ACR-MCR,S3,1010,late,data,delay,0.8676794363716425,4542
ACR-MCR,S3,1011,warmup,probe,cost,0.885,800
ACR-MCR,S3,1011,warmup,probe,delay,0.89625,800
ACR-MCR,S3,1011,warmup,data,cost,0.8742368742368742,819
ACR-MCR,S3,1011,warmup,data,delay,0.8766788766788767,819
ACR-MCR,S3,1011,early,probe,cost,0.8957142857142857,1400
ACR-MCR,S3,1011,early,probe,delay,0.8978571428571429,1400
ACR-MCR,S3,1011,early,data,cost,0.8796169630642955,1462
ACR-MCR,S3,1011,early,data,delay,0.8741450068399452,1462
ACR-MCR,S3,1011,middle,probe,cost,0.9077777777777778,1800
ACR-MCR,S3,1011,middle,probe,delay,0.9033333333333333,1800
ACR-MCR,S3,1011,middle,data,cost,0.8863049095607235,2709
ACR-MCR,S3,1011,middle,data,delay,0.8711701734957549,2709
ACR-MCR,S3,1011,late,probe,cost,0.8995152049360952,2269
ACR-MCR,S3,1011,late,probe,delay,0.9017188188629353,2269
ACR-MCR,S3,1011,late,data,cost,0.8676050142951397,4547
ACR-MCR,S3,1011,late,data,delay,0.8605674070815923,4547
ACR-MCR,S3,1012,warmup,probe,cost,0.895,800
ACR-MCR,S3,1012,warmup,probe,delay,0.90125,800
ACR-MCR,S3,1012,warmup,data,cost,0.8621951219512195,820
ACR-MCR,S3,1012,warmup,data,delay,0.8560975609756097,820
ACR-MCR,S3,1012,early,probe,cost,0.9,1400
ACR-MCR,S3,1012,early,probe,delay,0.9,1400
ACR-MCR,S3,1012,early,data,cost,0.873989218328841,1484
ACR-MCR,S3,1012,early,data,delay,0.866576819407008,1484
ACR-MCR,S3,1012,middle,probe,cost,0.905,1800
ACR-MCR,S3,1012,middle,probe,delay,0.9027777777777778,1800
ACR-MCR,S3,1012,middle,data,cost,0.8788098693759071,2756
ACR-MCR,S3,1012,middle,data,delay,0.8675616835994194,2756
ACR-MCR,S3,1012,late,probe,cost,0.894426823742637,2207
ACR-MCR,S3,1012,late,probe,delay,0.8948799275033983,2207
ACR-MCR,S3,1012,late,data,cost,0.8732142857142857,4480
ACR-MCR,S3,1012,late,data,delay,0.8636160714285714,4480
ACR-MCR,S3,1013,warmup,probe,cost,0.90375,800
ACR-MCR,S3,1013,warmup,probe,delay,0.89,800
ACR-MCR,S3,1013,warmup,data,cost,0.8856088560885609,813
ACR-MCR,S3,1013,warmup,data,delay,0.8806888068880688,813
ACR-MCR,S3,1013,early,probe,cost,0.8992857142857142,1400
ACR-MCR,S3,1013,early,probe,delay,0.8985714285714286,1400
ACR-MCR,S3,1013,early,data,cost,0.8601171112556929,1537
ACR-MCR,S3,1013,early,data,delay,0.845152895250488,1537
ACR-MCR,S3,1013,middle,probe,cost,0.9033333333333333,1800
ACR-MCR,S3,1013,middle,probe,delay,0.8983333333333333,1800
ACR-MCR,S3,1013,middle,data,cost,0.8787320309620347,2713
ACR-MCR,S3,1013,middle,data,delay,0.8750460744563214,2713
ACR-MCR,S3,1013,late,probe,cost,0.894429469901168,2226
ACR-MCR,S3,1013,late,probe,delay,0.9007187780772686,2226
ACR-MCR,S3,1013,late,data,cost,0.8698539176626826,4518
ACR-MCR,S3,1013,late,data,delay,0.8656485170429393,4518
ACR-MCR,S3,1014,warmup,probe,cost,0.8975,800
ACR-MCR,S3,1014,warmup,probe,delay,0.9025,800
ACR-MCR,S3,1014,warmup,data,cost,0.8853658536585366,820
ACR-MCR,S3,1014,warmup,data,delay,0.8780487804878049,820
ACR-MCR,S3,1014,early,probe,cost,0.8985714285714286,1400
ACR-MCR,S3,1014,early,probe,delay,0.9,1400
ACR-MCR,S3,1014,early,data,cost,0.8598130841121495,1498
ACR-MCR,S3,1014,early,data,delay,0.8598130841121495,1498
ACR-MCR,S3,1014,middle,probe,cost,0.9016666666666666,1800
ACR-MCR,S3,1014,middle,probe,delay,0.8983333333333333,1800
ACR-MCR,S3,1014,middle,data,cost,0.8441988950276244,2715
ACR-MCR,S3,1014,middle,data,delay,0.8320441988950277,2715
ACR-MCR,S3,1014,late,probe,cost,0.9022787028921998,2282
ACR-MCR,S3,1014,late,probe,delay,0.904031551270815,2282
ACR-MCR,S3,1014,late,data,cost,0.8505416758788414,4523
ACR-MCR,S3,1014,late,data,delay,0.8439089100154764,4523
ACR-MCR,S3,1015,warmup,probe,cost,0.8975,800
ACR-MCR,S3,1015,warmup,probe,delay,0.89625,800
ACR-MCR,S3,1015,warmup,data,cost,0.8693528693528694,819
ACR-MCR,S3,1015,warmup,data,delay,0.8583638583638583,819
ACR-MCR,S3,1015,early,probe,cost,0.905,1400
ACR-MCR,S3,1015,early,probe,delay,0.9042857142857142,1400
ACR-MCR,S3,1015,early,data,cost,0.8502449265220434,1429
ACR-MCR,S3,1015,early,data,delay,0.8453463960811757,1429
ACR-MCR,S3,1015,middle,probe,cost,0.8955555555555555,1800
ACR-MCR,S3,1015,middle,probe,delay,0.8933333333333333,1800
ACR-MCR,S3,1015,middle,data,cost,0.8610596517228604,2699
ACR-MCR,S3,1015,middle,data,delay,0.8536494998147462,2699
ACR-MCR,S3,1015,late,probe,cost,0.9041218637992832,2232
ACR-MCR,S3,1015,late,probe,delay,0.9054659498207885,2232
ACR-MCR,S3,1015,late,data,cost,0.8616926503340757,4490
ACR-MCR,S3,1015,late,data,delay,0.855902004454343,4490
ACR-MCR,S3,1016,warmup,probe,cost,0.9175,800
ACR-MCR,S3,1016,warmup,probe,delay,0.9125,800
ACR-MCR,S3,1016,warmup,data,cost,0.8803418803418803,819
ACR-MCR,S3,1016,warmup,data,delay,0.8754578754578755,819
ACR-MCR,S3,1016,early,probe,cost,0.9057142857142857,1400
ACR-MCR,S3,1016,early,probe,delay,0.9057142857142857,1400
ACR-MCR,S3,1016,early,data,cost,0.8736263736263736,1456
ACR-MCR,S3,1016,early,data,delay,0.8646978021978022,1456
ACR-MCR,S3,1016,middle,probe,cost,0.8983333333333333,1800
ACR-MCR,S3,1016,middle,probe,delay,0.8972222222222223,1800
ACR-MCR,S3,1016,middle,data,cost,0.8652772608857462,2687
ACR-MCR,S3,1016,middle,data,delay,0.8649050986229996,2687
ACR-MCR,S3,1016,late,probe,cost,0.8997690531177829,2165
ACR-MCR,S3,1016,late,probe,delay,0.9020785219399539,2165
ACR-MCR,S3,1016,late,data,cost,0.8674397453387903,4398
ACR-MCR,S3,1016,late,data,delay,0.8635743519781719,4398
ACR-MCR,S3,1017,warmup,probe,cost,0.89375,800
ACR-MCR,S3,1017,warmup,probe,delay,0.895,800
ACR-MCR,S3,1017,warmup,data,cost,0.8590686274509803,816
ACR-MCR,S3,1017,warmup,data,delay,0.8566176470588235,816
ACR-MCR,S3,1017,early,probe,cost,0.9028571428571428,1400
ACR-MCR,S3,1017,early,probe,delay,0.9021428571428571,1400
ACR-MCR,S3,1017,early,data,cost,0.885850991114149,1463
ACR-MCR,S3,1017,early,data,delay,0.8831168831168831,1463
ACR-MCR,S3,1017,middle,probe,cost,0.8994444444444445,1800
ACR-MCR,S3,1017,middle,probe,delay,0.8977777777777778,1800
ACR-MCR,S3,1017,middle,data,cost,0.8693907333090113,2741
ACR-MCR,S3,1017,middle,data,delay,0.8515140459686246,2741
ACR-MCR,S3,1017,late,probe,cost,0.8995965934558494,2231
ACR-MCR,S3,1017,late,probe,delay,0.9013895114298521,2231
ACR-MCR,S3,1017,late,data,cost,0.865294249272768,4469
ACR-MCR,S3,1017,late,data,delay,0.8621615573953905,4469
ACR-MCR,S3,1018,warmup,probe,cost,0.90125,800
ACR-MCR,S3,1018,warmup,probe,delay,0.9025,800
ACR-MCR,S3,1018,warmup,data,cost,0.8862793572311496,809
ACR-MCR,S3,1018,warmup,data,delay,0.8751545117428925,809
ACR-MCR,S3,1018,early,probe,cost,0.9035714285714286,1400
ACR-MCR,S3,1018,early,probe,delay,0.9,1400
ACR-MCR,S3,1018,early,data,cost,0.8511348464619493,1498
ACR-MCR,S3,1018,early,data,delay,0.8397863818424566,1498
ACR-MCR,S3,1018,middle,probe,cost,0.9038888888888889,1800
ACR-MCR,S3,1018,middle,probe,delay,0.9005555555555556,1800
ACR-MCR,S3,1018,middle,data,cost,0.8568215892053973,2668
ACR-MCR,S3,1018,middle,data,delay,0.8448275862068966,2668
ACR-MCR,S3,1018,late,probe,cost,0.8970786516853932,2225
ACR-MCR,S3,1018,late,probe,delay,0.9029213483146067,2225
ACR-MCR,S3,1018,late,data,cost,0.8646650235267758,4463
ACR-MCR,S3,1018,late,data,delay,0.8579430876092314,4463
ACR-MCR,S3,1019,warmup,probe,cost,0.8825,800
ACR-MCR,S3,1019,warmup,probe,delay,0.88875,800
ACR-MCR,S3,1019,warmup,data,cost,0.85375,800
ACR-MCR,S3,1019,warmup,data,delay,0.85375,800
ACR-MCR,S3,1019,early,probe,cost,0.895,1400
ACR-MCR,S3,1019,early,probe,delay,0.8957142857142857,1400
ACR-MCR,S3,1019,early,data,cost,0.8641114982578397,1435
ACR-MCR,S3,1019,early,data,delay,0.8613240418118467,1435
ACR-MCR,S3,1019,middle,probe,cost,0.9027777777777778,1800
ACR-MCR,S3,1019,middle,probe,delay,0.8988888888888888,1800
ACR-MCR,S3,1019,middle,data,cost,0.868766404199475,2667
ACR-MCR,S3,1019,middle,data,delay,0.8563929508811399,2667
ACR-MCR,S3,1019,late,probe,cost,0.90375,2400
ACR-MCR,S3,1019,late,probe,delay,0.9058333333333334,2400
ACR-MCR,S3,1019,late,data,cost,0.8563318777292577,4580
ACR-MCR,S3,1019,late,data,delay,0.8532751091703057,4580
ACR-MCR,S3,1020,warmup,probe,cost,0.90125,800
ACR-MCR,S3,1020,warmup,probe,delay,0.90375,800
ACR-MCR,S3,1020,warmup,data,cost,0.8475,800
ACR-MCR,S3,1020,warmup,data,delay,0.85375,800
ACR-MCR,S3,1020,early,probe,cost,0.8992857142857142,1400
ACR-MCR,S3,1020,early,probe,delay,0.9007142857142857,1400
ACR-MCR,S3,1020,early,data,cost,0.8868175765645806,1502
ACR-MCR,S3,1020,early,data,delay,0.8754993342210386,1502
ACR-MCR,S3,1020,middle,probe,cost,0.8972222222222223,1800
ACR-MCR,S3,1020,middle,probe,delay,0.8955555555555555,1800
ACR-MCR,S3,1020,middle,data,cost,0.8686267212504653,2687
ACR-MCR,S3,1020,middle,data,delay,0.8589505024190547,2687
ACR-MCR,S3,1020,late,probe,cost,0.9011857707509882,2277
ACR-MCR,S3,1020,late,probe,delay,0.9025032938076416,2277
ACR-MCR,S3,1020,late,data,cost,0.848990342405619,4556
ACR-MCR,S3,1020,late,data,delay,0.8380158033362599,4556
ACR-MCR,S3,1021,warmup,probe,cost,0.8875,800
ACR-MCR,S3,1021,warmup,probe,delay,0.88375,800
ACR-MCR,S3,1021,warmup,data,cost,0.8792682926829268,820
ACR-MCR,S3,1021,warmup,data,delay,0.875609756097561,820
ACR-MCR,S3,1021,early,probe,cost,0.8985714285714286,1400
ACR-MCR,S3,1021,early,probe,delay,0.9007142857142857,1400
ACR-MCR,S3,1021,early,data,cost,0.8599326599326599,1485
ACR-MCR,S3,1021,early,data,delay,0.8498316498316498,1485
ACR-MCR,S3,1021,middle,probe,cost,0.9033333333333333,1800
ACR-MCR,S3,1021,middle,probe,delay,0.8966666666666666,1800
ACR-MCR,S3,1021,middle,data,cost,0.866789667896679,2710
ACR-MCR,S3,1021,middle,data,delay,0.8505535055350554,2710
ACR-MCR,S3,1021,late,probe,cost,0.8999577880962432,2369
ACR-MCR,S3,1021,late,probe,delay,0.9037568594343605,2369
ACR-MCR,S3,1021,late,data,cost,0.8523489932885906,4619
ACR-MCR,S3,1021,late,data,delay,0.8428231218878545,4619
ACR-MCR,S3,1022,warmup,probe,cost,0.9075,800
ACR-MCR,S3,1022,warmup,probe,delay,0.90375,800
ACR-MCR,S3,1022,warmup,data,cost,0.8935128518971848,817
ACR-MCR,S3,1022,warmup,data,delay,0.8861689106487148,817
ACR-MCR,S3,1022,early,probe,cost,0.9007142857142857,1400
ACR-MCR,S3,1022,early,probe,delay,0.9028571428571428,1400
ACR-MCR,S3,1022,early,data,cost,0.8641456582633054,1428
ACR-MCR,S3,1022,early,data,delay,0.8613445378151261,1428
ACR-MCR,S3,1022,middle,probe,cost,0.8994444444444445,1800
ACR-MCR,S3,1022,middle,probe,delay,0.8938888888888888,1800
ACR-MCR,S3,1022,middle,data,cost,0.8633633633633634,2664
ACR-MCR,S3,1022,middle,data,delay,0.8524774774774775,2664
ACR-MCR,S3,1022,late,probe,cost,0.8978704910908301,2301
ACR-MCR,S3,1022,late,probe,delay,0.9022164276401564,2301
ACR-MCR,S3,1022,late,data,cost,0.8515418502202643,4540
ACR-MCR,S3,1022,late,data,delay,0.8506607929515418,4540
ACR-MCR,S3,1023,warmup,probe,cost,0.87875,800
ACR-MCR,S3,1023,warmup,probe,delay,0.88625,800
ACR-MCR,S3,1023,warmup,data,cost,0.8674846625766871,815
ACR-MCR,S3,1023,warmup,data,delay,0.8601226993865031,815
ACR-MCR,S3,1023,early,probe,cost,0.9014285714285715,1400
ACR-MCR,S3,1023,early,probe,delay,0.9021428571428571,1400
ACR-MCR,S3,1023,early,data,cost,0.8667582417582418,1456
ACR-MCR,S3,1023,early,data,delay,0.8592032967032966,1456
ACR-MCR,S3,1023,middle,probe,cost,0.8994444444444445,1800
ACR-MCR,S3,1023,middle,probe,delay,0.8972222222222223,1800
ACR-MCR,S3,1023,middle,data,cost,0.8411525674178056,2707
ACR-MCR,S3,1023,middle,data,delay,0.8393055042482452,2707
ACR-MCR,S3,1023,late,probe,cost,0.8981643356643356,2288
ACR-MCR,S3,1023,late,probe,delay,0.9007867132867133,2288
ACR-MCR,S3,1023,late,data,cost,0.8438331854480923,4508
ACR-MCR,S3,1023,late,data,delay,0.8416149068322981,4508
ACR-MCR,S3,1024,warmup,probe,cost,0.88625,800
ACR-MCR,S3,1024,warmup,probe,delay,0.88,800
ACR-MCR,S3,1024,warmup,data,cost,0.8939213349225268,839
ACR-MCR,S3,1024,warmup,data,delay,0.8820023837902264,839
ACR-MCR,S3,1024,early,probe,cost,0.8985714285714286,1400
ACR-MCR,S3,1024,early,probe,delay,0.9,1400
ACR-MCR,S3,1024,early,data,cost,0.8812286689419795,1465
ACR-MCR,S3,1024,early,data,delay,0.8737201365187713,1465
ACR-MCR,S3,1024,middle,probe,cost,0.9011111111111111,1800
ACR-MCR,S3,1024,middle,probe,delay,0.8977777777777778,1800
ACR-MCR,S3,1024,middle,data,cost,0.8707025411061285,2676
ACR-MCR,S3,1024,middle,data,delay,0.8650971599402093,2676
ACR-MCR,S3,1024,late,probe,cost,0.901010951979781,2374
ACR-MCR,S3,1024,late,probe,delay,0.9064869418702611,2374
ACR-MCR,S3,1024,late,data,cost,0.8603181521028547,4589
ACR-MCR,S3,1024,late,data,delay,0.857049466114622,4589
ACR-MCR,S3,1025,warmup,probe,cost,0.9075,800
ACR-MCR,S3,1025,warmup,probe,delay,0.89375,800
ACR-MCR,S3,1025,warmup,data,cost,0.8876543209876543,810
ACR-MCR,S3,1025,warmup,data,delay,0.8790123456790123,810
ACR-MCR,S3,1025,early,probe,cost,0.8964285714285715,1400
ACR-MCR,S3,1025,early,probe,delay,0.8964285714285715,1400
ACR-MCR,S3,1025,early,data,cost,0.859481582537517,1466
ACR-MCR,S3,1025,early,data,delay,0.8560709413369714,1466
ACR-MCR,S3,1025,middle,probe,cost,0.9022222222222223,1800
ACR-MCR,S3,1025,middle,probe,delay,0.9005555555555556,1800
ACR-MCR,S3,1025,middle,data,cost,0.8684698036309745,2699
ACR-MCR,S3,1025,middle,data,delay,0.8566135605779919,2699
ACR-MCR,S3,1025,late,probe,cost,0.8995983935742972,2241
ACR-MCR,S3,1025,late,probe,delay,0.9027219991075413,2241
ACR-MCR,S3,1025,late,data,cost,0.8461538461538461,4524
ACR-MCR,S3,1025,late,data,delay,0.8397435897435898,4524
ACR-MCR,S3,1026,warmup,probe,cost,0.88625,800
ACR-MCR,S3,1026,warmup,probe,delay,0.88625,800
ACR-MCR,S3,1026,warmup,data,cost,0.8755980861244019,836
ACR-MCR,S3,1026,warmup,data,delay,0.8696172248803827,836
ACR-MCR,S3,1026,early,probe,cost,0.9035714285714286,1400
ACR-MCR,S3,1026,early,probe,delay,0.9021428571428571,1400
ACR-MCR,S3,1026,early,data,cost,0.8817498291182502,1463
ACR-MCR,S3,1026,early,data,delay,0.8810663021189337,1463
ACR-MCR,S3,1026,middle,probe,cost,0.8966666666666666,1800
ACR-MCR,S3,1026,middle,probe,delay,0.8938888888888888,1800
ACR-MCR,S3,1026,middle,data,cost,0.8805147058823529,2720
ACR-MCR,S3,1026,middle,data,delay,0.8757352941176471,2720
ACR-MCR,S3,1026,late,probe,cost,0.9002732240437158,2196
ACR-MCR,S3,1026,late,probe,delay,0.9052823315118397,2196
ACR-MCR,S3,1026,late,data,cost,0.8643093922651933,4525
ACR-MCR,S3,1026,late,data,delay,0.8585635359116022,4525
ACR-MCR,S3,1027,warmup,probe,cost,0.89625,800
ACR-MCR,S3,1027,warmup,probe,delay,0.88875,800
ACR-MCR,S3,1027,warmup,data,cost,0.875,800
ACR-MCR,S3,1027,warmup,data,delay,0.87,800
ACR-MCR,S3,1027,early,probe,cost,0.905,1400
ACR-MCR,S3,1027,early,probe,delay,0.9028571428571428,1400
ACR-MCR,S3,1027,early,data,cost,0.867214236824093,1461
ACR-MCR,S3,1027,early,data,delay,0.8617385352498289,1461
ACR-MCR,S3,1027,middle,probe,cost,0.8977777777777778,1800
ACR-MCR,S3,1027,middle,probe,delay,0.8983333333333333,1800
ACR-MCR,S3,1027,middle,data,cost,0.8610067618332081,2662
ACR-MCR,S3,1027,middle,data,delay,0.8448534936138242,2662
ACR-MCR,S3,1027,late,probe,cost,0.8994057724957555,2356
ACR-MCR,S3,1027,late,probe,delay,0.898981324278438,2356
ACR-MCR,S3,1027,late,data,cost,0.8642622950819672,4575
ACR-MCR,S3,1027,late,data,delay,0.852896174863388,4575
ACR-MCR,S3,1028,warmup,probe,cost,0.90125,800
ACR-MCR,S3,1028,warmup,probe,delay,0.89625,800
ACR-MCR,S3,1028,warmup,data,cost,0.9046454767726161,818
ACR-MCR,S3,1028,warmup,data,delay,0.8973105134474327,818
ACR-MCR,S3,1028,early,probe,cost,0.8992857142857142,1400
ACR-MCR,S3,1028,early,probe,delay,0.8992857142857142,1400
ACR-MCR,S3,1028,early,data,cost,0.8777027027027027,1480
ACR-MCR,S3,1028,early,data,delay,0.8506756756756757,1480
ACR-MCR,S3,1028,middle,probe,cost,0.9022222222222223,1800
ACR-MCR,S3,1028,middle,probe,delay,0.8961111111111111,1800
ACR-MCR,S3,1028,middle,data,cost,0.849721706864564,2695
ACR-MCR,S3,1028,middle,data,delay,0.8434137291280148,2695
ACR-MCR,S3,1028,late,probe,cost,0.8993348115299334,2255
ACR-MCR,S3,1028,late,probe,delay,0.90509977827051,2255
ACR-MCR,S3,1028,late,data,cost,0.8672880603639591,4506
ACR-MCR,S3,1028,late,data,delay,0.8568575233022636,4506
ACR-MCR,S3,1029,warmup,probe,cost,0.88125,800
ACR-MCR,S3,1029,warmup,probe,delay,0.8825,800
ACR-MCR,S3,1029,warmup,data,cost,0.8753086419753087,810
ACR-MCR,S3,1029,warmup,data,delay,0.8666666666666667,810
ACR-MCR,S3,1029,early,probe,cost,0.9042857142857142,1400
ACR-MCR,S3,1029,early,probe,delay,0.9042857142857142,1400
ACR-MCR,S3,1029,early,data,cost,0.8637302133516862,1453
ACR-MCR,S3,1029,early,data,delay,0.8616655196145905,1453
ACR-MCR,S3,1029,middle,probe,cost,0.8938888888888888,1800
ACR-MCR,S3,1029,middle,probe,delay,0.8938888888888888,1800
ACR-MCR,S3,1029,middle,data,cost,0.86180998873451,2663
ACR-MCR,S3,1029,middle,data,delay,0.8539241457003379,2663
ACR-MCR,S3,1029,late,probe,cost,0.904226618705036,2224
ACR-MCR,S3,1029,late,probe,delay,0.9051258992805755,2224
ACR-MCR,S3,1029,late,data,cost,0.8710478771454381,4428
ACR-MCR,S3,1029,late,data,delay,0.8642728093947606,4428
ACR-MCR,S4,1000,warmup,probe,cost,0.89875,800
ACR-MCR,S4,1000,warmup,probe,delay,0.88375,800
ACR-MCR,S4,1000,warmup,data,cost,0.895,800
ACR-MCR,S4,1000,warmup,data,delay,0.87625,800
ACR-MCR,S4,1000,early,probe,cost,0.9035714285714286,1400
ACR-MCR,S4,1000,early,probe,delay,0.9064285714285715,1400
ACR-MCR,S4,1000,early,data,cost,0.8583050847457627,1475
ACR-MCR,S4,1000,early,data,delay,0.8576271186440678,1475
ACR-MCR,S4,1000,middle,probe,cost,0.8994800693240901,1731
ACR-MCR,S4,1000,middle,probe,delay,0.8971692663200462,1731
ACR-MCR,S4,1000,middle,data,cost,0.8487621097954791,1858
ACR-MCR,S4,1000,middle,data,delay,0.8390742734122713,1858
ACR-MCR,S4,1000,late,probe,cost,0.8992094861660079,2024
ACR-MCR,S4,1000,late,probe,delay,0.8972332015810277,2024
ACR-MCR,S4,1000,late,data,cost,0.8389937106918239,2385
ACR-MCR,S4,1000,late,data,delay,0.8352201257861636,2385
ACR-MCR,S4,1001,warmup,probe,cost,0.89125,800
ACR-MCR,S4,1001,warmup,probe,delay,0.89375,800
ACR-MCR,S4,1001,warmup,data,cost,0.8901098901098901,819
ACR-MCR,S4,1001,warmup,data,delay,0.8754578754578755,819
ACR-MCR,S4,1001,early,probe,cost,0.9028571428571428,1400
ACR-MCR,S4,1001,early,probe,delay,0.9021428571428571,1400
ACR-MCR,S4,1001,early,data,cost,0.8582191780821918,1460
ACR-MCR,S4,1001,early,data,delay,0.8527397260273972,1460
ACR-MCR,S4,1001,middle,probe,cost,0.8971692663200462,1731
ACR-MCR,S4,1001,middle,probe,delay,0.8977469670710572,1731
ACR-MCR,S4,1001,middle,data,cost,0.8595444685466378,1844
ACR-MCR,S4,1001,middle,data,delay,0.85412147505423,1844
ACR-MCR,S4,1001,late,probe,cost,0.9048346055979644,1965
ACR-MCR,S4,1001,late,probe,delay,0.9053435114503817,1965
ACR-MCR,S4,1001,late,data,cost,0.8509874326750448,2228
ACR-MCR,S4,1001,late,data,delay,0.8420107719928187,2228
ACR-MCR,S4,1002,warmup,probe,cost,0.9025,800
ACR-MCR,S4,1002,warmup,probe,delay,0.9,800
ACR-MCR,S4,1002,warmup,data,cost,0.9133089133089133,819
ACR-MCR,S4,1002,warmup,data,delay,0.8998778998778999,819
ACR-MCR,S4,1002,early,probe,cost,0.9035714285714286,1400
ACR-MCR,S4,1002,early,probe,delay,0.9064285714285715,1400
ACR-MCR,S4,1002,early,data,cost,0.8408788282290279,1502
ACR-MCR,S4,1002,early,data,delay,0.8315579227696405,1502
ACR-MCR,S4,1002,middle,probe,cost,0.8948896631823461,1722
ACR-MCR,S4,1002,middle,probe,delay,0.8972125435540069,1722
ACR-MCR,S4,1002,middle,data,cost,0.8364411294619073,1877
ACR-MCR,S4,1002,middle,data,delay,0.8364411294619073,1877
ACR-MCR,S4,1002,late,probe,cost,0.9001004016064257,1992
ACR-MCR,S4,1002,late,probe,delay,0.8960843373493976,1992
ACR-MCR,S4,1002,late,data,cost,0.8411297440423654,2266
ACR-MCR,S4,1002,late,data,delay,0.8309796999117387,2266
ACR-MCR,S4,1003,warmup,probe,cost,0.87875,800
ACR-MCR,S4,1003,warmup,probe,delay,0.87875,800
ACR-MCR,S4,1003,warmup,data,cost,0.8658536585365854,820
ACR-MCR,S4,1003,warmup,data,delay,0.8536585365853658,820
ACR-MCR,S4,1003,early,probe,cost,0.8985714285714286,1400
ACR-MCR,S4,1003,early,probe,delay,0.8985714285714286,1400
ACR-MCR,S4,1003,early,data,cost,0.8347222222222223,1440
ACR-MCR,S4,1003,early,data,delay,0.8340277777777778,1440
ACR-MCR,S4,1003,middle,probe,cost,0.9016772700983228,1729
ACR-MCR,S4,1003,middle,probe,delay,0.9005205320994795,1729
ACR-MCR,S4,1003,middle,data,cost,0.850606394707828,1814
ACR-MCR,S4,1003,middle,data,delay,0.840683572216097,1814
ACR-MCR,S4,1003,late,probe,cost,0.8997542997542998,2035
ACR-MCR,S4,1003,late,probe,delay,0.9027027027027027,2035
ACR-MCR,S4,1003,late,data,cost,0.8523372651813019,2289
ACR-MCR,S4,1003,late,data,delay,0.8497160332022717,2289
ACR-MCR,S4,1004,warmup,probe,cost,0.9025,800
ACR-MCR,S4,1004,warmup,probe,delay,0.8975,800
ACR-MCR,S4,1004,warmup,data,cost,0.8585485854858549,813
ACR-MCR,S4,1004,warmup,data,delay,0.8487084870848709,813
ACR-MCR,S4,1004,early,probe,cost,0.9035714285714286,1400
ACR-MCR,S4,1004,early,probe,delay,0.9035714285714286,1400
ACR-MCR,S4,1004,early,data,cost,0.8599592114208022,1471
ACR-MCR,S4,1004,early,data,delay,0.8558803535010198,1471
ACR-MCR,S4,1004,middle,probe,cost,0.8927113702623907,1715
ACR-MCR,S4,1004,middle,probe,delay,0.8979591836734694,1715
ACR-MCR,S4,1004,middle,data,cost,0.8524410312671421,1823
ACR-MCR,S4,1004,middle,data,delay,0.8464070213933077,1823
ACR-MCR,S4,1004,late,probe,cost,0.9058764940239044,2008
ACR-MCR,S4,1004,late,probe,delay,0.8999003984063745,2008
ACR-MCR,S4,1004,late,data,cost,0.8481989708404802,2332
ACR-MCR,S4,1004,late,data,delay,0.8421955403087479,2332
ACR-MCR,S4,1005,warmup,probe,cost,0.9,800
ACR-MCR,S4,1005,warmup,probe,delay,0.8925,800
ACR-MCR,S4,1005,warmup,data,cost,0.8349633251833741,818
ACR-MCR,S4,1005,warmup,data,delay,0.8312958435207825,818
ACR-MCR,S4,1005,early,probe,cost,0.8992857142857142,1400
ACR-MCR,S4,1005,early,probe,delay,0.895,1400
ACR-MCR,S4,1005,early,data,cost,0.8652777777777778,1440
ACR-MCR,S4,1005,early,data,delay,0.8513888888888889,1440
ACR-MCR,S4,1005,middle,probe,cost,0.9012775842044135,1722
ACR-MCR,S4,1005,middle,probe,delay,0.9041811846689896,1722
ACR-MCR,S4,1005,middle,data,cost,0.8832432432432432,1850
ACR-MCR,S4,1005,middle,data,delay,0.8729729729729729,1850
ACR-MCR,S4,1005,late,probe,cost,0.9019019019019019,1998
ACR-MCR,S4,1005,late,probe,delay,0.9024024024024024,1998
ACR-MCR,S4,1005,late,data,cost,0.8557278208440999,2322
ACR-MCR,S4,1005,late,data,delay,0.8415159345391904,2322
ACR-MCR,S4,1006,warmup,probe,cost,0.9075,800
ACR-MCR,S4,1006,warmup,probe,delay,0.90625,800
ACR-MCR,S4,1006,warmup,data,cost,0.8620268620268621,819
ACR-MCR,S4,1006,warmup,data,delay,0.8547008547008547,819
ACR-MCR,S4,1006,early,probe,cost,0.8971428571428571,1400
ACR-MCR,S4,1006,early,probe,delay,0.9007142857142857,1400
ACR-MCR,S4,1006,early,data,cost,0.8709902370990237,1434
ACR-MCR,S4,1006,early,data,delay,0.8633193863319386,1434
ACR-MCR,S4,1006,middle,probe,cost,0.9001154734411085,1732
ACR-MCR,S4,1006,middle,probe,delay,0.8983833718244804,1732
ACR-MCR,S4,1006,middle,data,cost,0.8502994011976048,1837
ACR-MCR,S4,1006,middle,data,delay,0.8410451823625477,1837
ACR-MCR,S4,1006,late,probe,cost,0.9025360517155644,2011
ACR-MCR,S4,1006,late,probe,delay,0.9025360517155644,2011
ACR-MCR,S4,1006,late,data,cost,0.8497232865048957,2349
ACR-MCR,S4,1006,late,data,delay,0.8441890166028098,2349
ACR-MCR,S4,1007,warmup,probe,cost,0.89375,800
ACR-MCR,S4,1007,warmup,probe,delay,0.90125,800
ACR-MCR,S4,1007,warmup,data,cost,0.8727050183598531,817
ACR-MCR,S4,1007,warmup,data,delay,0.8653610771113831,817
ACR-MCR,S4,1007,early,probe,cost,0.9071428571428571,1400
ACR-MCR,S4,1007,early,probe,delay,0.9057142857142857,1400
ACR-MCR,S4,1007,early,data,cost,0.8470507544581619,1458
ACR-MCR,S4,1007,early,data,delay,0.836076817558299,1458
ACR-MCR,S4,1007,middle,probe,cost,0.8955310504933256,1723
ACR-MCR,S4,1007,middle,probe,delay,0.8961114335461404,1723
ACR-MCR,S4,1007,middle,data,cost,0.8477661334804192,1813
ACR-MCR,S4,1007,middle,data,delay,0.8400441257584115,1813
ACR-MCR,S4,1007,late,probe,cost,0.895925380461463,2037
ACR-MCR,S4,1007,late,probe,delay,0.8964162984781542,2037
ACR-MCR,S4,1007,late,data,cost,0.8766652342071336,2327
ACR-MCR,S4,1007,late,data,delay,0.8693596905887409,2327
ACR-MCR,S4,1008,warmup,probe,cost,0.89125,800
ACR-MCR,S4,1008,warmup,probe,delay,0.88875,800
ACR-MCR,S4,1008,warmup,data,cost,0.8866348448687351,838
ACR-MCR,S4,1008,warmup,data,delay,0.8723150357995226,838
ACR-MCR,S4,1008,early,probe,cost,0.9014285714285715,1400
ACR-MCR,S4,1008,early,probe,delay,0.9,1400
ACR-MCR,S4,1008,early,data,cost,0.8650306748466258,1467
ACR-MCR,S4,1008,early,data,delay,0.858214042263122,1467
ACR-MCR,S4,1008,middle,probe,cost,0.9038795599305154,1727
ACR-MCR,S4,1008,middle,probe,delay,0.903300521134916,1727
ACR-MCR,S4,1008,middle,data,cost,0.866738894907909,1846
ACR-MCR,S4,1008,middle,data,delay,0.8602383531960996,1846
ACR-MCR,S4,1008,late,probe,cost,0.8959714431412544,1961
ACR-MCR,S4,1008,late,probe,delay,0.8959714431412544,1961
ACR-MCR,S4,1008,late,data,cost,0.8537549407114624,2277
ACR-MCR,S4,1008,late,data,delay,0.849802371541502,2277
ACR-MCR,S4,1009,warmup,probe,cost,0.9075,800
ACR-MCR,S4,1009,warmup,probe,delay,0.9,800
ACR-MCR,S4,1009,warmup,data,cost,0.8876678876678876,819
ACR-MCR,S4,1009,warmup,data,delay,0.8705738705738706,819
ACR-MCR,S4,1009,early,probe,cost,0.8964285714285715,1400
ACR-MCR,S4,1009,early,probe,delay,0.9014285714285715,1400
ACR-MCR,S4,1009,early,data,cost,0.8680167597765364,1432
ACR-MCR,S4,1009,early,data,delay,0.8652234636871509,1432
ACR-MCR,S4,1009,middle,probe,cost,0.901915264074289,1723
ACR-MCR,S4,1009,middle,probe,delay,0.8995937318630296,1723
ACR-MCR,S4,1009,middle,data,cost,0.8493150684931506,1825
ACR-MCR,S4,1009,middle,data,delay,0.8378082191780822,1825
ACR-MCR,S4,1009,late,probe,cost,0.9024269440316989,2019
ACR-MCR,S4,1009,late,probe,delay,0.9029222387320456,2019
ACR-MCR,S4,1009,late,data,cost,0.8380952380952381,2310
ACR-MCR,S4,1009,late,data,delay,0.8285714285714286,2310
ACR-MCR,S4,1010,warmup,probe,cost,0.88625,800
ACR-MCR,S4,1010,warmup,probe,delay,0.88375,800
ACR-MCR,S4,1010,warmup,data,cost,0.8606356968215159,818
ACR-MCR,S4,1010,warmup,data,delay,0.8581907090464548,818
ACR-MCR,S4,1010,early,probe,cost,0.8971428571428571,1400
ACR-MCR,S4,1010,early,probe,delay,0.9035714285714286,1400
ACR-MCR,S4,1010,early,data,cost,0.8558803535010198,1471
ACR-MCR,S4,1010,early,data,delay,0.849762066621346,1471
ACR-MCR,S4,1010,middle,probe,cost,0.9076655052264808,1722
ACR-MCR,S4,1010,middle,probe,delay,0.9012775842044135,1722
ACR-MCR,S4,1010,middle,data,cost,0.8397820163487738,1835
ACR-MCR,S4,1010,middle,data,delay,0.8299727520435968,1835
ACR-MCR,S4,1010,late,probe,cost,0.8963807635101636,2017
ACR-MCR,S4,1010,late,probe,delay,0.8983639067922657,2017
ACR-MCR,S4,1010,late,data,cost,0.8768689533861038,2274
ACR-MCR,S4,1010,late,data,delay,0.876429199648197,2274
ACR-MCR,S4,1011,warmup,probe,cost,0.8875,800
ACR-MCR,S4,1011,warmup,probe,delay,0.89625,800
ACR-MCR,S4,1011,warmup,data,cost,0.873015873015873,819
ACR-MCR,S4,1011,warmup,data,delay,0.8681318681318682,819
ACR-MCR,S4,1011,early,probe,cost,0.8964285714285715,1400
ACR-MCR,S4,1011,early,probe,delay,0.8978571428571429,1400
ACR-MCR,S4,1011,early,data,cost,0.8707250341997264,1462
ACR-MCR,S4,1011,early,data,delay,0.8673050615595075,1462
ACR-MCR,S4,1011,middle,probe,cost,0.9058891454965358,1732
ACR-MCR,S4,1011,middle,probe,delay,0.9047344110854504,1732
ACR-MCR,S4,1011,middle,data,cost,0.8868028713418001,1811
ACR-MCR,S4,1011,middle,data,delay,0.8735505245720596,1811
ACR-MCR,S4,1011,late,probe,cost,0.8974987739087789,2039
ACR-MCR,S4,1011,late,probe,delay,0.8984796468857283,2039
ACR-MCR,S4,1011,late,data,cost,0.8818493150684932,2336
ACR-MCR,S4,1011,late,data,delay,0.8720034246575342,2336
ACR-MCR,S4,1012,warmup,probe,cost,0.9,800
ACR-MCR,S4,1012,warmup,probe,delay,0.895,800
ACR-MCR,S4,1012,warmup,data,cost,0.8621951219512195,820
ACR-MCR,S4,1012,warmup,data,delay,0.8451219512195122,820
ACR-MCR,S4,1012,early,probe,cost,0.8992857142857142,1400
ACR-MCR,S4,1012,early,probe,delay,0.9014285714285715,1400
ACR-MCR,S4,1012,early,data,cost,0.8673539518900344,1455
ACR-MCR,S4,1012,early,data,delay,0.8639175257731959,1455
ACR-MCR,S4,1012,middle,probe,cost,0.9042123485285631,1733
ACR-MCR,S4,1012,middle,probe,delay,0.9030582804385459,1733
ACR-MCR,S4,1012,middle,data,cost,0.8630283574103799,1869
ACR-MCR,S4,1012,middle,data,delay,0.8598180845371857,1869
ACR-MCR,S4,1012,late,probe,cost,0.8974231912784936,2018
ACR-MCR,S4,1012,late,probe,delay,0.8939544103072349,2018
ACR-MCR,S4,1012,late,data,cost,0.8513336248360297,2287
ACR-MCR,S4,1012,late,data,delay,0.8425885439440315,2287
ACR-MCR,S4,1013,warmup,probe,cost,0.89875,800
ACR-MCR,S4,1013,warmup,probe,delay,0.89125,800
ACR-MCR,S4,1013,warmup,data,cost,0.8880688806888068,813
ACR-MCR,S4,1013,warmup,data,delay,0.8794587945879458,813
ACR-MCR,S4,1013,early,probe,cost,0.9,1400
ACR-MCR,S4,1013,early,probe,delay,0.9,1400
ACR-MCR,S4,1013,early,data,cost,0.8623670212765957,1504
ACR-MCR,S4,1013,early,data,delay,0.8523936170212766,1504
ACR-MCR,S4,1013,middle,probe,cost,0.9017241379310345,1740
ACR-MCR,S4,1013,middle,probe,delay,0.9,1740
ACR-MCR,S4,1013,middle,data,cost,0.8577494692144374,1884
ACR-MCR,S4,1013,middle,data,delay,0.8540339702760085,1884
ACR-MCR,S4,1013,late,probe,cost,0.8965693804403482,1953
ACR-MCR,S4,1013,late,probe,delay,0.8986175115207373,1953
ACR-MCR,S4,1013,late,data,cost,0.8634167764602547,2277
ACR-MCR,S4,1013,late,data,delay,0.855072463768116,2277
ACR-MCR,S4,1014,warmup,probe,cost,0.895,800
ACR-MCR,S4,1014,warmup,probe,delay,0.89625,800
ACR-MCR,S4,1014,warmup,data,cost,0.8792682926829268,820
ACR-MCR,S4,1014,warmup,data,delay,0.8719512195121951,820
ACR-MCR,S4,1014,early,probe,cost,0.8992857142857142,1400
ACR-MCR,S4,1014,early,probe,delay,0.9007142857142857,1400
ACR-MCR,S4,1014,early,data,cost,0.8543624161073825,1490
ACR-MCR,S4,1014,early,data,delay,0.8496644295302014,1490
ACR-MCR,S4,1014,middle,probe,cost,0.901790872328134,1731
ACR-MCR,S4,1014,middle,probe,delay,0.8994800693240901,1731
ACR-MCR,S4,1014,middle,data,cost,0.86184565569347,1853
ACR-MCR,S4,1014,middle,data,delay,0.8472746896923907,1853
ACR-MCR,S4,1014,late,probe,cost,0.8988540109616343,2007
ACR-MCR,S4,1014,late,probe,delay,0.8988540109616343,2007
ACR-MCR,S4,1014,late,data,cost,0.8500640751815464,2341
ACR-MCR,S4,1014,late,data,delay,0.8453652285348142,2341
ACR-MCR,S4,1015,warmup,probe,cost,0.895,800
ACR-MCR,S4,1015,warmup,probe,delay,0.895,800
ACR-MCR,S4,1015,warmup,data,cost,0.8620268620268621,819
ACR-MCR,S4,1015,warmup,data,delay,0.8559218559218559,819
ACR-MCR,S4,1015,early,probe,cost,0.905,1400
ACR-MCR,S4,1015,early,probe,delay,0.905,1400
ACR-MCR,S4,1015,early,data,cost,0.8484429065743945,1445
ACR-MCR,S4,1015,early,data,delay,0.8408304498269896,1445
ACR-MCR,S4,1015,middle,probe,cost,0.8956268221574344,1715
ACR-MCR,S4,1015,middle,probe,delay,0.8950437317784257,1715
ACR-MCR,S4,1015,middle,data,cost,0.8572201189832341,1849
ACR-MCR,S4,1015,middle,data,delay,0.8491076257436452,1849
ACR-MCR,S4,1015,late,probe,cost,0.9054455445544555,2020
ACR-MCR,S4,1015,late,probe,delay,0.902970297029703,2020
ACR-MCR,S4,1015,late,data,cost,0.8634590377113134,2307
ACR-MCR,S4,1015,late,data,delay,0.8521889900303424,2307
ACR-MCR,S4,1016,warmup,probe,cost,0.91625,800
ACR-MCR,S4,1016,warmup,probe,delay,0.915,800
ACR-MCR,S4,1016,warmup,data,cost,0.8693528693528694,819
ACR-MCR,S4,1016,warmup,data,delay,0.8669108669108669,819
ACR-MCR,S4,1016,early,probe,cost,0.905,1400
ACR-MCR,S4,1016,early,probe,delay,0.9042857142857142,1400
ACR-MCR,S4,1016,early,data,cost,0.879286694101509,1458
ACR-MCR,S4,1016,early,data,delay,0.8717421124828533,1458
ACR-MCR,S4,1016,middle,probe,cost,0.8992472495657209,1727
ACR-MCR,S4,1016,middle,probe,delay,0.9004053271569196,1727
ACR-MCR,S4,1016,middle,data,cost,0.8457738748627881,1822
ACR-MCR,S4,1016,middle,data,delay,0.8457738748627881,1822
ACR-MCR,S4,1016,late,probe,cost,0.8997506234413966,2005
ACR-MCR,S4,1016,late,probe,delay,0.9007481296758105,2005
ACR-MCR,S4,1016,late,data,cost,0.8540493720225206,2309
ACR-MCR,S4,1016,late,data,delay,0.8549155478562148,2309
ACR-MCR,S4,1017,warmup,probe,cost,0.89125,800
ACR-MCR,S4,1017,warmup,probe,delay,0.8925,800
ACR-MCR,S4,1017,warmup,data,cost,0.8504901960784313,816
ACR-MCR,S4,1017,warmup,data,delay,0.8468137254901961,816
ACR-MCR,S4,1017,early,probe,cost,0.8992857142857142,1400
ACR-MCR,S4,1017,early,probe,delay,0.9014285714285715,1400
ACR-MCR,S4,1017,early,data,cost,0.8831168831168831,1463
ACR-MCR,S4,1017,early,data,delay,0.8803827751196173,1463
ACR-MCR,S4,1017,middle,probe,cost,0.9027214823393167,1727
ACR-MCR,S4,1017,middle,probe,delay,0.8992472495657209,1727
ACR-MCR,S4,1017,middle,data,cost,0.8715890850722311,1869
ACR-MCR,S4,1017,middle,data,delay,0.8544676297485286,1869
ACR-MCR,S4,1017,late,probe,cost,0.8971871968962173,2062
ACR-MCR,S4,1017,late,probe,delay,0.9000969932104753,2062
ACR-MCR,S4,1017,late,data,cost,0.8587099605089952,2279
ACR-MCR,S4,1017,late,data,delay,0.8556384379113646,2279
ACR-MCR,S4,1018,warmup,probe,cost,0.89625,800
ACR-MCR,S4,1018,warmup,probe,delay,0.89875,800
ACR-MCR,S4,1018,warmup,data,cost,0.8950617283950617,810
ACR-MCR,S4,1018,warmup,data,delay,0.8876543209876543,810
ACR-MCR,S4,1018,early,probe,cost,0.9028571428571428,1400
ACR-MCR,S4,1018,early,probe,delay,0.9007142857142857,1400
ACR-MCR,S4,1018,early,data,cost,0.8756830601092896,1464
ACR-MCR,S4,1018,early,data,delay,0.8743169398907104,1464
ACR-MCR,S4,1018,middle,probe,cost,0.9042123485285631,1733
ACR-MCR,S4,1018,middle,probe,delay,0.9024812463935372,1733
ACR-MCR,S4,1018,middle,data,cost,0.8646864686468647,1818
ACR-MCR,S4,1018,middle,data,delay,0.8591859185918592,1818
ACR-MCR,S4,1018,late,probe,cost,0.8965007392804337,2029
ACR-MCR,S4,1018,late,probe,delay,0.8984721537703302,2029
ACR-MCR,S4,1018,late,data,cost,0.8630901287553648,2330
ACR-MCR,S4,1018,late,data,delay,0.8506437768240344,2330
ACR-MCR,S4,1019,warmup,probe,cost,0.885,800
ACR-MCR,S4,1019,warmup,probe,delay,0.89125,800
ACR-MCR,S4,1019,warmup,data,cost,0.84875,800
ACR-MCR,S4,1019,warmup,data,delay,0.85,800
ACR-MCR,S4,1019,early,probe,cost,0.8957142857142857,1400
ACR-MCR,S4,1019,early,probe,delay,0.8964285714285715,1400
ACR-MCR,S4,1019,early,data,cost,0.8546831955922864,1452
ACR-MCR,S4,1019,early,data,delay,0.8533057851239669,1452
ACR-MCR,S4,1019,middle,probe,cost,0.9027777777777778,1728
ACR-MCR,S4,1019,middle,probe,delay,0.9027777777777778,1728
ACR-MCR,S4,1019,middle,data,cost,0.871499176276771,1821
ACR-MCR,S4,1019,middle,data,delay,0.8610653487095002,1821
ACR-MCR,S4,1019,late,probe,cost,0.9058882737795672,1987
ACR-MCR,S4,1019,late,probe,delay,0.9038751887267237,1987
ACR-MCR,S4,1019,late,data,cost,0.8737351517817862,2273
ACR-MCR,S4,1019,late,data,delay,0.8609766827980643,2273
ACR-MCR,S4,1020,warmup,probe,cost,0.90875,800
ACR-MCR,S4,1020,warmup,probe,delay,0.9075,800
ACR-MCR,S4,1020,warmup,data,cost,0.8425,800
ACR-MCR,S4,1020,warmup,data,delay,0.8475,800
ACR-MCR,S4,1020,early,probe,cost,0.8985714285714286,1400
ACR-MCR,S4,1020,early,probe,delay,0.8992857142857142,1400
ACR-MCR,S4,1020,early,data,cost,0.8724420190995907,1466
ACR-MCR,S4,1020,early,data,delay,0.8567530695770805,1466
ACR-MCR,S4,1020,middle,probe,cost,0.8980891719745223,1727
ACR-MCR,S4,1020,middle,probe,delay,0.8986682107701216,1727
ACR-MCR,S4,1020,middle,data,cost,0.8635875402792696,1862
ACR-MCR,S4,1020,middle,data,delay,0.8635875402792696,1862
ACR-MCR,S4,1020,late,probe,cost,0.9056603773584906,2014
ACR-MCR,S4,1020,late,probe,delay,0.9016881827209533,2014
ACR-MCR,S4,1020,late,data,cost,0.8397013614404919,2277
ACR-MCR,S4,1020,late,data,delay,0.8357487922705314,2277
ACR-MCR,S4,1021,warmup,probe,cost,0.88375,800
ACR-MCR,S4,1021,warmup,probe,delay,0.8825,800
ACR-MCR,S4,1021,warmup,data,cost,0.8695121951219512,820
ACR-MCR,S4,1021,warmup,data,delay,0.8658536585365854,820
ACR-MCR,S4,1021,early,probe,cost,0.8992857142857142,1400
ACR-MCR,S4,1021,early,probe,delay,0.9007142857142857,1400
ACR-MCR,S4,1021,early,data,cost,0.8632075471698113,1484
ACR-MCR,S4,1021,early,data,delay,0.8544474393530997,1484
ACR-MCR,S4,1021,middle,probe,cost,0.9025670945157527,1714
ACR-MCR,S4,1021,middle,probe,delay,0.9019836639439907,1714
ACR-MCR,S4,1021,middle,data,cost,0.8645889306824288,1861
ACR-MCR,S4,1021,middle,data,delay,0.8490059108006448,1861
ACR-MCR,S4,1021,late,probe,cost,0.9003453379378392,2027
ACR-MCR,S4,1021,late,probe,delay,0.8993586581154416,2027
ACR-MCR,S4,1021,late,data,cost,0.8550295857988166,2366
ACR-MCR,S4,1021,late,data,delay,0.8508030431107354,2366
ACR-MCR,S4,1022,warmup,probe,cost,0.9075,800
ACR-MCR,S4,1022,warmup,probe,delay,0.90625,800
ACR-MCR,S4,1022,warmup,data,cost,0.8800489596083231,817
ACR-MCR,S4,1022,warmup,data,delay,0.8751529987760098,817
ACR-MCR,S4,1022,early,probe,cost,0.9014285714285715,1400
ACR-MCR,S4,1022,early,probe,delay,0.9007142857142857,1400
ACR-MCR,S4,1022,early,data,cost,0.8499651081646895,1433
ACR-MCR,S4,1022,early,data,delay,0.8436845778087927,1433
ACR-MCR,S4,1022,middle,probe,cost,0.8983149331783846,1721
ACR-MCR,S4,1022,middle,probe,delay,0.9006391632771644,1721
ACR-MCR,S4,1022,middle,data,cost,0.8523783488244943,1829
ACR-MCR,S4,1022,middle,data,delay,0.8414434117003827,1829
ACR-MCR,S4,1022,late,probe,cost,0.8975247524752475,2020
ACR-MCR,S4,1022,late,probe,delay,0.8965346534653466,2020
ACR-MCR,S4,1022,late,data,cost,0.857451403887689,2315
ACR-MCR,S4,1022,late,data,delay,0.8505399568034557,2315
ACR-MCR,S4,1023,warmup,probe,cost,0.87875,800
ACR-MCR,S4,1023,warmup,probe,delay,0.885,800
ACR-MCR,S4,1023,warmup,data,cost,0.8613496932515338,815
ACR-MCR,S4,1023,warmup,data,delay,0.8552147239263803,815
ACR-MCR,S4,1023,early,probe,cost,0.9021428571428571,1400
ACR-MCR,S4,1023,early,probe,delay,0.9021428571428571,1400
ACR-MCR,S4,1023,early,data,cost,0.8546949965729952,1459
ACR-MCR,S4,1023,early,data,delay,0.8450993831391364,1459
ACR-MCR,S4,1023,middle,probe,cost,0.9001741149158444,1723
ACR-MCR,S4,1023,middle,probe,delay,0.9013348810214742,1723
ACR-MCR,S4,1023,middle,data,cost,0.8411732152739347,1807
ACR-MCR,S4,1023,middle,data,delay,0.8350857775318207,1807
ACR-MCR,S4,1023,late,probe,cost,0.8986719134284309,2033
ACR-MCR,S4,1023,late,probe,delay,0.8986719134284309,2033
ACR-MCR,S4,1023,late,data,cost,0.8434630520332314,2287
ACR-MCR,S4,1023,late,data,delay,0.8417140358548316,2287
ACR-MCR,S4,1024,warmup,probe,cost,0.88625,800
ACR-MCR,S4,1024,warmup,probe,delay,0.88625,800
ACR-MCR,S4,1024,warmup,data,cost,0.8855780691299165,839
ACR-MCR,S4,1024,warmup,data,delay,0.8748510131108462,839
ACR-MCR,S4,1024,early,probe,cost,0.8978571428571429,1400
ACR-MCR,S4,1024,early,probe,delay,0.8964285714285715,1400
ACR-MCR,S4,1024,early,data,cost,0.875,1464
ACR-MCR,S4,1024,early,data,delay,0.8674863387978142,1464
ACR-MCR,S4,1024,middle,probe,cost,0.9033197437390798,1717
ACR-MCR,S4,1024,middle,probe,delay,0.9044845661036692,1717
ACR-MCR,S4,1024,middle,data,cost,0.8698290126861555,1813
ACR-MCR,S4,1024,middle,data,delay,0.861003861003861,1813
ACR-MCR,S4,1024,late,probe,cost,0.8998015873015873,2016
ACR-MCR,S4,1024,late,probe,delay,0.902281746031746,2016
ACR-MCR,S4,1024,late,data,cost,0.8883987648875166,2267
ACR-MCR,S4,1024,late,data,delay,0.886193206881341,2267
ACR-MCR,S4,1025,warmup,probe,cost,0.90375,800
ACR-MCR,S4,1025,warmup,probe,delay,0.89375,800
ACR-MCR,S4,1025,warmup,data,cost,0.8691358024691358,810
ACR-MCR,S4,1025,warmup,data,delay,0.8604938271604938,810
ACR-MCR,S4,1025,early,probe,cost,0.895,1400
ACR-MCR,S4,1025,early,probe,delay,0.8957142857142857,1400
ACR-MCR,S4,1025,early,data,cost,0.844474761255116,1466
ACR-MCR,S4,1025,early,data,delay,0.839699863574352,1466
ACR-MCR,S4,1025,middle,probe,cost,0.9016772700983228,1729
ACR-MCR,S4,1025,middle,probe,delay,0.9010989010989011,1729
ACR-MCR,S4,1025,middle,data,cost,0.8716693855356172,1839
ACR-MCR,S4,1025,middle,data,delay,0.8569874932028276,1839
ACR-MCR,S4,1025,late,probe,cost,0.8987405541561713,1985
ACR-MCR,S4,1025,late,probe,delay,0.8992443324937027,1985
ACR-MCR,S4,1025,late,data,cost,0.8360226777147841,2293
ACR-MCR,S4,1025,late,data,delay,0.8264282599215003,2293
ACR-MCR,S4,1026,warmup,probe,cost,0.89,800
ACR-MCR,S4,1026,warmup,probe,delay,0.88375,800
ACR-MCR,S4,1026,warmup,data,cost,0.868421052631579,836
ACR-MCR,S4,1026,warmup,data,delay,0.8624401913875598,836
ACR-MCR,S4,1026,early,probe,cost,0.9057142857142857,1400
ACR-MCR,S4,1026,early,probe,delay,0.905,1400
ACR-MCR,S4,1026,early,data,cost,0.8825136612021858,1464
ACR-MCR,S4,1026,early,data,delay,0.8879781420765027,1464
ACR-MCR,S4,1026,middle,probe,cost,0.8952546296296297,1728
ACR-MCR,S4,1026,middle,probe,delay,0.8940972222222222,1728
ACR-MCR,S4,1026,middle,data,cost,0.8634408602150537,1860
ACR-MCR,S4,1026,middle,data,delay,0.8602150537634409,1860
ACR-MCR,S4,1026,late,probe,cost,0.9031465093411996,2034
ACR-MCR,S4,1026,late,probe,delay,0.9060963618485742,2034
ACR-MCR,S4,1026,late,data,cost,0.843229389149936,2341
ACR-MCR,S4,1026,late,data,delay,0.8381033746262281,2341
ACR-MCR,S4,1027,warmup,probe,cost,0.8925,800
ACR-MCR,S4,1027,warmup,probe,delay,0.88125,800
ACR-MCR,S4,1027,warmup,data,cost,0.85625,800
ACR-MCR,S4,1027,warmup,data,delay,0.85,800
ACR-MCR,S4,1027,early,probe,cost,0.9035714285714286,1400
ACR-MCR,S4,1027,early,probe,delay,0.9035714285714286,1400
ACR-MCR,S4,1027,early,data,cost,0.8721649484536083,1455
ACR-MCR,S4,1027,early,data,delay,0.8632302405498282,1455
ACR-MCR,S4,1027,middle,probe,cost,0.8983246678220682,1731
ACR-MCR,S4,1027,middle,probe,delay,0.8994800693240901,1731
ACR-MCR,S4,1027,middle,data,cost,0.8572216097023153,1814
ACR-MCR,S4,1027,middle,data,delay,0.8472987872105844,1814
ACR-MCR,S4,1027,late,probe,cost,0.8997566909975669,2055
ACR-MCR,S4,1027,late,probe,delay,0.8982968369829684,2055
ACR-MCR,S4,1027,late,data,cost,0.8434518647007806,2306
ACR-MCR,S4,1027,late,data,delay,0.8373807458803122,2306
ACR-MCR,S4,1028,warmup,probe,cost,0.9,800
ACR-MCR,S4,1028,warmup,probe,delay,0.895,800
ACR-MCR,S4,1028,warmup,data,cost,0.9034229828850856,818
ACR-MCR,S4,1028,warmup,data,delay,0.8960880195599022,818
ACR-MCR,S4,1028,early,probe,cost,0.8957142857142857,1400
ACR-MCR,S4,1028,early,probe,delay,0.8978571428571429,1400
ACR-MCR,S4,1028,early,data,cost,0.8549723756906077,1448
ACR-MCR,S4,1028,early,data,delay,0.8321823204419889,1448
ACR-MCR,S4,1028,middle,probe,cost,0.9016110471806674,1738
ACR-MCR,S4,1028,middle,probe,delay,0.9016110471806674,1738
ACR-MCR,S4,1028,middle,data,cost,0.8635616438356164,1825
ACR-MCR,S4,1028,middle,data,delay,0.8542465753424657,1825
ACR-MCR,S4,1028,late,probe,cost,0.9021632251720747,2034
ACR-MCR,S4,1028,late,probe,delay,0.9026548672566371,2034
ACR-MCR,S4,1028,late,data,cost,0.8531222515391381,2274
ACR-MCR,S4,1028,late,data,delay,0.8403693931398417,2274
ACR-MCR,S4,1029,warmup,probe,cost,0.8775,800
ACR-MCR,S4,1029,warmup,probe,delay,0.885,800
ACR-MCR,S4,1029,warmup,data,cost,0.8665018541409147,809
ACR-MCR,S4,1029,warmup,data,delay,0.8603213844252163,809
ACR-MCR,S4,1029,early,probe,cost,0.9021428571428571,1400
ACR-MCR,S4,1029,early,probe,delay,0.9021428571428571,1400
ACR-MCR,S4,1029,early,data,cost,0.848318462594372,1457
ACR-MCR,S4,1029,early,data,delay,0.8359643102264928,1457
ACR-MCR,S4,1029,middle,probe,cost,0.8958090803259604,1718
ACR-MCR,S4,1029,middle,probe,delay,0.8981373690337602,1718
ACR-MCR,S4,1029,middle,data,cost,0.8449653702717101,1877
ACR-MCR,S4,1029,middle,data,delay,0.8417687799680341,1877
ACR-MCR,S4,1029,late,probe,cost,0.9035785288270378,2012
ACR-MCR,S4,1029,late,probe,delay,0.9025844930417495,2012
ACR-MCR,S4,1029,late,data,cost,0.8502373759171342,2317
ACR-MCR,S4,1029,late,data,delay,0.843763487268019,2317
ACR-MCR,S5,1000,warmup,probe,cost,0.88125,800
ACR-MCR,S5,1000,warmup,probe,delay,0.88,800
ACR-MCR,S5,1000,warmup,data,cost,0.8864197530864197,810
ACR-MCR,S5,1000,warmup,data,delay,0.8851851851851852,810
ACR-MCR,S5,1000,early,probe,cost,0.9014285714285715,1400
ACR-MCR,S5,1000,early,probe,delay,0.9028571428571428,1400
ACR-MCR,S5,1000,early,data,cost,0.8863031914893617,1504
ACR-MCR,S5,1000,early,data,delay,0.8829787234042553,1504
ACR-MCR,S5,1000,middle,probe,cost,0.903523974581167,1731
ACR-MCR,S5,1000,middle,probe,delay,0.8989023685730791,1731
ACR-MCR,S5,1000,middle,data,cost,0.8300990099009901,2525
ACR-MCR,S5,1000,middle,data,delay,0.782970297029703,2525
ACR-MCR,S5,1000,late,probe,cost,0.8943175783324482,1883
ACR-MCR,S5,1000,late,probe,delay,0.8980350504514073,1883
ACR-MCR,S5,1000,late,data,cost,0.7710960232783706,4124
ACR-MCR,S5,1000,late,data,delay,0.7497575169738119,4124
ACR-MCR,S5,1001,warmup,probe,cost,0.89625,800
ACR-MCR,S5,1001,warmup,probe,delay,0.89625,800
ACR-MCR,S5,1001,warmup,data,cost,0.905982905982906,819
ACR-MCR,S5,1001,warmup,data,delay,0.8925518925518926,819
ACR-MCR,S5,1001,early,probe,cost,0.8985714285714286,1400
ACR-MCR,S5,1001,early,probe,delay,0.9,1400
ACR-MCR,S5,1001,early,data,cost,0.8864569083447332,1462
ACR-MCR,S5,1001,early,data,delay,0.8857729138166894,1462
ACR-MCR,S5,1001,middle,probe,cost,0.9046793760831889,1731
ACR-MCR,S5,1001,middle,probe,delay,0.902946273830156,1731
ACR-MCR,S5,1001,middle,data,cost,0.8341346153846154,2496
ACR-MCR,S5,1001,middle,data,delay,0.7972756410256411,2496
ACR-MCR,S5,1001,late,probe,cost,0.895877378435518,1892
ACR-MCR,S5,1001,late,probe,delay,0.8979915433403806,1892
ACR-MCR,S5,1001,late,data,cost,0.7959922742636407,4142
ACR-MCR,S5,1001,late,data,delay,0.7783679381941091,4142
ACR-MCR,S5,1002,warmup,probe,cost,0.90375,800
ACR-MCR,S5,1002,warmup,probe,delay,0.91,800
ACR-MCR,S5,1002,warmup,data,cost,0.9169719169719169,819
ACR-MCR,S5,1002,warmup,data,delay,0.9084249084249084,819
ACR-MCR,S5,1002,early,probe,cost,0.9007142857142857,1400
ACR-MCR,S5,1002,early,probe,delay,0.9014285714285715,1400
ACR-MCR,S5,1002,early,data,cost,0.8745808182427901,1491
ACR-MCR,S5,1002,early,data,delay,0.8712273641851107,1491
ACR-MCR,S5,1002,middle,probe,cost,0.9012775842044135,1722
ACR-MCR,S5,1002,middle,probe,delay,0.9001161440185831,1722
ACR-MCR,S5,1002,middle,data,cost,0.8277378097521982,2502
ACR-MCR,S5,1002,middle,data,delay,0.7825739408473221,2502
ACR-MCR,S5,1002,late,probe,cost,0.8965336134453782,1904
ACR-MCR,S5,1002,late,probe,delay,0.8991596638655462,1904
ACR-MCR,S5,1002,late,data,cost,0.8019898082989566,4121
ACR-MCR,S5,1002,late,data,delay,0.7757825770444067,4121
ACR-MCR,S5,1003,warmup,probe,cost,0.88375,800
ACR-MCR,S5,1003,warmup,probe,delay,0.8775,800
ACR-MCR,S5,1003,warmup,data,cost,0.8975308641975308,810
ACR-MCR,S5,1003,warmup,data,delay,0.8901234567901235,810
ACR-MCR,S5,1003,early,probe,cost,0.895,1400
ACR-MCR,S5,1003,early,probe,delay,0.8971428571428571,1400
ACR-MCR,S5,1003,early,data,cost,0.8546470999301188,1431
ACR-MCR,S5,1003,early,data,delay,0.8511530398322851,1431
ACR-MCR,S5,1003,middle,probe,cost,0.9045691150954309,1729
ACR-MCR,S5,1003,middle,probe,delay,0.9034123770965876,1729
ACR-MCR,S5,1003,middle,data,cost,0.8427370948379351,2499
ACR-MCR,S5,1003,middle,data,delay,0.8051220488195278,2499
ACR-MCR,S5,1003,late,probe,cost,0.8975903614457831,1992
ACR-MCR,S5,1003,late,probe,delay,0.8980923694779116,1992
ACR-MCR,S5,1003,late,data,cost,0.8196876478939896,4226
ACR-MCR,S5,1003,late,data,delay,0.80619971604354,4226
ACR-MCR,S5,1004,warmup,probe,cost,0.9025,800
ACR-MCR,S5,1004,warmup,probe,delay,0.89625,800
ACR-MCR,S5,1004,warmup,data,cost,0.8733087330873309,813
ACR-MCR,S5,1004,warmup,data,delay,0.8585485854858549,813
ACR-MCR,S5,1004,early,probe,cost,0.9035714285714286,1400
ACR-MCR,S5,1004,early,probe,delay,0.9,1400
ACR-MCR,S5,1004,early,data,cost,0.8760162601626016,1476
ACR-MCR,S5,1004,early,data,delay,0.8685636856368564,1476
ACR-MCR,S5,1004,middle,probe,cost,0.9020408163265307,1715
ACR-MCR,S5,1004,middle,probe,delay,0.8997084548104957,1715
ACR-MCR,S5,1004,middle,data,cost,0.8588140379185155,2479
ACR-MCR,S5,1004,middle,data,delay,0.8132311415893505,2479
ACR-MCR,S5,1004,late,probe,cost,0.8958990536277602,1902
ACR-MCR,S5,1004,late,probe,delay,0.9016824395373291,1902
ACR-MCR,S5,1004,late,data,cost,0.7987360233349539,4114
ACR-MCR,S5,1004,late,data,delay,0.7970345162858532,4114
ACR-MCR,S5,1005,warmup,probe,cost,0.895,800
ACR-MCR,S5,1005,warmup,probe,delay,0.9025,800
ACR-MCR,S5,1005,warmup,data,cost,0.8594132029339854,818
ACR-MCR,S5,1005,warmup,data,delay,0.8533007334963325,818
ACR-MCR,S5,1005,early,probe,cost,0.8971428571428571,1400
ACR-MCR,S5,1005,early,probe,delay,0.8957142857142857,1400
ACR-MCR,S5,1005,early,data,cost,0.8584316446911867,1441
ACR-MCR,S5,1005,early,data,delay,0.8507980569049272,1441
ACR-MCR,S5,1005,middle,probe,cost,0.9076655052264808,1722
ACR-MCR,S5,1005,middle,probe,delay,0.9088269454123112,1722
ACR-MCR,S5,1005,middle,data,cost,0.8517770597738288,2476
ACR-MCR,S5,1005,middle,data,delay,0.8255250403877221,2476
ACR-MCR,S5,1005,late,probe,cost,0.8958875585632483,1921
ACR-MCR,S5,1005,late,probe,delay,0.8964081207704321,1921
ACR-MCR,S5,1005,late,data,cost,0.8336876919442476,4233
ACR-MCR,S5,1005,late,data,delay,0.8230569336168202,4233
ACR-MCR,S5,1006,warmup,probe,cost,0.91375,800
ACR-MCR,S5,1006,warmup,probe,delay,0.90375,800
ACR-MCR,S5,1006,warmup,data,cost,0.8878048780487805,820
ACR-MCR,S5,1006,warmup,data,delay,0.875609756097561,820
ACR-MCR,S5,1006,early,probe,cost,0.8978571428571429,1400
ACR-MCR,S5,1006,early,probe,delay,0.8992857142857142,1400
ACR-MCR,S5,1006,early,data,cost,0.8722826086956522,1472
ACR-MCR,S5,1006,early,data,delay,0.8675271739130435,1472
ACR-MCR,S5,1006,middle,probe,cost,0.9058891454965358,1732
ACR-MCR,S5,1006,middle,probe,delay,0.9006928406466512,1732
ACR-MCR,S5,1006,middle,data,cost,0.8372,2500
ACR-MCR,S5,1006,middle,data,delay,0.7964,2500
ACR-MCR,S5,1006,late,probe,cost,0.8945005611672279,1782
ACR-MCR,S5,1006,late,probe,delay,0.8973063973063973,1782
ACR-MCR,S5,1006,late,data,cost,0.8133663366336633,4040
ACR-MCR,S5,1006,late,data,delay,0.7900990099009901,4040
ACR-MCR,S5,1007,warmup,probe,cost,0.89625,800
ACR-MCR,S5,1007,warmup,probe,delay,0.89875,800
ACR-MCR,S5,1007,warmup,data,cost,0.8848920863309353,834
ACR-MCR,S5,1007,warmup,data,delay,0.8597122302158273,834
ACR-MCR,S5,1007,early,probe,cost,0.9078571428571428,1400
ACR-MCR,S5,1007,early,probe,delay,0.9042857142857142,1400
ACR-MCR,S5,1007,early,data,cost,0.8581989247311828,1488
ACR-MCR,S5,1007,early,data,delay,0.8494623655913979,1488
ACR-MCR,S5,1007,middle,probe,cost,0.9013348810214742,1723
ACR-MCR,S5,1007,middle,probe,delay,0.8984329657573998,1723
ACR-MCR,S5,1007,middle,data,cost,0.841091492776886,2492
ACR-MCR,S5,1007,middle,data,delay,0.807784911717496,2492
ACR-MCR,S5,1007,late,probe,cost,0.8914229053049083,2017
ACR-MCR,S5,1007,late,probe,delay,0.8953891918691126,2017
ACR-MCR,S5,1007,late,data,cost,0.8063010501750292,4285
ACR-MCR,S5,1007,late,data,delay,0.7960326721120187,4285
ACR-MCR,S5,1008,warmup,probe,cost,0.88875,800
ACR-MCR,S5,1008,warmup,probe,delay,0.89625,800
ACR-MCR,S5,1008,warmup,data,cost,0.8963051251489869,839
ACR-MCR,S5,1008,warmup,data,delay,0.8903456495828367,839
ACR-MCR,S5,1008,early,probe,cost,0.9007142857142857,1400
ACR-MCR,S5,1008,early,probe,delay,0.8992857142857142,1400
ACR-MCR,S5,1008,early,data,cost,0.8780653950953679,1468
ACR-MCR,S5,1008,early,data,delay,0.8705722070844687,1468
ACR-MCR,S5,1008,middle,probe,cost,0.905037637521714,1727
ACR-MCR,S5,1008,middle,probe,delay,0.9038795599305154,1727
ACR-MCR,S5,1008,middle,data,cost,0.8232242617717478,2506
ACR-MCR,S5,1008,middle,data,delay,0.8092577813248204,2506
ACR-MCR,S5,1008,late,probe,cost,0.8961175236096537,1906
ACR-MCR,S5,1008,late,probe,delay,0.8982161594963274,1906
ACR-MCR,S5,1008,late,data,cost,0.8313953488372093,4128
ACR-MCR,S5,1008,late,data,delay,0.8224321705426356,4128
ACR-MCR,S5,1009,warmup,probe,cost,0.9025,800
ACR-MCR,S5,1009,warmup,probe,delay,0.9,800
ACR-MCR,S5,1009,warmup,data,cost,0.894993894993895,819
ACR-MCR,S5,1009,warmup,data,delay,0.8803418803418803,819
ACR-MCR,S5,1009,early,probe,cost,0.8992857142857142,1400
ACR-MCR,S5,1009,early,probe,delay,0.9021428571428571,1400
ACR-MCR,S5,1009,early,data,cost,0.8762035763411279,1454
ACR-MCR,S5,1009,early,data,delay,0.8651994497936726,1454
ACR-MCR,S5,1009,middle,probe,cost,0.9007544979686594,1723
ACR-MCR,S5,1009,middle,probe,delay,0.9001741149158444,1723
ACR-MCR,S5,1009,middle,data,cost,0.838436744560838,2482
ACR-MCR,S5,1009,middle,data,delay,0.8001611603545528,2482
ACR-MCR,S5,1009,late,probe,cost,0.8986556359875905,1934
ACR-MCR,S5,1009,late,probe,delay,0.8981385729058945,1934
ACR-MCR,S5,1009,late,data,cost,0.8146376464960535,4181
ACR-MCR,S5,1009,late,data,delay,0.8005261899067209,4181
ACR-MCR,S5,1010,warmup,probe,cost,0.895,800
ACR-MCR,S5,1010,warmup,probe,delay,0.89,800
ACR-MCR,S5,1010,warmup,data,cost,0.875453446191052,827
ACR-MCR,S5,1010,warmup,data,delay,0.8730350665054414,827
ACR-MCR,S5,1010,early,probe,cost,0.895,1400
ACR-MCR,S5,1010,early,probe,delay,0.895,1400
ACR-MCR,S5,1010,early,data,cost,0.8668018931710615,1479
ACR-MCR,S5,1010,early,data,delay,0.8586883029073699,1479
ACR-MCR,S5,1010,middle,probe,cost,0.9116279069767442,1720
ACR-MCR,S5,1010,middle,probe,delay,0.9040697674418605,1720
ACR-MCR,S5,1010,middle,data,cost,0.85008038585209,2488
ACR-MCR,S5,1010,middle,data,delay,0.8155144694533762,2488
ACR-MCR,S5,1010,late,probe,cost,0.8952434881087202,1766
ACR-MCR,S5,1010,late,probe,delay,0.9020385050962627,1766
ACR-MCR,S5,1010,late,data,cost,0.8261299086194122,4049
ACR-MCR,S5,1010,late,data,delay,0.8236601630032107,4049
ACR-MCR,S5,1011,warmup,probe,cost,0.8825,800
ACR-MCR,S5,1011,warmup,probe,delay,0.8925,800
ACR-MCR,S5,1011,warmup,data,cost,0.8876678876678876,819
ACR-MCR,S5,1011,warmup,data,delay,0.8852258852258852,819
ACR-MCR,S5,1011,early,probe,cost,0.8957142857142857,1400
ACR-MCR,S5,1011,early,probe,delay,0.8957142857142857,1400
ACR-MCR,S5,1011,early,data,cost,0.8705479452054794,1460
ACR-MCR,S5,1011,early,data,delay,0.8691780821917808,1460
ACR-MCR,S5,1011,middle,probe,cost,0.913972286374134,1732
ACR-MCR,S5,1011,middle,probe,delay,0.9081986143187067,1732
ACR-MCR,S5,1011,middle,data,cost,0.8805555555555555,2520
ACR-MCR,S5,1011,middle,data,delay,0.8492063492063492,2520
ACR-MCR,S5,1011,late,probe,cost,0.8910323253388946,1918
ACR-MCR,S5,1011,late,probe,delay,0.8936392075078207,1918
ACR-MCR,S5,1011,late,data,cost,0.8236141108711303,4167
ACR-MCR,S5,1011,late,data,delay,0.810415166786657,4167
ACR-MCR,S5,1012,warmup,probe,cost,0.89875,800
ACR-MCR,S5,1012,warmup,probe,delay,0.895,800
ACR-MCR,S5,1012,warmup,data,cost,0.8682926829268293,820
ACR-MCR,S5,1012,warmup,data,delay,0.8658536585365854,820
ACR-MCR,S5,1012,early,probe,cost,0.8971428571428571,1400
ACR-MCR,S5,1012,early,probe,delay,0.8978571428571429,1400
ACR-MCR,S5,1012,early,data,cost,0.8668018931710615,1479
ACR-MCR,S5,1012,early,data,delay,0.861392832995267,1479
ACR-MCR,S5,1012,middle,probe,cost,0.9105597230236584,1733
ACR-MCR,S5,1012,middle,probe,delay,0.9053664166185805,1733
ACR-MCR,S5,1012,middle,data,cost,0.8431372549019608,2499
ACR-MCR,S5,1012,middle,data,delay,0.8123249299719888,2499
ACR-MCR,S5,1012,late,probe,cost,0.8931735278791036,1919
ACR-MCR,S5,1012,late,probe,delay,0.8983845752996352,1919
ACR-MCR,S5,1012,late,data,cost,0.814278822961891,4146
ACR-MCR,S5,1012,late,data,delay,0.8005306319343946,4146
ACR-MCR,S5,1013,warmup,probe,cost,0.90125,800
ACR-MCR,S5,1013,warmup,probe,delay,0.8875,800
ACR-MCR,S5,1013,warmup,data,cost,0.8955773955773956,814
ACR-MCR,S5,1013,warmup,data,delay,0.8845208845208845,814
ACR-MCR,S5,1013,early,probe,cost,0.8978571428571429,1400
ACR-MCR,S5,1013,early,probe,delay,0.8985714285714286,1400
ACR-MCR,S5,1013,early,data,cost,0.8670634920634921,1512
ACR-MCR,S5,1013,early,data,delay,0.8597883597883598,1512
ACR-MCR,S5,1013,middle,probe,cost,0.9066745422327229,1693
ACR-MCR,S5,1013,middle,probe,delay,0.9013585351447135,1693
ACR-MCR,S5,1013,middle,data,cost,0.8359532446594116,2481
ACR-MCR,S5,1013,middle,data,delay,0.8105602579604998,2481
ACR-MCR,S5,1013,late,probe,cost,0.8942953020134228,1788
ACR-MCR,S5,1013,late,probe,delay,0.8982102908277405,1788
ACR-MCR,S5,1013,late,data,cost,0.8423707440100883,3965
ACR-MCR,S5,1013,late,data,delay,0.8272383354350568,3965
ACR-MCR,S5,1014,warmup,probe,cost,0.90625,800
ACR-MCR,S5,1014,warmup,probe,delay,0.905,800
ACR-MCR,S5,1014,warmup,data,cost,0.8890243902439025,820
ACR-MCR,S5,1014,warmup,data,delay,0.8792682926829268,820
ACR-MCR,S5,1014,early,probe,cost,0.8971428571428571,1400
ACR-MCR,S5,1014,early,probe,delay,0.8978571428571429,1400
ACR-MCR,S5,1014,early,data,cost,0.8729508196721312,1464
ACR-MCR,S5,1014,early,data,delay,0.8681693989071039,1464
ACR-MCR,S5,1014,middle,probe,cost,0.9046793760831889,1731
ACR-MCR,S5,1014,middle,probe,delay,0.901790872328134,1731
ACR-MCR,S5,1014,middle,data,cost,0.8207091055600322,2482
ACR-MCR,S5,1014,middle,data,delay,0.7771958098307816,2482
ACR-MCR,S5,1014,late,probe,cost,0.9002169197396963,1844
ACR-MCR,S5,1014,late,probe,delay,0.9023861171366594,1844
ACR-MCR,S5,1014,late,data,cost,0.8226239921817737,4093
ACR-MCR,S5,1014,late,data,delay,0.8174932812118251,4093
ACR-MCR,S5,1015,warmup,probe,cost,0.89,800
ACR-MCR,S5,1015,warmup,probe,delay,0.8975,800
ACR-MCR,S5,1015,warmup,data,cost,0.8878048780487805,820
ACR-MCR,S5,1015,warmup,data,delay,0.8804878048780488,820
ACR-MCR,S5,1015,early,probe,cost,0.9028571428571428,1400
ACR-MCR,S5,1015,early,probe,delay,0.9035714285714286,1400
ACR-MCR,S5,1015,early,data,cost,0.8695350451075642,1441
ACR-MCR,S5,1015,early,data,delay,0.8660652324774463,1441
ACR-MCR,S5,1015,middle,probe,cost,0.9037900874635568,1715
ACR-MCR,S5,1015,middle,probe,delay,0.8979591836734694,1715
ACR-MCR,S5,1015,middle,data,cost,0.851417004048583,2470
ACR-MCR,S5,1015,middle,data,delay,0.7983805668016194,2470
ACR-MCR,S5,1015,late,probe,cost,0.898469387755102,1960
ACR-MCR,S5,1015,late,probe,delay,0.9025510204081633,1960
ACR-MCR,S5,1015,late,data,cost,0.8141148325358851,4180
ACR-MCR,S5,1015,late,data,delay,0.7818181818181819,4180
ACR-MCR,S5,1016,warmup,probe,cost,0.91625,800
ACR-MCR,S5,1016,warmup,probe,delay,0.915,800
ACR-MCR,S5,1016,warmup,data,cost,0.884004884004884,819
ACR-MCR,S5,1016,warmup,data,delay,0.8803418803418803,819
ACR-MCR,S5,1016,early,probe,cost,0.9035714285714286,1400
ACR-MCR,S5,1016,early,probe,delay,0.9035714285714286,1400
ACR-MCR,S5,1016,early,data,cost,0.878581173260573,1466
ACR-MCR,S5,1016,early,data,delay,0.8710777626193724,1466
ACR-MCR,S5,1016,middle,probe,cost,0.9015634047481181,1727
ACR-MCR,S5,1016,middle,probe,delay,0.8998262883613202,1727
ACR-MCR,S5,1016,middle,data,cost,0.8330714846818539,2546
ACR-MCR,S5,1016,middle,data,delay,0.7926158680282797,2546
ACR-MCR,S5,1016,late,probe,cost,0.894681411269089,1899
ACR-MCR,S5,1016,late,probe,delay,0.8973143759873617,1899
ACR-MCR,S5,1016,late,data,cost,0.8316400580551524,4134
ACR-MCR,S5,1016,late,data,delay,0.8258345428156749,4134
ACR-MCR,S5,1017,warmup,probe,cost,0.895,800
ACR-MCR,S5,1017,warmup,probe,delay,0.89875,800
ACR-MCR,S5,1017,warmup,data,cost,0.8776009791921665,817
ACR-MCR,S5,1017,warmup,data,delay,0.8788249694002448,817
ACR-MCR,S5,1017,early,probe,cost,0.9,1400
ACR-MCR,S5,1017,early,probe,delay,0.9,1400
ACR-MCR,S5,1017,early,data,cost,0.8762816131237184,1463
ACR-MCR,S5,1017,early,data,delay,0.8796992481203008,1463
ACR-MCR,S5,1017,middle,probe,cost,0.9079328314997105,1727
ACR-MCR,S5,1017,middle,probe,delay,0.903300521134916,1727
ACR-MCR,S5,1017,middle,data,cost,0.8401956787607012,2453
ACR-MCR,S5,1017,middle,data,delay,0.8022829188748472,2453
ACR-MCR,S5,1017,late,probe,cost,0.8898678414096917,2043
ACR-MCR,S5,1017,late,probe,delay,0.8942731277533039,2043
ACR-MCR,S5,1017,late,data,cost,0.8057536852116025,4206
ACR-MCR,S5,1017,late,data,delay,0.7829291488349976,4206
ACR-MCR,S5,1018,warmup,probe,cost,0.89875,800
ACR-MCR,S5,1018,warmup,probe,delay,0.895,800
ACR-MCR,S5,1018,warmup,data,cost,0.9,810
ACR-MCR,S5,1018,warmup,data,delay,0.891358024691358,810
ACR-MCR,S5,1018,early,probe,cost,0.9028571428571428,1400
ACR-MCR,S5,1018,early,probe,delay,0.8992857142857142,1400
ACR-MCR,S5,1018,early,data,cost,0.8831710709318498,1438
ACR-MCR,S5,1018,early,data,delay,0.8796940194714882,1438
ACR-MCR,S5,1018,middle,probe,cost,0.9013271783035199,1733
ACR-MCR,S5,1018,middle,probe,delay,0.8995960761684939,1733
ACR-MCR,S5,1018,middle,data,cost,0.8274193548387097,2480
ACR-MCR,S5,1018,middle,data,delay,0.782258064516129,2480
ACR-MCR,S5,1018,late,probe,cost,0.8946802794196669,1861
ACR-MCR,S5,1018,late,probe,delay,0.8995163890381516,1861
ACR-MCR,S5,1018,late,data,cost,0.838646872718423,4109
ACR-MCR,S5,1018,late,data,delay,0.8264784619128742,4109
ACR-MCR,S5,1019,warmup,probe,cost,0.885,800
ACR-MCR,S5,1019,warmup,probe,delay,0.89,800
ACR-MCR,S5,1019,warmup,data,cost,0.8775,800
ACR-MCR,S5,1019,warmup,data,delay,0.87625,800
ACR-MCR,S5,1019,early,probe,cost,0.8942857142857142,1400
ACR-MCR,S5,1019,early,probe,delay,0.8957142857142857,1400
ACR-MCR,S5,1019,early,data,cost,0.8756944444444444,1440
ACR-MCR,S5,1019,early,data,delay,0.8736111111111111,1440
ACR-MCR,S5,1019,middle,probe,cost,0.9056712962962963,1728
ACR-MCR,S5,1019,middle,probe,delay,0.8993055555555556,1728
ACR-MCR,S5,1019,middle,data,cost,0.8356275303643724,2470
ACR-MCR,S5,1019,middle,data,delay,0.8048582995951417,2470
ACR-MCR,S5,1019,late,probe,cost,0.8982957669048928,1819
ACR-MCR,S5,1019,late,probe,delay,0.9010445299615173,1819
ACR-MCR,S5,1019,late,data,cost,0.8042828685258964,4016
ACR-MCR,S5,1019,late,data,delay,0.8037848605577689,4016
ACR-MCR,S5,1020,warmup,probe,cost,0.90625,800
ACR-MCR,S5,1020,warmup,probe,delay,0.90875,800
ACR-MCR,S5,1020,warmup,data,cost,0.87125,800
ACR-MCR,S5,1020,warmup,data,delay,0.875,800
ACR-MCR,S5,1020,early,probe,cost,0.8985714285714286,1400
ACR-MCR,S5,1020,early,probe,delay,0.9,1400
ACR-MCR,S5,1020,early,data,cost,0.8847989093387867,1467
ACR-MCR,S5,1020,early,data,delay,0.869120654396728,1467
ACR-MCR,S5,1020,middle,probe,cost,0.9085118702953098,1727
ACR-MCR,S5,1020,middle,probe,delay,0.9015634047481181,1727
ACR-MCR,S5,1020,middle,data,cost,0.8321986383660392,2497
ACR-MCR,S5,1020,middle,data,delay,0.8009611533840608,2497
ACR-MCR,S5,1020,late,probe,cost,0.8934637159032424,1943
ACR-MCR,S5,1020,late,probe,delay,0.8991250643335049,1943
ACR-MCR,S5,1020,late,data,cost,0.810418648905804,4204
ACR-MCR,S5,1020,late,data,delay,0.8042340627973359,4204
ACR-MCR,S5,1021,warmup,probe,cost,0.8875,800
ACR-MCR,S5,1021,warmup,probe,delay,0.88,800
ACR-MCR,S5,1021,warmup,data,cost,0.8817073170731707,820
ACR-MCR,S5,1021,warmup,data,delay,0.8731707317073171,820
ACR-MCR,S5,1021,early,probe,cost,0.8971428571428571,1400
ACR-MCR,S5,1021,early,probe,delay,0.8978571428571429,1400
ACR-MCR,S5,1021,early,data,cost,0.869120654396728,1467
ACR-MCR,S5,1021,early,data,delay,0.858214042263122,1467
ACR-MCR,S5,1021,middle,probe,cost,0.9084014002333722,1714
ACR-MCR,S5,1021,middle,probe,delay,0.9072345390898483,1714
ACR-MCR,S5,1021,middle,data,cost,0.8477742448330684,2516
ACR-MCR,S5,1021,middle,data,delay,0.8127980922098569,2516
ACR-MCR,S5,1021,late,probe,cost,0.8942105263157895,1900
ACR-MCR,S5,1021,late,probe,delay,0.8957894736842106,1900
ACR-MCR,S5,1021,late,data,cost,0.8159613059250302,4135
ACR-MCR,S5,1021,late,data,delay,0.7944377267230955,4135
ACR-MCR,S5,1022,warmup,probe,cost,0.895,800
ACR-MCR,S5,1022,warmup,probe,delay,0.89875,800
ACR-MCR,S5,1022,warmup,data,cost,0.8800489596083231,817
ACR-MCR,S5,1022,warmup,data,delay,0.8849449204406364,817
ACR-MCR,S5,1022,early,probe,cost,0.8985714285714286,1400
ACR-MCR,S5,1022,early,probe,delay,0.9007142857142857,1400
ACR-MCR,S5,1022,early,data,cost,0.8735475051264525,1463
ACR-MCR,S5,1022,early,data,delay,0.8680792891319207,1463
ACR-MCR,S5,1022,middle,probe,cost,0.9012202208018594,1721
ACR-MCR,S5,1022,middle,probe,delay,0.8983149331783846,1721
ACR-MCR,S5,1022,middle,data,cost,0.8579409417398244,2506
ACR-MCR,S5,1022,middle,data,delay,0.8160415003990423,2506
ACR-MCR,S5,1022,late,probe,cost,0.9024264326277749,1937
ACR-MCR,S5,1022,late,probe,delay,0.9044914816726898,1937
ACR-MCR,S5,1022,late,data,cost,0.8534606205250597,4190
ACR-MCR,S5,1022,late,data,delay,0.8281622911694511,4190
ACR-MCR,S5,1023,warmup,probe,cost,0.88875,800
ACR-MCR,S5,1023,warmup,probe,delay,0.88875,800
ACR-MCR,S5,1023,warmup,data,cost,0.8822085889570552,815
ACR-MCR,S5,1023,warmup,data,delay,0.8785276073619632,815
ACR-MCR,S5,1023,early,probe,cost,0.9,1400
ACR-MCR,S5,1023,early,probe,delay,0.8971428571428571,1400
ACR-MCR,S5,1023,early,data,cost,0.8734610123119015,1462
ACR-MCR,S5,1023,early,data,delay,0.8700410396716827,1462
ACR-MCR,S5,1023,middle,probe,cost,0.9071387115496228,1723
ACR-MCR,S5,1023,middle,probe,delay,0.9071387115496228,1723
ACR-MCR,S5,1023,middle,data,cost,0.8221597751906865,2491
ACR-MCR,S5,1023,middle,data,delay,0.7832195905258932,2491
ACR-MCR,S5,1023,late,probe,cost,0.8966395112016293,1964
ACR-MCR,S5,1023,late,probe,delay,0.8961303462321792,1964
ACR-MCR,S5,1023,late,data,cost,0.7978825794032723,4156
ACR-MCR,S5,1023,late,data,delay,0.7877767083734359,4156
ACR-MCR,S5,1024,warmup,probe,cost,0.88375,800
ACR-MCR,S5,1024,warmup,probe,delay,0.8775,800
ACR-MCR,S5,1024,warmup,data,cost,0.9034564958283671,839
ACR-MCR,S5,1024,warmup,data,delay,0.8939213349225268,839
ACR-MCR,S5,1024,early,probe,cost,0.8964285714285715,1400
ACR-MCR,S5,1024,early,probe,delay,0.8971428571428571,1400
ACR-MCR,S5,1024,early,data,cost,0.8737931034482759,1450
ACR-MCR,S5,1024,early,data,delay,0.8662068965517241,1450
ACR-MCR,S5,1024,middle,probe,cost,0.9015725101921956,1717
ACR-MCR,S5,1024,middle,probe,delay,0.900990099009901,1717
ACR-MCR,S5,1024,middle,data,cost,0.8563357546408394,2478
ACR-MCR,S5,1024,middle,data,delay,0.8151735270379338,2478
ACR-MCR,S5,1024,late,probe,cost,0.8964646464646465,1980
ACR-MCR,S5,1024,late,probe,delay,0.8984848484848484,1980
ACR-MCR,S5,1024,late,data,cost,0.8371816234229945,4201
ACR-MCR,S5,1024,late,data,delay,0.8157581528207569,4201
ACR-MCR,S5,1025,warmup,probe,cost,0.91125,800
ACR-MCR,S5,1025,warmup,probe,delay,0.8975,800
ACR-MCR,S5,1025,warmup,data,cost,0.9024691358024691,810
ACR-MCR,S5,1025,warmup,data,delay,0.891358024691358,810
ACR-MCR,S5,1025,early,probe,cost,0.8914285714285715,1400
ACR-MCR,S5,1025,early,probe,delay,0.8935714285714286,1400
ACR-MCR,S5,1025,early,data,cost,0.8738922972051807,1467
ACR-MCR,S5,1025,early,data,delay,0.8704839809134287,1467
ACR-MCR,S5,1025,middle,probe,cost,0.9063042220936958,1729
ACR-MCR,S5,1025,middle,probe,delay,0.9016772700983228,1729
ACR-MCR,S5,1025,middle,data,cost,0.8496,2500
ACR-MCR,S5,1025,middle,data,delay,0.8212,2500
ACR-MCR,S5,1025,late,probe,cost,0.9025667888947093,1909
ACR-MCR,S5,1025,late,probe,delay,0.9025667888947093,1909
ACR-MCR,S5,1025,late,data,cost,0.8211776108553429,4127
ACR-MCR,S5,1025,late,data,delay,0.7988853889023504,4127
ACR-MCR,S5,1026,warmup,probe,cost,0.88875,800
ACR-MCR,S5,1026,warmup,probe,delay,0.885,800
ACR-MCR,S5,1026,warmup,data,cost,0.8899521531100478,836
ACR-MCR,S5,1026,warmup,data,delay,0.8851674641148325,836
ACR-MCR,S5,1026,early,probe,cost,0.9035714285714286,1400
ACR-MCR,S5,1026,early,probe,delay,0.9028571428571428,1400
ACR-MCR,S5,1026,early,data,cost,0.8913934426229508,1464
ACR-MCR,S5,1026,early,data,delay,0.880464480874317,1464
ACR-MCR,S5,1026,middle,probe,cost,0.9002320185614849,1724
ACR-MCR,S5,1026,middle,probe,delay,0.8967517401392111,1724
ACR-MCR,S5,1026,middle,data,cost,0.8473495416500598,2509
ACR-MCR,S5,1026,middle,data,delay,0.8019131127939418,2509
ACR-MCR,S5,1026,late,probe,cost,0.896889400921659,1736
ACR-MCR,S5,1026,late,probe,delay,0.9043778801843319,1736
ACR-MCR,S5,1026,late,data,cost,0.838029956841838,3939
ACR-MCR,S5,1026,late,data,delay,0.8245747651688246,3939
ACR-MCR,S5,1027,warmup,probe,cost,0.8975,800
ACR-MCR,S5,1027,warmup,probe,delay,0.89625,800
ACR-MCR,S5,1027,warmup,data,cost,0.89,800
ACR-MCR,S5,1027,warmup,data,delay,0.885,800
ACR-MCR,S5,1027,early,probe,cost,0.9035714285714286,1400
ACR-MCR,S5,1027,early,probe,delay,0.8992857142857142,1400
ACR-MCR,S5,1027,early,data,cost,0.8755129958960328,1462
ACR-MCR,S5,1027,early,data,delay,0.872093023255814,1462
ACR-MCR,S5,1027,middle,probe,cost,0.8989023685730791,1731
ACR-MCR,S5,1027,middle,probe,delay,0.901790872328134,1731
ACR-MCR,S5,1027,middle,data,cost,0.8304,2500
ACR-MCR,S5,1027,middle,data,delay,0.7936,2500
ACR-MCR,S5,1027,late,probe,cost,0.8964824120603015,1990
ACR-MCR,S5,1027,late,probe,delay,0.8974874371859296,1990
ACR-MCR,S5,1027,late,data,cost,0.8134364427259546,4138
ACR-MCR,S5,1027,late,data,delay,0.7870952150797487,4138
ACR-MCR,S5,1028,warmup,probe,cost,0.895,800
ACR-MCR,S5,1028,warmup,probe,delay,0.8975,800
ACR-MCR,S5,1028,warmup,data,cost,0.8997555012224939,818
ACR-MCR,S5,1028,warmup,data,delay,0.8985330073349633,818
ACR-MCR,S5,1028,early,probe,cost,0.8985714285714286,1400
ACR-MCR,S5,1028,early,probe,delay,0.8957142857142857,1400
ACR-MCR,S5,1028,early,data,cost,0.8788083953960731,1477
ACR-MCR,S5,1028,early,data,delay,0.8727149627623562,1477
ACR-MCR,S5,1028,middle,probe,cost,0.9027617951668585,1738
ACR-MCR,S5,1028,middle,probe,delay,0.9021864211737629,1738
ACR-MCR,S5,1028,middle,data,cost,0.826383319967923,2494
ACR-MCR,S5,1028,middle,data,delay,0.8063352044907779,2494
ACR-MCR,S5,1028,late,probe,cost,0.9005087620124365,1769
ACR-MCR,S5,1028,late,probe,delay,0.9016393442622951,1769
ACR-MCR,S5,1028,late,data,cost,0.8408295852073963,4002
ACR-MCR,S5,1028,late,data,delay,0.823088455772114,4002
ACR-MCR,S5,1029,warmup,probe,cost,0.88375,800
ACR-MCR,S5,1029,warmup,probe,delay,0.8875,800
ACR-MCR,S5,1029,warmup,data,cost,0.8864197530864197,810
ACR-MCR,S5,1029,warmup,data,delay,0.8802469135802469,810
ACR-MCR,S5,1029,early,probe,cost,0.9,1400
ACR-MCR,S5,1029,early,probe,delay,0.9035714285714286,1400
ACR-MCR,S5,1029,early,data,cost,0.8623670212765957,1504
ACR-MCR,S5,1029,early,data,delay,0.8523936170212766,1504
ACR-MCR,S5,1029,middle,probe,cost,0.89988358556461,1718
ACR-MCR,S5,1029,middle,probe,delay,0.8958090803259604,1718
ACR-MCR,S5,1029,middle,data,cost,0.8633466135458168,2510
ACR-MCR,S5,1029,middle,data,delay,0.8282868525896414,2510
ACR-MCR,S5,1029,late,probe,cost,0.8958660387231816,1911
ACR-MCR,S5,1029,late,probe,delay,0.8979591836734694,1911
ACR-MCR,S5,1029,late,data,cost,0.8135838150289018,4152
ACR-MCR,S5,1029,late,data,delay,0.8027456647398844,4152
FROZEN-CP,S1,1000,warmup,probe,cost,0.88125,800
FROZEN-CP,S1,1000,warmup,probe,delay,0.88,800
FROZEN-CP,S1,1000,warmup,data,cost,0.8864197530864197,810
FROZEN-CP,S1,1000,warmup,data,delay,0.8851851851851852,810
FROZEN-CP,S1,1000,early,probe,cost,0.9321428571428572,1400
FROZEN-CP,S1,1000,early,probe,delay,0.9264285714285714,1400
FROZEN-CP,S1,1000,early,data,cost,0.90499306518724,1442
FROZEN-CP,S1,1000,early,data,delay,0.8952843273231623,1442
FROZEN-CP,S1,1000,middle,probe,cost,0.88,1800
FROZEN-CP,S1,1000,middle,probe,delay,0.8766666666666667,1800
FROZEN-CP,S1,1000,middle,data,cost,0.7993579454253612,1869
FROZEN-CP,S1,1000,middle,data,delay,0.7881219903691814,1869
FROZEN-CP,S1,1000,late,probe,cost,0.8098620977852069,2393
FROZEN-CP,S1,1000,late,probe,delay,0.8035938152946093,2393
FROZEN-CP,S1,1000,late,data,cost,0.695829926410466,2446
FROZEN-CP,S1,1000,late,data,delay,0.6749795584627964,2446
FROZEN-CP,S1,1001,warmup,probe,cost,0.89625,800
FROZEN-CP,S1,1001,warmup,probe,delay,0.89625,800
FROZEN-CP,S1,1001,warmup,data,cost,0.905982905982906,819
FROZEN-CP,S1,1001,warmup,data,delay,0.8925518925518926,819
FROZEN-CP,S1,1001,early,probe,cost,0.8978571428571429,1400
FROZEN-CP,S1,1001,early,probe,delay,0.8971428571428571,1400
FROZEN-CP,S1,1001,early,data,cost,0.8615279672578445,1466
FROZEN-CP,S1,1001,early,data,delay,0.8628922237380627,1466
FROZEN-CP,S1,1001,middle,probe,cost,0.8238888888888889,1800
FROZEN-CP,S1,1001,middle,probe,delay,0.8188888888888889,1800
FROZEN-CP,S1,1001,middle,data,cost,0.7647058823529411,1853
FROZEN-CP,S1,1001,middle,data,delay,0.7587695628710199,1853
FROZEN-CP,S1,1001,late,probe,cost,0.7730034722222222,2304
FROZEN-CP,S1,1001,late,probe,delay,0.7599826388888888,2304
FROZEN-CP,S1,1001,late,data,cost,0.6292601828761429,2406
FROZEN-CP,S1,1001,late,data,delay,0.6097256857855362,2406
FROZEN-CP,S1,1002,warmup,probe,cost,0.90375,800
FROZEN-CP,S1,1002,warmup,probe,delay,0.91,800
FROZEN-CP,S1,1002,warmup,data,cost,0.9169719169719169,819
FROZEN-CP,S1,1002,warmup,data,delay,0.9084249084249084,819
FROZEN-CP,S1,1002,early,probe,cost,0.9028571428571428,1400
FROZEN-CP,S1,1002,early,probe,delay,0.9042857142857142,1400
FROZEN-CP,S1,1002,early,data,cost,0.8754325259515571,1445
FROZEN-CP,S1,1002,early,data,delay,0.8705882352941177,1445
FROZEN-CP,S1,1002,middle,probe,cost,0.8505555555555555,1800
FROZEN-CP,S1,1002,middle,probe,delay,0.8411111111111111,1800
FROZEN-CP,S1,1002,middle,data,cost,0.7768729641693811,1842
FROZEN-CP,S1,1002,middle,data,delay,0.761672095548317,1842
FROZEN-CP,S1,1002,late,probe,cost,0.7800522648083623,2296
FROZEN-CP,S1,1002,late,probe,delay,0.76698606271777,2296
FROZEN-CP,S1,1002,late,data,cost,0.6291060291060291,2405
FROZEN-CP,S1,1002,late,data,delay,0.6,2405
FROZEN-CP,S1,1003,warmup,probe,cost,0.88375,800
FROZEN-CP,S1,1003,warmup,probe,delay,0.8775,800
FROZEN-CP,S1,1003,warmup,data,cost,0.8975308641975308,810
FROZEN-CP,S1,1003,warmup,data,delay,0.8901234567901235,810
FROZEN-CP,S1,1003,early,probe,cost,0.9157142857142857,1400
FROZEN-CP,S1,1003,early,probe,delay,0.9035714285714286,1400
FROZEN-CP,S1,1003,early,data,cost,0.9011299435028248,1416
FROZEN-CP,S1,1003,early,data,delay,0.8877118644067796,1416
FROZEN-CP,S1,1003,middle,probe,cost,0.8638888888888889,1800
FROZEN-CP,S1,1003,middle,probe,delay,0.8555555555555555,1800
FROZEN-CP,S1,1003,middle,data,cost,0.7961476725521669,1869
FROZEN-CP,S1,1003,middle,data,delay,0.7800963081861958,1869
FROZEN-CP,S1,1003,late,probe,cost,0.8019508057675997,2358
FROZEN-CP,S1,1003,late,probe,delay,0.77735368956743,2358
FROZEN-CP,S1,1003,late,data,cost,0.6794238683127573,2430
FROZEN-CP,S1,1003,late,data,delay,0.660082304526749,2430
FROZEN-CP,S1,1004,warmup,probe,cost,0.9025,800
FROZEN-CP,S1,1004,warmup,probe,delay,0.89625,800
FROZEN-CP,S1,1004,warmup,data,cost,0.8733087330873309,813
FROZEN-CP,S1,1004,warmup,data,delay,0.8585485854858549,813
FROZEN-CP,S1,1004,early,probe,cost,0.8892857142857142,1400
FROZEN-CP,S1,1004,early,probe,delay,0.9007142857142857,1400
FROZEN-CP,S1,1004,early,data,cost,0.8778785764131193,1433
FROZEN-CP,S1,1004,early,data,delay,0.8750872295882763,1433
FROZEN-CP,S1,1004,middle,probe,cost,0.8333333333333334,1800
FROZEN-CP,S1,1004,middle,probe,delay,0.8327777777777777,1800
FROZEN-CP,S1,1004,middle,data,cost,0.7688961392060902,1839
FROZEN-CP,S1,1004,middle,data,delay,0.766721044045677,1839
FROZEN-CP,S1,1004,late,probe,cost,0.7748783724015922,2261
FROZEN-CP,S1,1004,late,probe,delay,0.7770897832817337,2261
FROZEN-CP,S1,1004,late,data,cost,0.6498516320474778,2359
FROZEN-CP,S1,1004,late,data,delay,0.6443408223823655,2359
FROZEN-CP,S1,1005,warmup,probe,cost,0.895,800
FROZEN-CP,S1,1005,warmup,probe,delay,0.9025,800
FROZEN-CP,S1,1005,warmup,data,cost,0.8594132029339854,818
FROZEN-CP,S1,1005,warmup,data,delay,0.8533007334963325,818
FROZEN-CP,S1,1005,early,probe,cost,0.885,1400
FROZEN-CP,S1,1005,early,probe,delay,0.8685714285714285,1400
FROZEN-CP,S1,1005,early,data,cost,0.8542678695350451,1441
FROZEN-CP,S1,1005,early,data,delay,0.8383067314365025,1441
FROZEN-CP,S1,1005,middle,probe,cost,0.8266666666666667,1800
FROZEN-CP,S1,1005,middle,probe,delay,0.8083333333333333,1800
FROZEN-CP,S1,1005,middle,data,cost,0.7665753424657534,1825
FROZEN-CP,S1,1005,middle,data,delay,0.7468493150684932,1825
FROZEN-CP,S1,1005,late,probe,cost,0.7588410737111205,2347
FROZEN-CP,S1,1005,late,probe,delay,0.7256071580741372,2347
FROZEN-CP,S1,1005,late,data,cost,0.6614754098360656,2440
FROZEN-CP,S1,1005,late,data,delay,0.6303278688524591,2440
FROZEN-CP,S1,1006,warmup,probe,cost,0.91375,800
FROZEN-CP,S1,1006,warmup,probe,delay,0.90375,800
FROZEN-CP,S1,1006,warmup,data,cost,0.8878048780487805,820
FROZEN-CP,S1,1006,warmup,data,delay,0.875609756097561,820
FROZEN-CP,S1,1006,early,probe,cost,0.8842857142857142,1400
FROZEN-CP,S1,1006,early,probe,delay,0.8857142857142857,1400
FROZEN-CP,S1,1006,early,data,cost,0.8591065292096219,1455
FROZEN-CP,S1,1006,early,data,delay,0.8577319587628865,1455
FROZEN-CP,S1,1006,middle,probe,cost,0.8138888888888889,1800
FROZEN-CP,S1,1006,middle,probe,delay,0.81,1800
FROZEN-CP,S1,1006,middle,data,cost,0.7591792656587473,1852
FROZEN-CP,S1,1006,middle,data,delay,0.7543196544276458,1852
FROZEN-CP,S1,1006,late,probe,cost,0.7469473684210526,2375
FROZEN-CP,S1,1006,late,probe,delay,0.7275789473684211,2375
FROZEN-CP,S1,1006,late,data,cost,0.6208724011414595,2453
FROZEN-CP,S1,1006,late,data,delay,0.6066041581736649,2453
FROZEN-CP,S1,1007,warmup,probe,cost,0.89625,800
FROZEN-CP,S1,1007,warmup,probe,delay,0.89875,800
FROZEN-CP,S1,1007,warmup,data,cost,0.8848920863309353,834
FROZEN-CP,S1,1007,warmup,data,delay,0.8597122302158273,834
FROZEN-CP,S1,1007,early,probe,cost,0.9085714285714286,1400
FROZEN-CP,S1,1007,early,probe,delay,0.9071428571428571,1400
FROZEN-CP,S1,1007,early,data,cost,0.8625429553264605,1455
FROZEN-CP,S1,1007,early,data,delay,0.8549828178694158,1455
FROZEN-CP,S1,1007,middle,probe,cost,0.8527777777777777,1800
FROZEN-CP,S1,1007,middle,probe,delay,0.8466666666666667,1800
FROZEN-CP,S1,1007,middle,data,cost,0.778969957081545,1864
FROZEN-CP,S1,1007,middle,data,delay,0.7671673819742489,1864
FROZEN-CP,S1,1007,late,probe,cost,0.7938501515807709,2309
FROZEN-CP,S1,1007,late,probe,delay,0.7856214811606756,2309
FROZEN-CP,S1,1007,late,data,cost,0.694710537276135,2401
FROZEN-CP,S1,1007,late,data,delay,0.6730528946272386,2401
FROZEN-CP,S1,1008,warmup,probe,cost,0.88875,800
FROZEN-CP,S1,1008,warmup,probe,delay,0.89625,800
FROZEN-CP,S1,1008,warmup,data,cost,0.8963051251489869,839
FROZEN-CP,S1,1008,warmup,data,delay,0.8903456495828367,839
FROZEN-CP,S1,1008,early,probe,cost,0.905,1400
FROZEN-CP,S1,1008,early,probe,delay,0.8957142857142857,1400
FROZEN-CP,S1,1008,early,data,cost,0.8787465940054496,1468
FROZEN-CP,S1,1008,early,data,delay,0.8719346049046321,1468
FROZEN-CP,S1,1008,middle,probe,cost,0.8594444444444445,1800
FROZEN-CP,S1,1008,middle,probe,delay,0.8438888888888889,1800
FROZEN-CP,S1,1008,middle,data,cost,0.8127320954907162,1885
FROZEN-CP,S1,1008,middle,data,delay,0.7968169761273209,1885
FROZEN-CP,S1,1008,late,probe,cost,0.8150943396226416,2385
FROZEN-CP,S1,1008,late,probe,delay,0.7886792452830189,2385
FROZEN-CP,S1,1008,late,data,cost,0.6973415132924335,2445
FROZEN-CP,S1,1008,late,data,delay,0.6695296523517382,2445
FROZEN-CP,S1,1009,warmup,probe,cost,0.9025,800
FROZEN-CP,S1,1009,warmup,probe,delay,0.9,800
FROZEN-CP,S1,1009,warmup,data,cost,0.894993894993895,819
FROZEN-CP,S1,1009,warmup,data,delay,0.8803418803418803,819
FROZEN-CP,S1,1009,early,probe,cost,0.8785714285714286,1400
FROZEN-CP,S1,1009,early,probe,delay,0.8678571428571429,1400
FROZEN-CP,S1,1009,early,data,cost,0.8737060041407867,1449
FROZEN-CP,S1,1009,early,data,delay,0.865424430641822,1449
FROZEN-CP,S1,1009,middle,probe,cost,0.8283333333333334,1800
FROZEN-CP,S1,1009,middle,probe,delay,0.8122222222222222,1800
FROZEN-CP,S1,1009,middle,data,cost,0.7776016904384575,1893
FROZEN-CP,S1,1009,middle,data,delay,0.7633386159535129,1893
FROZEN-CP,S1,1009,late,probe,cost,0.759748427672956,2385
FROZEN-CP,S1,1009,late,probe,delay,0.7337526205450734,2385
FROZEN-CP,S1,1009,late,data,cost,0.6690533015115354,2514
FROZEN-CP,S1,1009,late,data,delay,0.6435958631662689,2514
FROZEN-CP,S1,1010,warmup,probe,cost,0.895,800
FROZEN-CP,S1,1010,warmup,probe,delay,0.89,800
FROZEN-CP,S1,1010,warmup,data,cost,0.875453446191052,827
FROZEN-CP,S1,1010,warmup,data,delay,0.8730350665054414,827
FROZEN-CP,S1,1010,early,probe,cost,0.8678571428571429,1400
FROZEN-CP,S1,1010,early,probe,delay,0.87,1400
FROZEN-CP,S1,1010,early,data,cost,0.8561782579338285,1481
FROZEN-CP,S1,1010,early,data,delay,0.8561782579338285,1481
FROZEN-CP,S1,1010,middle,probe,cost,0.8172222222222222,1800
FROZEN-CP,S1,1010,middle,probe,delay,0.8255555555555556,1800
FROZEN-CP,S1,1010,middle,data,cost,0.7743616466909848,1919
FROZEN-CP,S1,1010,middle,data,delay,0.7743616466909848,1919
FROZEN-CP,S1,1010,late,probe,cost,0.7381703470031545,2219
FROZEN-CP,S1,1010,late,probe,delay,0.7372690401081569,2219
FROZEN-CP,S1,1010,late,data,cost,0.6804338756779308,2397
FROZEN-CP,S1,1010,late,data,delay,0.6708385481852316,2397
FROZEN-CP,S1,1011,warmup,probe,cost,0.8825,800
FROZEN-CP,S1,1011,warmup,probe,delay,0.8925,800
FROZEN-CP,S1,1011,warmup,data,cost,0.8876678876678876,819
FROZEN-CP,S1,1011,warmup,data,delay,0.8852258852258852,819
FROZEN-CP,S1,1011,early,probe,cost,0.9092857142857143,1400
FROZEN-CP,S1,1011,early,probe,delay,0.9078571428571428,1400
FROZEN-CP,S1,1011,early,data,cost,0.8944141689373297,1468
FROZEN-CP,S1,1011,early,data,delay,0.8910081743869209,1468
FROZEN-CP,S1,1011,middle,probe,cost,0.8572222222222222,1800
FROZEN-CP,S1,1011,middle,probe,delay,0.8588888888888889,1800
FROZEN-CP,S1,1011,middle,data,cost,0.8218514531754575,1858
FROZEN-CP,S1,1011,middle,data,delay,0.8153928955866523,1858
FROZEN-CP,S1,1011,late,probe,cost,0.8251158870627897,2373
FROZEN-CP,S1,1011,late,probe,delay,0.8255372945638433,2373
FROZEN-CP,S1,1011,late,data,cost,0.7318663406682967,2454
FROZEN-CP,S1,1011,late,data,delay,0.7180114099429503,2454
FROZEN-CP,S1,1012,warmup,probe,cost,0.89875,800
FROZEN-CP,S1,1012,warmup,probe,delay,0.895,800
FROZEN-CP,S1,1012,warmup,data,cost,0.8682926829268293,820
FROZEN-CP,S1,1012,warmup,data,delay,0.8658536585365854,820
FROZEN-CP,S1,1012,early,probe,cost,0.8957142857142857,1400
FROZEN-CP,S1,1012,early,probe,delay,0.8821428571428571,1400
FROZEN-CP,S1,1012,early,data,cost,0.8751743375174338,1434
FROZEN-CP,S1,1012,early,data,delay,0.8577405857740585,1434
FROZEN-CP,S1,1012,middle,probe,cost,0.8177777777777778,1800
FROZEN-CP,S1,1012,middle,probe,delay,0.7961111111111111,1800
FROZEN-CP,S1,1012,middle,data,cost,0.7760303687635575,1844
FROZEN-CP,S1,1012,middle,data,delay,0.7472885032537961,1844
FROZEN-CP,S1,1012,late,probe,cost,0.7504244482173175,2356
FROZEN-CP,S1,1012,late,probe,delay,0.7224108658743633,2356
FROZEN-CP,S1,1012,late,data,cost,0.6447748864105741,2421
FROZEN-CP,S1,1012,late,data,delay,0.5947955390334573,2421
FROZEN-CP,S1,1013,warmup,probe,cost,0.90125,800
FROZEN-CP,S1,1013,warmup,probe,delay,0.8875,800
FROZEN-CP,S1,1013,warmup,data,cost,0.8955773955773956,814
FROZEN-CP,S1,1013,warmup,data,delay,0.8845208845208845,814
FROZEN-CP,S1,1013,early,probe,cost,0.8978571428571429,1400
FROZEN-CP,S1,1013,early,probe,delay,0.9085714285714286,1400
FROZEN-CP,S1,1013,early,data,cost,0.8681102362204725,1524
FROZEN-CP,S1,1013,early,data,delay,0.8628608923884514,1524
FROZEN-CP,S1,1013,middle,probe,cost,0.8483333333333334,1800
FROZEN-CP,S1,1013,middle,probe,delay,0.8422222222222222,1800
FROZEN-CP,S1,1013,middle,data,cost,0.7820990942994139,1877
FROZEN-CP,S1,1013,middle,data,delay,0.7810335641981886,1877
FROZEN-CP,S1,1013,late,probe,cost,0.7948490230905861,2252
FROZEN-CP,S1,1013,late,probe,delay,0.7948490230905861,2252
FROZEN-CP,S1,1013,late,data,cost,0.7002079002079002,2405
FROZEN-CP,S1,1013,late,data,delay,0.693970893970894,2405
FROZEN-CP,S1,1014,warmup,probe,cost,0.90625,800
FROZEN-CP,S1,1014,warmup,probe,delay,0.905,800
FROZEN-CP,S1,1014,warmup,data,cost,0.8890243902439025,820
FROZEN-CP,S1,1014,warmup,data,delay,0.8792682926829268,820
FROZEN-CP,S1,1014,early,probe,cost,0.8871428571428571,1400
FROZEN-CP,S1,1014,early,probe,delay,0.89,1400
FROZEN-CP,S1,1014,early,data,cost,0.8767313019390581,1444
FROZEN-CP,S1,1014,early,data,delay,0.8753462603878116,1444
FROZEN-CP,S1,1014,middle,probe,cost,0.8377777777777777,1800
FROZEN-CP,S1,1014,middle,probe,delay,0.8388888888888889,1800
FROZEN-CP,S1,1014,middle,data,cost,0.7608695652173914,1886
FROZEN-CP,S1,1014,middle,data,delay,0.749204665959703,1886
FROZEN-CP,S1,1014,late,probe,cost,0.7625,2400
FROZEN-CP,S1,1014,late,probe,delay,0.76125,2400
FROZEN-CP,S1,1014,late,data,cost,0.6614394853236831,2487
FROZEN-CP,S1,1014,late,data,delay,0.6449537595496582,2487
FROZEN-CP,S1,1015,warmup,probe,cost,0.89,800
FROZEN-CP,S1,1015,warmup,probe,delay,0.8975,800
FROZEN-CP,S1,1015,warmup,data,cost,0.8878048780487805,820
FROZEN-CP,S1,1015,warmup,data,delay,0.8804878048780488,820
FROZEN-CP,S1,1015,early,probe,cost,0.8914285714285715,1400
FROZEN-CP,S1,1015,early,probe,delay,0.8892857142857142,1400
FROZEN-CP,S1,1015,early,data,cost,0.8496503496503497,1430
FROZEN-CP,S1,1015,early,data,delay,0.8468531468531468,1430
FROZEN-CP,S1,1015,middle,probe,cost,0.8266666666666667,1800
FROZEN-CP,S1,1015,middle,probe,delay,0.8161111111111111,1800
FROZEN-CP,S1,1015,middle,data,cost,0.7867883995703545,1862
FROZEN-CP,S1,1015,middle,data,delay,0.780343716433942,1862
FROZEN-CP,S1,1015,late,probe,cost,0.77875,2400
FROZEN-CP,S1,1015,late,probe,delay,0.7575,2400
FROZEN-CP,S1,1015,late,data,cost,0.6659819227608874,2434
FROZEN-CP,S1,1015,late,data,delay,0.6507806080525883,2434
FROZEN-CP,S1,1016,warmup,probe,cost,0.91625,800
FROZEN-CP,S1,1016,warmup,probe,delay,0.915,800
FROZEN-CP,S1,1016,warmup,data,cost,0.884004884004884,819
FROZEN-CP,S1,1016,warmup,data,delay,0.8803418803418803,819
FROZEN-CP,S1,1016,early,probe,cost,0.8935714285714286,1400
FROZEN-CP,S1,1016,early,probe,delay,0.8892857142857142,1400
FROZEN-CP,S1,1016,early,data,cost,0.8486111111111111,1440
FROZEN-CP,S1,1016,early,data,delay,0.8486111111111111,1440
FROZEN-CP,S1,1016,middle,probe,cost,0.8355555555555556,1800
FROZEN-CP,S1,1016,middle,probe,delay,0.8283333333333334,1800
FROZEN-CP,S1,1016,middle,data,cost,0.7908847184986595,1865
FROZEN-CP,S1,1016,middle,data,delay,0.7806970509383379,1865
FROZEN-CP,S1,1016,late,probe,cost,0.7689829728485964,2173
FROZEN-CP,S1,1016,late,probe,delay,0.7491946617579384,2173
FROZEN-CP,S1,1016,late,data,cost,0.6764831412718737,2343
FROZEN-CP,S1,1016,late,data,delay,0.6568501920614597,2343
FROZEN-CP,S1,1017,warmup,probe,cost,0.895,800
FROZEN-CP,S1,1017,warmup,probe,delay,0.89875,800
FROZEN-CP,S1,1017,warmup,data,cost,0.8776009791921665,817
FROZEN-CP,S1,1017,warmup,data,delay,0.8788249694002448,817
FROZEN-CP,S1,1017,early,probe,cost,0.885,1400
FROZEN-CP,S1,1017,early,probe,delay,0.8885714285714286,1400
FROZEN-CP,S1,1017,early,data,cost,0.8799720865317515,1433
FROZEN-CP,S1,1017,early,data,delay,0.8771807397069086,1433
FROZEN-CP,S1,1017,middle,probe,cost,0.82,1800
FROZEN-CP,S1,1017,middle,probe,delay,0.8272222222222222,1800
FROZEN-CP,S1,1017,middle,data,cost,0.7649294245385451,1842
FROZEN-CP,S1,1017,middle,data,delay,0.762214983713355,1842
FROZEN-CP,S1,1017,late,probe,cost,0.7587681779298546,2338
FROZEN-CP,S1,1017,late,probe,delay,0.7613344739093242,2338
FROZEN-CP,S1,1017,late,data,cost,0.6531380753138075,2390
FROZEN-CP,S1,1017,late,data,delay,0.6426778242677824,2390
FROZEN-CP,S1,1018,warmup,probe,cost,0.89875,800
FROZEN-CP,S1,1018,warmup,probe,delay,0.895,800
FROZEN-CP,S1,1018,warmup,data,cost,0.9,810
FROZEN-CP,S1,1018,warmup,data,delay,0.891358024691358,810
FROZEN-CP,S1,1018,early,probe,cost,0.9178571428571428,1400
FROZEN-CP,S1,1018,early,probe,delay,0.9021428571428571,1400
FROZEN-CP,S1,1018,early,data,cost,0.8927576601671309,1436
FROZEN-CP,S1,1018,early,data,delay,0.8837047353760445,1436
FROZEN-CP,S1,1018,middle,probe,cost,0.8588888888888889,1800
FROZEN-CP,S1,1018,middle,probe,delay,0.8411111111111111,1800
FROZEN-CP,S1,1018,middle,data,cost,0.8027027027027027,1850
FROZEN-CP,S1,1018,middle,data,delay,0.78,1850
FROZEN-CP,S1,1018,late,probe,cost,0.8109153416415986,2327
FROZEN-CP,S1,1018,late,probe,delay,0.7864202836269876,2327
FROZEN-CP,S1,1018,late,data,cost,0.705955334987593,2418
FROZEN-CP,S1,1018,late,data,delay,0.6683209263854425,2418
FROZEN-CP,S1,1019,warmup,probe,cost,0.885,800
FROZEN-CP,S1,1019,warmup,probe,delay,0.89,800
FROZEN-CP,S1,1019,warmup,data,cost,0.8775,800
FROZEN-CP,S1,1019,warmup,data,delay,0.87625,800
FROZEN-CP,S1,1019,early,probe,cost,0.8921428571428571,1400
FROZEN-CP,S1,1019,early,probe,delay,0.8864285714285715,1400
FROZEN-CP,S1,1019,early,data,cost,0.8745692625775328,1451
FROZEN-CP,S1,1019,early,data,delay,0.870434183321847,1451
FROZEN-CP,S1,1019,middle,probe,cost,0.8238888888888889,1800
FROZEN-CP,S1,1019,middle,probe,delay,0.8188888888888889,1800
FROZEN-CP,S1,1019,middle,data,cost,0.7750677506775068,1845
FROZEN-CP,S1,1019,middle,data,delay,0.7626016260162601,1845
FROZEN-CP,S1,1019,late,probe,cost,0.7891666666666667,2400
FROZEN-CP,S1,1019,late,probe,delay,0.7733333333333333,2400
FROZEN-CP,S1,1019,late,data,cost,0.6302658486707566,2445
FROZEN-CP,S1,1019,late,data,delay,0.6053169734151329,2445
FROZEN-CP,S1,1020,warmup,probe,cost,0.90625,800
FROZEN-CP,S1,1020,warmup,probe,delay,0.90875,800
FROZEN-CP,S1,1020,warmup,data,cost,0.87125,800
FROZEN-CP,S1,1020,warmup,data,delay,0.875,800
FROZEN-CP,S1,1020,early,probe,cost,0.8807142857142857,1400
FROZEN-CP,S1,1020,early,probe,delay,0.8857142857142857,1400
FROZEN-CP,S1,1020,early,data,cost,0.8644428672817601,1409
FROZEN-CP,S1,1020,early,data,delay,0.8623136976579134,1409
FROZEN-CP,S1,1020,middle,probe,cost,0.8038888888888889,1800
FROZEN-CP,S1,1020,middle,probe,delay,0.8072222222222222,1800
FROZEN-CP,S1,1020,middle,data,cost,0.7642857142857142,1820
FROZEN-CP,S1,1020,middle,data,delay,0.7576923076923077,1820
FROZEN-CP,S1,1020,late,probe,cost,0.7532351628737171,2241
FROZEN-CP,S1,1020,late,probe,delay,0.750111557340473,2241
FROZEN-CP,S1,1020,late,data,cost,0.6236831015592078,2373
FROZEN-CP,S1,1020,late,data,delay,0.6089338390223346,2373
FROZEN-CP,S1,1021,warmup,probe,cost,0.8875,800
FROZEN-CP,S1,1021,warmup,probe,delay,0.88,800
FROZEN-CP,S1,1021,warmup,data,cost,0.8817073170731707,820
FROZEN-CP,S1,1021,warmup,data,delay,0.8731707317073171,820
FROZEN-CP,S1,1021,early,probe,cost,0.895,1400
FROZEN-CP,S1,1021,early,probe,delay,0.91,1400
FROZEN-CP,S1,1021,early,data,cost,0.878808864265928,1444
FROZEN-CP,S1,1021,early,data,delay,0.8767313019390581,1444
FROZEN-CP,S1,1021,middle,probe,cost,0.8338888888888889,1800
FROZEN-CP,S1,1021,middle,probe,delay,0.8355555555555556,1800
FROZEN-CP,S1,1021,middle,data,cost,0.7514698022447889,1871
FROZEN-CP,S1,1021,middle,data,delay,0.7573490112239444,1871
FROZEN-CP,S1,1021,late,probe,cost,0.773058773058773,2331
FROZEN-CP,S1,1021,late,probe,delay,0.7803517803517803,2331
FROZEN-CP,S1,1021,late,data,cost,0.6351684470008216,2434
FROZEN-CP,S1,1021,late,data,delay,0.6248972884141332,2434
FROZEN-CP,S1,1022,warmup,probe,cost,0.895,800
FROZEN-CP,S1,1022,warmup,probe,delay,0.89875,800
FROZEN-CP,S1,1022,warmup,data,cost,0.8800489596083231,817
FROZEN-CP,S1,1022,warmup,data,delay,0.8849449204406364,817
FROZEN-CP,S1,1022,early,probe,cost,0.9128571428571428,1400
FROZEN-CP,S1,1022,early,probe,delay,0.9085714285714286,1400
FROZEN-CP,S1,1022,early,data,cost,0.8905160390516039,1434
FROZEN-CP,S1,1022,early,data,delay,0.8884239888423989,1434
FROZEN-CP,S1,1022,middle,probe,cost,0.8438888888888889,1800
FROZEN-CP,S1,1022,middle,probe,delay,0.8427777777777777,1800
FROZEN-CP,S1,1022,middle,data,cost,0.7706666666666667,1875
FROZEN-CP,S1,1022,middle,data,delay,0.7514666666666666,1875
FROZEN-CP,S1,1022,late,probe,cost,0.7791333613798906,2377
FROZEN-CP,S1,1022,late,probe,delay,0.7686159023979806,2377
FROZEN-CP,S1,1022,late,data,cost,0.6586558044806518,2455
FROZEN-CP,S1,1022,late,data,delay,0.6313645621181263,2455
FROZEN-CP,S1,1023,warmup,probe,cost,0.88875,800
FROZEN-CP,S1,1023,warmup,probe,delay,0.88875,800
FROZEN-CP,S1,1023,warmup,data,cost,0.8822085889570552,815
FROZEN-CP,S1,1023,warmup,data,delay,0.8785276073619632,815
FROZEN-CP,S1,1023,early,probe,cost,0.9064285714285715,1400
FROZEN-CP,S1,1023,early,probe,delay,0.8985714285714286,1400
FROZEN-CP,S1,1023,early,data,cost,0.8898954703832752,1435
FROZEN-CP,S1,1023,early,data,delay,0.8815331010452961,1435
FROZEN-CP,S1,1023,middle,probe,cost,0.8633333333333333,1800
FROZEN-CP,S1,1023,middle,probe,delay,0.8483333333333334,1800
FROZEN-CP,S1,1023,middle,data,cost,0.8186753528773073,1842
FROZEN-CP,S1,1023,middle,data,delay,0.7953311617806732,1842
FROZEN-CP,S1,1023,late,probe,cost,0.793233082706767,2394
FROZEN-CP,S1,1023,late,probe,delay,0.7673350041771094,2394
FROZEN-CP,S1,1023,late,data,cost,0.6754422048539696,2431
FROZEN-CP,S1,1023,late,data,delay,0.6458247634718223,2431
FROZEN-CP,S1,1024,warmup,probe,cost,0.88375,800
FROZEN-CP,S1,1024,warmup,probe,delay,0.8775,800
FROZEN-CP,S1,1024,warmup,data,cost,0.9034564958283671,839
FROZEN-CP,S1,1024,warmup,data,delay,0.8939213349225268,839
FROZEN-CP,S1,1024,early,probe,cost,0.9085714285714286,1400
FROZEN-CP,S1,1024,early,probe,delay,0.9071428571428571,1400
FROZEN-CP,S1,1024,early,data,cost,0.8905712319339298,1453
FROZEN-CP,S1,1024,early,data,delay,0.8830006882312457,1453
FROZEN-CP,S1,1024,middle,probe,cost,0.8644444444444445,1800
FROZEN-CP,S1,1024,middle,probe,delay,0.8538888888888889,1800
FROZEN-CP,S1,1024,middle,data,cost,0.7970378496982995,1823
FROZEN-CP,S1,1024,middle,data,delay,0.7877125617114646,1823
FROZEN-CP,S1,1024,late,probe,cost,0.8141554494138081,2303
FROZEN-CP,S1,1024,late,probe,delay,0.803300043421624,2303
FROZEN-CP,S1,1024,late,data,cost,0.7114345114345114,2405
FROZEN-CP,S1,1024,late,data,delay,0.6943866943866944,2405
FROZEN-CP,S1,1025,warmup,probe,cost,0.91125,800
FROZEN-CP,S1,1025,warmup,probe,delay,0.8975,800
FROZEN-CP,S1,1025,warmup,data,cost,0.9024691358024691,810
FROZEN-CP,S1,1025,warmup,data,delay,0.891358024691358,810
FROZEN-CP,S1,1025,early,probe,cost,0.8985714285714286,1400
FROZEN-CP,S1,1025,early,probe,delay,0.8835714285714286,1400
FROZEN-CP,S1,1025,early,data,cost,0.8657123381049762,1467
FROZEN-CP,S1,1025,early,data,delay,0.8602590320381731,1467
FROZEN-CP,S1,1025,middle,probe,cost,0.8194444444444444,1800
FROZEN-CP,S1,1025,middle,probe,delay,0.8022222222222222,1800
FROZEN-CP,S1,1025,middle,data,cost,0.7838125665601704,1878
FROZEN-CP,S1,1025,middle,data,delay,0.759318423855165,1878
FROZEN-CP,S1,1025,late,probe,cost,0.7450549450549451,2275
FROZEN-CP,S1,1025,late,probe,delay,0.7182417582417583,2275
FROZEN-CP,S1,1025,late,data,cost,0.5894780447390223,2414
FROZEN-CP,S1,1025,late,data,delay,0.5650372825186413,2414
FROZEN-CP,S1,1026,warmup,probe,cost,0.88875,800
FROZEN-CP,S1,1026,warmup,probe,delay,0.885,800
FROZEN-CP,S1,1026,warmup,data,cost,0.8899521531100478,836
FROZEN-CP,S1,1026,warmup,data,delay,0.8851674641148325,836
FROZEN-CP,S1,1026,early,probe,cost,0.9014285714285715,1400
FROZEN-CP,S1,1026,early,probe,delay,0.9,1400
FROZEN-CP,S1,1026,early,data,cost,0.8851674641148325,1463
FROZEN-CP,S1,1026,early,data,delay,0.8796992481203008,1463
FROZEN-CP,S1,1026,middle,probe,cost,0.8555555555555555,1800
FROZEN-CP,S1,1026,middle,probe,delay,0.85,1800
FROZEN-CP,S1,1026,middle,data,cost,0.8247750132345156,1889
FROZEN-CP,S1,1026,middle,data,delay,0.8078348332451032,1889
FROZEN-CP,S1,1026,late,probe,cost,0.8322784810126582,2212
FROZEN-CP,S1,1026,late,probe,delay,0.8137432188065099,2212
FROZEN-CP,S1,1026,late,data,cost,0.7019756200084069,2379
FROZEN-CP,S1,1026,late,data,delay,0.6780159730979403,2379
FROZEN-CP,S1,1027,warmup,probe,cost,0.8975,800
FROZEN-CP,S1,1027,warmup,probe,delay,0.89625,800
FROZEN-CP,S1,1027,warmup,data,cost,0.89,800
FROZEN-CP,S1,1027,warmup,data,delay,0.885,800
FROZEN-CP,S1,1027,early,probe,cost,0.8957142857142857,1400
FROZEN-CP,S1,1027,early,probe,delay,0.8957142857142857,1400
FROZEN-CP,S1,1027,early,data,cost,0.8615916955017301,1445
FROZEN-CP,S1,1027,early,data,delay,0.859515570934256,1445
FROZEN-CP,S1,1027,middle,probe,cost,0.8222222222222222,1800
FROZEN-CP,S1,1027,middle,probe,delay,0.8222222222222222,1800
FROZEN-CP,S1,1027,middle,data,cost,0.7539466521502449,1837
FROZEN-CP,S1,1027,middle,data,delay,0.7425149700598802,1837
FROZEN-CP,S1,1027,late,probe,cost,0.7538060026098303,2299
FROZEN-CP,S1,1027,late,probe,delay,0.7542409743366681,2299
FROZEN-CP,S1,1027,late,data,cost,0.6520650813516896,2397
FROZEN-CP,S1,1027,late,data,delay,0.639549436795995,2397
FROZEN-CP,S1,1028,warmup,probe,cost,0.895,800
FROZEN-CP,S1,1028,warmup,probe,delay,0.8975,800
FROZEN-CP,S1,1028,warmup,data,cost,0.8997555012224939,818
FROZEN-CP,S1,1028,warmup,data,delay,0.8985330073349633,818
FROZEN-CP,S1,1028,early,probe,cost,0.9035714285714286,1400
FROZEN-CP,S1,1028,early,probe,delay,0.9164285714285715,1400
FROZEN-CP,S1,1028,early,data,cost,0.8606271777003485,1435
FROZEN-CP,S1,1028,early,data,delay,0.8571428571428571,1435
FROZEN-CP,S1,1028,middle,probe,cost,0.8455555555555555,1800
FROZEN-CP,S1,1028,middle,probe,delay,0.845,1800
FROZEN-CP,S1,1028,middle,data,cost,0.8114842903575298,1846
FROZEN-CP,S1,1028,middle,data,delay,0.8028169014084507,1846
FROZEN-CP,S1,1028,late,probe,cost,0.8149955634427685,2254
FROZEN-CP,S1,1028,late,probe,delay,0.8203194321206744,2254
FROZEN-CP,S1,1028,late,data,cost,0.7262895174708819,2404
FROZEN-CP,S1,1028,late,data,delay,0.7158901830282862,2404
FROZEN-CP,S1,1029,warmup,probe,cost,0.88375,800
FROZEN-CP,S1,1029,warmup,probe,delay,0.8875,800
FROZEN-CP,S1,1029,warmup,data,cost,0.8864197530864197,810
FROZEN-CP,S1,1029,warmup,data,delay,0.8802469135802469,810
FROZEN-CP,S1,1029,early,probe,cost,0.9064285714285715,1400
FROZEN-CP,S1,1029,early,probe,delay,0.9057142857142857,1400
FROZEN-CP,S1,1029,early,data,cost,0.883623693379791,1435
FROZEN-CP,S1,1029,early,data,delay,0.8773519163763066,1435
FROZEN-CP,S1,1029,middle,probe,cost,0.8516666666666667,1800
FROZEN-CP,S1,1029,middle,probe,delay,0.8333333333333334,1800
FROZEN-CP,S1,1029,middle,data,cost,0.8074837310195228,1844
FROZEN-CP,S1,1029,middle,data,delay,0.7950108459869848,1844
FROZEN-CP,S1,1029,late,probe,cost,0.7848812095032397,2315
FROZEN-CP,S1,1029,late,probe,delay,0.7676025917926566,2315
FROZEN-CP,S1,1029,late,data,cost,0.6754457050243112,2468
FROZEN-CP,S1,1029,late,data,delay,0.6539708265802269,2468
FROZEN-CP,S2,1000,warmup,probe,cost,0.88125,800
FROZEN-CP,S2,1000,warmup,probe,delay,0.88,800
FROZEN-CP,S2,1000,warmup,data,cost,0.8864197530864197,810
FROZEN-CP,S2,1000,warmup,data,delay,0.8851851851851852,810
FROZEN-CP,S2,1000,early,probe,cost,0.9321428571428572,1400
FROZEN-CP,S2,1000,early,probe,delay,0.9271428571428572,1400
FROZEN-CP,S2,1000,early,data,cost,0.9063800277392511,1442
FROZEN-CP,S2,1000,early,data,delay,0.8966712898751734,1442
FROZEN-CP,S2,1000,middle,probe,cost,0.7444444444444445,1800
FROZEN-CP,S2,1000,middle,probe,delay,0.7277777777777777,1800
FROZEN-CP,S2,1000,middle,data,cost,0.5505376344086022,1860
FROZEN-CP,S2,1000,middle,data,delay,0.5301075268817205,1860
FROZEN-CP,S2,1000,late,probe,cost,0.9549812421842434,2399
FROZEN-CP,S2,1000,late,probe,delay,0.9553980825343893,2399
FROZEN-CP,S2,1000,late,data,cost,0.8939034045922407,2526
FROZEN-CP,S2,1000,late,data,delay,0.8883610451306413,2526
FROZEN-CP,S2,1001,warmup,probe,cost,0.89625,800
FROZEN-CP,S2,1001,warmup,probe,delay,0.89625,800
FROZEN-CP,S2,1001,warmup,data,cost,0.905982905982906,819
FROZEN-CP,S2,1001,warmup,data,delay,0.8925518925518926,819
FROZEN-CP,S2,1001,early,probe,cost,0.8992857142857142,1400
FROZEN-CP,S2,1001,early,probe,delay,0.8985714285714286,1400
FROZEN-CP,S2,1001,early,data,cost,0.8615279672578445,1466
FROZEN-CP,S2,1001,early,data,delay,0.8628922237380627,1466
FROZEN-CP,S2,1001,middle,probe,cost,0.6685361749859787,1783
FROZEN-CP,S2,1001,middle,probe,delay,0.6432978126752664,1783
FROZEN-CP,S2,1001,middle,data,cost,0.5743756786102063,1842
FROZEN-CP,S2,1001,middle,data,delay,0.5575461454940283,1842
FROZEN-CP,S2,1001,late,probe,cost,0.9330889092575618,2182
FROZEN-CP,S2,1001,late,probe,delay,0.9358386801099908,2182
FROZEN-CP,S2,1001,late,data,cost,0.8865808059825508,2407
FROZEN-CP,S2,1001,late,data,delay,0.8770253427503116,2407
FROZEN-CP,S2,1002,warmup,probe,cost,0.90375,800
FROZEN-CP,S2,1002,warmup,probe,delay,0.91,800
FROZEN-CP,S2,1002,warmup,data,cost,0.9169719169719169,819
FROZEN-CP,S2,1002,warmup,data,delay,0.9084249084249084,819
FROZEN-CP,S2,1002,early,probe,cost,0.9028571428571428,1400
FROZEN-CP,S2,1002,early,probe,delay,0.9057142857142857,1400
FROZEN-CP,S2,1002,early,data,cost,0.8768166089965398,1445
FROZEN-CP,S2,1002,early,data,delay,0.8726643598615917,1445
FROZEN-CP,S2,1002,middle,probe,cost,0.6861111111111111,1800
FROZEN-CP,S2,1002,middle,probe,delay,0.6588888888888889,1800
FROZEN-CP,S2,1002,middle,data,cost,0.5386277687736358,1851
FROZEN-CP,S2,1002,middle,data,delay,0.5067531064289573,1851
FROZEN-CP,S2,1002,late,probe,cost,0.9363327674023769,2356
FROZEN-CP,S2,1002,late,probe,delay,0.9384550084889643,2356
FROZEN-CP,S2,1002,late,data,cost,0.8886663996796156,2497
FROZEN-CP,S2,1002,late,data,delay,0.881858229875851,2497
FROZEN-CP,S2,1003,warmup,probe,cost,0.88375,800
FROZEN-CP,S2,1003,warmup,probe,delay,0.8775,800
FROZEN-CP,S2,1003,warmup,data,cost,0.8975308641975308,810
FROZEN-CP,S2,1003,warmup,data,delay,0.8901234567901235,810
FROZEN-CP,S2,1003,early,probe,cost,0.9157142857142857,1400
FROZEN-CP,S2,1003,early,probe,delay,0.9035714285714286,1400
FROZEN-CP,S2,1003,early,data,cost,0.903954802259887,1416
FROZEN-CP,S2,1003,early,data,delay,0.8905367231638418,1416
FROZEN-CP,S2,1003,middle,probe,cost,0.7227777777777777,1800
FROZEN-CP,S2,1003,middle,probe,delay,0.6894444444444444,1800
FROZEN-CP,S2,1003,middle,data,cost,0.5948745910577972,1834
FROZEN-CP,S2,1003,middle,data,delay,0.5583424209378408,1834
FROZEN-CP,S2,1003,late,probe,cost,0.9430272108843537,2352
FROZEN-CP,S2,1003,late,probe,delay,0.9383503401360545,2352
FROZEN-CP,S2,1003,late,data,cost,0.9020639417239984,2471
FROZEN-CP,S2,1003,late,data,delay,0.896398219344395,2471
FROZEN-CP,S2,1004,warmup,probe,cost,0.9025,800
FROZEN-CP,S2,1004,warmup,probe,delay,0.89625,800
FROZEN-CP,S2,1004,warmup,data,cost,0.8733087330873309,813
FROZEN-CP,S2,1004,warmup,data,delay,0.8585485854858549,813
FROZEN-CP,S2,1004,early,probe,cost,0.8914285714285715,1400
FROZEN-CP,S2,1004,early,probe,delay,0.9021428571428571,1400
FROZEN-CP,S2,1004,early,data,cost,0.8792742498255408,1433
FROZEN-CP,S2,1004,early,data,delay,0.8764829030006979,1433
FROZEN-CP,S2,1004,middle,probe,cost,0.6677777777777778,1800
FROZEN-CP,S2,1004,middle,probe,delay,0.6483333333333333,1800
FROZEN-CP,S2,1004,middle,data,cost,0.5432639649507119,1826
FROZEN-CP,S2,1004,middle,data,delay,0.5268346111719606,1826
FROZEN-CP,S2,1004,late,probe,cost,0.9361233480176211,2270
FROZEN-CP,S2,1004,late,probe,delay,0.9449339207048458,2270
FROZEN-CP,S2,1004,late,data,cost,0.8898026315789473,2432
FROZEN-CP,S2,1004,late,data,delay,0.8926809210526315,2432
FROZEN-CP,S2,1005,warmup,probe,cost,0.895,800
FROZEN-CP,S2,1005,warmup,probe,delay,0.9025,800
FROZEN-CP,S2,1005,warmup,data,cost,0.8594132029339854,818
FROZEN-CP,S2,1005,warmup,data,delay,0.8533007334963325,818
FROZEN-CP,S2,1005,early,probe,cost,0.8885714285714286,1400
FROZEN-CP,S2,1005,early,probe,delay,0.8721428571428571,1400
FROZEN-CP,S2,1005,early,data,cost,0.8549618320610687,1441
FROZEN-CP,S2,1005,early,data,delay,0.8396946564885496,1441
FROZEN-CP,S2,1005,middle,probe,cost,0.6688888888888889,1800
FROZEN-CP,S2,1005,middle,probe,delay,0.6211111111111111,1800
FROZEN-CP,S2,1005,middle,data,cost,0.5455537370430987,1833
FROZEN-CP,S2,1005,middle,data,delay,0.5117294053464266,1833
FROZEN-CP,S2,1005,late,probe,cost,0.9295833333333333,2400
FROZEN-CP,S2,1005,late,probe,delay,0.92375,2400
FROZEN-CP,S2,1005,late,data,cost,0.8828093099224174,2449
FROZEN-CP,S2,1005,late,data,delay,0.8762760310330747,2449
FROZEN-CP,S2,1006,warmup,probe,cost,0.91375,800
FROZEN-CP,S2,1006,warmup,probe,delay,0.90375,800
FROZEN-CP,S2,1006,warmup,data,cost,0.8878048780487805,820
FROZEN-CP,S2,1006,warmup,data,delay,0.875609756097561,820
FROZEN-CP,S2,1006,early,probe,cost,0.8871428571428571,1400
FROZEN-CP,S2,1006,early,probe,delay,0.8885714285714286,1400
FROZEN-CP,S2,1006,early,data,cost,0.8611683848797251,1455
FROZEN-CP,S2,1006,early,data,delay,0.8591065292096219,1455
FROZEN-CP,S2,1006,middle,probe,cost,0.6577777777777778,1800
FROZEN-CP,S2,1006,middle,probe,delay,0.6322222222222222,1800
FROZEN-CP,S2,1006,middle,data,cost,0.5405844155844156,1848
FROZEN-CP,S2,1006,middle,data,delay,0.525974025974026,1848
FROZEN-CP,S2,1006,late,probe,cost,0.9163108454312553,2342
FROZEN-CP,S2,1006,late,probe,delay,0.9244235695986337,2342
FROZEN-CP,S2,1006,late,data,cost,0.8783394985614468,2433
FROZEN-CP,S2,1006,late,data,delay,0.8808055898068229,2433
FROZEN-CP,S2,1007,warmup,probe,cost,0.89625,800
FROZEN-CP,S2,1007,warmup,probe,delay,0.89875,800
FROZEN-CP,S2,1007,warmup,data,cost,0.8848920863309353,834
FROZEN-CP,S2,1007,warmup,data,delay,0.8597122302158273,834
FROZEN-CP,S2,1007,early,probe,cost,0.9092857142857143,1400
FROZEN-CP,S2,1007,early,probe,delay,0.9092857142857143,1400
FROZEN-CP,S2,1007,early,data,cost,0.8646048109965636,1455
FROZEN-CP,S2,1007,early,data,delay,0.8570446735395189,1455
FROZEN-CP,S2,1007,middle,probe,cost,0.7144444444444444,1800
FROZEN-CP,S2,1007,middle,probe,delay,0.69,1800
FROZEN-CP,S2,1007,middle,data,cost,0.5723577235772358,1845
FROZEN-CP,S2,1007,middle,data,delay,0.5495934959349593,1845
FROZEN-CP,S2,1007,late,probe,cost,0.9353017802865827,2303
FROZEN-CP,S2,1007,late,probe,delay,0.940512375162831,2303
FROZEN-CP,S2,1007,late,data,cost,0.8975091874234381,2449
FROZEN-CP,S2,1007,late,data,delay,0.9015924867292773,2449
FROZEN-CP,S2,1008,warmup,probe,cost,0.88875,800
FROZEN-CP,S2,1008,warmup,probe,delay,0.89625,800
FROZEN-CP,S2,1008,warmup,data,cost,0.8963051251489869,839
FROZEN-CP,S2,1008,warmup,data,delay,0.8903456495828367,839
FROZEN-CP,S2,1008,early,probe,cost,0.9071428571428571,1400
FROZEN-CP,S2,1008,early,probe,delay,0.8978571428571429,1400
FROZEN-CP,S2,1008,early,data,cost,0.8787465940054496,1468
FROZEN-CP,S2,1008,early,data,delay,0.8719346049046321,1468
FROZEN-CP,S2,1008,middle,probe,cost,0.7288888888888889,1800
FROZEN-CP,S2,1008,middle,probe,delay,0.68,1800
FROZEN-CP,S2,1008,middle,data,cost,0.6242650988776055,1871
FROZEN-CP,S2,1008,middle,data,delay,0.5889898450026724,1871
FROZEN-CP,S2,1008,late,probe,cost,0.9415837299870186,2311
FROZEN-CP,S2,1008,late,probe,delay,0.9359584595413241,2311
FROZEN-CP,S2,1008,late,data,cost,0.8984627831715211,2472
FROZEN-CP,S2,1008,late,data,delay,0.8838996763754046,2472
FROZEN-CP,S2,1009,warmup,probe,cost,0.9025,800
FROZEN-CP,S2,1009,warmup,probe,delay,0.9,800
FROZEN-CP,S2,1009,warmup,data,cost,0.894993894993895,819
FROZEN-CP,S2,1009,warmup,data,delay,0.8803418803418803,819
FROZEN-CP,S2,1009,early,probe,cost,0.8792857142857143,1400
FROZEN-CP,S2,1009,early,probe,delay,0.8685714285714285,1400
FROZEN-CP,S2,1009,early,data,cost,0.8771566597653554,1449
FROZEN-CP,S2,1009,early,data,delay,0.8695652173913043,1449
FROZEN-CP,S2,1009,middle,probe,cost,0.6816666666666666,1800
FROZEN-CP,S2,1009,middle,probe,delay,0.6405555555555555,1800
FROZEN-CP,S2,1009,middle,data,cost,0.5437566702241196,1874
FROZEN-CP,S2,1009,middle,data,delay,0.5181430096051227,1874
FROZEN-CP,S2,1009,late,probe,cost,0.9259098786828422,2308
FROZEN-CP,S2,1009,late,probe,delay,0.9241767764298093,2308
FROZEN-CP,S2,1009,late,data,cost,0.8887515451174289,2427
FROZEN-CP,S2,1009,late,data,delay,0.8788627935723115,2427
FROZEN-CP,S2,1010,warmup,probe,cost,0.895,800
FROZEN-CP,S2,1010,warmup,probe,delay,0.89,800
FROZEN-CP,S2,1010,warmup,data,cost,0.875453446191052,827
FROZEN-CP,S2,1010,warmup,data,delay,0.8730350665054414,827
FROZEN-CP,S2,1010,early,probe,cost,0.8685714285714285,1400
FROZEN-CP,S2,1010,early,probe,delay,0.8714285714285714,1400
FROZEN-CP,S2,1010,early,data,cost,0.8602295746117489,1481
FROZEN-CP,S2,1010,early,data,delay,0.8602295746117489,1481
FROZEN-CP,S2,1010,middle,probe,cost,0.6396852164137156,1779
FROZEN-CP,S2,1010,middle,probe,delay,0.6267566048341765,1779
FROZEN-CP,S2,1010,middle,data,cost,0.5432098765432098,1863
FROZEN-CP,S2,1010,middle,data,delay,0.5324745034889963,1863
FROZEN-CP,S2,1010,late,probe,cost,0.9102623101702715,2173
FROZEN-CP,S2,1010,late,probe,delay,0.9167050161067648,2173
FROZEN-CP,S2,1010,late,data,cost,0.8690476190476191,2436
FROZEN-CP,S2,1010,late,data,delay,0.8669950738916257,2436
FROZEN-CP,S2,1011,warmup,probe,cost,0.8825,800
FROZEN-CP,S2,1011,warmup,probe,delay,0.8925,800
FROZEN-CP,S2,1011,warmup,data,cost,0.8876678876678876,819
FROZEN-CP,S2,1011,warmup,data,delay,0.8852258852258852,819
FROZEN-CP,S2,1011,early,probe,cost,0.9121428571428571,1400
FROZEN-CP,S2,1011,early,probe,delay,0.91,1400
FROZEN-CP,S2,1011,early,data,cost,0.8944141689373297,1468
FROZEN-CP,S2,1011,early,data,delay,0.8910081743869209,1468
FROZEN-CP,S2,1011,middle,probe,cost,0.7516666666666667,1800
FROZEN-CP,S2,1011,middle,probe,delay,0.7322222222222222,1800
FROZEN-CP,S2,1011,middle,data,cost,0.6470270270270271,1850
FROZEN-CP,S2,1011,middle,data,delay,0.6145945945945946,1850
FROZEN-CP,S2,1011,late,probe,cost,0.9458333333333333,2400
FROZEN-CP,S2,1011,late,probe,delay,0.9454166666666667,2400
FROZEN-CP,S2,1011,late,data,cost,0.908256880733945,2507
FROZEN-CP,S2,1011,late,data,delay,0.9062624650977263,2507
FROZEN-CP,S2,1012,warmup,probe,cost,0.89875,800
FROZEN-CP,S2,1012,warmup,probe,delay,0.895,800
FROZEN-CP,S2,1012,warmup,data,cost,0.8682926829268293,820
FROZEN-CP,S2,1012,warmup,data,delay,0.8658536585365854,820
FROZEN-CP,S2,1012,early,probe,cost,0.8978571428571429,1400
FROZEN-CP,S2,1012,early,probe,delay,0.8828571428571429,1400
FROZEN-CP,S2,1012,early,data,cost,0.8773519163763066,1435
FROZEN-CP,S2,1012,early,data,delay,0.8599303135888502,1435
FROZEN-CP,S2,1012,middle,probe,cost,0.6688888888888889,1800
FROZEN-CP,S2,1012,middle,probe,delay,0.6283333333333333,1800
FROZEN-CP,S2,1012,middle,data,cost,0.5460455037919827,1846
FROZEN-CP,S2,1012,middle,data,delay,0.5027085590465872,1846
FROZEN-CP,S2,1012,late,probe,cost,0.9167712254286909,2391
FROZEN-CP,S2,1012,late,probe,delay,0.9100794646591385,2391
FROZEN-CP,S2,1012,late,data,cost,0.8658833063209076,2468
FROZEN-CP,S2,1012,late,data,delay,0.8460291734197731,2468
FROZEN-CP,S2,1013,warmup,probe,cost,0.90125,800
FROZEN-CP,S2,1013,warmup,probe,delay,0.8875,800
FROZEN-CP,S2,1013,warmup,data,cost,0.8955773955773956,814
FROZEN-CP,S2,1013,warmup,data,delay,0.8845208845208845,814
FROZEN-CP,S2,1013,early,probe,cost,0.8992857142857142,1400
FROZEN-CP,S2,1013,early,probe,delay,0.91,1400
FROZEN-CP,S2,1013,early,data,cost,0.8700787401574803,1524
FROZEN-CP,S2,1013,early,data,delay,0.8648293963254593,1524
FROZEN-CP,S2,1013,middle,probe,cost,0.6983333333333334,1800
FROZEN-CP,S2,1013,middle,probe,delay,0.6866666666666666,1800
FROZEN-CP,S2,1013,middle,data,cost,0.6005333333333334,1875
FROZEN-CP,S2,1013,middle,data,delay,0.5893333333333334,1875
FROZEN-CP,S2,1013,late,probe,cost,0.9323761000463178,2159
FROZEN-CP,S2,1013,late,probe,delay,0.9407132931912923,2159
FROZEN-CP,S2,1013,late,data,cost,0.8952420701168614,2396
FROZEN-CP,S2,1013,late,data,delay,0.8969115191986644,2396
FROZEN-CP,S2,1014,warmup,probe,cost,0.90625,800
FROZEN-CP,S2,1014,warmup,probe,delay,0.905,800
FROZEN-CP,S2,1014,warmup,data,cost,0.8890243902439025,820
FROZEN-CP,S2,1014,warmup,data,delay,0.8792682926829268,820
FROZEN-CP,S2,1014,early,probe,cost,0.8892857142857142,1400
FROZEN-CP,S2,1014,early,probe,delay,0.8921428571428571,1400
FROZEN-CP,S2,1014,early,data,cost,0.8781163434903048,1444
FROZEN-CP,S2,1014,early,data,delay,0.8767313019390581,1444
FROZEN-CP,S2,1014,middle,probe,cost,0.6844444444444444,1800
FROZEN-CP,S2,1014,middle,probe,delay,0.6761111111111111,1800
FROZEN-CP,S2,1014,middle,data,cost,0.5050774986638161,1871
FROZEN-CP,S2,1014,middle,data,delay,0.4863709246392304,1871
FROZEN-CP,S2,1014,late,probe,cost,0.925245621529261,2341
FROZEN-CP,S2,1014,late,probe,delay,0.9325074754378471,2341
FROZEN-CP,S2,1014,late,data,cost,0.8724696356275303,2470
FROZEN-CP,S2,1014,late,data,delay,0.877327935222672,2470
FROZEN-CP,S2,1015,warmup,probe,cost,0.89,800
FROZEN-CP,S2,1015,warmup,probe,delay,0.8975,800
FROZEN-CP,S2,1015,warmup,data,cost,0.8878048780487805,820
FROZEN-CP,S2,1015,warmup,data,delay,0.8804878048780488,820
FROZEN-CP,S2,1015,early,probe,cost,0.8942857142857142,1400
FROZEN-CP,S2,1015,early,probe,delay,0.8921428571428571,1400
FROZEN-CP,S2,1015,early,data,cost,0.8538461538461538,1430
FROZEN-CP,S2,1015,early,data,delay,0.8510489510489511,1430
FROZEN-CP,S2,1015,middle,probe,cost,0.6972222222222222,1800
FROZEN-CP,S2,1015,middle,probe,delay,0.6638888888888889,1800
FROZEN-CP,S2,1015,middle,data,cost,0.5760869565217391,1840
FROZEN-CP,S2,1015,middle,data,delay,0.5472826086956522,1840
FROZEN-CP,S2,1015,late,probe,cost,0.92625,2400
FROZEN-CP,S2,1015,late,probe,delay,0.9291666666666667,2400
FROZEN-CP,S2,1015,late,data,cost,0.8791032826261009,2498
FROZEN-CP,S2,1015,late,data,delay,0.877502001601281,2498
FROZEN-CP,S2,1016,warmup,probe,cost,0.91625,800
FROZEN-CP,S2,1016,warmup,probe,delay,0.915,800
FROZEN-CP,S2,1016,warmup,data,cost,0.884004884004884,819
FROZEN-CP,S2,1016,warmup,data,delay,0.8803418803418803,819
FROZEN-CP,S2,1016,early,probe,cost,0.8957142857142857,1400
FROZEN-CP,S2,1016,early,probe,delay,0.8907142857142857,1400
FROZEN-CP,S2,1016,early,data,cost,0.85,1440
FROZEN-CP,S2,1016,early,data,delay,0.85,1440
FROZEN-CP,S2,1016,middle,probe,cost,0.6936122102882984,1769
FROZEN-CP,S2,1016,middle,probe,delay,0.6585641605426795,1769
FROZEN-CP,S2,1016,middle,data,cost,0.5642973412913728,1843
FROZEN-CP,S2,1016,middle,data,delay,0.5436787845903418,1843
FROZEN-CP,S2,1016,late,probe,cost,0.9242782773308093,2113
FROZEN-CP,S2,1016,late,probe,delay,0.9233317557974444,2113
FROZEN-CP,S2,1016,late,data,cost,0.8779863481228669,2344
FROZEN-CP,S2,1016,late,data,delay,0.878839590443686,2344
FROZEN-CP,S2,1017,warmup,probe,cost,0.895,800
FROZEN-CP,S2,1017,warmup,probe,delay,0.89875,800
FROZEN-CP,S2,1017,warmup,data,cost,0.8776009791921665,817
FROZEN-CP,S2,1017,warmup,data,delay,0.8788249694002448,817
FROZEN-CP,S2,1017,early,probe,cost,0.8857142857142857,1400
FROZEN-CP,S2,1017,early,probe,delay,0.8892857142857142,1400
FROZEN-CP,S2,1017,early,data,cost,0.8827634333565946,1433
FROZEN-CP,S2,1017,early,data,delay,0.8799720865317515,1433
FROZEN-CP,S2,1017,middle,probe,cost,0.6661111111111111,1800
FROZEN-CP,S2,1017,middle,probe,delay,0.6672222222222223,1800
FROZEN-CP,S2,1017,middle,data,cost,0.5560949298813377,1854
FROZEN-CP,S2,1017,middle,data,delay,0.5329018338727076,1854
FROZEN-CP,S2,1017,late,probe,cost,0.9279166666666666,2400
FROZEN-CP,S2,1017,late,probe,delay,0.9375,2400
FROZEN-CP,S2,1017,late,data,cost,0.89270043877144,2507
FROZEN-CP,S2,1017,late,data,delay,0.9002792181890706,2507
FROZEN-CP,S2,1018,warmup,probe,cost,0.89875,800
FROZEN-CP,S2,1018,warmup,probe,delay,0.895,800
FROZEN-CP,S2,1018,warmup,data,cost,0.9,810
FROZEN-CP,S2,1018,warmup,data,delay,0.891358024691358,810
FROZEN-CP,S2,1018,early,probe,cost,0.9207142857142857,1400
FROZEN-CP,S2,1018,early,probe,delay,0.9057142857142857,1400
FROZEN-CP,S2,1018,early,data,cost,0.8934540389972145,1436
FROZEN-CP,S2,1018,early,data,delay,0.8844011142061281,1436
FROZEN-CP,S2,1018,middle,probe,cost,0.7433333333333333,1800
FROZEN-CP,S2,1018,middle,probe,delay,0.705,1800
FROZEN-CP,S2,1018,middle,data,cost,0.5835616438356165,1825
FROZEN-CP,S2,1018,middle,data,delay,0.5265753424657534,1825
FROZEN-CP,S2,1018,late,probe,cost,0.9427697684578419,2289
FROZEN-CP,S2,1018,late,probe,delay,0.9410222804718218,2289
FROZEN-CP,S2,1018,late,data,cost,0.912448132780083,2410
FROZEN-CP,S2,1018,late,data,delay,0.904149377593361,2410
FROZEN-CP,S2,1019,warmup,probe,cost,0.885,800
FROZEN-CP,S2,1019,warmup,probe,delay,0.89,800
FROZEN-CP,S2,1019,warmup,data,cost,0.8775,800
FROZEN-CP,S2,1019,warmup,data,delay,0.87625,800
FROZEN-CP,S2,1019,early,probe,cost,0.8928571428571429,1400
FROZEN-CP,S2,1019,early,probe,delay,0.8878571428571429,1400
FROZEN-CP,S2,1019,early,data,cost,0.8745692625775328,1451
FROZEN-CP,S2,1019,early,data,delay,0.870434183321847,1451
FROZEN-CP,S2,1019,middle,probe,cost,0.6716666666666666,1800
FROZEN-CP,S2,1019,middle,probe,delay,0.6444444444444445,1800
FROZEN-CP,S2,1019,middle,data,cost,0.5488270594653574,1833
FROZEN-CP,S2,1019,middle,data,delay,0.536279323513366,1833
FROZEN-CP,S2,1019,late,probe,cost,0.9418150238818932,2303
FROZEN-CP,S2,1019,late,probe,delay,0.94398610508033,2303
FROZEN-CP,S2,1019,late,data,cost,0.8837111670864819,2382
FROZEN-CP,S2,1019,late,data,delay,0.8774139378673383,2382
FROZEN-CP,S2,1020,warmup,probe,cost,0.90625,800
FROZEN-CP,S2,1020,warmup,probe,delay,0.90875,800
FROZEN-CP,S2,1020,warmup,data,cost,0.87125,800
FROZEN-CP,S2,1020,warmup,data,delay,0.875,800
FROZEN-CP,S2,1020,early,probe,cost,0.8821428571428571,1400
FROZEN-CP,S2,1020,early,probe,delay,0.8871428571428571,1400
FROZEN-CP,S2,1020,early,data,cost,0.865152590489709,1409
FROZEN-CP,S2,1020,early,data,delay,0.8630234208658624,1409
FROZEN-CP,S2,1020,middle,probe,cost,0.6374301675977654,1790
FROZEN-CP,S2,1020,middle,probe,delay,0.6251396648044693,1790
FROZEN-CP,S2,1020,middle,data,cost,0.4942020982882385,1811
FROZEN-CP,S2,1020,middle,data,delay,0.4726670347874103,1811
FROZEN-CP,S2,1020,late,probe,cost,0.9280505590666018,2057
FROZEN-CP,S2,1020,late,probe,delay,0.9285367039377734,2057
FROZEN-CP,S2,1020,late,data,cost,0.8651685393258427,2314
FROZEN-CP,S2,1020,late,data,delay,0.8651685393258427,2314
FROZEN-CP,S2,1021,warmup,probe,cost,0.8875,800
FROZEN-CP,S2,1021,warmup,probe,delay,0.88,800
FROZEN-CP,S2,1021,warmup,data,cost,0.8817073170731707,820
FROZEN-CP,S2,1021,warmup,data,delay,0.8731707317073171,820
FROZEN-CP,S2,1021,early,probe,cost,0.895,1400
FROZEN-CP,S2,1021,early,probe,delay,0.91,1400
FROZEN-CP,S2,1021,early,data,cost,0.8808864265927978,1444
FROZEN-CP,S2,1021,early,data,delay,0.878808864265928,1444
FROZEN-CP,S2,1021,middle,probe,cost,0.6716666666666666,1800
FROZEN-CP,S2,1021,middle,probe,delay,0.6666666666666666,1800
FROZEN-CP,S2,1021,middle,data,cost,0.5719656283566058,1862
FROZEN-CP,S2,1021,middle,data,delay,0.5628356605800214,1862
FROZEN-CP,S2,1021,late,probe,cost,0.9347643097643098,2376
FROZEN-CP,S2,1021,late,probe,delay,0.9436026936026936,2376
FROZEN-CP,S2,1021,late,data,cost,0.8847553578649414,2473
FROZEN-CP,S2,1021,late,data,delay,0.8887990295188031,2473
FROZEN-CP,S2,1022,warmup,probe,cost,0.895,800
FROZEN-CP,S2,1022,warmup,probe,delay,0.89875,800
FROZEN-CP,S2,1022,warmup,data,cost,0.8800489596083231,817
FROZEN-CP,S2,1022,warmup,data,delay,0.8849449204406364,817
FROZEN-CP,S2,1022,early,probe,cost,0.915,1400
FROZEN-CP,S2,1022,early,probe,delay,0.9114285714285715,1400
FROZEN-CP,S2,1022,early,data,cost,0.8919107391910739,1434
FROZEN-CP,S2,1022,early,data,delay,0.8898186889818689,1434
FROZEN-CP,S2,1022,middle,probe,cost,0.6972222222222222,1800
FROZEN-CP,S2,1022,middle,probe,delay,0.6783333333333333,1800
FROZEN-CP,S2,1022,middle,data,cost,0.5642818719741797,1859
FROZEN-CP,S2,1022,middle,data,delay,0.5277030661646046,1859
FROZEN-CP,S2,1022,late,probe,cost,0.9303209459459459,2368
FROZEN-CP,S2,1022,late,probe,delay,0.9336993243243243,2368
FROZEN-CP,S2,1022,late,data,cost,0.8800489596083231,2451
FROZEN-CP,S2,1022,late,data,delay,0.8771929824561403,2451
FROZEN-CP,S2,1023,warmup,probe,cost,0.88875,800
FROZEN-CP,S2,1023,warmup,probe,delay,0.88875,800
FROZEN-CP,S2,1023,warmup,data,cost,0.8822085889570552,815
FROZEN-CP,S2,1023,warmup,data,delay,0.8785276073619632,815
FROZEN-CP,S2,1023,early,probe,cost,0.9071428571428571,1400
FROZEN-CP,S2,1023,early,probe,delay,0.8992857142857142,1400
FROZEN-CP,S2,1023,early,data,cost,0.8926829268292683,1435
FROZEN-CP,S2,1023,early,data,delay,0.8843205574912892,1435
FROZEN-CP,S2,1023,middle,probe,cost,0.7194444444444444,1800
FROZEN-CP,S2,1023,middle,probe,delay,0.685,1800
FROZEN-CP,S2,1023,middle,data,cost,0.5936298736957716,1821
FROZEN-CP,S2,1023,middle,data,delay,0.5623283909939594,1821
FROZEN-CP,S2,1023,late,probe,cost,0.9491666666666667,2400
FROZEN-CP,S2,1023,late,probe,delay,0.9425,2400
FROZEN-CP,S2,1023,late,data,cost,0.8970223325062034,2418
FROZEN-CP,S2,1023,late,data,delay,0.8933002481389578,2418
FROZEN-CP,S2,1024,warmup,probe,cost,0.88375,800
FROZEN-CP,S2,1024,warmup,probe,delay,0.8775,800
FROZEN-CP,S2,1024,warmup,data,cost,0.9034564958283671,839
FROZEN-CP,S2,1024,warmup,data,delay,0.8939213349225268,839
FROZEN-CP,S2,1024,early,probe,cost,0.91,1400
FROZEN-CP,S2,1024,early,probe,delay,0.9085714285714286,1400
FROZEN-CP,S2,1024,early,data,cost,0.8926359256710255,1453
FROZEN-CP,S2,1024,early,data,delay,0.8857536132140399,1453
FROZEN-CP,S2,1024,middle,probe,cost,0.7422222222222222,1800
FROZEN-CP,S2,1024,middle,probe,delay,0.72,1800
FROZEN-CP,S2,1024,middle,data,cost,0.6312095032397408,1852
FROZEN-CP,S2,1024,middle,data,delay,0.5950323974082073,1852
FROZEN-CP,S2,1024,late,probe,cost,0.9474826388888888,2304
FROZEN-CP,S2,1024,late,probe,delay,0.9479166666666666,2304
FROZEN-CP,S2,1024,late,data,cost,0.9115448504983389,2408
FROZEN-CP,S2,1024,late,data,delay,0.904485049833887,2408
FROZEN-CP,S2,1025,warmup,probe,cost,0.91125,800
FROZEN-CP,S2,1025,warmup,probe,delay,0.8975,800
FROZEN-CP,S2,1025,warmup,data,cost,0.9024691358024691,810
FROZEN-CP,S2,1025,warmup,data,delay,0.891358024691358,810
FROZEN-CP,S2,1025,early,probe,cost,0.9014285714285715,1400
FROZEN-CP,S2,1025,early,probe,delay,0.8864285714285715,1400
FROZEN-CP,S2,1025,early,data,cost,0.8670756646216768,1467
FROZEN-CP,S2,1025,early,data,delay,0.8616223585548739,1467
FROZEN-CP,S2,1025,middle,probe,cost,0.655,1800
FROZEN-CP,S2,1025,middle,probe,delay,0.6027777777777777,1800
FROZEN-CP,S2,1025,middle,data,cost,0.4994565217391304,1840
FROZEN-CP,S2,1025,middle,data,delay,0.46902173913043477,1840
FROZEN-CP,S2,1025,late,probe,cost,0.9216687952320136,2349
FROZEN-CP,S2,1025,late,probe,delay,0.9169859514687101,2349
FROZEN-CP,S2,1025,late,data,cost,0.8793522267206477,2470
FROZEN-CP,S2,1025,late,data,delay,0.8680161943319838,2470
FROZEN-CP,S2,1026,warmup,probe,cost,0.88875,800
FROZEN-CP,S2,1026,warmup,probe,delay,0.885,800
FROZEN-CP,S2,1026,warmup,data,cost,0.8899521531100478,836
FROZEN-CP,S2,1026,warmup,data,delay,0.8851674641148325,836
FROZEN-CP,S2,1026,early,probe,cost,0.9014285714285715,1400
FROZEN-CP,S2,1026,early,probe,delay,0.9,1400
FROZEN-CP,S2,1026,early,data,cost,0.8865345181134655,1463
FROZEN-CP,S2,1026,early,data,delay,0.8817498291182502,1463
FROZEN-CP,S2,1026,middle,probe,cost,0.7483221476510067,1788
FROZEN-CP,S2,1026,middle,probe,delay,0.7309843400447428,1788
FROZEN-CP,S2,1026,middle,data,cost,0.620893914916532,1857
FROZEN-CP,S2,1026,middle,data,delay,0.589122240172321,1857
FROZEN-CP,S2,1026,late,probe,cost,0.9384474046853468,2177
FROZEN-CP,S2,1026,late,probe,delay,0.9356913183279743,2177
FROZEN-CP,S2,1026,late,data,cost,0.8830730265934994,2369
FROZEN-CP,S2,1026,late,data,delay,0.8788518362178134,2369
FROZEN-CP,S2,1027,warmup,probe,cost,0.8975,800
FROZEN-CP,S2,1027,warmup,probe,delay,0.89625,800
FROZEN-CP,S2,1027,warmup,data,cost,0.89,800
FROZEN-CP,S2,1027,warmup,data,delay,0.885,800
FROZEN-CP,S2,1027,early,probe,cost,0.8964285714285715,1400
FROZEN-CP,S2,1027,early,probe,delay,0.8964285714285715,1400
FROZEN-CP,S2,1027,early,data,cost,0.8644536652835408,1446
FROZEN-CP,S2,1027,early,data,delay,0.8616874135546335,1446
FROZEN-CP,S2,1027,middle,probe,cost,0.6694444444444444,1800
FROZEN-CP,S2,1027,middle,probe,delay,0.6577777777777778,1800
FROZEN-CP,S2,1027,middle,data,cost,0.529539295392954,1845
FROZEN-CP,S2,1027,middle,data,delay,0.5008130081300813,1845
FROZEN-CP,S2,1027,late,probe,cost,0.9342681858019282,2282
FROZEN-CP,S2,1027,late,probe,delay,0.9395267309377738,2282
FROZEN-CP,S2,1027,late,data,cost,0.8693322341302555,2426
FROZEN-CP,S2,1027,late,data,delay,0.86479802143446,2426
FROZEN-CP,S2,1028,warmup,probe,cost,0.895,800
FROZEN-CP,S2,1028,warmup,probe,delay,0.8975,800
FROZEN-CP,S2,1028,warmup,data,cost,0.8997555012224939,818
FROZEN-CP,S2,1028,warmup,data,delay,0.8985330073349633,818
FROZEN-CP,S2,1028,early,probe,cost,0.905,1400
FROZEN-CP,S2,1028,early,probe,delay,0.9178571428571428,1400
FROZEN-CP,S2,1028,early,data,cost,0.8620209059233449,1435
FROZEN-CP,S2,1028,early,data,delay,0.8585365853658536,1435
FROZEN-CP,S2,1028,middle,probe,cost,0.7261111111111112,1800
FROZEN-CP,S2,1028,middle,probe,delay,0.7127777777777777,1800
FROZEN-CP,S2,1028,middle,data,cost,0.5721231766612642,1851
FROZEN-CP,S2,1028,middle,data,delay,0.5661804430037818,1851
FROZEN-CP,S2,1028,late,probe,cost,0.9395017793594306,2248
FROZEN-CP,S2,1028,late,probe,delay,0.947508896797153,2248
FROZEN-CP,S2,1028,late,data,cost,0.9060681629260183,2406
FROZEN-CP,S2,1028,late,data,delay,0.9093931837073982,2406
FROZEN-CP,S2,1029,warmup,probe,cost,0.88375,800
FROZEN-CP,S2,1029,warmup,probe,delay,0.8875,800
FROZEN-CP,S2,1029,warmup,data,cost,0.8864197530864197,810
FROZEN-CP,S2,1029,warmup,data,delay,0.8802469135802469,810
FROZEN-CP,S2,1029,early,probe,cost,0.9071428571428571,1400
FROZEN-CP,S2,1029,early,probe,delay,0.9064285714285715,1400
FROZEN-CP,S2,1029,early,data,cost,0.886411149825784,1435
FROZEN-CP,S2,1029,early,data,delay,0.8815331010452961,1435
FROZEN-CP,S2,1029,middle,probe,cost,0.685,1800
FROZEN-CP,S2,1029,middle,probe,delay,0.6488888888888888,1800
FROZEN-CP,S2,1029,middle,data,cost,0.6147986942328618,1838
FROZEN-CP,S2,1029,middle,data,delay,0.5674646354733406,1838
FROZEN-CP,S2,1029,late,probe,cost,0.9475555555555556,2250
FROZEN-CP,S2,1029,late,probe,delay,0.9475555555555556,2250
FROZEN-CP,S2,1029,late,data,cost,0.8960776384957542,2473
FROZEN-CP,S2,1029,late,data,delay,0.8968863728265265,2473
FROZEN-CP,S3,1000,warmup,probe,cost,0.89,800
FROZEN-CP,S3,1000,warmup,probe,delay,0.8825,800
FROZEN-CP,S3,1000,warmup,data,cost,0.8800988875154512,809
FROZEN-CP,S3,1000,warmup,data,delay,0.8627935723114957,809
FROZEN-CP,S3,1000,early,probe,cost,0.925,1400
FROZEN-CP,S3,1000,early,probe,delay,0.9264285714285714,1400
FROZEN-CP,S3,1000,early,data,cost,0.8882907133243607,1486
FROZEN-CP,S3,1000,early,data,delay,0.8842530282637954,1486
FROZEN-CP,S3,1000,middle,probe,cost,0.9283333333333333,1800
FROZEN-CP,S3,1000,middle,probe,delay,0.9188888888888889,1800
FROZEN-CP,S3,1000,middle,data,cost,0.8749540272158882,2719
FROZEN-CP,S3,1000,middle,data,delay,0.8565649135711658,2719
FROZEN-CP,S3,1000,late,probe,cost,0.9253668763102726,2385
FROZEN-CP,S3,1000,late,probe,delay,0.9127882599580712,2385
FROZEN-CP,S3,1000,late,data,cost,0.8502685284640172,4655
FROZEN-CP,S3,1000,late,data,delay,0.8251342642320086,4655
FROZEN-CP,S3,1001,warmup,probe,cost,0.89625,800
FROZEN-CP,S3,1001,warmup,probe,delay,0.895,800
FROZEN-CP,S3,1001,warmup,data,cost,0.8913308913308914,819
FROZEN-CP,S3,1001,warmup,data,delay,0.8803418803418803,819
FROZEN-CP,S3,1001,early,probe,cost,0.895,1400
FROZEN-CP,S3,1001,early,probe,delay,0.8957142857142857,1400
FROZEN-CP,S3,1001,early,data,cost,0.8662116040955632,1465
FROZEN-CP,S3,1001,early,data,delay,0.863481228668942,1465
FROZEN-CP,S3,1001,middle,probe,cost,0.8844444444444445,1800
FROZEN-CP,S3,1001,middle,probe,delay,0.8666666666666667,1800
FROZEN-CP,S3,1001,middle,data,cost,0.8527448071216617,2696
FROZEN-CP,S3,1001,middle,data,delay,0.8345697329376854,2696
FROZEN-CP,S3,1001,late,probe,cost,0.8952834270878408,2311
FROZEN-CP,S3,1001,late,probe,delay,0.8710514928602336,2311
FROZEN-CP,S3,1001,late,data,cost,0.8413808171291238,4577
FROZEN-CP,S3,1001,late,data,delay,0.8221542495084116,4577
FROZEN-CP,S3,1002,warmup,probe,cost,0.89875,800
FROZEN-CP,S3,1002,warmup,probe,delay,0.9025,800
FROZEN-CP,S3,1002,warmup,data,cost,0.9072039072039072,819
FROZEN-CP,S3,1002,warmup,data,delay,0.8986568986568987,819
FROZEN-CP,S3,1002,early,probe,cost,0.905,1400
FROZEN-CP,S3,1002,early,probe,delay,0.8978571428571429,1400
FROZEN-CP,S3,1002,early,data,cost,0.8579234972677595,1464
FROZEN-CP,S3,1002,early,data,delay,0.8497267759562842,1464
FROZEN-CP,S3,1002,middle,probe,cost,0.9088888888888889,1800
FROZEN-CP,S3,1002,middle,probe,delay,0.8861111111111111,1800
FROZEN-CP,S3,1002,middle,data,cost,0.8597718071402282,2717
FROZEN-CP,S3,1002,middle,data,delay,0.8292234081707766,2717
FROZEN-CP,S3,1002,late,probe,cost,0.9041329356625479,2347
FROZEN-CP,S3,1002,late,probe,delay,0.8747337025990626,2347
FROZEN-CP,S3,1002,late,data,cost,0.8599086360670002,4597
FROZEN-CP,S3,1002,late,data,delay,0.8318468566456385,4597
FROZEN-CP,S3,1003,warmup,probe,cost,0.8775,800
FROZEN-CP,S3,1003,warmup,probe,delay,0.88,800
FROZEN-CP,S3,1003,warmup,data,cost,0.8876543209876543,810
FROZEN-CP,S3,1003,warmup,data,delay,0.8802469135802469,810
FROZEN-CP,S3,1003,early,probe,cost,0.91,1400
FROZEN-CP,S3,1003,early,probe,delay,0.9,1400
FROZEN-CP,S3,1003,early,data,cost,0.88,1400
FROZEN-CP,S3,1003,early,data,delay,0.8642857142857143,1400
FROZEN-CP,S3,1003,middle,probe,cost,0.9172222222222223,1800
FROZEN-CP,S3,1003,middle,probe,delay,0.9005555555555556,1800
FROZEN-CP,S3,1003,middle,data,cost,0.8679743493021501,2651
FROZEN-CP,S3,1003,middle,data,delay,0.8359109769898152,2651
FROZEN-CP,S3,1003,late,probe,cost,0.9191666666666667,2400
FROZEN-CP,S3,1003,late,probe,delay,0.8883333333333333,2400
FROZEN-CP,S3,1003,late,data,cost,0.8810857389056441,4642
FROZEN-CP,S3,1003,late,data,delay,0.8610512710038777,4642
FROZEN-CP,S3,1004,warmup,probe,cost,0.90375,800
FROZEN-CP,S3,1004,warmup,probe,delay,0.89375,800
FROZEN-CP,S3,1004,warmup,data,cost,0.8646986469864698,813
FROZEN-CP,S3,1004,warmup,data,delay,0.8536285362853628,813
FROZEN-CP,S3,1004,early,probe,cost,0.8978571428571429,1400
FROZEN-CP,S3,1004,early,probe,delay,0.9064285714285715,1400
FROZEN-CP,S3,1004,early,data,cost,0.8689895470383275,1435
FROZEN-CP,S3,1004,early,data,delay,0.8682926829268293,1435
FROZEN-CP,S3,1004,middle,probe,cost,0.8972222222222223,1800
FROZEN-CP,S3,1004,middle,probe,delay,0.8805555555555555,1800
FROZEN-CP,S3,1004,middle,data,cost,0.8628252788104089,2690
FROZEN-CP,S3,1004,middle,data,delay,0.8527881040892193,2690
FROZEN-CP,S3,1004,late,probe,cost,0.9142736486486487,2368
FROZEN-CP,S3,1004,late,probe,delay,0.8931587837837838,2368
FROZEN-CP,S3,1004,late,data,cost,0.8589715773486657,4609
FROZEN-CP,S3,1004,late,data,delay,0.8422651334345845,4609
FROZEN-CP,S3,1005,warmup,probe,cost,0.895,800
FROZEN-CP,S3,1005,warmup,probe,delay,0.89375,800
FROZEN-CP,S3,1005,warmup,data,cost,0.8471882640586798,818
FROZEN-CP,S3,1005,warmup,data,delay,0.8374083129584352,818
FROZEN-CP,S3,1005,early,probe,cost,0.8871428571428571,1400
FROZEN-CP,S3,1005,early,probe,delay,0.8864285714285715,1400
FROZEN-CP,S3,1005,early,data,cost,0.8423611111111111,1440
FROZEN-CP,S3,1005,early,data,delay,0.8256944444444444,1440
FROZEN-CP,S3,1005,middle,probe,cost,0.8811111111111111,1800
FROZEN-CP,S3,1005,middle,probe,delay,0.8694444444444445,1800
FROZEN-CP,S3,1005,middle,data,cost,0.8650646950092421,2705
FROZEN-CP,S3,1005,middle,data,delay,0.843992606284658,2705
FROZEN-CP,S3,1005,late,probe,cost,0.89328231292517,2352
FROZEN-CP,S3,1005,late,probe,delay,0.8703231292517006,2352
FROZEN-CP,S3,1005,late,data,cost,0.8447150935189213,4598
FROZEN-CP,S3,1005,late,data,delay,0.8262287951283167,4598
FROZEN-CP,S3,1006,warmup,probe,cost,0.91,800
FROZEN-CP,S3,1006,warmup,probe,delay,0.90625,800
FROZEN-CP,S3,1006,warmup,data,cost,0.8791208791208791,819
FROZEN-CP,S3,1006,warmup,data,delay,0.8681318681318682,819
FROZEN-CP,S3,1006,early,probe,cost,0.8828571428571429,1400
FROZEN-CP,S3,1006,early,probe,delay,0.8807142857142857,1400
FROZEN-CP,S3,1006,early,data,cost,0.8664359861591695,1445
FROZEN-CP,S3,1006,early,data,delay,0.859515570934256,1445
FROZEN-CP,S3,1006,middle,probe,cost,0.8766666666666667,1800
FROZEN-CP,S3,1006,middle,probe,delay,0.8561111111111112,1800
FROZEN-CP,S3,1006,middle,data,cost,0.8448275862068966,2726
FROZEN-CP,S3,1006,middle,data,delay,0.822450476889215,2726
FROZEN-CP,S3,1006,late,probe,cost,0.8744884038199181,2199
FROZEN-CP,S3,1006,late,probe,delay,0.844474761255116,2199
FROZEN-CP,S3,1006,late,data,cost,0.8400444938820912,4495
FROZEN-CP,S3,1006,late,data,delay,0.8202447163515016,4495
FROZEN-CP,S3,1007,warmup,probe,cost,0.89,800
FROZEN-CP,S3,1007,warmup,probe,delay,0.905,800
FROZEN-CP,S3,1007,warmup,data,cost,0.8849449204406364,817
FROZEN-CP,S3,1007,warmup,data,delay,0.8714810281517748,817
FROZEN-CP,S3,1007,early,probe,cost,0.9128571428571428,1400
FROZEN-CP,S3,1007,early,probe,delay,0.91,1400
FROZEN-CP,S3,1007,early,data,cost,0.8625261688764829,1433
FROZEN-CP,S3,1007,early,data,delay,0.8604326587578507,1433
FROZEN-CP,S3,1007,middle,probe,cost,0.905,1800
FROZEN-CP,S3,1007,middle,probe,delay,0.8883333333333333,1800
FROZEN-CP,S3,1007,middle,data,cost,0.853586027499071,2691
FROZEN-CP,S3,1007,middle,data,delay,0.8353771832032701,2691
FROZEN-CP,S3,1007,late,probe,cost,0.919723780750971,2317
FROZEN-CP,S3,1007,late,probe,delay,0.8985757444971947,2317
FROZEN-CP,S3,1007,late,data,cost,0.8733624454148472,4580
FROZEN-CP,S3,1007,late,data,delay,0.8521834061135372,4580
FROZEN-CP,S3,1008,warmup,probe,cost,0.89375,800
FROZEN-CP,S3,1008,warmup,probe,delay,0.89,800
FROZEN-CP,S3,1008,warmup,data,cost,0.899880810488677,839
FROZEN-CP,S3,1008,warmup,data,delay,0.8867699642431466,839
FROZEN-CP,S3,1008,early,probe,cost,0.9057142857142857,1400
FROZEN-CP,S3,1008,early,probe,delay,0.8985714285714286,1400
FROZEN-CP,S3,1008,early,data,cost,0.8726158038147139,1468
FROZEN-CP,S3,1008,early,data,delay,0.8705722070844687,1468
FROZEN-CP,S3,1008,middle,probe,cost,0.9111111111111111,1800
FROZEN-CP,S3,1008,middle,probe,delay,0.8938888888888888,1800
FROZEN-CP,S3,1008,middle,data,cost,0.8739067055393586,2744
FROZEN-CP,S3,1008,middle,data,delay,0.8491253644314869,2744
FROZEN-CP,S3,1008,late,probe,cost,0.913372582001682,2378
FROZEN-CP,S3,1008,late,probe,delay,0.883515559293524,2378
FROZEN-CP,S3,1008,late,data,cost,0.8614821197759587,4642
FROZEN-CP,S3,1008,late,data,delay,0.8388625592417062,4642
FROZEN-CP,S3,1009,warmup,probe,cost,0.9075,800
FROZEN-CP,S3,1009,warmup,probe,delay,0.8975,800
FROZEN-CP,S3,1009,warmup,data,cost,0.8852258852258852,819
FROZEN-CP,S3,1009,warmup,data,delay,0.8693528693528694,819
FROZEN-CP,S3,1009,early,probe,cost,0.8764285714285714,1400
FROZEN-CP,S3,1009,early,probe,delay,0.88,1400
FROZEN-CP,S3,1009,early,data,cost,0.8584070796460177,1469
FROZEN-CP,S3,1009,early,data,delay,0.852280462899932,1469
FROZEN-CP,S3,1009,middle,probe,cost,0.8911111111111111,1800
FROZEN-CP,S3,1009,middle,probe,delay,0.8822222222222222,1800
FROZEN-CP,S3,1009,middle,data,cost,0.8471196454948301,2708
FROZEN-CP,S3,1009,middle,data,delay,0.8308714918759232,2708
FROZEN-CP,S3,1009,late,probe,cost,0.8895833333333333,2400
FROZEN-CP,S3,1009,late,probe,delay,0.8725,2400
FROZEN-CP,S3,1009,late,data,cost,0.8503430531732419,4664
FROZEN-CP,S3,1009,late,data,delay,0.8338336192109777,4664
FROZEN-CP,S3,1010,warmup,probe,cost,0.8925,800
FROZEN-CP,S3,1010,warmup,probe,delay,0.88625,800
FROZEN-CP,S3,1010,warmup,data,cost,0.8655256723716381,818
FROZEN-CP,S3,1010,warmup,data,delay,0.863080684596577,818
FROZEN-CP,S3,1010,early,probe,cost,0.8885714285714286,1400
FROZEN-CP,S3,1010,early,probe,delay,0.8885714285714286,1400
FROZEN-CP,S3,1010,early,data,cost,0.8528591352859135,1434
FROZEN-CP,S3,1010,early,data,delay,0.8521617852161785,1434
FROZEN-CP,S3,1010,middle,probe,cost,0.8922222222222222,1800
FROZEN-CP,S3,1010,middle,probe,delay,0.8788888888888889,1800
FROZEN-CP,S3,1010,middle,data,cost,0.8792466765140325,2708
FROZEN-CP,S3,1010,middle,data,delay,0.8641063515509602,2708
FROZEN-CP,S3,1010,late,probe,cost,0.8906955736224029,2214
FROZEN-CP,S3,1010,late,probe,delay,0.8667570009033424,2214
FROZEN-CP,S3,1010,late,data,cost,0.84984241332733,4442
FROZEN-CP,S3,1010,late,data,delay,0.8309320126069338,4442
FROZEN-CP,S3,1011,warmup,probe,cost,0.885,800
FROZEN-CP,S3,1011,warmup,probe,delay,0.89625,800
FROZEN-CP,S3,1011,warmup,data,cost,0.8742368742368742,819
FROZEN-CP,S3,1011,warmup,data,delay,0.8766788766788767,819
FROZEN-CP,S3,1011,early,probe,cost,0.9,1400
FROZEN-CP,S3,1011,early,probe,delay,0.9021428571428571,1400
FROZEN-CP,S3,1011,early,data,cost,0.8916155419222904,1467
FROZEN-CP,S3,1011,early,data,delay,0.8834355828220859,1467
FROZEN-CP,S3,1011,middle,probe,cost,0.9022222222222223,1800
FROZEN-CP,S3,1011,middle,probe,delay,0.8855555555555555,1800
FROZEN-CP,S3,1011,middle,data,cost,0.8726868985936344,2702
FROZEN-CP,S3,1011,middle,data,delay,0.8608438193930422,2702
FROZEN-CP,S3,1011,late,probe,cost,0.9143850499782703,2301
FROZEN-CP,S3,1011,late,probe,delay,0.8996088657105606,2301
FROZEN-CP,S3,1011,late,data,cost,0.8913375518219507,4583
FROZEN-CP,S3,1011,late,data,delay,0.8736635391664849,4583
FROZEN-CP,S3,1012,warmup,probe,cost,0.895,800
FROZEN-CP,S3,1012,warmup,probe,delay,0.90125,800
FROZEN-CP,S3,1012,warmup,data,cost,0.8621951219512195,820
FROZEN-CP,S3,1012,warmup,data,delay,0.8560975609756097,820
FROZEN-CP,S3,1012,early,probe,cost,0.8907142857142857,1400
FROZEN-CP,S3,1012,early,probe,delay,0.8764285714285714,1400
FROZEN-CP,S3,1012,early,data,cost,0.8320557491289199,1435
FROZEN-CP,S3,1012,early,data,delay,0.8202090592334494,1435
FROZEN-CP,S3,1012,middle,probe,cost,0.8827777777777778,1800
FROZEN-CP,S3,1012,middle,probe,delay,0.8511111111111112,1800
FROZEN-CP,S3,1012,middle,data,cost,0.8533778767631774,2694
FROZEN-CP,S3,1012,middle,data,delay,0.8188567186340014,2694
FROZEN-CP,S3,1012,late,probe,cost,0.8787878787878788,2277
FROZEN-CP,S3,1012,late,probe,delay,0.8462889767237594,2277
FROZEN-CP,S3,1012,late,data,cost,0.8526315789473684,4560
FROZEN-CP,S3,1012,late,data,delay,0.8230263157894737,4560
FROZEN-CP,S3,1013,warmup,probe,cost,0.90375,800
FROZEN-CP,S3,1013,warmup,probe,delay,0.89,800
FROZEN-CP,S3,1013,warmup,data,cost,0.8856088560885609,813
FROZEN-CP,S3,1013,warmup,data,delay,0.8806888068880688,813
FROZEN-CP,S3,1013,early,probe,cost,0.8907142857142857,1400
FROZEN-CP,S3,1013,early,probe,delay,0.8992857142857142,1400
FROZEN-CP,S3,1013,early,data,cost,0.8517060367454068,1524
FROZEN-CP,S3,1013,early,data,delay,0.8451443569553806,1524
FROZEN-CP,S3,1013,middle,probe,cost,0.8983333333333333,1800
FROZEN-CP,S3,1013,middle,probe,delay,0.8794444444444445,1800
FROZEN-CP,S3,1013,middle,data,cost,0.8673992673992674,2730
FROZEN-CP,S3,1013,middle,data,delay,0.8501831501831502,2730
FROZEN-CP,S3,1013,late,probe,cost,0.8994109651110104,2207
FROZEN-CP,S3,1013,late,probe,delay,0.892161304938831,2207
FROZEN-CP,S3,1013,late,data,cost,0.8663553480097843,4497
FROZEN-CP,S3,1013,late,data,delay,0.8505670446964643,4497
FROZEN-CP,S3,1014,warmup,probe,cost,0.8975,800
FROZEN-CP,S3,1014,warmup,probe,delay,0.9025,800
FROZEN-CP,S3,1014,warmup,data,cost,0.8853658536585366,820
FROZEN-CP,S3,1014,warmup,data,delay,0.8780487804878049,820
FROZEN-CP,S3,1014,early,probe,cost,0.8907142857142857,1400
FROZEN-CP,S3,1014,early,probe,delay,0.9007142857142857,1400
FROZEN-CP,S3,1014,early,data,cost,0.875,1440
FROZEN-CP,S3,1014,early,data,delay,0.875,1440
FROZEN-CP,S3,1014,middle,probe,cost,0.8955555555555555,1800
FROZEN-CP,S3,1014,middle,probe,delay,0.8955555555555555,1800
FROZEN-CP,S3,1014,middle,data,cost,0.842630217953454,2707
FROZEN-CP,S3,1014,middle,data,delay,0.8297007757665312,2707
FROZEN-CP,S3,1014,late,probe,cost,0.8975481611208407,2284
FROZEN-CP,S3,1014,late,probe,delay,0.8852889667250438,2284
FROZEN-CP,S3,1014,late,data,cost,0.8651091029314525,4537
FROZEN-CP,S3,1014,late,data,delay,0.8518845051796341,4537
FROZEN-CP,S3,1015,warmup,probe,cost,0.8975,800
FROZEN-CP,S3,1015,warmup,probe,delay,0.89625,800
FROZEN-CP,S3,1015,warmup,data,cost,0.8693528693528694,819
FROZEN-CP,S3,1015,warmup,data,delay,0.8583638583638583,819
FROZEN-CP,S3,1015,early,probe,cost,0.8914285714285715,1400
FROZEN-CP,S3,1015,early,probe,delay,0.8935714285714286,1400
FROZEN-CP,S3,1015,early,data,cost,0.8435517970401691,1419
FROZEN-CP,S3,1015,early,data,delay,0.8435517970401691,1419
FROZEN-CP,S3,1015,middle,probe,cost,0.8777777777777778,1800
FROZEN-CP,S3,1015,middle,probe,delay,0.8644444444444445,1800
FROZEN-CP,S3,1015,middle,data,cost,0.8639760837070254,2676
FROZEN-CP,S3,1015,middle,data,delay,0.8471599402092675,2676
FROZEN-CP,S3,1015,late,probe,cost,0.8913237924865832,2236
FROZEN-CP,S3,1015,late,probe,delay,0.870304114490161,2236
FROZEN-CP,S3,1015,late,data,cost,0.8589657488247145,4467
FROZEN-CP,S3,1015,late,data,delay,0.8334452652787105,4467
FROZEN-CP,S3,1016,warmup,probe,cost,0.9175,800
FROZEN-CP,S3,1016,warmup,probe,delay,0.9125,800
FROZEN-CP,S3,1016,warmup,data,cost,0.8803418803418803,819
FROZEN-CP,S3,1016,warmup,data,delay,0.8754578754578755,819
FROZEN-CP,S3,1016,early,probe,cost,0.8914285714285715,1400
FROZEN-CP,S3,1016,early,probe,delay,0.9021428571428571,1400
FROZEN-CP,S3,1016,early,data,cost,0.8403068340306834,1434
FROZEN-CP,S3,1016,early,data,delay,0.8451882845188284,1434
FROZEN-CP,S3,1016,middle,probe,cost,0.8894444444444445,1800
FROZEN-CP,S3,1016,middle,probe,delay,0.8788888888888889,1800
FROZEN-CP,S3,1016,middle,data,cost,0.8383388950685947,2697
FROZEN-CP,S3,1016,middle,data,delay,0.8290693362995921,2697
FROZEN-CP,S3,1016,late,probe,cost,0.8924876293297346,2223
FROZEN-CP,S3,1016,late,probe,delay,0.8767431399010346,2223
FROZEN-CP,S3,1016,late,data,cost,0.8477202301903497,4518
FROZEN-CP,S3,1016,late,data,delay,0.83244798583444,4518
FROZEN-CP,S3,1017,warmup,probe,cost,0.89375,800
FROZEN-CP,S3,1017,warmup,probe,delay,0.895,800
FROZEN-CP,S3,1017,warmup,data,cost,0.8590686274509803,816
FROZEN-CP,S3,1017,warmup,data,delay,0.8566176470588235,816
FROZEN-CP,S3,1017,early,probe,cost,0.8828571428571429,1400
FROZEN-CP,S3,1017,early,probe,delay,0.9014285714285715,1400
FROZEN-CP,S3,1017,early,data,cost,0.8777777777777778,1440
FROZEN-CP,S3,1017,early,data,delay,0.8791666666666667,1440
FROZEN-CP,S3,1017,middle,probe,cost,0.8855555555555555,1800
FROZEN-CP,S3,1017,middle,probe,delay,0.8844444444444445,1800
FROZEN-CP,S3,1017,middle,data,cost,0.8500738552437223,2708
FROZEN-CP,S3,1017,middle,data,delay,0.8393648449039882,2708
FROZEN-CP,S3,1017,late,probe,cost,0.8944469940339606,2179
FROZEN-CP,S3,1017,late,probe,delay,0.888022028453419,2179
FROZEN-CP,S3,1017,late,data,cost,0.8561315368805663,4379
FROZEN-CP,S3,1017,late,data,delay,0.8481388444850423,4379
FROZEN-CP,S3,1018,warmup,probe,cost,0.90125,800
FROZEN-CP,S3,1018,warmup,probe,delay,0.9025,800
FROZEN-CP,S3,1018,warmup,data,cost,0.8862793572311496,809
FROZEN-CP,S3,1018,warmup,data,delay,0.8751545117428925,809
FROZEN-CP,S3,1018,early,probe,cost,0.9192857142857143,1400
FROZEN-CP,S3,1018,early,probe,delay,0.9092857142857143,1400
FROZEN-CP,S3,1018,early,data,cost,0.8600419874037789,1429
FROZEN-CP,S3,1018,early,data,delay,0.8628411476557033,1429
FROZEN-CP,S3,1018,middle,probe,cost,0.9177777777777778,1800
FROZEN-CP,S3,1018,middle,probe,delay,0.8994444444444445,1800
FROZEN-CP,S3,1018,middle,data,cost,0.8584799700486709,2671
FROZEN-CP,S3,1018,middle,data,delay,0.8435043055035567,2671
FROZEN-CP,S3,1018,late,probe,cost,0.9103159851301115,2152
FROZEN-CP,S3,1018,late,probe,delay,0.8903345724907064,2152
FROZEN-CP,S3,1018,late,data,cost,0.8924021838034577,4396
FROZEN-CP,S3,1018,late,data,delay,0.8562329390354868,4396
FROZEN-CP,S3,1019,warmup,probe,cost,0.8825,800
FROZEN-CP,S3,1019,warmup,probe,delay,0.88875,800
FROZEN-CP,S3,1019,warmup,data,cost,0.85375,800
FROZEN-CP,S3,1019,warmup,data,delay,0.85375,800
FROZEN-CP,S3,1019,early,probe,cost,0.8921428571428571,1400
FROZEN-CP,S3,1019,early,probe,delay,0.8921428571428571,1400
FROZEN-CP,S3,1019,early,data,cost,0.8655578655578655,1443
FROZEN-CP,S3,1019,early,data,delay,0.8655578655578655,1443
FROZEN-CP,S3,1019,middle,probe,cost,0.8855555555555555,1800
FROZEN-CP,S3,1019,middle,probe,delay,0.8711111111111111,1800
FROZEN-CP,S3,1019,middle,data,cost,0.8655934107076001,2671
FROZEN-CP,S3,1019,middle,data,delay,0.8521153126169974,2671
FROZEN-CP,S3,1019,late,probe,cost,0.9037001897533207,2108
FROZEN-CP,S3,1019,late,probe,delay,0.8828273244781784,2108
FROZEN-CP,S3,1019,late,data,cost,0.8507600184246891,4342
FROZEN-CP,S3,1019,late,data,delay,0.8293413173652695,4342
FROZEN-CP,S3,1020,warmup,probe,cost,0.90125,800
FROZEN-CP,S3,1020,warmup,probe,delay,0.90375,800
FROZEN-CP,S3,1020,warmup,data,cost,0.8475,800
FROZEN-CP,S3,1020,warmup,data,delay,0.85375,800
FROZEN-CP,S3,1020,early,probe,cost,0.8807142857142857,1400
FROZEN-CP,S3,1020,early,probe,delay,0.8871428571428571,1400
FROZEN-CP,S3,1020,early,data,cost,0.8496503496503497,1430
FROZEN-CP,S3,1020,early,data,delay,0.8517482517482518,1430
FROZEN-CP,S3,1020,middle,probe,cost,0.8783333333333333,1800
FROZEN-CP,S3,1020,middle,probe,delay,0.8666666666666667,1800
FROZEN-CP,S3,1020,middle,data,cost,0.8459270180611869,2713
FROZEN-CP,S3,1020,middle,data,delay,0.8370807224474751,2713
FROZEN-CP,S3,1020,late,probe,cost,0.8893844781445138,2242
FROZEN-CP,S3,1020,late,probe,delay,0.8688670829616414,2242
FROZEN-CP,S3,1020,late,data,cost,0.8432636727434415,4498
FROZEN-CP,S3,1020,late,data,delay,0.82792352156514,4498
FROZEN-CP,S3,1021,warmup,probe,cost,0.8875,800
FROZEN-CP,S3,1021,warmup,probe,delay,0.88375,800
FROZEN-CP,S3,1021,warmup,data,cost,0.8792682926829268,820
FROZEN-CP,S3,1021,warmup,data,delay,0.875609756097561,820
FROZEN-CP,S3,1021,early,probe,cost,0.9192857142857143,1400
FROZEN-CP,S3,1021,early,probe,delay,0.9242857142857143,1400
FROZEN-CP,S3,1021,early,data,cost,0.8847222222222222,1440
FROZEN-CP,S3,1021,early,data,delay,0.8784722222222222,1440
FROZEN-CP,S3,1021,middle,probe,cost,0.905,1800
FROZEN-CP,S3,1021,middle,probe,delay,0.8983333333333333,1800
FROZEN-CP,S3,1021,middle,data,cost,0.866617538688283,2714
FROZEN-CP,S3,1021,middle,data,delay,0.8559322033898306,2714
FROZEN-CP,S3,1021,late,probe,cost,0.9101952277657267,2305
FROZEN-CP,S3,1021,late,probe,delay,0.8997830802603037,2305
FROZEN-CP,S3,1021,late,data,cost,0.8581185283102005,4539
FROZEN-CP,S3,1021,late,data,delay,0.8420356906807667,4539
FROZEN-CP,S3,1022,warmup,probe,cost,0.9075,800
FROZEN-CP,S3,1022,warmup,probe,delay,0.90375,800
FROZEN-CP,S3,1022,warmup,data,cost,0.8935128518971848,817
FROZEN-CP,S3,1022,warmup,data,delay,0.8861689106487148,817
FROZEN-CP,S3,1022,early,probe,cost,0.9171428571428571,1400
FROZEN-CP,S3,1022,early,probe,delay,0.9192857142857143,1400
FROZEN-CP,S3,1022,early,data,cost,0.8786610878661087,1434
FROZEN-CP,S3,1022,early,data,delay,0.8793584379358438,1434
FROZEN-CP,S3,1022,middle,probe,cost,0.895,1800
FROZEN-CP,S3,1022,middle,probe,delay,0.8788888888888889,1800
FROZEN-CP,S3,1022,middle,data,cost,0.8475073313782991,2728
FROZEN-CP,S3,1022,middle,data,delay,0.8310117302052786,2728
FROZEN-CP,S3,1022,late,probe,cost,0.9066442388561816,2378
FROZEN-CP,S3,1022,late,probe,delay,0.8894028595458369,2378
FROZEN-CP,S3,1022,late,data,cost,0.8616906861690686,4649
FROZEN-CP,S3,1022,late,data,delay,0.8453430845343085,4649
FROZEN-CP,S3,1023,warmup,probe,cost,0.87875,800
FROZEN-CP,S3,1023,warmup,probe,delay,0.88625,800
FROZEN-CP,S3,1023,warmup,data,cost,0.8674846625766871,815
FROZEN-CP,S3,1023,warmup,data,delay,0.8601226993865031,815
FROZEN-CP,S3,1023,early,probe,cost,0.9078571428571428,1400
FROZEN-CP,S3,1023,early,probe,delay,0.8971428571428571,1400
FROZEN-CP,S3,1023,early,data,cost,0.8669985775248933,1406
FROZEN-CP,S3,1023,early,data,delay,0.8534850640113798,1406
FROZEN-CP,S3,1023,middle,probe,cost,0.9222222222222223,1800
FROZEN-CP,S3,1023,middle,probe,delay,0.9011111111111111,1800
FROZEN-CP,S3,1023,middle,data,cost,0.8694673668417104,2666
FROZEN-CP,S3,1023,middle,data,delay,0.8405851462865717,2666
FROZEN-CP,S3,1023,late,probe,cost,0.9231094212082805,2367
FROZEN-CP,S3,1023,late,probe,delay,0.893113645965357,2367
FROZEN-CP,S3,1023,late,data,cost,0.8595994775794514,4594
FROZEN-CP,S3,1023,late,data,delay,0.8284719198955159,4594
FROZEN-CP,S3,1024,warmup,probe,cost,0.88625,800
FROZEN-CP,S3,1024,warmup,probe,delay,0.88,800
FROZEN-CP,S3,1024,warmup,data,cost,0.8939213349225268,839
FROZEN-CP,S3,1024,warmup,data,delay,0.8820023837902264,839
FROZEN-CP,S3,1024,early,probe,cost,0.9007142857142857,1400
FROZEN-CP,S3,1024,early,probe,delay,0.9028571428571428,1400
FROZEN-CP,S3,1024,early,data,cost,0.8812286689419795,1465
FROZEN-CP,S3,1024,early,data,delay,0.8812286689419795,1465
FROZEN-CP,S3,1024,middle,probe,cost,0.91,1800
FROZEN-CP,S3,1024,middle,probe,delay,0.8977777777777778,1800
FROZEN-CP,S3,1024,middle,data,cost,0.8764880952380952,2688
FROZEN-CP,S3,1024,middle,data,delay,0.8623511904761905,2688
FROZEN-CP,S3,1024,late,probe,cost,0.9088955737000429,2327
FROZEN-CP,S3,1024,late,probe,delay,0.8947142243231628,2327
FROZEN-CP,S3,1024,late,data,cost,0.8875661375661376,4536
FROZEN-CP,S3,1024,late,data,delay,0.8697089947089947,4536
FROZEN-CP,S3,1025,warmup,probe,cost,0.9075,800
FROZEN-CP,S3,1025,warmup,probe,delay,0.89375,800
FROZEN-CP,S3,1025,warmup,data,cost,0.8876543209876543,810
FROZEN-CP,S3,1025,warmup,data,delay,0.8790123456790123,810
FROZEN-CP,S3,1025,early,probe,cost,0.8978571428571429,1400
FROZEN-CP,S3,1025,early,probe,delay,0.8992857142857142,1400
FROZEN-CP,S3,1025,early,data,cost,0.8526603001364257,1466
FROZEN-CP,S3,1025,early,data,delay,0.8526603001364257,1466
FROZEN-CP,S3,1025,middle,probe,cost,0.8861111111111111,1800
FROZEN-CP,S3,1025,middle,probe,delay,0.8711111111111111,1800
FROZEN-CP,S3,1025,middle,data,cost,0.8631501291036517,2711
FROZEN-CP,S3,1025,middle,data,delay,0.8354850608631501,2711
FROZEN-CP,S3,1025,late,probe,cost,0.8873735151781786,2273
FROZEN-CP,S3,1025,late,probe,delay,0.8649362076550814,2273
FROZEN-CP,S3,1025,late,data,cost,0.8303330333033303,4444
FROZEN-CP,S3,1025,late,data,delay,0.8055805580558055,4444
FROZEN-CP,S3,1026,warmup,probe,cost,0.88625,800
FROZEN-CP,S3,1026,warmup,probe,delay,0.88625,800
FROZEN-CP,S3,1026,warmup,data,cost,0.8755980861244019,836
FROZEN-CP,S3,1026,warmup,data,delay,0.8696172248803827,836
FROZEN-CP,S3,1026,early,probe,cost,0.9064285714285715,1400
FROZEN-CP,S3,1026,early,probe,delay,0.915,1400
FROZEN-CP,S3,1026,early,data,cost,0.8872180451127819,1463
FROZEN-CP,S3,1026,early,data,delay,0.8885850991114149,1463
FROZEN-CP,S3,1026,middle,probe,cost,0.8994444444444445,1800
FROZEN-CP,S3,1026,middle,probe,delay,0.89,1800
FROZEN-CP,S3,1026,middle,data,cost,0.8733657078819574,2677
FROZEN-CP,S3,1026,middle,data,delay,0.84572282405678,2677
FROZEN-CP,S3,1026,late,probe,cost,0.9115523465703971,2216
FROZEN-CP,S3,1026,late,probe,delay,0.8939530685920578,2216
FROZEN-CP,S3,1026,late,data,cost,0.8798578725294248,4503
FROZEN-CP,S3,1026,late,data,delay,0.858538751943149,4503
FROZEN-CP,S3,1027,warmup,probe,cost,0.89625,800
FROZEN-CP,S3,1027,warmup,probe,delay,0.88875,800
FROZEN-CP,S3,1027,warmup,data,cost,0.875,800
FROZEN-CP,S3,1027,warmup,data,delay,0.87,800
FROZEN-CP,S3,1027,early,probe,cost,0.895,1400
FROZEN-CP,S3,1027,early,probe,delay,0.9007142857142857,1400
FROZEN-CP,S3,1027,early,data,cost,0.8663911845730028,1452
FROZEN-CP,S3,1027,early,data,delay,0.8650137741046832,1452
FROZEN-CP,S3,1027,middle,probe,cost,0.8916666666666667,1800
FROZEN-CP,S3,1027,middle,probe,delay,0.8861111111111111,1800
FROZEN-CP,S3,1027,middle,data,cost,0.8536857781087118,2686
FROZEN-CP,S3,1027,middle,data,delay,0.8395383469843634,2686
FROZEN-CP,S3,1027,late,probe,cost,0.8950777202072538,2316
FROZEN-CP,S3,1027,late,probe,delay,0.8821243523316062,2316
FROZEN-CP,S3,1027,late,data,cost,0.8524195314210642,4567
FROZEN-CP,S3,1027,late,data,delay,0.8408145390847384,4567
FROZEN-CP,S3,1028,warmup,probe,cost,0.90125,800
FROZEN-CP,S3,1028,warmup,probe,delay,0.89625,800
FROZEN-CP,S3,1028,warmup,data,cost,0.9046454767726161,818
FROZEN-CP,S3,1028,warmup,data,delay,0.8973105134474327,818
FROZEN-CP,S3,1028,early,probe,cost,0.9092857142857143,1400
FROZEN-CP,S3,1028,early,probe,delay,0.9128571428571428,1400
FROZEN-CP,S3,1028,early,data,cost,0.8859591298615689,1517
FROZEN-CP,S3,1028,early,data,delay,0.8747528015820699,1517
FROZEN-CP,S3,1028,middle,probe,cost,0.9061111111111111,1800
FROZEN-CP,S3,1028,middle,probe,delay,0.8866666666666667,1800
FROZEN-CP,S3,1028,middle,data,cost,0.8793674144906215,2719
FROZEN-CP,S3,1028,middle,data,delay,0.8580360426627437,2719
FROZEN-CP,S3,1028,late,probe,cost,0.9171622769753611,2354
FROZEN-CP,S3,1028,late,probe,delay,0.9014443500424809,2354
FROZEN-CP,S3,1028,late,data,cost,0.8663494809688581,4624
FROZEN-CP,S3,1028,late,data,delay,0.8458044982698962,4624
FROZEN-CP,S3,1029,warmup,probe,cost,0.88125,800
FROZEN-CP,S3,1029,warmup,probe,delay,0.8825,800
FROZEN-CP,S3,1029,warmup,data,cost,0.8753086419753087,810
FROZEN-CP,S3,1029,warmup,data,delay,0.8666666666666667,810
FROZEN-CP,S3,1029,early,probe,cost,0.91,1400
FROZEN-CP,S3,1029,early,probe,delay,0.91,1400
FROZEN-CP,S3,1029,early,data,cost,0.8715083798882681,1432
FROZEN-CP,S3,1029,early,data,delay,0.8680167597765364,1432
FROZEN-CP,S3,1029,middle,probe,cost,0.9016666666666666,1800
FROZEN-CP,S3,1029,middle,probe,delay,0.8855555555555555,1800
FROZEN-CP,S3,1029,middle,data,cost,0.8863887864256732,2711
FROZEN-CP,S3,1029,middle,data,delay,0.866101069715972,2711
FROZEN-CP,S3,1029,late,probe,cost,0.9146443514644351,2390
FROZEN-CP,S3,1029,late,probe,delay,0.894979079497908,2390
FROZEN-CP,S3,1029,late,data,cost,0.8766558089033659,4605
FROZEN-CP,S3,1029,late,data,delay,0.8577633007600435,4605
FROZEN-CP,S4,1000,warmup,probe,cost,0.89875,800
FROZEN-CP,S4,1000,warmup,probe,delay,0.88375,800
FROZEN-CP,S4,1000,warmup,data,cost,0.895,800
FROZEN-CP,S4,1000,warmup,data,delay,0.87625,800
FROZEN-CP,S4,1000,early,probe,cost,0.9264285714285714,1400
FROZEN-CP,S4,1000,early,probe,delay,0.93,1400
FROZEN-CP,S4,1000,early,data,cost,0.886726893676164,1439
FROZEN-CP,S4,1000,early,data,delay,0.8783877692842251,1439
FROZEN-CP,S4,1000,middle,probe,cost,0.9295205083766609,1731
FROZEN-CP,S4,1000,middle,probe,delay,0.9352975158867707,1731
FROZEN-CP,S4,1000,middle,data,cost,0.8827027027027027,1850
FROZEN-CP,S4,1000,middle,data,delay,0.865945945945946,1850
FROZEN-CP,S4,1000,late,probe,cost,0.9307381193124368,1978
FROZEN-CP,S4,1000,late,probe,delay,0.9403437815975733,1978
FROZEN-CP,S4,1000,late,data,cost,0.8654262224145391,2311
FROZEN-CP,S4,1000,late,data,delay,0.8589355257464301,2311
FROZEN-CP,S4,1001,warmup,probe,cost,0.89125,800
FROZEN-CP,S4,1001,warmup,probe,delay,0.89375,800
FROZEN-CP,S4,1001,warmup,data,cost,0.8901098901098901,819
FROZEN-CP,S4,1001,warmup,data,delay,0.8754578754578755,819
FROZEN-CP,S4,1001,early,probe,cost,0.8928571428571429,1400
FROZEN-CP,S4,1001,early,probe,delay,0.8935714285714286,1400
FROZEN-CP,S4,1001,early,data,cost,0.8640710382513661,1464
FROZEN-CP,S4,1001,early,data,delay,0.8599726775956285,1464
FROZEN-CP,S4,1001,middle,probe,cost,0.8902368573079145,1731
FROZEN-CP,S4,1001,middle,probe,delay,0.8827267475447718,1731
FROZEN-CP,S4,1001,middle,data,cost,0.8770402611534276,1838
FROZEN-CP,S4,1001,middle,data,delay,0.8748639825897715,1838
FROZEN-CP,S4,1001,late,probe,cost,0.8919197117858981,1943
FROZEN-CP,S4,1001,late,probe,delay,0.9001544004117344,1943
FROZEN-CP,S4,1001,late,data,cost,0.8315460232350312,2238
FROZEN-CP,S4,1001,late,data,delay,0.8310991957104558,2238
FROZEN-CP,S4,1002,warmup,probe,cost,0.9025,800
FROZEN-CP,S4,1002,warmup,probe,delay,0.9,800
FROZEN-CP,S4,1002,warmup,data,cost,0.9133089133089133,819
FROZEN-CP,S4,1002,warmup,data,delay,0.8998778998778999,819
FROZEN-CP,S4,1002,early,probe,cost,0.9042857142857142,1400
FROZEN-CP,S4,1002,early,probe,delay,0.9128571428571428,1400
FROZEN-CP,S4,1002,early,data,cost,0.8443396226415094,1484
FROZEN-CP,S4,1002,early,data,delay,0.8436657681940701,1484
FROZEN-CP,S4,1002,middle,probe,cost,0.9123112659698026,1722
FROZEN-CP,S4,1002,middle,probe,delay,0.9186991869918699,1722
FROZEN-CP,S4,1002,middle,data,cost,0.8764227642276423,1845
FROZEN-CP,S4,1002,middle,data,delay,0.8726287262872628,1845
FROZEN-CP,S4,1002,late,probe,cost,0.9117792015771315,2029
FROZEN-CP,S4,1002,late,probe,delay,0.9231148348940365,2029
FROZEN-CP,S4,1002,late,data,cost,0.863031343924431,2329
FROZEN-CP,S4,1002,late,data,delay,0.8595963933018463,2329
FROZEN-CP,S4,1003,warmup,probe,cost,0.87875,800
FROZEN-CP,S4,1003,warmup,probe,delay,0.87875,800
FROZEN-CP,S4,1003,warmup,data,cost,0.8658536585365854,820
FROZEN-CP,S4,1003,warmup,data,delay,0.8536585365853658,820
FROZEN-CP,S4,1003,early,probe,cost,0.9128571428571428,1400
FROZEN-CP,S4,1003,early,probe,delay,0.9078571428571428,1400
FROZEN-CP,S4,1003,early,data,cost,0.8527185134205093,1453
FROZEN-CP,S4,1003,early,data,delay,0.8444597384721266,1453
FROZEN-CP,S4,1003,middle,probe,cost,0.9178716020821284,1729
FROZEN-CP,S4,1003,middle,probe,delay,0.9161364950838635,1729
FROZEN-CP,S4,1003,middle,data,cost,0.85957213384531,1823
FROZEN-CP,S4,1003,middle,data,delay,0.8507953922106418,1823
FROZEN-CP,S4,1003,late,probe,cost,0.9216683621566633,1966
FROZEN-CP,S4,1003,late,probe,delay,0.9175991861648016,1966
FROZEN-CP,S4,1003,late,data,cost,0.8956999085086916,2186
FROZEN-CP,S4,1003,late,data,delay,0.889295516925892,2186
FROZEN-CP,S4,1004,warmup,probe,cost,0.9025,800
FROZEN-CP,S4,1004,warmup,probe,delay,0.8975,800
FROZEN-CP,S4,1004,warmup,data,cost,0.8585485854858549,813
FROZEN-CP,S4,1004,warmup,data,delay,0.8487084870848709,813
FROZEN-CP,S4,1004,early,probe,cost,0.9007142857142857,1400
FROZEN-CP,S4,1004,early,probe,delay,0.9064285714285715,1400
FROZEN-CP,S4,1004,early,data,cost,0.8577405857740585,1434
FROZEN-CP,S4,1004,early,data,delay,0.8563458856345886,1434
FROZEN-CP,S4,1004,middle,probe,cost,0.8950437317784257,1715
FROZEN-CP,S4,1004,middle,probe,delay,0.8991253644314868,1715
FROZEN-CP,S4,1004,middle,data,cost,0.8470780993992354,1831
FROZEN-CP,S4,1004,middle,data,delay,0.8509011469142546,1831
FROZEN-CP,S4,1004,late,probe,cost,0.9228855721393034,2010
FROZEN-CP,S4,1004,late,probe,delay,0.9253731343283582,2010
FROZEN-CP,S4,1004,late,data,cost,0.8629067245119306,2305
FROZEN-CP,S4,1004,late,data,delay,0.8650759219088937,2305
FROZEN-CP,S4,1005,warmup,probe,cost,0.9,800
FROZEN-CP,S4,1005,warmup,probe,delay,0.8925,800
FROZEN-CP,S4,1005,warmup,data,cost,0.8349633251833741,818
FROZEN-CP,S4,1005,warmup,data,delay,0.8312958435207825,818
FROZEN-CP,S4,1005,early,probe,cost,0.8742857142857143,1400
FROZEN-CP,S4,1005,early,probe,delay,0.8757142857142857,1400
FROZEN-CP,S4,1005,early,data,cost,0.8457261987491314,1439
FROZEN-CP,S4,1005,early,data,delay,0.8380820013898541,1439
FROZEN-CP,S4,1005,middle,probe,cost,0.8716608594657376,1722
FROZEN-CP,S4,1005,middle,probe,delay,0.8803716608594657,1722
FROZEN-CP,S4,1005,middle,data,cost,0.8541552008805724,1817
FROZEN-CP,S4,1005,middle,data,delay,0.8492019812878371,1817
FROZEN-CP,S4,1005,late,probe,cost,0.8933933933933934,1998
FROZEN-CP,S4,1005,late,probe,delay,0.9024024024024024,1998
FROZEN-CP,S4,1005,late,data,cost,0.8331885317115552,2302
FROZEN-CP,S4,1005,late,data,delay,0.8318853171155517,2302
FROZEN-CP,S4,1006,warmup,probe,cost,0.9075,800
FROZEN-CP,S4,1006,warmup,probe,delay,0.90625,800
FROZEN-CP,S4,1006,warmup,data,cost,0.8620268620268621,819
FROZEN-CP,S4,1006,warmup,data,delay,0.8547008547008547,819
FROZEN-CP,S4,1006,early,probe,cost,0.8878571428571429,1400
FROZEN-CP,S4,1006,early,probe,delay,0.8864285714285715,1400
FROZEN-CP,S4,1006,early,data,cost,0.8512569832402235,1432
FROZEN-CP,S4,1006,early,data,delay,0.8400837988826816,1432
FROZEN-CP,S4,1006,middle,probe,cost,0.8833718244803695,1732
FROZEN-CP,S4,1006,middle,probe,delay,0.8787528868360277,1732
FROZEN-CP,S4,1006,middle,data,cost,0.8303769401330376,1804
FROZEN-CP,S4,1006,middle,data,delay,0.8270509977827051,1804
FROZEN-CP,S4,1006,late,probe,cost,0.8743030917384693,1973
FROZEN-CP,S4,1006,late,probe,delay,0.8727825646224024,1973
FROZEN-CP,S4,1006,late,data,cost,0.8341399032116146,2273
FROZEN-CP,S4,1006,late,data,delay,0.8306203255609327,2273
FROZEN-CP,S4,1007,warmup,probe,cost,0.89375,800
FROZEN-CP,S4,1007,warmup,probe,delay,0.90125,800
FROZEN-CP,S4,1007,warmup,data,cost,0.8727050183598531,817
FROZEN-CP,S4,1007,warmup,data,delay,0.8653610771113831,817
FROZEN-CP,S4,1007,early,probe,cost,0.9157142857142857,1400
FROZEN-CP,S4,1007,early,probe,delay,0.9057142857142857,1400
FROZEN-CP,S4,1007,early,data,cost,0.8859709744298548,1447
FROZEN-CP,S4,1007,early,data,delay,0.874913614374568,1447
FROZEN-CP,S4,1007,middle,probe,cost,0.9117817759721416,1723
FROZEN-CP,S4,1007,middle,probe,delay,0.9030760301799188,1723
FROZEN-CP,S4,1007,middle,data,cost,0.8552774755168662,1838
FROZEN-CP,S4,1007,middle,data,delay,0.8465723612622416,1838
FROZEN-CP,S4,1007,late,probe,cost,0.9224308300395256,2024
FROZEN-CP,S4,1007,late,probe,delay,0.9140316205533597,2024
FROZEN-CP,S4,1007,late,data,cost,0.8693086003372681,2372
FROZEN-CP,S4,1007,late,data,delay,0.8570826306913997,2372
FROZEN-CP,S4,1008,warmup,probe,cost,0.89125,800
FROZEN-CP,S4,1008,warmup,probe,delay,0.88875,800
FROZEN-CP,S4,1008,warmup,data,cost,0.8866348448687351,838
FROZEN-CP,S4,1008,warmup,data,delay,0.8723150357995226,838
FROZEN-CP,S4,1008,early,probe,cost,0.9064285714285715,1400
FROZEN-CP,S4,1008,early,probe,delay,0.895,1400
FROZEN-CP,S4,1008,early,data,cost,0.8719346049046321,1468
FROZEN-CP,S4,1008,early,data,delay,0.8651226158038147,1468
FROZEN-CP,S4,1008,middle,probe,cost,0.9073537927041112,1727
FROZEN-CP,S4,1008,middle,probe,delay,0.9021424435437174,1727
FROZEN-CP,S4,1008,middle,data,cost,0.8504823151125402,1866
FROZEN-CP,S4,1008,middle,data,delay,0.8381564844587353,1866
FROZEN-CP,S4,1008,late,probe,cost,0.9201183431952663,2028
FROZEN-CP,S4,1008,late,probe,delay,0.9087771203155819,2028
FROZEN-CP,S4,1008,late,data,cost,0.8510078878177038,2282
FROZEN-CP,S4,1008,late,data,delay,0.8378615249780894,2282
FROZEN-CP,S4,1009,warmup,probe,cost,0.9075,800
FROZEN-CP,S4,1009,warmup,probe,delay,0.9,800
FROZEN-CP,S4,1009,warmup,data,cost,0.8876678876678876,819
FROZEN-CP,S4,1009,warmup,data,delay,0.8705738705738706,819
FROZEN-CP,S4,1009,early,probe,cost,0.8742857142857143,1400
FROZEN-CP,S4,1009,early,probe,delay,0.8814285714285715,1400
FROZEN-CP,S4,1009,early,data,cost,0.8392612859097127,1462
FROZEN-CP,S4,1009,early,data,delay,0.8365253077975376,1462
FROZEN-CP,S4,1009,middle,probe,cost,0.8827626233313988,1723
FROZEN-CP,S4,1009,middle,probe,delay,0.897852582704585,1723
FROZEN-CP,S4,1009,middle,data,cost,0.8540656973613355,1857
FROZEN-CP,S4,1009,middle,data,delay,0.8508346795907378,1857
FROZEN-CP,S4,1009,late,probe,cost,0.8984645864289252,2019
FROZEN-CP,S4,1009,late,probe,delay,0.9078751857355126,2019
FROZEN-CP,S4,1009,late,data,cost,0.8540955631399317,2344
FROZEN-CP,S4,1009,late,data,delay,0.8498293515358362,2344
FROZEN-CP,S4,1010,warmup,probe,cost,0.88625,800
FROZEN-CP,S4,1010,warmup,probe,delay,0.88375,800
FROZEN-CP,S4,1010,warmup,data,cost,0.8606356968215159,818
FROZEN-CP,S4,1010,warmup,data,delay,0.8581907090464548,818
FROZEN-CP,S4,1010,early,probe,cost,0.8964285714285715,1400
FROZEN-CP,S4,1010,early,probe,delay,0.895,1400
FROZEN-CP,S4,1010,early,data,cost,0.86593707250342,1462
FROZEN-CP,S4,1010,early,data,delay,0.8604651162790697,1462
FROZEN-CP,S4,1010,middle,probe,cost,0.9065040650406504,1722
FROZEN-CP,S4,1010,middle,probe,delay,0.9059233449477352,1722
FROZEN-CP,S4,1010,middle,data,cost,0.8413205537806177,1878
FROZEN-CP,S4,1010,middle,data,delay,0.8402555910543131,1878
FROZEN-CP,S4,1010,late,probe,cost,0.9043133366385722,2017
FROZEN-CP,S4,1010,late,probe,delay,0.8998512642538423,2017
FROZEN-CP,S4,1010,late,data,cost,0.8390905115872321,2287
FROZEN-CP,S4,1010,late,data,delay,0.8355924792304329,2287
FROZEN-CP,S4,1011,warmup,probe,cost,0.8875,800
FROZEN-CP,S4,1011,warmup,probe,delay,0.89625,800
FROZEN-CP,S4,1011,warmup,data,cost,0.873015873015873,819
FROZEN-CP,S4,1011,warmup,data,delay,0.8681318681318682,819
FROZEN-CP,S4,1011,early,probe,cost,0.9078571428571428,1400
FROZEN-CP,S4,1011,early,probe,delay,0.8992857142857142,1400
FROZEN-CP,S4,1011,early,data,cost,0.8798901853122855,1457
FROZEN-CP,S4,1011,early,data,delay,0.8743994509265615,1457
FROZEN-CP,S4,1011,middle,probe,cost,0.8960739030023095,1732
FROZEN-CP,S4,1011,middle,probe,delay,0.894919168591224,1732
FROZEN-CP,S4,1011,middle,data,cost,0.8778625954198473,1834
FROZEN-CP,S4,1011,middle,data,delay,0.8735005452562704,1834
FROZEN-CP,S4,1011,late,probe,cost,0.920058852378617,2039
FROZEN-CP,S4,1011,late,probe,delay,0.9176066699362433,2039
FROZEN-CP,S4,1011,late,data,cost,0.8569542253521126,2272
FROZEN-CP,S4,1011,late,data,delay,0.8556338028169014,2272
FROZEN-CP,S4,1012,warmup,probe,cost,0.9,800
FROZEN-CP,S4,1012,warmup,probe,delay,0.895,800
FROZEN-CP,S4,1012,warmup,data,cost,0.8621951219512195,820
FROZEN-CP,S4,1012,warmup,data,delay,0.8451219512195122,820
FROZEN-CP,S4,1012,early,probe,cost,0.8878571428571429,1400
FROZEN-CP,S4,1012,early,probe,delay,0.8828571428571429,1400
FROZEN-CP,S4,1012,early,data,cost,0.8450802512212142,1433
FROZEN-CP,S4,1012,early,data,delay,0.840195394277739,1433
FROZEN-CP,S4,1012,middle,probe,cost,0.8845931909982689,1733
FROZEN-CP,S4,1012,middle,probe,delay,0.8817080207732256,1733
FROZEN-CP,S4,1012,middle,data,cost,0.8526315789473684,1805
FROZEN-CP,S4,1012,middle,data,delay,0.8448753462603878,1805
FROZEN-CP,S4,1012,late,probe,cost,0.8810703666997026,2018
FROZEN-CP,S4,1012,late,probe,delay,0.8835480673934589,2018
FROZEN-CP,S4,1012,late,data,cost,0.8591050066459902,2257
FROZEN-CP,S4,1012,late,data,delay,0.8480283562250776,2257
FROZEN-CP,S4,1013,warmup,probe,cost,0.89875,800
FROZEN-CP,S4,1013,warmup,probe,delay,0.89125,800
FROZEN-CP,S4,1013,warmup,data,cost,0.8880688806888068,813
FROZEN-CP,S4,1013,warmup,data,delay,0.8794587945879458,813
FROZEN-CP,S4,1013,early,probe,cost,0.9014285714285715,1400
FROZEN-CP,S4,1013,early,probe,delay,0.91,1400
FROZEN-CP,S4,1013,early,data,cost,0.8606831882116543,1493
FROZEN-CP,S4,1013,early,data,delay,0.8459477561955794,1493
FROZEN-CP,S4,1013,middle,probe,cost,0.9103448275862069,1740
FROZEN-CP,S4,1013,middle,probe,delay,0.9074712643678161,1740
FROZEN-CP,S4,1013,middle,data,cost,0.8587360594795539,1883
FROZEN-CP,S4,1013,middle,data,delay,0.8523632501327668,1883
FROZEN-CP,S4,1013,late,probe,cost,0.9124236252545825,1964
FROZEN-CP,S4,1013,late,probe,delay,0.9129327902240326,1964
FROZEN-CP,S4,1013,late,data,cost,0.8722934158197083,2263
FROZEN-CP,S4,1013,late,data,delay,0.8616880247459126,2263
FROZEN-CP,S4,1014,warmup,probe,cost,0.895,800
FROZEN-CP,S4,1014,warmup,probe,delay,0.89625,800
FROZEN-CP,S4,1014,warmup,data,cost,0.8792682926829268,820
FROZEN-CP,S4,1014,warmup,data,delay,0.8719512195121951,820
FROZEN-CP,S4,1014,early,probe,cost,0.9014285714285715,1400
FROZEN-CP,S4,1014,early,probe,delay,0.9014285714285715,1400
FROZEN-CP,S4,1014,early,data,cost,0.8714384989576095,1439
FROZEN-CP,S4,1014,early,data,delay,0.8679638637943016,1439
FROZEN-CP,S4,1014,middle,probe,cost,0.9098786828422877,1731
FROZEN-CP,S4,1014,middle,probe,delay,0.9075678798382438,1731
FROZEN-CP,S4,1014,middle,data,cost,0.8660183684494868,1851
FROZEN-CP,S4,1014,middle,data,delay,0.8541329011345219,1851
FROZEN-CP,S4,1014,late,probe,cost,0.9043348281016442,2007
FROZEN-CP,S4,1014,late,probe,delay,0.9103139013452914,2007
FROZEN-CP,S4,1014,late,data,cost,0.867009867009867,2331
FROZEN-CP,S4,1014,late,data,delay,0.864006864006864,2331
FROZEN-CP,S4,1015,warmup,probe,cost,0.895,800
FROZEN-CP,S4,1015,warmup,probe,delay,0.895,800
FROZEN-CP,S4,1015,warmup,data,cost,0.8620268620268621,819
FROZEN-CP,S4,1015,warmup,data,delay,0.8559218559218559,819
FROZEN-CP,S4,1015,early,probe,cost,0.8842857142857142,1400
FROZEN-CP,S4,1015,early,probe,delay,0.8892857142857142,1400
FROZEN-CP,S4,1015,early,data,cost,0.8400281888653982,1419
FROZEN-CP,S4,1015,early,data,delay,0.8329809725158562,1419
FROZEN-CP,S4,1015,middle,probe,cost,0.8728862973760932,1715
FROZEN-CP,S4,1015,middle,probe,delay,0.8758017492711371,1715
FROZEN-CP,S4,1015,middle,data,cost,0.85,1820
FROZEN-CP,S4,1015,middle,data,delay,0.8527472527472527,1820
FROZEN-CP,S4,1015,late,probe,cost,0.8861386138613861,2020
FROZEN-CP,S4,1015,late,probe,delay,0.8910891089108911,2020
FROZEN-CP,S4,1015,late,data,cost,0.8499142367066895,2332
FROZEN-CP,S4,1015,late,data,delay,0.8481989708404802,2332
FROZEN-CP,S4,1016,warmup,probe,cost,0.91625,800
FROZEN-CP,S4,1016,warmup,probe,delay,0.915,800
FROZEN-CP,S4,1016,warmup,data,cost,0.8693528693528694,819
FROZEN-CP,S4,1016,warmup,data,delay,0.8669108669108669,819
FROZEN-CP,S4,1016,early,probe,cost,0.885,1400
FROZEN-CP,S4,1016,early,probe,delay,0.895,1400
FROZEN-CP,S4,1016,early,data,cost,0.8347280334728033,1434
FROZEN-CP,S4,1016,early,data,delay,0.8361227336122734,1434
FROZEN-CP,S4,1016,middle,probe,cost,0.8847712796757383,1727
FROZEN-CP,S4,1016,middle,probe,delay,0.8894035900405327,1727
FROZEN-CP,S4,1016,middle,data,cost,0.8235616438356165,1825
FROZEN-CP,S4,1016,middle,data,delay,0.8246575342465754,1825
FROZEN-CP,S4,1016,late,probe,cost,0.8916709248850281,1957
FROZEN-CP,S4,1016,late,probe,delay,0.8978027593254982,1957
FROZEN-CP,S4,1016,late,data,cost,0.8537960954446855,2305
FROZEN-CP,S4,1016,late,data,delay,0.8559652928416486,2305
FROZEN-CP,S4,1017,warmup,probe,cost,0.89125,800
FROZEN-CP,S4,1017,warmup,probe,delay,0.8925,800
FROZEN-CP,S4,1017,warmup,data,cost,0.8504901960784313,816
FROZEN-CP,S4,1017,warmup,data,delay,0.8468137254901961,816
FROZEN-CP,S4,1017,early,probe,cost,0.8792857142857143,1400
FROZEN-CP,S4,1017,early,probe,delay,0.8978571428571429,1400
FROZEN-CP,S4,1017,early,data,cost,0.8680167597765364,1432
FROZEN-CP,S4,1017,early,data,delay,0.8687150837988827,1432
FROZEN-CP,S4,1017,middle,probe,cost,0.8847712796757383,1727
FROZEN-CP,S4,1017,middle,probe,delay,0.9021424435437174,1727
FROZEN-CP,S4,1017,middle,data,cost,0.8261351052048727,1806
FROZEN-CP,S4,1017,middle,data,delay,0.8283499446290143,1806
FROZEN-CP,S4,1017,late,probe,cost,0.8976721629485936,2062
FROZEN-CP,S4,1017,late,probe,delay,0.906886517943744,2062
FROZEN-CP,S4,1017,late,data,cost,0.844040762073549,2257
FROZEN-CP,S4,1017,late,data,delay,0.8515728843597696,2257
FROZEN-CP,S4,1018,warmup,probe,cost,0.89625,800
FROZEN-CP,S4,1018,warmup,probe,delay,0.89875,800
FROZEN-CP,S4,1018,warmup,data,cost,0.8950617283950617,810
FROZEN-CP,S4,1018,warmup,data,delay,0.8876543209876543,810
FROZEN-CP,S4,1018,early,probe,cost,0.9257142857142857,1400
FROZEN-CP,S4,1018,early,probe,delay,0.9235714285714286,1400
FROZEN-CP,S4,1018,early,data,cost,0.8765432098765432,1458
FROZEN-CP,S4,1018,early,data,delay,0.8662551440329218,1458
FROZEN-CP,S4,1018,middle,probe,cost,0.9261396422388921,1733
FROZEN-CP,S4,1018,middle,probe,delay,0.9238315060588574,1733
FROZEN-CP,S4,1018,middle,data,cost,0.8918617614269788,1794
FROZEN-CP,S4,1018,middle,data,delay,0.8851727982162765,1794
FROZEN-CP,S4,1018,late,probe,cost,0.9194765978862607,1987
FROZEN-CP,S4,1018,late,probe,delay,0.9229994967287368,1987
FROZEN-CP,S4,1018,late,data,cost,0.888,2250
FROZEN-CP,S4,1018,late,data,delay,0.8835555555555555,2250
FROZEN-CP,S4,1019,warmup,probe,cost,0.885,800
FROZEN-CP,S4,1019,warmup,probe,delay,0.89125,800
FROZEN-CP,S4,1019,warmup,data,cost,0.84875,800
FROZEN-CP,S4,1019,warmup,data,delay,0.85,800
FROZEN-CP,S4,1019,early,probe,cost,0.8921428571428571,1400
FROZEN-CP,S4,1019,early,probe,delay,0.89,1400
FROZEN-CP,S4,1019,early,data,cost,0.8479008947006194,1453
FROZEN-CP,S4,1019,early,data,delay,0.8472126634549209,1453
FROZEN-CP,S4,1019,middle,probe,cost,0.8946759259259259,1728
FROZEN-CP,S4,1019,middle,probe,delay,0.8981481481481481,1728
FROZEN-CP,S4,1019,middle,data,cost,0.8569060773480663,1810
FROZEN-CP,S4,1019,middle,data,delay,0.856353591160221,1810
FROZEN-CP,S4,1019,late,probe,cost,0.9009009009009009,1998
FROZEN-CP,S4,1019,late,probe,delay,0.9034034034034034,1998
FROZEN-CP,S4,1019,late,data,cost,0.8534216335540838,2265
FROZEN-CP,S4,1019,late,data,delay,0.8507726269315673,2265
FROZEN-CP,S4,1020,warmup,probe,cost,0.90875,800
FROZEN-CP,S4,1020,warmup,probe,delay,0.9075,800
FROZEN-CP,S4,1020,warmup,data,cost,0.8425,800
FROZEN-CP,S4,1020,warmup,data,delay,0.8475,800
FROZEN-CP,S4,1020,early,probe,cost,0.875,1400
FROZEN-CP,S4,1020,early,probe,delay,0.8835714285714286,1400
FROZEN-CP,S4,1020,early,data,cost,0.8460992907801419,1410
FROZEN-CP,S4,1020,early,data,delay,0.8460992907801419,1410
FROZEN-CP,S4,1020,middle,probe,cost,0.8795599305153445,1727
FROZEN-CP,S4,1020,middle,probe,delay,0.8795599305153445,1727
FROZEN-CP,S4,1020,middle,data,cost,0.8405797101449275,1794
FROZEN-CP,S4,1020,middle,data,delay,0.8377926421404682,1794
FROZEN-CP,S4,1020,late,probe,cost,0.8901044256588762,2011
FROZEN-CP,S4,1020,late,probe,delay,0.8960716061660865,2011
FROZEN-CP,S4,1020,late,data,cost,0.8393470790378007,2328
FROZEN-CP,S4,1020,late,data,delay,0.8367697594501718,2328
FROZEN-CP,S4,1021,warmup,probe,cost,0.88375,800
FROZEN-CP,S4,1021,warmup,probe,delay,0.8825,800
FROZEN-CP,S4,1021,warmup,data,cost,0.8695121951219512,820
FROZEN-CP,S4,1021,warmup,data,delay,0.8658536585365854,820
FROZEN-CP,S4,1021,early,probe,cost,0.9257142857142857,1400
FROZEN-CP,S4,1021,early,probe,delay,0.9242857142857143,1400
FROZEN-CP,S4,1021,early,data,cost,0.8883626522327469,1478
FROZEN-CP,S4,1021,early,data,delay,0.8768606224627875,1478
FROZEN-CP,S4,1021,middle,probe,cost,0.9154025670945157,1714
FROZEN-CP,S4,1021,middle,probe,delay,0.9247374562427071,1714
FROZEN-CP,S4,1021,middle,data,cost,0.8673524634542501,1847
FROZEN-CP,S4,1021,middle,data,delay,0.8619382782891175,1847
FROZEN-CP,S4,1021,late,probe,cost,0.919585594474593,2027
FROZEN-CP,S4,1021,late,probe,delay,0.9255056734089788,2027
FROZEN-CP,S4,1021,late,data,cost,0.8745231030097499,2359
FROZEN-CP,S4,1021,late,data,delay,0.8681644764730818,2359
FROZEN-CP,S4,1022,warmup,probe,cost,0.9075,800
FROZEN-CP,S4,1022,warmup,probe,delay,0.90625,800
FROZEN-CP,S4,1022,warmup,data,cost,0.8800489596083231,817
FROZEN-CP,S4,1022,warmup,data,delay,0.8751529987760098,817
FROZEN-CP,S4,1022,early,probe,cost,0.9128571428571428,1400
FROZEN-CP,S4,1022,early,probe,delay,0.91,1400
FROZEN-CP,S4,1022,early,data,cost,0.8584379358437936,1434
FROZEN-CP,S4,1022,early,data,delay,0.8556485355648535,1434
FROZEN-CP,S4,1022,middle,probe,cost,0.9000581057524695,1721
FROZEN-CP,S4,1022,middle,probe,delay,0.9000581057524695,1721
FROZEN-CP,S4,1022,middle,data,cost,0.8453159041394336,1836
FROZEN-CP,S4,1022,middle,data,delay,0.8338779956427015,1836
FROZEN-CP,S4,1022,late,probe,cost,0.906930693069307,2020
FROZEN-CP,S4,1022,late,probe,delay,0.9113861386138614,2020
FROZEN-CP,S4,1022,late,data,cost,0.8613861386138614,2323
FROZEN-CP,S4,1022,late,data,delay,0.8484718037021094,2323
FROZEN-CP,S4,1023,warmup,probe,cost,0.87875,800
FROZEN-CP,S4,1023,warmup,probe,delay,0.885,800
FROZEN-CP,S4,1023,warmup,data,cost,0.8613496932515338,815
FROZEN-CP,S4,1023,warmup,data,delay,0.8552147239263803,815
FROZEN-CP,S4,1023,early,probe,cost,0.9042857142857142,1400
FROZEN-CP,S4,1023,early,probe,delay,0.8914285714285715,1400
FROZEN-CP,S4,1023,early,data,cost,0.8641975308641975,1458
FROZEN-CP,S4,1023,early,data,delay,0.8497942386831275,1458
FROZEN-CP,S4,1023,middle,probe,cost,0.922228670922809,1723
FROZEN-CP,S4,1023,middle,probe,delay,0.910040626813697,1723
FROZEN-CP,S4,1023,middle,data,cost,0.8633608815426997,1815
FROZEN-CP,S4,1023,middle,data,delay,0.8495867768595041,1815
FROZEN-CP,S4,1023,late,probe,cost,0.9236381322957199,2056
FROZEN-CP,S4,1023,late,probe,delay,0.9163424124513618,2056
FROZEN-CP,S4,1023,late,data,cost,0.8711072664359861,2312
FROZEN-CP,S4,1023,late,data,delay,0.8551038062283737,2312
FROZEN-CP,S4,1024,warmup,probe,cost,0.88625,800
FROZEN-CP,S4,1024,warmup,probe,delay,0.88625,800
FROZEN-CP,S4,1024,warmup,data,cost,0.8855780691299165,839
FROZEN-CP,S4,1024,warmup,data,delay,0.8748510131108462,839
FROZEN-CP,S4,1024,early,probe,cost,0.8978571428571429,1400
FROZEN-CP,S4,1024,early,probe,delay,0.9,1400
FROZEN-CP,S4,1024,early,data,cost,0.8784153005464481,1464
FROZEN-CP,S4,1024,early,data,delay,0.869535519125683,1464
FROZEN-CP,S4,1024,middle,probe,cost,0.912638322655795,1717
FROZEN-CP,S4,1024,middle,probe,delay,0.9178800232964472,1717
FROZEN-CP,S4,1024,middle,data,cost,0.8775737340011129,1797
FROZEN-CP,S4,1024,middle,data,delay,0.8792431830829159,1797
FROZEN-CP,S4,1024,late,probe,cost,0.9131944444444444,2016
FROZEN-CP,S4,1024,late,probe,delay,0.9171626984126984,2016
FROZEN-CP,S4,1024,late,data,cost,0.889808362369338,2296
FROZEN-CP,S4,1024,late,data,delay,0.8784843205574913,2296
FROZEN-CP,S4,1025,warmup,probe,cost,0.90375,800
FROZEN-CP,S4,1025,warmup,probe,delay,0.89375,800
FROZEN-CP,S4,1025,warmup,data,cost,0.8691358024691358,810
FROZEN-CP,S4,1025,warmup,data,delay,0.8604938271604938,810
FROZEN-CP,S4,1025,early,probe,cost,0.9014285714285715,1400
FROZEN-CP,S4,1025,early,probe,delay,0.8978571428571429,1400
FROZEN-CP,S4,1025,early,data,cost,0.8369713506139154,1466
FROZEN-CP,S4,1025,early,data,delay,0.8362892223738063,1466
FROZEN-CP,S4,1025,middle,probe,cost,0.8860613071139387,1729
FROZEN-CP,S4,1025,middle,probe,delay,0.8837478311162522,1729
FROZEN-CP,S4,1025,middle,data,cost,0.8577680525164114,1828
FROZEN-CP,S4,1025,middle,data,delay,0.8440919037199125,1828
FROZEN-CP,S4,1025,late,probe,cost,0.8955375253549696,1972
FROZEN-CP,S4,1025,late,probe,delay,0.8970588235294118,1972
FROZEN-CP,S4,1025,late,data,cost,0.8214285714285714,2268
FROZEN-CP,S4,1025,late,data,delay,0.812610229276896,2268
FROZEN-CP,S4,1026,warmup,probe,cost,0.89,800
FROZEN-CP,S4,1026,warmup,probe,delay,0.88375,800
FROZEN-CP,S4,1026,warmup,data,cost,0.868421052631579,836
FROZEN-CP,S4,1026,warmup,data,delay,0.8624401913875598,836
FROZEN-CP,S4,1026,early,probe,cost,0.9071428571428571,1400
FROZEN-CP,S4,1026,early,probe,delay,0.9128571428571428,1400
FROZEN-CP,S4,1026,early,data,cost,0.8803009575923393,1462
FROZEN-CP,S4,1026,early,data,delay,0.8809849521203831,1462
FROZEN-CP,S4,1026,middle,probe,cost,0.9021990740740741,1728
FROZEN-CP,S4,1026,middle,probe,delay,0.9021990740740741,1728
FROZEN-CP,S4,1026,middle,data,cost,0.8793103448275862,1856
FROZEN-CP,S4,1026,middle,data,delay,0.8744612068965517,1856
FROZEN-CP,S4,1026,late,probe,cost,0.9154649428145202,2011
FROZEN-CP,S4,1026,late,probe,delay,0.9244157135753357,2011
FROZEN-CP,S4,1026,late,data,cost,0.8836206896551724,2320
FROZEN-CP,S4,1026,late,data,delay,0.8745689655172414,2320
FROZEN-CP,S4,1027,warmup,probe,cost,0.8925,800
FROZEN-CP,S4,1027,warmup,probe,delay,0.88125,800
FROZEN-CP,S4,1027,warmup,data,cost,0.85625,800
FROZEN-CP,S4,1027,warmup,data,delay,0.85,800
FROZEN-CP,S4,1027,early,probe,cost,0.8885714285714286,1400
FROZEN-CP,S4,1027,early,probe,delay,0.8957142857142857,1400
FROZEN-CP,S4,1027,early,data,cost,0.8445205479452055,1460
FROZEN-CP,S4,1027,early,data,delay,0.8452054794520548,1460
FROZEN-CP,S4,1027,middle,probe,cost,0.8913922588099364,1731
FROZEN-CP,S4,1027,middle,probe,delay,0.8960138648180243,1731
FROZEN-CP,S4,1027,middle,data,cost,0.8310010764262648,1858
FROZEN-CP,S4,1027,middle,data,delay,0.8288482238966631,1858
FROZEN-CP,S4,1027,late,probe,cost,0.8914841849148418,2055
FROZEN-CP,S4,1027,late,probe,delay,0.8948905109489051,2055
FROZEN-CP,S4,1027,late,data,cost,0.8634020618556701,2328
FROZEN-CP,S4,1027,late,data,delay,0.8608247422680413,2328
FROZEN-CP,S4,1028,warmup,probe,cost,0.9,800
FROZEN-CP,S4,1028,warmup,probe,delay,0.895,800
FROZEN-CP,S4,1028,warmup,data,cost,0.9034229828850856,818
FROZEN-CP,S4,1028,warmup,data,delay,0.8960880195599022,818
FROZEN-CP,S4,1028,early,probe,cost,0.9085714285714286,1400
FROZEN-CP,S4,1028,early,probe,delay,0.9135714285714286,1400
FROZEN-CP,S4,1028,early,data,cost,0.8717770034843205,1435
FROZEN-CP,S4,1028,early,data,delay,0.8655052264808363,1435
FROZEN-CP,S4,1028,middle,probe,cost,0.9027617951668585,1738
FROZEN-CP,S4,1028,middle,probe,delay,0.903337169159954,1738
FROZEN-CP,S4,1028,middle,data,cost,0.8748633879781421,1830
FROZEN-CP,S4,1028,middle,data,delay,0.8644808743169399,1830
FROZEN-CP,S4,1028,late,probe,cost,0.9118541033434651,1974
FROZEN-CP,S4,1028,late,probe,delay,0.9148936170212766,1974
FROZEN-CP,S4,1028,late,data,cost,0.8855368234250222,2254
FROZEN-CP,S4,1028,late,data,delay,0.883318544809228,2254
FROZEN-CP,S4,1029,warmup,probe,cost,0.8775,800
FROZEN-CP,S4,1029,warmup,probe,delay,0.885,800
FROZEN-CP,S4,1029,warmup,data,cost,0.8665018541409147,809
FROZEN-CP,S4,1029,warmup,data,delay,0.8603213844252163,809
FROZEN-CP,S4,1029,early,probe,cost,0.9171428571428571,1400
FROZEN-CP,S4,1029,early,probe,delay,0.9121428571428571,1400
FROZEN-CP,S4,1029,early,data,cost,0.8813324080499653,1441
FROZEN-CP,S4,1029,early,data,delay,0.864677307425399,1441
FROZEN-CP,S4,1029,middle,probe,cost,0.9155995343422585,1718
FROZEN-CP,S4,1029,middle,probe,delay,0.9138533178114087,1718
FROZEN-CP,S4,1029,middle,data,cost,0.8754799780581459,1823
FROZEN-CP,S4,1029,middle,data,delay,0.8672517827756445,1823
FROZEN-CP,S4,1029,late,probe,cost,0.9259443339960238,2012
FROZEN-CP,S4,1029,late,probe,delay,0.9219681908548708,2012
FROZEN-CP,S4,1029,late,data,cost,0.8737613097802671,2321
FROZEN-CP,S4,1029,late,data,delay,0.8664368806548901,2321
FROZEN-CP,S5,1000,warmup,probe,cost,0.88125,800
FROZEN-CP,S5,1000,warmup,probe,delay,0.88,800
FROZEN-CP,S5,1000,warmup,data,cost,0.8864197530864197,810
FROZEN-CP,S5,1000,warmup,data,delay,0.8851851851851852,810
FROZEN-CP,S5,1000,early,probe,cost,0.9271428571428572,1400
FROZEN-CP,S5,1000,early,probe,delay,0.9207142857142857,1400
FROZEN-CP,S5,1000,early,data,cost,0.90499306518724,1442
FROZEN-CP,S5,1000,early,data,delay,0.8938973647711512,1442
FROZEN-CP,S5,1000,middle,probe,cost,0.8324667822068169,1731
FROZEN-CP,S5,1000,middle,probe,delay,0.8093587521663779,1731
FROZEN-CP,S5,1000,middle,data,cost,0.7081358609794629,2532
FROZEN-CP,S5,1000,middle,data,delay,0.6883886255924171,2532
FROZEN-CP,S5,1000,late,probe,cost,0.8869653767820774,1964
FROZEN-CP,S5,1000,late,probe,delay,0.8630346232179226,1964
FROZEN-CP,S5,1000,late,data,cost,0.7930215998101116,4213
FROZEN-CP,S5,1000,late,data,delay,0.7605032043674341,4213
FROZEN-CP,S5,1001,warmup,probe,cost,0.89625,800
FROZEN-CP,S5,1001,warmup,probe,delay,0.89625,800
FROZEN-CP,S5,1001,warmup,data,cost,0.905982905982906,819
FROZEN-CP,S5,1001,warmup,data,delay,0.8925518925518926,819
FROZEN-CP,S5,1001,early,probe,cost,0.8935714285714286,1400
FROZEN-CP,S5,1001,early,probe,delay,0.8935714285714286,1400
FROZEN-CP,S5,1001,early,data,cost,0.8567530695770805,1466
FROZEN-CP,S5,1001,early,data,delay,0.8581173260572987,1466
FROZEN-CP,S5,1001,middle,probe,cost,0.7602541883304448,1731
FROZEN-CP,S5,1001,middle,probe,delay,0.7273252455228192,1731
FROZEN-CP,S5,1001,middle,data,cost,0.705021747726374,2529
FROZEN-CP,S5,1001,middle,data,delay,0.6884143930407276,2529
FROZEN-CP,S5,1001,late,probe,cost,0.8365384615384616,1976
FROZEN-CP,S5,1001,late,probe,delay,0.8016194331983806,1976
FROZEN-CP,S5,1001,late,data,cost,0.763095238095238,4200
FROZEN-CP,S5,1001,late,data,delay,0.7235714285714285,4200
FROZEN-CP,S5,1002,warmup,probe,cost,0.90375,800
FROZEN-CP,S5,1002,warmup,probe,delay,0.91,800
FROZEN-CP,S5,1002,warmup,data,cost,0.9169719169719169,819
FROZEN-CP,S5,1002,warmup,data,delay,0.9084249084249084,819
FROZEN-CP,S5,1002,early,probe,cost,0.9021428571428571,1400
FROZEN-CP,S5,1002,early,probe,delay,0.9035714285714286,1400
FROZEN-CP,S5,1002,early,data,cost,0.871280276816609,1445
FROZEN-CP,S5,1002,early,data,delay,0.8657439446366783,1445
FROZEN-CP,S5,1002,middle,probe,cost,0.7775842044134728,1722
FROZEN-CP,S5,1002,middle,probe,delay,0.7479674796747967,1722
FROZEN-CP,S5,1002,middle,data,cost,0.6943231441048034,2519
FROZEN-CP,S5,1002,middle,data,delay,0.6621675267963477,2519
FROZEN-CP,S5,1002,late,probe,cost,0.8558746736292429,1915
FROZEN-CP,S5,1002,late,probe,delay,0.8161879895561358,1915
FROZEN-CP,S5,1002,late,data,cost,0.7416325547796774,4153
FROZEN-CP,S5,1002,late,data,delay,0.7047917168312063,4153
FROZEN-CP,S5,1003,warmup,probe,cost,0.88375,800
FROZEN-CP,S5,1003,warmup,probe,delay,0.8775,800
FROZEN-CP,S5,1003,warmup,data,cost,0.8975308641975308,810
FROZEN-CP,S5,1003,warmup,data,delay,0.8901234567901235,810
FROZEN-CP,S5,1003,early,probe,cost,0.9121428571428571,1400
FROZEN-CP,S5,1003,early,probe,delay,0.9,1400
FROZEN-CP,S5,1003,early,data,cost,0.8983050847457628,1416
FROZEN-CP,S5,1003,early,data,delay,0.884180790960452,1416
FROZEN-CP,S5,1003,middle,probe,cost,0.810294968189705,1729
FROZEN-CP,S5,1003,middle,probe,delay,0.7674956622325043,1729
FROZEN-CP,S5,1003,middle,data,cost,0.745114006514658,2456
FROZEN-CP,S5,1003,middle,data,delay,0.7092833876221498,2456
FROZEN-CP,S5,1003,late,probe,cost,0.8753768844221106,1990
FROZEN-CP,S5,1003,late,probe,delay,0.8291457286432161,1990
FROZEN-CP,S5,1003,late,data,cost,0.7858662254786103,4231
FROZEN-CP,S5,1003,late,data,delay,0.7459229496572914,4231
FROZEN-CP,S5,1004,warmup,probe,cost,0.9025,800
FROZEN-CP,S5,1004,warmup,probe,delay,0.89625,800
FROZEN-CP,S5,1004,warmup,data,cost,0.8733087330873309,813
FROZEN-CP,S5,1004,warmup,data,delay,0.8585485854858549,813
FROZEN-CP,S5,1004,early,probe,cost,0.8885714285714286,1400
FROZEN-CP,S5,1004,early,probe,delay,0.8985714285714286,1400
FROZEN-CP,S5,1004,early,data,cost,0.8750872295882763,1433
FROZEN-CP,S5,1004,early,data,delay,0.8722958827634334,1433
FROZEN-CP,S5,1004,middle,probe,cost,0.7574344023323615,1715
FROZEN-CP,S5,1004,middle,probe,delay,0.7364431486880466,1715
FROZEN-CP,S5,1004,middle,data,cost,0.6934773909563825,2499
FROZEN-CP,S5,1004,middle,data,delay,0.6778711484593838,2499
FROZEN-CP,S5,1004,late,probe,cost,0.8590163934426229,1830
FROZEN-CP,S5,1004,late,probe,delay,0.8398907103825136,1830
FROZEN-CP,S5,1004,late,data,cost,0.7573834513058335,4097
FROZEN-CP,S5,1004,late,data,delay,0.7278496460824994,4097
FROZEN-CP,S5,1005,warmup,probe,cost,0.895,800
FROZEN-CP,S5,1005,warmup,probe,delay,0.9025,800
FROZEN-CP,S5,1005,warmup,data,cost,0.8594132029339854,818
FROZEN-CP,S5,1005,warmup,data,delay,0.8533007334963325,818
FROZEN-CP,S5,1005,early,probe,cost,0.8835714285714286,1400
FROZEN-CP,S5,1005,early,probe,delay,0.8671428571428571,1400
FROZEN-CP,S5,1005,early,data,cost,0.8528799444829979,1441
FROZEN-CP,S5,1005,early,data,delay,0.8362248438584317,1441
FROZEN-CP,S5,1005,middle,probe,cost,0.7619047619047619,1722
FROZEN-CP,S5,1005,middle,probe,delay,0.7154471544715447,1722
FROZEN-CP,S5,1005,middle,data,cost,0.7232502011263073,2486
FROZEN-CP,S5,1005,middle,data,delay,0.6830249396621078,2486
FROZEN-CP,S5,1005,late,probe,cost,0.8381294964028777,1946
FROZEN-CP,S5,1005,late,probe,delay,0.7908530318602262,1946
FROZEN-CP,S5,1005,late,data,cost,0.7326471996170416,4178
FROZEN-CP,S5,1005,late,data,delay,0.6898037338439444,4178
FROZEN-CP,S5,1006,warmup,probe,cost,0.91375,800
FROZEN-CP,S5,1006,warmup,probe,delay,0.90375,800
FROZEN-CP,S5,1006,warmup,data,cost,0.8878048780487805,820
FROZEN-CP,S5,1006,warmup,data,delay,0.875609756097561,820
FROZEN-CP,S5,1006,early,probe,cost,0.8821428571428571,1400
FROZEN-CP,S5,1006,early,probe,delay,0.8835714285714286,1400
FROZEN-CP,S5,1006,early,data,cost,0.8570446735395189,1455
FROZEN-CP,S5,1006,early,data,delay,0.8549828178694158,1455
FROZEN-CP,S5,1006,middle,probe,cost,0.7621247113163973,1732
FROZEN-CP,S5,1006,middle,probe,delay,0.7245958429561201,1732
FROZEN-CP,S5,1006,middle,data,cost,0.6932588751495812,2507
FROZEN-CP,S5,1006,middle,data,delay,0.6717191862784204,2507
FROZEN-CP,S5,1006,late,probe,cost,0.815554387808723,1903
FROZEN-CP,S5,1006,late,probe,delay,0.7698370993168681,1903
FROZEN-CP,S5,1006,late,data,cost,0.7624096385542168,4150
FROZEN-CP,S5,1006,late,data,delay,0.7236144578313253,4150
FROZEN-CP,S5,1007,warmup,probe,cost,0.89625,800
FROZEN-CP,S5,1007,warmup,probe,delay,0.89875,800
FROZEN-CP,S5,1007,warmup,data,cost,0.8848920863309353,834
FROZEN-CP,S5,1007,warmup,data,delay,0.8597122302158273,834
FROZEN-CP,S5,1007,early,probe,cost,0.9064285714285715,1400
FROZEN-CP,S5,1007,early,probe,delay,0.905,1400
FROZEN-CP,S5,1007,early,data,cost,0.8618556701030928,1455
FROZEN-CP,S5,1007,early,data,delay,0.8542955326460481,1455
FROZEN-CP,S5,1007,middle,probe,cost,0.7991874637260592,1723
FROZEN-CP,S5,1007,middle,probe,delay,0.7684271619268718,1723
FROZEN-CP,S5,1007,middle,data,cost,0.7418576598311218,2487
FROZEN-CP,S5,1007,middle,data,delay,0.7165259348612787,2487
FROZEN-CP,S5,1007,late,probe,cost,0.8667004561581348,1973
FROZEN-CP,S5,1007,late,probe,delay,0.8271667511403953,1973
FROZEN-CP,S5,1007,late,data,cost,0.7867108063371956,4229
FROZEN-CP,S5,1007,late,data,delay,0.747221565381887,4229
FROZEN-CP,S5,1008,warmup,probe,cost,0.88875,800
FROZEN-CP,S5,1008,warmup,probe,delay,0.89625,800
FROZEN-CP,S5,1008,warmup,data,cost,0.8963051251489869,839
FROZEN-CP,S5,1008,warmup,data,delay,0.8903456495828367,839
FROZEN-CP,S5,1008,early,probe,cost,0.9035714285714286,1400
FROZEN-CP,S5,1008,early,probe,delay,0.8942857142857142,1400
FROZEN-CP,S5,1008,early,data,cost,0.8773841961852861,1468
FROZEN-CP,S5,1008,early,data,delay,0.8698910081743869,1468
FROZEN-CP,S5,1008,middle,probe,cost,0.7996525767226405,1727
FROZEN-CP,S5,1008,middle,probe,delay,0.7544875506658946,1727
FROZEN-CP,S5,1008,middle,data,cost,0.75,2532
FROZEN-CP,S5,1008,middle,data,delay,0.70260663507109,2532
FROZEN-CP,S5,1008,late,probe,cost,0.8815331010452961,2009
FROZEN-CP,S5,1008,late,probe,delay,0.8372324539571926,2009
FROZEN-CP,S5,1008,late,data,cost,0.7766426747155792,4307
FROZEN-CP,S5,1008,late,data,delay,0.7383329463663804,4307
FROZEN-CP,S5,1009,warmup,probe,cost,0.9025,800
FROZEN-CP,S5,1009,warmup,probe,delay,0.9,800
FROZEN-CP,S5,1009,warmup,data,cost,0.894993894993895,819
FROZEN-CP,S5,1009,warmup,data,delay,0.8803418803418803,819
FROZEN-CP,S5,1009,early,probe,cost,0.875,1400
FROZEN-CP,S5,1009,early,probe,delay,0.8642857142857143,1400
FROZEN-CP,S5,1009,early,data,cost,0.8688750862663907,1449
FROZEN-CP,S5,1009,early,data,delay,0.8599033816425121,1449
FROZEN-CP,S5,1009,middle,probe,cost,0.7603017991874638,1723
FROZEN-CP,S5,1009,middle,probe,delay,0.7161926871735346,1723
FROZEN-CP,S5,1009,middle,data,cost,0.6917233106757297,2501
FROZEN-CP,S5,1009,middle,data,delay,0.6541383446621352,2501
FROZEN-CP,S5,1009,late,probe,cost,0.8400407539480387,1963
FROZEN-CP,S5,1009,late,probe,delay,0.7941925624044829,1963
FROZEN-CP,S5,1009,late,data,cost,0.7814220732583194,4177
FROZEN-CP,S5,1009,late,data,delay,0.7469475700263347,4177
FROZEN-CP,S5,1010,warmup,probe,cost,0.895,800
FROZEN-CP,S5,1010,warmup,probe,delay,0.89,800
FROZEN-CP,S5,1010,warmup,data,cost,0.875453446191052,827
FROZEN-CP,S5,1010,warmup,data,delay,0.8730350665054414,827
FROZEN-CP,S5,1010,early,probe,cost,0.8642857142857143,1400
FROZEN-CP,S5,1010,early,probe,delay,0.8664285714285714,1400
FROZEN-CP,S5,1010,early,data,cost,0.8534773801485482,1481
FROZEN-CP,S5,1010,early,data,delay,0.8534773801485482,1481
FROZEN-CP,S5,1010,middle,probe,cost,0.7456445993031359,1722
FROZEN-CP,S5,1010,middle,probe,delay,0.724157955865273,1722
FROZEN-CP,S5,1010,middle,data,cost,0.7230646448523543,2506
FROZEN-CP,S5,1010,middle,data,delay,0.7067039106145251,2506
FROZEN-CP,S5,1010,late,probe,cost,0.8214483139856275,1809
FROZEN-CP,S5,1010,late,probe,delay,0.7965726920950802,1809
FROZEN-CP,S5,1010,late,data,cost,0.7713933415536375,4055
FROZEN-CP,S5,1010,late,data,delay,0.7368680641183724,4055
FROZEN-CP,S5,1011,warmup,probe,cost,0.8825,800
FROZEN-CP,S5,1011,warmup,probe,delay,0.8925,800
FROZEN-CP,S5,1011,warmup,data,cost,0.8876678876678876,819
FROZEN-CP,S5,1011,warmup,data,delay,0.8852258852258852,819
FROZEN-CP,S5,1011,early,probe,cost,0.9057142857142857,1400
FROZEN-CP,S5,1011,early,probe,delay,0.9042857142857142,1400
FROZEN-CP,S5,1011,early,data,cost,0.8978201634877384,1468
FROZEN-CP,S5,1011,early,data,delay,0.8937329700272479,1468
FROZEN-CP,S5,1011,middle,probe,cost,0.8048498845265589,1732
FROZEN-CP,S5,1011,middle,probe,delay,0.7863741339491916,1732
FROZEN-CP,S5,1011,middle,data,cost,0.7857427319792911,2511
FROZEN-CP,S5,1011,middle,data,delay,0.7510951812027081,2511
FROZEN-CP,S5,1011,late,probe,cost,0.8804148871262966,1639
FROZEN-CP,S5,1011,late,probe,delay,0.8560097620500305,1639
FROZEN-CP,S5,1011,late,data,cost,0.817442156114925,3933
FROZEN-CP,S5,1011,late,data,delay,0.7965929316043733,3933
FROZEN-CP,S5,1012,warmup,probe,cost,0.89875,800
FROZEN-CP,S5,1012,warmup,probe,delay,0.895,800
FROZEN-CP,S5,1012,warmup,data,cost,0.8682926829268293,820
FROZEN-CP,S5,1012,warmup,data,delay,0.8658536585365854,820
FROZEN-CP,S5,1012,early,probe,cost,0.8935714285714286,1400
FROZEN-CP,S5,1012,early,probe,delay,0.8778571428571429,1400
FROZEN-CP,S5,1012,early,data,cost,0.8702928870292888,1434
FROZEN-CP,S5,1012,early,data,delay,0.8535564853556485,1434
FROZEN-CP,S5,1012,middle,probe,cost,0.7564916330063474,1733
FROZEN-CP,S5,1012,middle,probe,delay,0.7085978072706289,1733
FROZEN-CP,S5,1012,middle,data,cost,0.7253408179631115,2494
FROZEN-CP,S5,1012,middle,data,delay,0.677626303127506,2494
FROZEN-CP,S5,1012,late,probe,cost,0.8337801608579088,1865
FROZEN-CP,S5,1012,late,probe,delay,0.7753351206434317,1865
FROZEN-CP,S5,1012,late,data,cost,0.7564629137472819,4139
FROZEN-CP,S5,1012,late,data,delay,0.7018603527422083,4139
FROZEN-CP,S5,1013,warmup,probe,cost,0.90125,800
FROZEN-CP,S5,1013,warmup,probe,delay,0.8875,800
FROZEN-CP,S5,1013,warmup,data,cost,0.8955773955773956,814
FROZEN-CP,S5,1013,warmup,data,delay,0.8845208845208845,814
FROZEN-CP,S5,1013,early,probe,cost,0.8971428571428571,1400
FROZEN-CP,S5,1013,early,probe,delay,0.9078571428571428,1400
FROZEN-CP,S5,1013,early,data,cost,0.8667979002624672,1524
FROZEN-CP,S5,1013,early,data,delay,0.8615485564304461,1524
FROZEN-CP,S5,1013,middle,probe,cost,0.7913793103448276,1740
FROZEN-CP,S5,1013,middle,probe,delay,0.7660919540229885,1740
FROZEN-CP,S5,1013,middle,data,cost,0.7430610626486915,2522
FROZEN-CP,S5,1013,middle,data,delay,0.7232355273592387,2522
FROZEN-CP,S5,1013,late,probe,cost,0.8459119496855346,1908
FROZEN-CP,S5,1013,late,probe,delay,0.8238993710691824,1908
FROZEN-CP,S5,1013,late,data,cost,0.7733786737915959,4117
FROZEN-CP,S5,1013,late,data,delay,0.745931503521982,4117
FROZEN-CP,S5,1014,warmup,probe,cost,0.90625,800
FROZEN-CP,S5,1014,warmup,probe,delay,0.905,800
FROZEN-CP,S5,1014,warmup,data,cost,0.8890243902439025,820
FROZEN-CP,S5,1014,warmup,data,delay,0.8792682926829268,820
FROZEN-CP,S5,1014,early,probe,cost,0.8828571428571429,1400
FROZEN-CP,S5,1014,early,probe,delay,0.8864285714285715,1400
FROZEN-CP,S5,1014,early,data,cost,0.8704986149584487,1444
FROZEN-CP,S5,1014,early,data,delay,0.8698060941828255,1444
FROZEN-CP,S5,1014,middle,probe,cost,0.7746967071057193,1731
FROZEN-CP,S5,1014,middle,probe,delay,0.7538994800693241,1731
FROZEN-CP,S5,1014,middle,data,cost,0.7148562300319489,2504
FROZEN-CP,S5,1014,middle,data,delay,0.6896964856230032,2504
FROZEN-CP,S5,1014,late,probe,cost,0.8401849948612539,1946
FROZEN-CP,S5,1014,late,probe,delay,0.8124357656731758,1946
FROZEN-CP,S5,1014,late,data,cost,0.7635280095351609,4195
FROZEN-CP,S5,1014,late,data,delay,0.7401668653158522,4195
FROZEN-CP,S5,1015,warmup,probe,cost,0.89,800
FROZEN-CP,S5,1015,warmup,probe,delay,0.8975,800
FROZEN-CP,S5,1015,warmup,data,cost,0.8878048780487805,820
FROZEN-CP,S5,1015,warmup,data,delay,0.8804878048780488,820
FROZEN-CP,S5,1015,early,probe,cost,0.89,1400
FROZEN-CP,S5,1015,early,probe,delay,0.8871428571428571,1400
FROZEN-CP,S5,1015,early,data,cost,0.8475524475524475,1430
FROZEN-CP,S5,1015,early,data,delay,0.8447552447552448,1430
FROZEN-CP,S5,1015,middle,probe,cost,0.7842565597667639,1715
FROZEN-CP,S5,1015,middle,probe,delay,0.7510204081632653,1715
FROZEN-CP,S5,1015,middle,data,cost,0.7294917967186875,2499
FROZEN-CP,S5,1015,middle,data,delay,0.6974789915966386,2499
FROZEN-CP,S5,1015,late,probe,cost,0.836326321190354,1949
FROZEN-CP,S5,1015,late,probe,delay,0.7860441251924064,1949
FROZEN-CP,S5,1015,late,data,cost,0.7784961685823755,4176
FROZEN-CP,S5,1015,late,data,delay,0.741139846743295,4176
FROZEN-CP,S5,1016,warmup,probe,cost,0.91625,800
FROZEN-CP,S5,1016,warmup,probe,delay,0.915,800
FROZEN-CP,S5,1016,warmup,data,cost,0.884004884004884,819
FROZEN-CP,S5,1016,warmup,data,delay,0.8803418803418803,819
FROZEN-CP,S5,1016,early,probe,cost,0.8921428571428571,1400
FROZEN-CP,S5,1016,early,probe,delay,0.8878571428571429,1400
FROZEN-CP,S5,1016,early,data,cost,0.8458333333333333,1440
FROZEN-CP,S5,1016,early,data,delay,0.8458333333333333,1440
FROZEN-CP,S5,1016,middle,probe,cost,0.7754508435136708,1719
FROZEN-CP,S5,1016,middle,probe,delay,0.7370564281559046,1719
FROZEN-CP,S5,1016,middle,data,cost,0.7150815758058098,2513
FROZEN-CP,S5,1016,middle,data,delay,0.6959808993235177,2513
FROZEN-CP,S5,1016,late,probe,cost,0.8399545970488081,1762
FROZEN-CP,S5,1016,late,probe,delay,0.7979568671963677,1762
FROZEN-CP,S5,1016,late,data,cost,0.7812656956303365,3982
FROZEN-CP,S5,1016,late,data,delay,0.7526368658965344,3982
FROZEN-CP,S5,1017,warmup,probe,cost,0.895,800
FROZEN-CP,S5,1017,warmup,probe,delay,0.89875,800
FROZEN-CP,S5,1017,warmup,data,cost,0.8776009791921665,817
FROZEN-CP,S5,1017,warmup,data,delay,0.8788249694002448,817
FROZEN-CP,S5,1017,early,probe,cost,0.8828571428571429,1400
FROZEN-CP,S5,1017,early,probe,delay,0.8871428571428571,1400
FROZEN-CP,S5,1017,early,data,cost,0.8785764131193301,1433
FROZEN-CP,S5,1017,early,data,delay,0.875785066294487,1433
FROZEN-CP,S5,1017,middle,probe,cost,0.7539085118702953,1727
FROZEN-CP,S5,1017,middle,probe,delay,0.7446438911407064,1727
FROZEN-CP,S5,1017,middle,data,cost,0.71875,2496
FROZEN-CP,S5,1017,middle,data,delay,0.7019230769230769,2496
FROZEN-CP,S5,1017,late,probe,cost,0.8404846037354872,1981
FROZEN-CP,S5,1017,late,probe,delay,0.8061585058051489,1981
FROZEN-CP,S5,1017,late,data,cost,0.753384912959381,4136
FROZEN-CP,S5,1017,late,data,delay,0.7359767891682786,4136
FROZEN-CP,S5,1018,warmup,probe,cost,0.89875,800
FROZEN-CP,S5,1018,warmup,probe,delay,0.895,800
FROZEN-CP,S5,1018,warmup,data,cost,0.9,810
FROZEN-CP,S5,1018,warmup,data,delay,0.891358024691358,810
FROZEN-CP,S5,1018,early,probe,cost,0.9157142857142857,1400
FROZEN-CP,S5,1018,early,probe,delay,0.9,1400
FROZEN-CP,S5,1018,early,data,cost,0.8906685236768802,1436
FROZEN-CP,S5,1018,early,data,delay,0.8809192200557103,1436
FROZEN-CP,S5,1018,middle,probe,cost,0.8193883439122909,1733
FROZEN-CP,S5,1018,middle,probe,delay,0.7761107905366417,1733
FROZEN-CP,S5,1018,middle,data,cost,0.7525191455058444,2481
FROZEN-CP,S5,1018,middle,data,delay,0.7142281338170092,2481
FROZEN-CP,S5,1018,late,probe,cost,0.8664788732394366,1775
FROZEN-CP,S5,1018,late,probe,delay,0.8259154929577465,1775
FROZEN-CP,S5,1018,late,data,cost,0.806331931733861,4043
FROZEN-CP,S5,1018,late,data,delay,0.7712094978976007,4043
FROZEN-CP,S5,1019,warmup,probe,cost,0.885,800
FROZEN-CP,S5,1019,warmup,probe,delay,0.89,800
FROZEN-CP,S5,1019,warmup,data,cost,0.8775,800
FROZEN-CP,S5,1019,warmup,data,delay,0.87625,800
FROZEN-CP,S5,1019,early,probe,cost,0.89,1400
FROZEN-CP,S5,1019,early,probe,delay,0.8842857142857142,1400
FROZEN-CP,S5,1019,early,data,cost,0.870434183321847,1451
FROZEN-CP,S5,1019,early,data,delay,0.8669882839421089,1451
FROZEN-CP,S5,1019,middle,probe,cost,0.7609953703703703,1728
FROZEN-CP,S5,1019,middle,probe,delay,0.7303240740740741,1728
FROZEN-CP,S5,1019,middle,data,cost,0.7069172331067572,2501
FROZEN-CP,S5,1019,middle,data,delay,0.6777289084366254,2501
FROZEN-CP,S5,1019,late,probe,cost,0.8557944415312009,1907
FROZEN-CP,S5,1019,late,probe,delay,0.8180388044048243,1907
FROZEN-CP,S5,1019,late,data,cost,0.758763388510224,4108
FROZEN-CP,S5,1019,late,data,delay,0.7183544303797469,4108
FROZEN-CP,S5,1020,warmup,probe,cost,0.90625,800
FROZEN-CP,S5,1020,warmup,probe,delay,0.90875,800
FROZEN-CP,S5,1020,warmup,data,cost,0.87125,800
FROZEN-CP,S5,1020,warmup,data,delay,0.875,800
FROZEN-CP,S5,1020,early,probe,cost,0.8792857142857143,1400
FROZEN-CP,S5,1020,early,probe,delay,0.885,1400
FROZEN-CP,S5,1020,early,data,cost,0.8608942512420156,1409
FROZEN-CP,S5,1020,early,data,delay,0.8587650816181689,1409
FROZEN-CP,S5,1020,middle,probe,cost,0.732484076433121,1727
FROZEN-CP,S5,1020,middle,probe,delay,0.7081644470179502,1727
FROZEN-CP,S5,1020,middle,data,cost,0.6703296703296703,2457
FROZEN-CP,S5,1020,middle,data,delay,0.6471306471306472,2457
FROZEN-CP,S5,1020,late,probe,cost,0.8285404232230059,1843
FROZEN-CP,S5,1020,late,probe,delay,0.7976125881714595,1843
FROZEN-CP,S5,1020,late,data,cost,0.7429768358797437,4058
FROZEN-CP,S5,1020,late,data,delay,0.7175948743223263,4058
FROZEN-CP,S5,1021,warmup,probe,cost,0.8875,800
FROZEN-CP,S5,1021,warmup,probe,delay,0.88,800
FROZEN-CP,S5,1021,warmup,data,cost,0.8817073170731707,820
FROZEN-CP,S5,1021,warmup,data,delay,0.8731707317073171,820
FROZEN-CP,S5,1021,early,probe,cost,0.8921428571428571,1400
FROZEN-CP,S5,1021,early,probe,delay,0.9071428571428571,1400
FROZEN-CP,S5,1021,early,data,cost,0.8764665286404417,1449
FROZEN-CP,S5,1021,early,data,delay,0.8757763975155279,1449
FROZEN-CP,S5,1021,middle,probe,cost,0.7637106184364061,1714
FROZEN-CP,S5,1021,middle,probe,delay,0.7543757292882147,1714
FROZEN-CP,S5,1021,middle,data,cost,0.6706114398422091,2535
FROZEN-CP,S5,1021,middle,data,delay,0.6568047337278107,2535
FROZEN-CP,S5,1021,late,probe,cost,0.8506763787721123,1922
FROZEN-CP,S5,1021,late,probe,delay,0.836108220603538,1922
FROZEN-CP,S5,1021,late,data,cost,0.7370689655172413,4176
FROZEN-CP,S5,1021,late,data,delay,0.712404214559387,4176
FROZEN-CP,S5,1022,warmup,probe,cost,0.895,800
FROZEN-CP,S5,1022,warmup,probe,delay,0.89875,800
FROZEN-CP,S5,1022,warmup,data,cost,0.8800489596083231,817
FROZEN-CP,S5,1022,warmup,data,delay,0.8849449204406364,817
FROZEN-CP,S5,1022,early,probe,cost,0.9121428571428571,1400
FROZEN-CP,S5,1022,early,probe,delay,0.9071428571428571,1400
FROZEN-CP,S5,1022,early,data,cost,0.8870292887029289,1434
FROZEN-CP,S5,1022,early,data,delay,0.8849372384937239,1434
FROZEN-CP,S5,1022,middle,probe,cost,0.7797791981406159,1721
FROZEN-CP,S5,1022,middle,probe,delay,0.7606042998256828,1721
FROZEN-CP,S5,1022,middle,data,cost,0.7272365805168987,2515
FROZEN-CP,S5,1022,middle,data,delay,0.6970178926441352,2515
FROZEN-CP,S5,1022,late,probe,cost,0.8441896821261073,1919
FROZEN-CP,S5,1022,late,probe,delay,0.8066701406982804,1919
FROZEN-CP,S5,1022,late,data,cost,0.7805284456081886,4201
FROZEN-CP,S5,1022,late,data,delay,0.7472030468935967,4201
FROZEN-CP,S5,1023,warmup,probe,cost,0.88875,800
FROZEN-CP,S5,1023,warmup,probe,delay,0.88875,800
FROZEN-CP,S5,1023,warmup,data,cost,0.8822085889570552,815
FROZEN-CP,S5,1023,warmup,data,delay,0.8785276073619632,815
FROZEN-CP,S5,1023,early,probe,cost,0.905,1400
FROZEN-CP,S5,1023,early,probe,delay,0.8978571428571429,1400
FROZEN-CP,S5,1023,early,data,cost,0.8878048780487805,1435
FROZEN-CP,S5,1023,early,data,delay,0.8794425087108014,1435
FROZEN-CP,S5,1023,middle,probe,cost,0.8067324434126524,1723
FROZEN-CP,S5,1023,middle,probe,delay,0.77539175856065,1723
FROZEN-CP,S5,1023,middle,data,cost,0.7213771016813451,2498
FROZEN-CP,S5,1023,middle,data,delay,0.6761409127301842,2498
FROZEN-CP,S5,1023,late,probe,cost,0.8604771784232366,1928
FROZEN-CP,S5,1023,late,probe,delay,0.8184647302904564,1928
FROZEN-CP,S5,1023,late,data,cost,0.7729026036644165,4148
FROZEN-CP,S5,1023,late,data,delay,0.7229990356798457,4148
FROZEN-CP,S5,1024,warmup,probe,cost,0.88375,800
FROZEN-CP,S5,1024,warmup,probe,delay,0.8775,800
FROZEN-CP,S5,1024,warmup,data,cost,0.9034564958283671,839
FROZEN-CP,S5,1024,warmup,data,delay,0.8939213349225268,839
FROZEN-CP,S5,1024,early,probe,cost,0.9035714285714286,1400
FROZEN-CP,S5,1024,early,probe,delay,0.9014285714285715,1400
FROZEN-CP,S5,1024,early,data,cost,0.8877410468319559,1452
FROZEN-CP,S5,1024,early,data,delay,0.8801652892561983,1452
FROZEN-CP,S5,1024,middle,probe,cost,0.8124635993011066,1717
FROZEN-CP,S5,1024,middle,probe,delay,0.7949912638322656,1717
FROZEN-CP,S5,1024,middle,data,cost,0.766109785202864,2514
FROZEN-CP,S5,1024,middle,data,delay,0.7211614956245028,2514
FROZEN-CP,S5,1024,late,probe,cost,0.8828382838283828,1818
FROZEN-CP,S5,1024,late,probe,delay,0.845984598459846,1818
FROZEN-CP,S5,1024,late,data,cost,0.8095001243471773,4021
FROZEN-CP,S5,1024,late,data,delay,0.7677194727679681,4021
FROZEN-CP,S5,1025,warmup,probe,cost,0.91125,800
FROZEN-CP,S5,1025,warmup,probe,delay,0.8975,800
FROZEN-CP,S5,1025,warmup,data,cost,0.9024691358024691,810
FROZEN-CP,S5,1025,warmup,data,delay,0.891358024691358,810
FROZEN-CP,S5,1025,early,probe,cost,0.8964285714285715,1400
FROZEN-CP,S5,1025,early,probe,delay,0.8814285714285715,1400
FROZEN-CP,S5,1025,early,data,cost,0.8643490115882754,1467
FROZEN-CP,S5,1025,early,data,delay,0.858214042263122,1467
FROZEN-CP,S5,1025,middle,probe,cost,0.7530364372469636,1729
FROZEN-CP,S5,1025,middle,probe,delay,0.7032967032967034,1729
FROZEN-CP,S5,1025,middle,data,cost,0.6959297685554668,2506
FROZEN-CP,S5,1025,middle,data,delay,0.6536312849162011,2506
FROZEN-CP,S5,1025,late,probe,cost,0.8257127487896718,1859
FROZEN-CP,S5,1025,late,probe,delay,0.7708445400753093,1859
FROZEN-CP,S5,1025,late,data,cost,0.7704347826086957,4025
FROZEN-CP,S5,1025,late,data,delay,0.7170186335403727,4025
FROZEN-CP,S5,1026,warmup,probe,cost,0.88875,800
FROZEN-CP,S5,1026,warmup,probe,delay,0.885,800
FROZEN-CP,S5,1026,warmup,data,cost,0.8899521531100478,836
FROZEN-CP,S5,1026,warmup,data,delay,0.8851674641148325,836
FROZEN-CP,S5,1026,early,probe,cost,0.9014285714285715,1400
FROZEN-CP,S5,1026,early,probe,delay,0.9,1400
FROZEN-CP,S5,1026,early,data,cost,0.8824333561175667,1463
FROZEN-CP,S5,1026,early,data,delay,0.8769651401230348,1463
FROZEN-CP,S5,1026,middle,probe,cost,0.8020833333333334,1728
FROZEN-CP,S5,1026,middle,probe,delay,0.7783564814814815,1728
FROZEN-CP,S5,1026,middle,data,cost,0.7643110935649428,2533
FROZEN-CP,S5,1026,middle,data,delay,0.7283853138570865,2533
FROZEN-CP,S5,1026,late,probe,cost,0.8822258238789843,1851
FROZEN-CP,S5,1026,late,probe,delay,0.8417071853052404,1851
FROZEN-CP,S5,1026,late,data,cost,0.8255214723926381,4075
FROZEN-CP,S5,1026,late,data,delay,0.785521472392638,4075
FROZEN-CP,S5,1027,warmup,probe,cost,0.8975,800
FROZEN-CP,S5,1027,warmup,probe,delay,0.89625,800
FROZEN-CP,S5,1027,warmup,data,cost,0.89,800
FROZEN-CP,S5,1027,warmup,data,delay,0.885,800
FROZEN-CP,S5,1027,early,probe,cost,0.895,1400
FROZEN-CP,S5,1027,early,probe,delay,0.895,1400
FROZEN-CP,S5,1027,early,data,cost,0.857439446366782,1445
FROZEN-CP,S5,1027,early,data,delay,0.855363321799308,1445
FROZEN-CP,S5,1027,middle,probe,cost,0.7602541883304448,1731
FROZEN-CP,S5,1027,middle,probe,delay,0.7406123627960717,1731
FROZEN-CP,S5,1027,middle,data,cost,0.7005177220230984,2511
FROZEN-CP,S5,1027,middle,data,delay,0.6726403823178017,2511
FROZEN-CP,S5,1027,late,probe,cost,0.8251192368839427,1887
FROZEN-CP,S5,1027,late,probe,delay,0.7959724430312666,1887
FROZEN-CP,S5,1027,late,data,cost,0.709653647752395,4071
FROZEN-CP,S5,1027,late,data,delay,0.6848440186686318,4071
FROZEN-CP,S5,1028,warmup,probe,cost,0.895,800
FROZEN-CP,S5,1028,warmup,probe,delay,0.8975,800
FROZEN-CP,S5,1028,warmup,data,cost,0.8997555012224939,818
FROZEN-CP,S5,1028,warmup,data,delay,0.8985330073349633,818
FROZEN-CP,S5,1028,early,probe,cost,0.9021428571428571,1400
FROZEN-CP,S5,1028,early,probe,delay,0.9157142857142857,1400
FROZEN-CP,S5,1028,early,data,cost,0.8564459930313589,1435
FROZEN-CP,S5,1028,early,data,delay,0.8536585365853658,1435
FROZEN-CP,S5,1028,middle,probe,cost,0.8061520603598374,1723
FROZEN-CP,S5,1028,middle,probe,delay,0.7864190365641324,1723
FROZEN-CP,S5,1028,middle,data,cost,0.7219294689906769,2467
FROZEN-CP,S5,1028,middle,data,delay,0.7077421970004053,2467
FROZEN-CP,S5,1028,late,probe,cost,0.8755555555555555,1800
FROZEN-CP,S5,1028,late,probe,delay,0.8583333333333333,1800
FROZEN-CP,S5,1028,late,data,cost,0.7809690309690309,4004
FROZEN-CP,S5,1028,late,data,delay,0.7524975024975025,4004
FROZEN-CP,S5,1029,warmup,probe,cost,0.88375,800
FROZEN-CP,S5,1029,warmup,probe,delay,0.8875,800
FROZEN-CP,S5,1029,warmup,data,cost,0.8864197530864197,810
FROZEN-CP,S5,1029,warmup,data,delay,0.8802469135802469,810
FROZEN-CP,S5,1029,early,probe,cost,0.905,1400
FROZEN-CP,S5,1029,early,probe,delay,0.9035714285714286,1400
FROZEN-CP,S5,1029,early,data,cost,0.8829268292682927,1435
FROZEN-CP,S5,1029,early,data,delay,0.8759581881533101,1435
FROZEN-CP,S5,1029,middle,probe,cost,0.7788125727590222,1718
FROZEN-CP,S5,1029,middle,probe,delay,0.7462165308498254,1718
FROZEN-CP,S5,1029,middle,data,cost,0.7278857596191988,2521
FROZEN-CP,S5,1029,middle,data,delay,0.6925823086076953,2521
FROZEN-CP,S5,1029,late,probe,cost,0.8649364406779662,1888
FROZEN-CP,S5,1029,late,probe,delay,0.8246822033898306,1888
FROZEN-CP,S5,1029,late,data,cost,0.7771831671126247,4111
FROZEN-CP,S5,1029,late,data,delay,0.7285332036000973,4111
POINT-EA,S1,1000,warmup,probe,cost,0.88125,800
POINT-EA,S1,1000,warmup,probe,delay,0.88,800
POINT-EA,S1,1000,warmup,data,cost,0.8864197530864197,810
POINT-EA,S1,1000,warmup,data,delay,0.8851851851851852,810
POINT-EA,S1,1000,early,probe,cost,0.9071428571428571,1400
POINT-EA,S1,1000,early,probe,delay,0.9035714285714286,1400
POINT-EA,S1,1000,early,data,cost,0.8836879432624114,1410
POINT-EA,S1,1000,early,data,delay,0.8815602836879433,1410
POINT-EA,S1,1000,middle,probe,cost,0.8905555555555555,1800
POINT-EA,S1,1000,middle,probe,delay,0.8927777777777778,1800
POINT-EA,S1,1000,middle,data,cost,0.8238822246455835,1834
POINT-EA,S1,1000,middle,data,delay,0.806434023991276,1834
POINT-EA,S1,1000,late,probe,cost,0.895,2400
POINT-EA,S1,1000,late,probe,delay,0.895,2400
POINT-EA,S1,1000,late,data,cost,0.8190359477124183,2448
POINT-EA,S1,1000,late,data,delay,0.7896241830065359,2448
POINT-EA,S1,1001,warmup,probe,cost,0.89625,800
POINT-EA,S1,1001,warmup,probe,delay,0.89625,800
POINT-EA,S1,1001,warmup,data,cost,0.905982905982906,819
POINT-EA,S1,1001,warmup,data,delay,0.8925518925518926,819
POINT-EA,S1,1001,early,probe,cost,0.8992857142857142,1400
POINT-EA,S1,1001,early,probe,delay,0.9007142857142857,1400
POINT-EA,S1,1001,early,data,cost,0.8742857142857143,1400
POINT-EA,S1,1001,early,data,delay,0.875,1400
POINT-EA,S1,1001,middle,probe,cost,0.8938888888888888,1800
POINT-EA,S1,1001,middle,probe,delay,0.8888888888888888,1800
POINT-EA,S1,1001,middle,data,cost,0.845,1800
POINT-EA,S1,1001,middle,data,delay,0.8216666666666667,1800
POINT-EA,S1,1001,late,probe,cost,0.8981523208652546,2219
POINT-EA,S1,1001,late,probe,delay,0.8986029743127535,2219
POINT-EA,S1,1001,late,data,cost,0.8066017774016081,2363
POINT-EA,S1,1001,late,data,delay,0.7735928903935675,2363
POINT-EA,S1,1002,warmup,probe,cost,0.90375,800
POINT-EA,S1,1002,warmup,probe,delay,0.91,800
POINT-EA,S1,1002,warmup,data,cost,0.9169719169719169,819
POINT-EA,S1,1002,warmup,data,delay,0.9084249084249084,819
POINT-EA,S1,1002,early,probe,cost,0.9014285714285715,1400
POINT-EA,S1,1002,early,probe,delay,0.9021428571428571,1400
POINT-EA,S1,1002,early,data,cost,0.8742937853107344,1416
POINT-EA,S1,1002,early,data,delay,0.8742937853107344,1416
POINT-EA,S1,1002,middle,probe,cost,0.8822222222222222,1800
POINT-EA,S1,1002,middle,probe,delay,0.8811111111111111,1800
POINT-EA,S1,1002,middle,data,cost,0.83485254691689,1865
POINT-EA,S1,1002,middle,data,delay,0.8091152815013405,1865
POINT-EA,S1,1002,late,probe,cost,0.9017558528428093,2392
POINT-EA,S1,1002,late,probe,delay,0.8959030100334449,2392
POINT-EA,S1,1002,late,data,cost,0.819140308191403,2466
POINT-EA,S1,1002,late,data,delay,0.7712895377128953,2466
POINT-EA,S1,1003,warmup,probe,cost,0.88375,800
POINT-EA,S1,1003,warmup,probe,delay,0.8775,800
POINT-EA,S1,1003,warmup,data,cost,0.8975308641975308,810
POINT-EA,S1,1003,warmup,data,delay,0.8901234567901235,810
POINT-EA,S1,1003,early,probe,cost,0.8985714285714286,1400
POINT-EA,S1,1003,early,probe,delay,0.9,1400
POINT-EA,S1,1003,early,data,cost,0.8668555240793201,1412
POINT-EA,S1,1003,early,data,delay,0.8590651558073654,1412
POINT-EA,S1,1003,middle,probe,cost,0.8922222222222222,1800
POINT-EA,S1,1003,middle,probe,delay,0.8894444444444445,1800
POINT-EA,S1,1003,middle,data,cost,0.8087583148558758,1804
POINT-EA,S1,1003,middle,data,delay,0.7882483370288248,1804
POINT-EA,S1,1003,late,probe,cost,0.9010282776349614,2334
POINT-EA,S1,1003,late,probe,delay,0.8984575835475579,2334
POINT-EA,S1,1003,late,data,cost,0.8213991769547325,2430
POINT-EA,S1,1003,late,data,delay,0.7835390946502058,2430
POINT-EA,S1,1004,warmup,probe,cost,0.9025,800
POINT-EA,S1,1004,warmup,probe,delay,0.89625,800
POINT-EA,S1,1004,warmup,data,cost,0.8733087330873309,813
POINT-EA,S1,1004,warmup,data,delay,0.8585485854858549,813
POINT-EA,S1,1004,early,probe,cost,0.9028571428571428,1400
POINT-EA,S1,1004,early,probe,delay,0.9021428571428571,1400
POINT-EA,S1,1004,early,data,cost,0.8777932960893855,1432
POINT-EA,S1,1004,early,data,delay,0.8666201117318436,1432
POINT-EA,S1,1004,middle,probe,cost,0.8872222222222222,1800
POINT-EA,S1,1004,middle,probe,delay,0.8866666666666667,1800
POINT-EA,S1,1004,middle,data,cost,0.8394994559303591,1838
POINT-EA,S1,1004,middle,data,delay,0.8182807399347116,1838
POINT-EA,S1,1004,late,probe,cost,0.9001706484641638,2344
POINT-EA,S1,1004,late,probe,delay,0.8993174061433447,2344
POINT-EA,S1,1004,late,data,cost,0.8233582709891937,2406
POINT-EA,S1,1004,late,data,delay,0.8009143807148794,2406
POINT-EA,S1,1005,warmup,probe,cost,0.895,800
POINT-EA,S1,1005,warmup,probe,delay,0.9025,800
POINT-EA,S1,1005,warmup,data,cost,0.8594132029339854,818
POINT-EA,S1,1005,warmup,data,delay,0.8533007334963325,818
POINT-EA,S1,1005,early,probe,cost,0.8935714285714286,1400
POINT-EA,S1,1005,early,probe,delay,0.8921428571428571,1400
POINT-EA,S1,1005,early,data,cost,0.8664285714285714,1400
POINT-EA,S1,1005,early,data,delay,0.8628571428571429,1400
POINT-EA,S1,1005,middle,probe,cost,0.8938888888888888,1800
POINT-EA,S1,1005,middle,probe,delay,0.8933333333333333,1800
POINT-EA,S1,1005,middle,data,cost,0.8494444444444444,1800
POINT-EA,S1,1005,middle,data,delay,0.8305555555555556,1800
POINT-EA,S1,1005,late,probe,cost,0.8979775280898876,2225
POINT-EA,S1,1005,late,probe,delay,0.8984269662921348,2225
POINT-EA,S1,1005,late,data,cost,0.8283002588438308,2318
POINT-EA,S1,1005,late,data,delay,0.8037100949094047,2318
POINT-EA,S1,1006,warmup,probe,cost,0.91375,800
POINT-EA,S1,1006,warmup,probe,delay,0.90375,800
POINT-EA,S1,1006,warmup,data,cost,0.8878048780487805,820
POINT-EA,S1,1006,warmup,data,delay,0.875609756097561,820
POINT-EA,S1,1006,early,probe,cost,0.8978571428571429,1400
POINT-EA,S1,1006,early,probe,delay,0.8964285714285715,1400
POINT-EA,S1,1006,early,data,cost,0.888268156424581,1432
POINT-EA,S1,1006,early,data,delay,0.880586592178771,1432
POINT-EA,S1,1006,middle,probe,cost,0.8911111111111111,1800
POINT-EA,S1,1006,middle,probe,delay,0.8866666666666667,1800
POINT-EA,S1,1006,middle,data,cost,0.8233695652173914,1840
POINT-EA,S1,1006,middle,data,delay,0.8021739130434783,1840
POINT-EA,S1,1006,late,probe,cost,0.8995215311004785,2299
POINT-EA,S1,1006,late,probe,delay,0.9016963897346673,2299
POINT-EA,S1,1006,late,data,cost,0.835970024979184,2402
POINT-EA,S1,1006,late,data,delay,0.7805995004163198,2402
POINT-EA,S1,1007,warmup,probe,cost,0.89625,800
POINT-EA,S1,1007,warmup,probe,delay,0.89875,800
POINT-EA,S1,1007,warmup,data,cost,0.8848920863309353,834
POINT-EA,S1,1007,warmup,data,delay,0.8597122302158273,834
POINT-EA,S1,1007,early,probe,cost,0.91,1400
POINT-EA,S1,1007,early,probe,delay,0.905,1400
POINT-EA,S1,1007,early,data,cost,0.8850174216027874,1435
POINT-EA,S1,1007,early,data,delay,0.8822299651567944,1435
POINT-EA,S1,1007,middle,probe,cost,0.8877777777777778,1800
POINT-EA,S1,1007,middle,probe,delay,0.8833333333333333,1800
POINT-EA,S1,1007,middle,data,cost,0.8303030303030303,1815
POINT-EA,S1,1007,middle,data,delay,0.8121212121212121,1815
POINT-EA,S1,1007,late,probe,cost,0.8954166666666666,2400
POINT-EA,S1,1007,late,probe,delay,0.89625,2400
POINT-EA,S1,1007,late,data,cost,0.8203863542951089,2433
POINT-EA,S1,1007,late,data,delay,0.7953144266337855,2433
POINT-EA,S1,1008,warmup,probe,cost,0.88875,800
POINT-EA,S1,1008,warmup,probe,delay,0.89625,800
POINT-EA,S1,1008,warmup,data,cost,0.8963051251489869,839
POINT-EA,S1,1008,warmup,data,delay,0.8903456495828367,839
POINT-EA,S1,1008,early,probe,cost,0.9021428571428571,1400
POINT-EA,S1,1008,early,probe,delay,0.8935714285714286,1400
POINT-EA,S1,1008,early,data,cost,0.8739612188365651,1444
POINT-EA,S1,1008,early,data,delay,0.8628808864265928,1444
POINT-EA,S1,1008,middle,probe,cost,0.895,1800
POINT-EA,S1,1008,middle,probe,delay,0.8916666666666667,1800
POINT-EA,S1,1008,middle,data,cost,0.8258274552360282,1843
POINT-EA,S1,1008,middle,data,delay,0.8041237113402062,1843
POINT-EA,S1,1008,late,probe,cost,0.8977119784656796,2229
POINT-EA,S1,1008,late,probe,delay,0.8986092418124719,2229
POINT-EA,S1,1008,late,data,cost,0.7823330515638208,2366
POINT-EA,S1,1008,late,data,delay,0.7565511411665258,2366
POINT-EA,S1,1009,warmup,probe,cost,0.9025,800
POINT-EA,S1,1009,warmup,probe,delay,0.9,800
POINT-EA,S1,1009,warmup,data,cost,0.894993894993895,819
POINT-EA,S1,1009,warmup,data,delay,0.8803418803418803,819
POINT-EA,S1,1009,early,probe,cost,0.8992857142857142,1400
POINT-EA,S1,1009,early,probe,delay,0.8978571428571429,1400
POINT-EA,S1,1009,early,data,cost,0.8737658674188998,1418
POINT-EA,S1,1009,early,data,delay,0.8758815232722144,1418
POINT-EA,S1,1009,middle,probe,cost,0.8883333333333333,1800
POINT-EA,S1,1009,middle,probe,delay,0.8905555555555555,1800
POINT-EA,S1,1009,middle,data,cost,0.8405479452054795,1825
POINT-EA,S1,1009,middle,data,delay,0.8246575342465754,1825
POINT-EA,S1,1009,late,probe,cost,0.8954166666666666,2400
POINT-EA,S1,1009,late,probe,delay,0.8979166666666667,2400
POINT-EA,S1,1009,late,data,cost,0.8238866396761133,2470
POINT-EA,S1,1009,late,data,delay,0.7983805668016194,2470
POINT-EA,S1,1010,warmup,probe,cost,0.895,800
POINT-EA,S1,1010,warmup,probe,delay,0.89,800
POINT-EA,S1,1010,warmup,data,cost,0.875453446191052,827
POINT-EA,S1,1010,warmup,data,delay,0.8730350665054414,827
POINT-EA,S1,1010,early,probe,cost,0.8921428571428571,1400
POINT-EA,S1,1010,early,probe,delay,0.8978571428571429,1400
POINT-EA,S1,1010,early,data,cost,0.8772413793103448,1450
POINT-EA,S1,1010,early,data,delay,0.8731034482758621,1450
POINT-EA,S1,1010,middle,probe,cost,0.8922222222222222,1800
POINT-EA,S1,1010,middle,probe,delay,0.8927777777777778,1800
POINT-EA,S1,1010,middle,data,cost,0.8231511254019293,1866
POINT-EA,S1,1010,middle,data,delay,0.8193997856377278,1866
POINT-EA,S1,1010,late,probe,cost,0.8895147313691508,2308
POINT-EA,S1,1010,late,probe,delay,0.8947140381282496,2308
POINT-EA,S1,1010,late,data,cost,0.8293180890159249,2449
POINT-EA,S1,1010,late,data,delay,0.7905267456104532,2449
POINT-EA,S1,1011,warmup,probe,cost,0.8825,800
POINT-EA,S1,1011,warmup,probe,delay,0.8925,800
POINT-EA,S1,1011,warmup,data,cost,0.8876678876678876,819
POINT-EA,S1,1011,warmup,data,delay,0.8852258852258852,819
POINT-EA,S1,1011,early,probe,cost,0.9014285714285715,1400
POINT-EA,S1,1011,early,probe,delay,0.9,1400
POINT-EA,S1,1011,early,data,cost,0.885073580939033,1427
POINT-EA,S1,1011,early,data,delay,0.8801681850035038,1427
POINT-EA,S1,1011,middle,probe,cost,0.8944444444444445,1800
POINT-EA,S1,1011,middle,probe,delay,0.8916666666666667,1800
POINT-EA,S1,1011,middle,data,cost,0.8459473966720343,1863
POINT-EA,S1,1011,middle,data,delay,0.8352120236178208,1863
POINT-EA,S1,1011,late,probe,cost,0.8966666666666666,2400
POINT-EA,S1,1011,late,probe,delay,0.8995833333333333,2400
POINT-EA,S1,1011,late,data,cost,0.8193260251725538,2463
POINT-EA,S1,1011,late,data,delay,0.7986195696305318,2463
POINT-EA,S1,1012,warmup,probe,cost,0.89875,800
POINT-EA,S1,1012,warmup,probe,delay,0.895,800
POINT-EA,S1,1012,warmup,data,cost,0.8682926829268293,820
POINT-EA,S1,1012,warmup,data,delay,0.8658536585365854,820
POINT-EA,S1,1012,early,probe,cost,0.8978571428571429,1400
POINT-EA,S1,1012,early,probe,delay,0.8985714285714286,1400
POINT-EA,S1,1012,early,data,cost,0.8695035460992908,1410
POINT-EA,S1,1012,early,data,delay,0.8631205673758865,1410
POINT-EA,S1,1012,middle,probe,cost,0.8927777777777778,1800
POINT-EA,S1,1012,middle,probe,delay,0.8872222222222222,1800
POINT-EA,S1,1012,middle,data,cost,0.8533333333333334,1800
POINT-EA,S1,1012,middle,data,delay,0.8427777777777777,1800
POINT-EA,S1,1012,late,probe,cost,0.8938053097345132,2373
POINT-EA,S1,1012,late,probe,delay,0.8954909397387274,2373
POINT-EA,S1,1012,late,data,cost,0.8215904408735064,2427
POINT-EA,S1,1012,late,data,delay,0.8117016893283889,2427
POINT-EA,S1,1013,warmup,probe,cost,0.90125,800
POINT-EA,S1,1013,warmup,probe,delay,0.8875,800
POINT-EA,S1,1013,warmup,data,cost,0.8955773955773956,814
POINT-EA,S1,1013,warmup,data,delay,0.8845208845208845,814
POINT-EA,S1,1013,early,probe,cost,0.8985714285714286,1400
POINT-EA,S1,1013,early,probe,delay,0.9014285714285715,1400
POINT-EA,S1,1013,early,data,cost,0.8672086720867209,1476
POINT-EA,S1,1013,early,data,delay,0.8611111111111112,1476
POINT-EA,S1,1013,middle,probe,cost,0.8966666666666666,1800
POINT-EA,S1,1013,middle,probe,delay,0.8933333333333333,1800
POINT-EA,S1,1013,middle,data,cost,0.8394471026049973,1881
POINT-EA,S1,1013,middle,data,delay,0.8277511961722488,1881
POINT-EA,S1,1013,late,probe,cost,0.8903871248368856,2299
POINT-EA,S1,1013,late,probe,delay,0.8929969551979121,2299
POINT-EA,S1,1013,late,data,cost,0.8131913150348218,2441
POINT-EA,S1,1013,late,data,delay,0.7795985251945924,2441
POINT-EA,S1,1014,warmup,probe,cost,0.90625,800
POINT-EA,S1,1014,warmup,probe,delay,0.905,800
POINT-EA,S1,1014,warmup,data,cost,0.8890243902439025,820
POINT-EA,S1,1014,warmup,data,delay,0.8792682926829268,820
POINT-EA,S1,1014,early,probe,cost,0.895,1400
POINT-EA,S1,1014,early,probe,delay,0.8957142857142857,1400
POINT-EA,S1,1014,early,data,cost,0.8926829268292683,1435
POINT-EA,S1,1014,early,data,delay,0.8926829268292683,1435
POINT-EA,S1,1014,middle,probe,cost,0.8944444444444445,1800
POINT-EA,S1,1014,middle,probe,delay,0.8888888888888888,1800
POINT-EA,S1,1014,middle,data,cost,0.8391304347826087,1840
POINT-EA,S1,1014,middle,data,delay,0.8168478260869565,1840
POINT-EA,S1,1014,late,probe,cost,0.8915713680643795,2361
POINT-EA,S1,1014,late,probe,delay,0.8970775095298602,2361
POINT-EA,S1,1014,late,data,cost,0.8320296418279127,2429
POINT-EA,S1,1014,late,data,delay,0.800741045697818,2429
POINT-EA,S1,1015,warmup,probe,cost,0.89,800
POINT-EA,S1,1015,warmup,probe,delay,0.8975,800
POINT-EA,S1,1015,warmup,data,cost,0.8878048780487805,820
POINT-EA,S1,1015,warmup,data,delay,0.8804878048780488,820
POINT-EA,S1,1015,early,probe,cost,0.9021428571428571,1400
POINT-EA,S1,1015,early,probe,delay,0.9042857142857142,1400
POINT-EA,S1,1015,early,data,cost,0.8779110797459422,1417
POINT-EA,S1,1015,early,data,delay,0.8772053634438955,1417
POINT-EA,S1,1015,middle,probe,cost,0.8855555555555555,1800
POINT-EA,S1,1015,middle,probe,delay,0.885,1800
POINT-EA,S1,1015,middle,data,cost,0.85800109229929,1831
POINT-EA,S1,1015,middle,data,delay,0.8339705079191698,1831
POINT-EA,S1,1015,late,probe,cost,0.8975,2400
POINT-EA,S1,1015,late,probe,delay,0.8970833333333333,2400
POINT-EA,S1,1015,late,data,cost,0.8336764100452861,2429
POINT-EA,S1,1015,late,data,delay,0.7945656648826678,2429
POINT-EA,S1,1016,warmup,probe,cost,0.91625,800
POINT-EA,S1,1016,warmup,probe,delay,0.915,800
POINT-EA,S1,1016,warmup,data,cost,0.884004884004884,819
POINT-EA,S1,1016,warmup,data,delay,0.8803418803418803,819
POINT-EA,S1,1016,early,probe,cost,0.9042857142857142,1400
POINT-EA,S1,1016,early,probe,delay,0.9021428571428571,1400
POINT-EA,S1,1016,early,data,cost,0.8682926829268293,1435
POINT-EA,S1,1016,early,data,delay,0.8662020905923344,1435
POINT-EA,S1,1016,middle,probe,cost,0.895,1800
POINT-EA,S1,1016,middle,probe,delay,0.8955555555555555,1800
POINT-EA,S1,1016,middle,data,cost,0.8420767982693348,1849
POINT-EA,S1,1016,middle,data,delay,0.8345051379123851,1849
POINT-EA,S1,1016,late,probe,cost,0.8925513698630136,2336
POINT-EA,S1,1016,late,probe,delay,0.8929794520547946,2336
POINT-EA,S1,1016,late,data,cost,0.831340206185567,2425
POINT-EA,S1,1016,late,data,delay,0.7962886597938145,2425
POINT-EA,S1,1017,warmup,probe,cost,0.895,800
POINT-EA,S1,1017,warmup,probe,delay,0.89875,800
POINT-EA,S1,1017,warmup,data,cost,0.8776009791921665,817
POINT-EA,S1,1017,warmup,data,delay,0.8788249694002448,817
POINT-EA,S1,1017,early,probe,cost,0.8957142857142857,1400
POINT-EA,S1,1017,early,probe,delay,0.8964285714285715,1400
POINT-EA,S1,1017,early,data,cost,0.8907563025210085,1428
POINT-EA,S1,1017,early,data,delay,0.8907563025210085,1428
POINT-EA,S1,1017,middle,probe,cost,0.8855555555555555,1800
POINT-EA,S1,1017,middle,probe,delay,0.8916666666666667,1800
POINT-EA,S1,1017,middle,data,cost,0.8622787610619469,1808
POINT-EA,S1,1017,middle,data,delay,0.8219026548672567,1808
POINT-EA,S1,1017,late,probe,cost,0.9016666666666666,2400
POINT-EA,S1,1017,late,probe,delay,0.90125,2400
POINT-EA,S1,1017,late,data,cost,0.8320833333333333,2400
POINT-EA,S1,1017,late,data,delay,0.79,2400
POINT-EA,S1,1018,warmup,probe,cost,0.89875,800
POINT-EA,S1,1018,warmup,probe,delay,0.895,800
POINT-EA,S1,1018,warmup,data,cost,0.9,810
POINT-EA,S1,1018,warmup,data,delay,0.891358024691358,810
POINT-EA,S1,1018,early,probe,cost,0.9057142857142857,1400
POINT-EA,S1,1018,early,probe,delay,0.8978571428571429,1400
POINT-EA,S1,1018,early,data,cost,0.8800557880055788,1434
POINT-EA,S1,1018,early,data,delay,0.8716875871687587,1434
POINT-EA,S1,1018,middle,probe,cost,0.89,1800
POINT-EA,S1,1018,middle,probe,delay,0.8894444444444445,1800
POINT-EA,S1,1018,middle,data,cost,0.8451543042772063,1847
POINT-EA,S1,1018,middle,data,delay,0.8332430969139144,1847
POINT-EA,S1,1018,late,probe,cost,0.9001743679163035,2294
POINT-EA,S1,1018,late,probe,delay,0.8971229293809939,2294
POINT-EA,S1,1018,late,data,cost,0.8090682196339434,2404
POINT-EA,S1,1018,late,data,delay,0.7545757071547421,2404
POINT-EA,S1,1019,warmup,probe,cost,0.885,800
POINT-EA,S1,1019,warmup,probe,delay,0.89,800
POINT-EA,S1,1019,warmup,data,cost,0.8775,800
POINT-EA,S1,1019,warmup,data,delay,0.87625,800
POINT-EA,S1,1019,early,probe,cost,0.8928571428571429,1400
POINT-EA,S1,1019,early,probe,delay,0.895,1400
POINT-EA,S1,1019,early,data,cost,0.8757142857142857,1400
POINT-EA,S1,1019,early,data,delay,0.8764285714285714,1400
POINT-EA,S1,1019,middle,probe,cost,0.8838888888888888,1800
POINT-EA,S1,1019,middle,probe,delay,0.8877777777777778,1800
POINT-EA,S1,1019,middle,data,cost,0.8483333333333334,1800
POINT-EA,S1,1019,middle,data,delay,0.83,1800
POINT-EA,S1,1019,late,probe,cost,0.8957639219419324,2101
POINT-EA,S1,1019,late,probe,delay,0.9033793431699191,2101
POINT-EA,S1,1019,late,data,cost,0.7951111111111111,2250
POINT-EA,S1,1019,late,data,delay,0.768,2250
POINT-EA,S1,1020,warmup,probe,cost,0.90625,800
POINT-EA,S1,1020,warmup,probe,delay,0.90875,800
POINT-EA,S1,1020,warmup,data,cost,0.87125,800
POINT-EA,S1,1020,warmup,data,delay,0.875,800
POINT-EA,S1,1020,early,probe,cost,0.8942857142857142,1400
POINT-EA,S1,1020,early,probe,delay,0.8935714285714286,1400
POINT-EA,S1,1020,early,data,cost,0.8680701754385964,1425
POINT-EA,S1,1020,early,data,delay,0.864561403508772,1425
POINT-EA,S1,1020,middle,probe,cost,0.8922222222222222,1800
POINT-EA,S1,1020,middle,probe,delay,0.8872222222222222,1800
POINT-EA,S1,1020,middle,data,cost,0.8433279308481901,1851
POINT-EA,S1,1020,middle,data,delay,0.8087520259319287,1851
POINT-EA,S1,1020,late,probe,cost,0.9021447721179625,2238
POINT-EA,S1,1020,late,probe,delay,0.8972296693476318,2238
POINT-EA,S1,1020,late,data,cost,0.8239763613338962,2369
POINT-EA,S1,1020,late,data,delay,0.7830308146897426,2369
POINT-EA,S1,1021,warmup,probe,cost,0.8875,800
POINT-EA,S1,1021,warmup,probe,delay,0.88,800
POINT-EA,S1,1021,warmup,data,cost,0.8817073170731707,820
POINT-EA,S1,1021,warmup,data,delay,0.8731707317073171,820
POINT-EA,S1,1021,early,probe,cost,0.8957142857142857,1400
POINT-EA,S1,1021,early,probe,delay,0.9,1400
POINT-EA,S1,1021,early,data,cost,0.8701206529453513,1409
POINT-EA,S1,1021,early,data,delay,0.8594748048261178,1409
POINT-EA,S1,1021,middle,probe,cost,0.8966666666666666,1800
POINT-EA,S1,1021,middle,probe,delay,0.8888888888888888,1800
POINT-EA,S1,1021,middle,data,cost,0.8513881328252586,1837
POINT-EA,S1,1021,middle,data,delay,0.8062057702776265,1837
POINT-EA,S1,1021,late,probe,cost,0.8944954128440367,2398
POINT-EA,S1,1021,late,probe,delay,0.8949124270225187,2398
POINT-EA,S1,1021,late,data,cost,0.8038258038258038,2457
POINT-EA,S1,1021,late,data,delay,0.7557997557997558,2457
POINT-EA,S1,1022,warmup,probe,cost,0.895,800
POINT-EA,S1,1022,warmup,probe,delay,0.89875,800
POINT-EA,S1,1022,warmup,data,cost,0.8800489596083231,817
POINT-EA,S1,1022,warmup,data,delay,0.8849449204406364,817
POINT-EA,S1,1022,early,probe,cost,0.9028571428571428,1400
POINT-EA,S1,1022,early,probe,delay,0.9035714285714286,1400
POINT-EA,S1,1022,early,data,cost,0.8689558514365803,1427
POINT-EA,S1,1022,early,data,delay,0.8640504555010512,1427
POINT-EA,S1,1022,middle,probe,cost,0.8855555555555555,1800
POINT-EA,S1,1022,middle,probe,delay,0.8838888888888888,1800
POINT-EA,S1,1022,middle,data,cost,0.8080697928026173,1834
POINT-EA,S1,1022,middle,data,delay,0.7938931297709924,1834
POINT-EA,S1,1022,late,probe,cost,0.8961982058949167,2341
POINT-EA,S1,1022,late,probe,delay,0.9000427167876975,2341
POINT-EA,S1,1022,late,data,cost,0.8094059405940595,2424
POINT-EA,S1,1022,late,data,delay,0.7632013201320133,2424
POINT-EA,S1,1023,warmup,probe,cost,0.88875,800
POINT-EA,S1,1023,warmup,probe,delay,0.88875,800
POINT-EA,S1,1023,warmup,data,cost,0.8822085889570552,815
POINT-EA,S1,1023,warmup,data,delay,0.8785276073619632,815
POINT-EA,S1,1023,early,probe,cost,0.8992857142857142,1400
POINT-EA,S1,1023,early,probe,delay,0.895,1400
POINT-EA,S1,1023,early,data,cost,0.8721428571428571,1400
POINT-EA,S1,1023,early,data,delay,0.8678571428571429,1400
POINT-EA,S1,1023,middle,probe,cost,0.895,1800
POINT-EA,S1,1023,middle,probe,delay,0.8894444444444445,1800
POINT-EA,S1,1023,middle,data,cost,0.8427777777777777,1800
POINT-EA,S1,1023,middle,data,delay,0.8116666666666666,1800
POINT-EA,S1,1023,late,probe,cost,0.8933333333333333,2400
POINT-EA,S1,1023,late,probe,delay,0.8991666666666667,2400
POINT-EA,S1,1023,late,data,cost,0.8289365210222589,2426
POINT-EA,S1,1023,late,data,delay,0.779472382522671,2426
POINT-EA,S1,1024,warmup,probe,cost,0.88375,800
POINT-EA,S1,1024,warmup,probe,delay,0.8775,800
POINT-EA,S1,1024,warmup,data,cost,0.9034564958283671,839
POINT-EA,S1,1024,warmup,data,delay,0.8939213349225268,839
POINT-EA,S1,1024,early,probe,cost,0.8992857142857142,1400
POINT-EA,S1,1024,early,probe,delay,0.8992857142857142,1400
POINT-EA,S1,1024,early,data,cost,0.8868438991138378,1467
POINT-EA,S1,1024,early,data,delay,0.8752556237218814,1467
POINT-EA,S1,1024,middle,probe,cost,0.8877777777777778,1800
POINT-EA,S1,1024,middle,probe,delay,0.8888888888888888,1800
POINT-EA,S1,1024,middle,data,cost,0.839142091152815,1865
POINT-EA,S1,1024,middle,data,delay,0.8198391420911528,1865
POINT-EA,S1,1024,late,probe,cost,0.8981164383561644,2336
POINT-EA,S1,1024,late,probe,delay,0.903681506849315,2336
POINT-EA,S1,1024,late,data,cost,0.829450915141431,2404
POINT-EA,S1,1024,late,data,delay,0.7986688851913477,2404
POINT-EA,S1,1025,warmup,probe,cost,0.91125,800
POINT-EA,S1,1025,warmup,probe,delay,0.8975,800
POINT-EA,S1,1025,warmup,data,cost,0.9024691358024691,810
POINT-EA,S1,1025,warmup,data,delay,0.891358024691358,810
POINT-EA,S1,1025,early,probe,cost,0.8935714285714286,1400
POINT-EA,S1,1025,early,probe,delay,0.8942857142857142,1400
POINT-EA,S1,1025,early,data,cost,0.8633496846531185,1427
POINT-EA,S1,1025,early,data,delay,0.8626489138051857,1427
POINT-EA,S1,1025,middle,probe,cost,0.8894444444444445,1800
POINT-EA,S1,1025,middle,probe,delay,0.8955555555555555,1800
POINT-EA,S1,1025,middle,data,cost,0.8665219750406945,1843
POINT-EA,S1,1025,middle,data,delay,0.8524145415084102,1843
POINT-EA,S1,1025,late,probe,cost,0.8970833333333333,2400
POINT-EA,S1,1025,late,probe,delay,0.8945833333333333,2400
POINT-EA,S1,1025,late,data,cost,0.8079577750710516,2463
POINT-EA,S1,1025,late,data,delay,0.7697929354445798,2463
POINT-EA,S1,1026,warmup,probe,cost,0.88875,800
POINT-EA,S1,1026,warmup,probe,delay,0.885,800
POINT-EA,S1,1026,warmup,data,cost,0.8899521531100478,836
POINT-EA,S1,1026,warmup,data,delay,0.8851674641148325,836
POINT-EA,S1,1026,early,probe,cost,0.9085714285714286,1400
POINT-EA,S1,1026,early,probe,delay,0.9064285714285715,1400
POINT-EA,S1,1026,early,data,cost,0.8943370165745856,1448
POINT-EA,S1,1026,early,data,delay,0.8867403314917127,1448
POINT-EA,S1,1026,middle,probe,cost,0.8877777777777778,1800
POINT-EA,S1,1026,middle,probe,delay,0.89,1800
POINT-EA,S1,1026,middle,data,cost,0.8503767491926802,1858
POINT-EA,S1,1026,middle,data,delay,0.8482238966630786,1858
POINT-EA,S1,1026,late,probe,cost,0.8989339019189766,2345
POINT-EA,S1,1026,late,probe,delay,0.9014925373134328,2345
POINT-EA,S1,1026,late,data,cost,0.8263374485596707,2430
POINT-EA,S1,1026,late,data,delay,0.8041152263374486,2430
POINT-EA,S1,1027,warmup,probe,cost,0.8975,800
POINT-EA,S1,1027,warmup,probe,delay,0.89625,800
POINT-EA,S1,1027,warmup,data,cost,0.89,800
POINT-EA,S1,1027,warmup,data,delay,0.885,800
POINT-EA,S1,1027,early,probe,cost,0.9014285714285715,1400
POINT-EA,S1,1027,early,probe,delay,0.8992857142857142,1400
POINT-EA,S1,1027,early,data,cost,0.8764285714285714,1400
POINT-EA,S1,1027,early,data,delay,0.8735714285714286,1400
POINT-EA,S1,1027,middle,probe,cost,0.8822222222222222,1800
POINT-EA,S1,1027,middle,probe,delay,0.8905555555555555,1800
POINT-EA,S1,1027,middle,data,cost,0.8411111111111111,1800
POINT-EA,S1,1027,middle,data,delay,0.8205555555555556,1800
POINT-EA,S1,1027,late,probe,cost,0.8957732949087416,2082
POINT-EA,S1,1027,late,probe,delay,0.9015369836695485,2082
POINT-EA,S1,1027,late,data,cost,0.7980684811237928,2278
POINT-EA,S1,1027,late,data,delay,0.7660228270412642,2278
POINT-EA,S1,1028,warmup,probe,cost,0.895,800
POINT-EA,S1,1028,warmup,probe,delay,0.8975,800
POINT-EA,S1,1028,warmup,data,cost,0.8997555012224939,818
POINT-EA,S1,1028,warmup,data,delay,0.8985330073349633,818
POINT-EA,S1,1028,early,probe,cost,0.9,1400
POINT-EA,S1,1028,early,probe,delay,0.8957142857142857,1400
POINT-EA,S1,1028,early,data,cost,0.8665730337078652,1424
POINT-EA,S1,1028,early,data,delay,0.8574438202247191,1424
POINT-EA,S1,1028,middle,probe,cost,0.8877777777777778,1800
POINT-EA,S1,1028,middle,probe,delay,0.8883333333333333,1800
POINT-EA,S1,1028,middle,data,cost,0.8407851690294439,1834
POINT-EA,S1,1028,middle,data,delay,0.8276990185387132,1834
POINT-EA,S1,1028,late,probe,cost,0.8935165306998711,2329
POINT-EA,S1,1028,late,probe,delay,0.901245169600687,2329
POINT-EA,S1,1028,late,data,cost,0.8394552208006604,2423
POINT-EA,S1,1028,late,data,delay,0.8064382996285596,2423
POINT-EA,S1,1029,warmup,probe,cost,0.88375,800
POINT-EA,S1,1029,warmup,probe,delay,0.8875,800
POINT-EA,S1,1029,warmup,data,cost,0.8864197530864197,810
POINT-EA,S1,1029,warmup,data,delay,0.8802469135802469,810
POINT-EA,S1,1029,early,probe,cost,0.8985714285714286,1400
POINT-EA,S1,1029,early,probe,delay,0.905,1400
POINT-EA,S1,1029,early,data,cost,0.8731707317073171,1435
POINT-EA,S1,1029,early,data,delay,0.8724738675958188,1435
POINT-EA,S1,1029,middle,probe,cost,0.8877777777777778,1800
POINT-EA,S1,1029,middle,probe,delay,0.8855555555555555,1800
POINT-EA,S1,1029,middle,data,cost,0.8617136659436009,1844
POINT-EA,S1,1029,middle,data,delay,0.8345986984815619,1844
POINT-EA,S1,1029,late,probe,cost,0.8955026455026455,2268
POINT-EA,S1,1029,late,probe,delay,0.8999118165784833,2268
POINT-EA,S1,1029,late,data,cost,0.8182967959527825,2372
POINT-EA,S1,1029,late,data,delay,0.7790893760539629,2372
POINT-EA,S2,1000,warmup,probe,cost,0.88125,800
POINT-EA,S2,1000,warmup,probe,delay,0.88,800
POINT-EA,S2,1000,warmup,data,cost,0.8864197530864197,810
POINT-EA,S2,1000,warmup,data,delay,0.8851851851851852,810
POINT-EA,S2,1000,early,probe,cost,0.9078571428571428,1400
POINT-EA,S2,1000,early,probe,delay,0.9035714285714286,1400
POINT-EA,S2,1000,early,data,cost,0.8851063829787233,1410
POINT-EA,S2,1000,early,data,delay,0.8829787234042553,1410
POINT-EA,S2,1000,middle,probe,cost,0.8788888888888889,1800
POINT-EA,S2,1000,middle,probe,delay,0.8783333333333333,1800
POINT-EA,S2,1000,middle,data,cost,0.749047359825803,1837
POINT-EA,S2,1000,middle,data,delay,0.7016875340228633,1837
POINT-EA,S2,1000,late,probe,cost,0.9141666666666667,2400
POINT-EA,S2,1000,late,probe,delay,0.9104166666666667,2400
POINT-EA,S2,1000,late,data,cost,0.859262229350441,2494
POINT-EA,S2,1000,late,data,delay,0.8560545308740979,2494
POINT-EA,S2,1001,warmup,probe,cost,0.89625,800
POINT-EA,S2,1001,warmup,probe,delay,0.89625,800
POINT-EA,S2,1001,warmup,data,cost,0.905982905982906,819
POINT-EA,S2,1001,warmup,data,delay,0.8925518925518926,819
POINT-EA,S2,1001,early,probe,cost,0.9007142857142857,1400
POINT-EA,S2,1001,early,probe,delay,0.9021428571428571,1400
POINT-EA,S2,1001,early,data,cost,0.875,1400
POINT-EA,S2,1001,early,data,delay,0.8757142857142857,1400
POINT-EA,S2,1001,middle,probe,cost,0.8716666666666667,1800
POINT-EA,S2,1001,middle,probe,delay,0.875,1800
POINT-EA,S2,1001,middle,data,cost,0.8153252480705623,1814
POINT-EA,S2,1001,middle,data,delay,0.7905181918412348,1814
POINT-EA,S2,1001,late,probe,cost,0.9179755671902269,2292
POINT-EA,S2,1001,late,probe,delay,0.9144851657940664,2292
POINT-EA,S2,1001,late,data,cost,0.8806584362139918,2430
POINT-EA,S2,1001,late,data,delay,0.8757201646090536,2430
POINT-EA,S2,1002,warmup,probe,cost,0.90375,800
POINT-EA,S2,1002,warmup,probe,delay,0.91,800
POINT-EA,S2,1002,warmup,data,cost,0.9169719169719169,819
POINT-EA,S2,1002,warmup,data,delay,0.9084249084249084,819
POINT-EA,S2,1002,early,probe,cost,0.9014285714285715,1400
POINT-EA,S2,1002,early,probe,delay,0.9035714285714286,1400
POINT-EA,S2,1002,early,data,cost,0.8771186440677966,1416
POINT-EA,S2,1002,early,data,delay,0.8771186440677966,1416
POINT-EA,S2,1002,middle,probe,cost,0.8833333333333333,1800
POINT-EA,S2,1002,middle,probe,delay,0.8827777777777778,1800
POINT-EA,S2,1002,middle,data,cost,0.7466234467855214,1851
POINT-EA,S2,1002,middle,data,delay,0.7277147487844409,1851
POINT-EA,S2,1002,late,probe,cost,0.9134290540540541,2368
POINT-EA,S2,1002,late,probe,delay,0.9134290540540541,2368
POINT-EA,S2,1002,late,data,cost,0.857084855866829,2463
POINT-EA,S2,1002,late,data,delay,0.8501827040194885,2463
POINT-EA,S2,1003,warmup,probe,cost,0.88375,800
POINT-EA,S2,1003,warmup,probe,delay,0.8775,800
POINT-EA,S2,1003,warmup,data,cost,0.8975308641975308,810
POINT-EA,S2,1003,warmup,data,delay,0.8901234567901235,810
POINT-EA,S2,1003,early,probe,cost,0.8985714285714286,1400
POINT-EA,S2,1003,early,probe,delay,0.9,1400
POINT-EA,S2,1003,early,data,cost,0.8689801699716714,1412
POINT-EA,S2,1003,early,data,delay,0.8618980169971672,1412
POINT-EA,S2,1003,middle,probe,cost,0.885,1800
POINT-EA,S2,1003,middle,probe,delay,0.8872222222222222,1800
POINT-EA,S2,1003,middle,data,cost,0.7803660565723793,1803
POINT-EA,S2,1003,middle,data,delay,0.7465335551858014,1803
POINT-EA,S2,1003,late,probe,cost,0.9127170342562178,2131
POINT-EA,S2,1003,late,probe,delay,0.9145940872829658,2131
POINT-EA,S2,1003,late,data,cost,0.8821505376344086,2325
POINT-EA,S2,1003,late,data,delay,0.8795698924731182,2325
POINT-EA,S2,1004,warmup,probe,cost,0.9025,800
POINT-EA,S2,1004,warmup,probe,delay,0.89625,800
POINT-EA,S2,1004,warmup,data,cost,0.8733087330873309,813
POINT-EA,S2,1004,warmup,data,delay,0.8585485854858549,813
POINT-EA,S2,1004,early,probe,cost,0.9042857142857142,1400
POINT-EA,S2,1004,early,probe,delay,0.9035714285714286,1400
POINT-EA,S2,1004,early,data,cost,0.8798882681564246,1432
POINT-EA,S2,1004,early,data,delay,0.869413407821229,1432
POINT-EA,S2,1004,middle,probe,cost,0.8755555555555555,1800
POINT-EA,S2,1004,middle,probe,delay,0.8755555555555555,1800
POINT-EA,S2,1004,middle,data,cost,0.7976973684210527,1824
POINT-EA,S2,1004,middle,data,delay,0.7757675438596491,1824
POINT-EA,S2,1004,late,probe,cost,0.9101412066752247,2337
POINT-EA,S2,1004,late,probe,delay,0.9080017115960634,2337
POINT-EA,S2,1004,late,data,cost,0.8917802560925238,2421
POINT-EA,S2,1004,late,data,delay,0.8847583643122676,2421
POINT-EA,S2,1005,warmup,probe,cost,0.895,800
POINT-EA,S2,1005,warmup,probe,delay,0.9025,800
POINT-EA,S2,1005,warmup,data,cost,0.8594132029339854,818
POINT-EA,S2,1005,warmup,data,delay,0.8533007334963325,818
POINT-EA,S2,1005,early,probe,cost,0.8964285714285715,1400
POINT-EA,S2,1005,early,probe,delay,0.8942857142857142,1400
POINT-EA,S2,1005,early,data,cost,0.8671428571428571,1400
POINT-EA,S2,1005,early,data,delay,0.8635714285714285,1400
POINT-EA,S2,1005,middle,probe,cost,0.8722222222222222,1800
POINT-EA,S2,1005,middle,probe,delay,0.8794444444444445,1800
POINT-EA,S2,1005,middle,data,cost,0.7627777777777778,1800
POINT-EA,S2,1005,middle,data,delay,0.7444444444444445,1800
POINT-EA,S2,1005,late,probe,cost,0.9148642429820525,2173
POINT-EA,S2,1005,late,probe,delay,0.9176254026691211,2173
POINT-EA,S2,1005,late,data,cost,0.8763464024127531,2321
POINT-EA,S2,1005,late,data,delay,0.8707453683757002,2321
POINT-EA,S2,1006,warmup,probe,cost,0.91375,800
POINT-EA,S2,1006,warmup,probe,delay,0.90375,800
POINT-EA,S2,1006,warmup,data,cost,0.8878048780487805,820
POINT-EA,S2,1006,warmup,data,delay,0.875609756097561,820
POINT-EA,S2,1006,early,probe,cost,0.9,1400
POINT-EA,S2,1006,early,probe,delay,0.8985714285714286,1400
POINT-EA,S2,1006,early,data,cost,0.8889664804469274,1432
POINT-EA,S2,1006,early,data,delay,0.8819832402234636,1432
POINT-EA,S2,1006,middle,probe,cost,0.8761111111111111,1800
POINT-EA,S2,1006,middle,probe,delay,0.8722222222222222,1800
POINT-EA,S2,1006,middle,data,cost,0.7797164667393675,1834
POINT-EA,S2,1006,middle,data,delay,0.7540894220283533,1834
POINT-EA,S2,1006,late,probe,cost,0.9145860709592641,2283
POINT-EA,S2,1006,late,probe,delay,0.9176522120017521,2283
POINT-EA,S2,1006,late,data,cost,0.8941079522043676,2427
POINT-EA,S2,1006,late,data,delay,0.8949320148331273,2427
POINT-EA,S2,1007,warmup,probe,cost,0.89625,800
POINT-EA,S2,1007,warmup,probe,delay,0.89875,800
POINT-EA,S2,1007,warmup,data,cost,0.8848920863309353,834
POINT-EA,S2,1007,warmup,data,delay,0.8597122302158273,834
POINT-EA,S2,1007,early,probe,cost,0.9107142857142857,1400
POINT-EA,S2,1007,early,probe,delay,0.9057142857142857,1400
POINT-EA,S2,1007,early,data,cost,0.8860139860139861,1430
POINT-EA,S2,1007,early,data,delay,0.8818181818181818,1430
POINT-EA,S2,1007,middle,probe,cost,0.8822222222222222,1800
POINT-EA,S2,1007,middle,probe,delay,0.8738888888888889,1800
POINT-EA,S2,1007,middle,data,cost,0.7563817980022197,1802
POINT-EA,S2,1007,middle,data,delay,0.7336293007769146,1802
POINT-EA,S2,1007,late,probe,cost,0.9097440502918724,2227
POINT-EA,S2,1007,late,probe,delay,0.911989223170184,2227
POINT-EA,S2,1007,late,data,cost,0.8875,2400
POINT-EA,S2,1007,late,data,delay,0.88625,2400
POINT-EA,S2,1008,warmup,probe,cost,0.88875,800
POINT-EA,S2,1008,warmup,probe,delay,0.89625,800
POINT-EA,S2,1008,warmup,data,cost,0.8963051251489869,839
POINT-EA,S2,1008,warmup,data,delay,0.8903456495828367,839
POINT-EA,S2,1008,early,probe,cost,0.9021428571428571,1400
POINT-EA,S2,1008,early,probe,delay,0.895,1400
POINT-EA,S2,1008,early,data,cost,0.8739612188365651,1444
POINT-EA,S2,1008,early,data,delay,0.8635734072022161,1444
POINT-EA,S2,1008,middle,probe,cost,0.8805555555555555,1800
POINT-EA,S2,1008,middle,probe,delay,0.8827777777777778,1800
POINT-EA,S2,1008,middle,data,cost,0.7592997811816192,1828
POINT-EA,S2,1008,middle,data,delay,0.7423413566739606,1828
POINT-EA,S2,1008,late,probe,cost,0.9113072719630096,2379
POINT-EA,S2,1008,late,probe,delay,0.9138293400588483,2379
POINT-EA,S2,1008,late,data,cost,0.8918269230769231,2496
POINT-EA,S2,1008,late,data,delay,0.8858173076923077,2496
POINT-EA,S2,1009,warmup,probe,cost,0.9025,800
POINT-EA,S2,1009,warmup,probe,delay,0.9,800
POINT-EA,S2,1009,warmup,data,cost,0.894993894993895,819
POINT-EA,S2,1009,warmup,data,delay,0.8803418803418803,819
POINT-EA,S2,1009,early,probe,cost,0.9,1400
POINT-EA,S2,1009,early,probe,delay,0.8985714285714286,1400
POINT-EA,S2,1009,early,data,cost,0.8758815232722144,1418
POINT-EA,S2,1009,early,data,delay,0.8779971791255289,1418
POINT-EA,S2,1009,middle,probe,cost,0.8805555555555555,1800
POINT-EA,S2,1009,middle,probe,delay,0.8794444444444445,1800
POINT-EA,S2,1009,middle,data,cost,0.75,1816
POINT-EA,S2,1009,middle,data,delay,0.7241189427312775,1816
POINT-EA,S2,1009,late,probe,cost,0.9120833333333334,2400
POINT-EA,S2,1009,late,probe,delay,0.91375,2400
POINT-EA,S2,1009,late,data,cost,0.8897860314897053,2477
POINT-EA,S2,1009,late,data,delay,0.8805006055712555,2477
POINT-EA,S2,1010,warmup,probe,cost,0.895,800
POINT-EA,S2,1010,warmup,probe,delay,0.89,800
POINT-EA,S2,1010,warmup,data,cost,0.875453446191052,827
POINT-EA,S2,1010,warmup,data,delay,0.8730350665054414,827
POINT-EA,S2,1010,early,probe,cost,0.8921428571428571,1400
POINT-EA,S2,1010,early,probe,delay,0.8985714285714286,1400
POINT-EA,S2,1010,early,data,cost,0.8779310344827587,1450
POINT-EA,S2,1010,early,data,delay,0.8731034482758621,1450
POINT-EA,S2,1010,middle,probe,cost,0.8833333333333333,1800
POINT-EA,S2,1010,middle,probe,delay,0.8772222222222222,1800
POINT-EA,S2,1010,middle,data,cost,0.784817039868924,1831
POINT-EA,S2,1010,middle,data,delay,0.7689787001638448,1831
POINT-EA,S2,1010,late,probe,cost,0.9125,2400
POINT-EA,S2,1010,late,probe,delay,0.9170833333333334,2400
POINT-EA,S2,1010,late,data,cost,0.8865392435949573,2459
POINT-EA,S2,1010,late,data,delay,0.8828792191947946,2459
POINT-EA,S2,1011,warmup,probe,cost,0.8825,800
POINT-EA,S2,1011,warmup,probe,delay,0.8925,800
POINT-EA,S2,1011,warmup,data,cost,0.8876678876678876,819
POINT-EA,S2,1011,warmup,data,delay,0.8852258852258852,819
POINT-EA,S2,1011,early,probe,cost,0.9035714285714286,1400
POINT-EA,S2,1011,early,probe,delay,0.9014285714285715,1400
POINT-EA,S2,1011,early,data,cost,0.8864751226348984,1427
POINT-EA,S2,1011,early,data,delay,0.8815697266993693,1427
POINT-EA,S2,1011,middle,probe,cost,0.88,1800
POINT-EA,S2,1011,middle,probe,delay,0.8788888888888889,1800
POINT-EA,S2,1011,middle,data,cost,0.7940217391304348,1840
POINT-EA,S2,1011,middle,data,delay,0.7673913043478261,1840
POINT-EA,S2,1011,late,probe,cost,0.9122881355932203,2360
POINT-EA,S2,1011,late,probe,delay,0.9122881355932203,2360
POINT-EA,S2,1011,late,data,cost,0.8872427983539095,2430
POINT-EA,S2,1011,late,data,delay,0.8835390946502057,2430
POINT-EA,S2,1012,warmup,probe,cost,0.89875,800
POINT-EA,S2,1012,warmup,probe,delay,0.895,800
POINT-EA,S2,1012,warmup,data,cost,0.8682926829268293,820
POINT-EA,S2,1012,warmup,data,delay,0.8658536585365854,820
POINT-EA,S2,1012,early,probe,cost,0.9,1400
POINT-EA,S2,1012,early,probe,delay,0.9,1400
POINT-EA,S2,1012,early,data,cost,0.8709219858156029,1410
POINT-EA,S2,1012,early,data,delay,0.8652482269503546,1410
POINT-EA,S2,1012,middle,probe,cost,0.88,1800
POINT-EA,S2,1012,middle,probe,delay,0.8738888888888889,1800
POINT-EA,S2,1012,middle,data,cost,0.7698630136986301,1825
POINT-EA,S2,1012,middle,data,delay,0.7468493150684932,1825
POINT-EA,S2,1012,late,probe,cost,0.9058315334773218,2315
POINT-EA,S2,1012,late,probe,delay,0.9049676025917927,2315
POINT-EA,S2,1012,late,data,cost,0.8784394250513347,2435
POINT-EA,S2,1012,late,data,delay,0.8731006160164271,2435
POINT-EA,S2,1013,warmup,probe,cost,0.90125,800
POINT-EA,S2,1013,warmup,probe,delay,0.8875,800
POINT-EA,S2,1013,warmup,data,cost,0.8955773955773956,814
POINT-EA,S2,1013,warmup,data,delay,0.8845208845208845,814
POINT-EA,S2,1013,early,probe,cost,0.9,1400
POINT-EA,S2,1013,early,probe,delay,0.9035714285714286,1400
POINT-EA,S2,1013,early,data,cost,0.8685636856368564,1476
POINT-EA,S2,1013,early,data,delay,0.8624661246612466,1476
POINT-EA,S2,1013,middle,probe,cost,0.8788888888888889,1800
POINT-EA,S2,1013,middle,probe,delay,0.8777777777777778,1800
POINT-EA,S2,1013,middle,data,cost,0.800321199143469,1868
POINT-EA,S2,1013,middle,data,delay,0.7724839400428265,1868
POINT-EA,S2,1013,late,probe,cost,0.9097905087644292,2339
POINT-EA,S2,1013,late,probe,delay,0.9110731081658828,2339
POINT-EA,S2,1013,late,data,cost,0.8802125919869174,2446
POINT-EA,S2,1013,late,data,delay,0.8781684382665577,2446
POINT-EA,S2,1014,warmup,probe,cost,0.90625,800
POINT-EA,S2,1014,warmup,probe,delay,0.905,800
POINT-EA,S2,1014,warmup,data,cost,0.8890243902439025,820
POINT-EA,S2,1014,warmup,data,delay,0.8792682926829268,820
POINT-EA,S2,1014,early,probe,cost,0.8971428571428571,1400
POINT-EA,S2,1014,early,probe,delay,0.8978571428571429,1400
POINT-EA,S2,1014,early,data,cost,0.894773519163763,1435
POINT-EA,S2,1014,early,data,delay,0.894773519163763,1435
POINT-EA,S2,1014,middle,probe,cost,0.8838888888888888,1800
POINT-EA,S2,1014,middle,probe,delay,0.8827777777777778,1800
POINT-EA,S2,1014,middle,data,cost,0.7689373297002725,1835
POINT-EA,S2,1014,middle,data,delay,0.7340599455040872,1835
POINT-EA,S2,1014,late,probe,cost,0.9141370338248048,2306
POINT-EA,S2,1014,late,probe,delay,0.9150043365134432,2306
POINT-EA,S2,1014,late,data,cost,0.8729763387297634,2409
POINT-EA,S2,1014,late,data,delay,0.8688252386882523,2409
POINT-EA,S2,1015,warmup,probe,cost,0.89,800
POINT-EA,S2,1015,warmup,probe,delay,0.8975,800
POINT-EA,S2,1015,warmup,data,cost,0.8878048780487805,820
POINT-EA,S2,1015,warmup,data,delay,0.8804878048780488,820
POINT-EA,S2,1015,early,probe,cost,0.905,1400
POINT-EA,S2,1015,early,probe,delay,0.9078571428571428,1400
POINT-EA,S2,1015,early,data,cost,0.8800282286520819,1417
POINT-EA,S2,1015,early,data,delay,0.8793225123500353,1417
POINT-EA,S2,1015,middle,probe,cost,0.8716666666666667,1800
POINT-EA,S2,1015,middle,probe,delay,0.8705555555555555,1800
POINT-EA,S2,1015,middle,data,cost,0.7687224669603524,1816
POINT-EA,S2,1015,middle,data,delay,0.7164096916299559,1816
POINT-EA,S2,1015,late,probe,cost,0.9129166666666667,2400
POINT-EA,S2,1015,late,probe,delay,0.9154166666666667,2400
POINT-EA,S2,1015,late,data,cost,0.8735725938009788,2452
POINT-EA,S2,1015,late,data,delay,0.8658238172920065,2452
POINT-EA,S2,1016,warmup,probe,cost,0.91625,800
POINT-EA,S2,1016,warmup,probe,delay,0.915,800
POINT-EA,S2,1016,warmup,data,cost,0.884004884004884,819
POINT-EA,S2,1016,warmup,data,delay,0.8803418803418803,819
POINT-EA,S2,1016,early,probe,cost,0.9064285714285715,1400
POINT-EA,S2,1016,early,probe,delay,0.9035714285714286,1400
POINT-EA,S2,1016,early,data,cost,0.8696864111498258,1435
POINT-EA,S2,1016,early,data,delay,0.867595818815331,1435
POINT-EA,S2,1016,middle,probe,cost,0.8744419642857143,1792
POINT-EA,S2,1016,middle,probe,delay,0.87890625,1792
POINT-EA,S2,1016,middle,data,cost,0.7846994535519126,1830
POINT-EA,S2,1016,middle,data,delay,0.7480874316939891,1830
POINT-EA,S2,1016,late,probe,cost,0.9125549584758182,2047
POINT-EA,S2,1016,late,probe,delay,0.9159745969711773,2047
POINT-EA,S2,1016,late,data,cost,0.867883528900478,2301
POINT-EA,S2,1016,late,data,delay,0.864406779661017,2301
POINT-EA,S2,1017,warmup,probe,cost,0.895,800
POINT-EA,S2,1017,warmup,probe,delay,0.89875,800
POINT-EA,S2,1017,warmup,data,cost,0.8776009791921665,817
POINT-EA,S2,1017,warmup,data,delay,0.8788249694002448,817
POINT-EA,S2,1017,early,probe,cost,0.8964285714285715,1400
POINT-EA,S2,1017,early,probe,delay,0.8971428571428571,1400
POINT-EA,S2,1017,early,data,cost,0.8921568627450981,1428
POINT-EA,S2,1017,early,data,delay,0.8928571428571429,1428
POINT-EA,S2,1017,middle,probe,cost,0.8838888888888888,1800
POINT-EA,S2,1017,middle,probe,delay,0.8911111111111111,1800
POINT-EA,S2,1017,middle,data,cost,0.7554076539101497,1803
POINT-EA,S2,1017,middle,data,delay,0.733222407099279,1803
POINT-EA,S2,1017,late,probe,cost,0.9154166666666667,2400
POINT-EA,S2,1017,late,probe,delay,0.91125,2400
POINT-EA,S2,1017,late,data,cost,0.8526748971193415,2430
POINT-EA,S2,1017,late,data,delay,0.8502057613168724,2430
POINT-EA,S2,1018,warmup,probe,cost,0.89875,800
POINT-EA,S2,1018,warmup,probe,delay,0.895,800
POINT-EA,S2,1018,warmup,data,cost,0.9,810
POINT-EA,S2,1018,warmup,data,delay,0.891358024691358,810
POINT-EA,S2,1018,early,probe,cost,0.9085714285714286,1400
POINT-EA,S2,1018,early,probe,delay,0.9007142857142857,1400
POINT-EA,S2,1018,early,data,cost,0.8807531380753139,1434
POINT-EA,S2,1018,early,data,delay,0.8723849372384938,1434
POINT-EA,S2,1018,middle,probe,cost,0.8805555555555555,1800
POINT-EA,S2,1018,middle,probe,delay,0.8783333333333333,1800
POINT-EA,S2,1018,middle,data,cost,0.7691472026072786,1841
POINT-EA,S2,1018,middle,data,delay,0.7191743617599131,1841
POINT-EA,S2,1018,late,probe,cost,0.9084730403262347,2207
POINT-EA,S2,1018,late,probe,delay,0.9134571816946081,2207
POINT-EA,S2,1018,late,data,cost,0.8941374947279629,2371
POINT-EA,S2,1018,late,data,delay,0.8873892872205821,2371
POINT-EA,S2,1019,warmup,probe,cost,0.885,800
POINT-EA,S2,1019,warmup,probe,delay,0.89,800
POINT-EA,S2,1019,warmup,data,cost,0.8775,800
POINT-EA,S2,1019,warmup,data,delay,0.87625,800
POINT-EA,S2,1019,early,probe,cost,0.8935714285714286,1400
POINT-EA,S2,1019,early,probe,delay,0.8957142857142857,1400
POINT-EA,S2,1019,early,data,cost,0.8764285714285714,1400
POINT-EA,S2,1019,early,data,delay,0.8771428571428571,1400
POINT-EA,S2,1019,middle,probe,cost,0.8761111111111111,1800
POINT-EA,S2,1019,middle,probe,delay,0.8761111111111111,1800
POINT-EA,S2,1019,middle,data,cost,0.7876106194690266,1808
POINT-EA,S2,1019,middle,data,delay,0.7334070796460177,1808
POINT-EA,S2,1019,late,probe,cost,0.9106168694922366,2383
POINT-EA,S2,1019,late,probe,delay,0.9139739823751574,2383
POINT-EA,S2,1019,late,data,cost,0.8821087588210876,2409
POINT-EA,S2,1019,late,data,delay,0.8792029887920298,2409
POINT-EA,S2,1020,warmup,probe,cost,0.90625,800
POINT-EA,S2,1020,warmup,probe,delay,0.90875,800
POINT-EA,S2,1020,warmup,data,cost,0.87125,800
POINT-EA,S2,1020,warmup,data,delay,0.875,800
POINT-EA,S2,1020,early,probe,cost,0.8957142857142857,1400
POINT-EA,S2,1020,early,probe,delay,0.8935714285714286,1400
POINT-EA,S2,1020,early,data,cost,0.8694736842105263,1425
POINT-EA,S2,1020,early,data,delay,0.8659649122807017,1425
POINT-EA,S2,1020,middle,probe,cost,0.8805555555555555,1800
POINT-EA,S2,1020,middle,probe,delay,0.8733333333333333,1800
POINT-EA,S2,1020,middle,data,cost,0.7982456140350878,1824
POINT-EA,S2,1020,middle,data,delay,0.7675438596491229,1824
POINT-EA,S2,1020,late,probe,cost,0.9124827268539843,2171
POINT-EA,S2,1020,late,probe,delay,0.9111008751727314,2171
POINT-EA,S2,1020,late,data,cost,0.8550662676357418,2339
POINT-EA,S2,1020,late,data,delay,0.8537836682342882,2339
POINT-EA,S2,1021,warmup,probe,cost,0.8875,800
POINT-EA,S2,1021,warmup,probe,delay,0.88,800
POINT-EA,S2,1021,warmup,data,cost,0.8817073170731707,820
POINT-EA,S2,1021,warmup,data,delay,0.8731707317073171,820
POINT-EA,S2,1021,early,probe,cost,0.8957142857142857,1400
POINT-EA,S2,1021,early,probe,delay,0.9,1400
POINT-EA,S2,1021,early,data,cost,0.8708303761533002,1409
POINT-EA,S2,1021,early,data,delay,0.8601845280340668,1409
POINT-EA,S2,1021,middle,probe,cost,0.8822222222222222,1800
POINT-EA,S2,1021,middle,probe,delay,0.8772222222222222,1800
POINT-EA,S2,1021,middle,data,cost,0.7854785478547854,1818
POINT-EA,S2,1021,middle,data,delay,0.759075907590759,1818
POINT-EA,S2,1021,late,probe,cost,0.9148756847871892,2373
POINT-EA,S2,1021,late,probe,delay,0.9127686472819216,2373
POINT-EA,S2,1021,late,data,cost,0.8769419460343418,2446
POINT-EA,S2,1021,late,data,delay,0.8712183156173344,2446
POINT-EA,S2,1022,warmup,probe,cost,0.895,800
POINT-EA,S2,1022,warmup,probe,delay,0.89875,800
POINT-EA,S2,1022,warmup,data,cost,0.8800489596083231,817
POINT-EA,S2,1022,warmup,data,delay,0.8849449204406364,817
POINT-EA,S2,1022,early,probe,cost,0.9042857142857142,1400
POINT-EA,S2,1022,early,probe,delay,0.905,1400
POINT-EA,S2,1022,early,data,cost,0.8704481792717087,1428
POINT-EA,S2,1022,early,data,delay,0.8662464985994398,1428
POINT-EA,S2,1022,middle,probe,cost,0.8766666666666667,1800
POINT-EA,S2,1022,middle,probe,delay,0.8766666666666667,1800
POINT-EA,S2,1022,middle,data,cost,0.7801840822956145,1847
POINT-EA,S2,1022,middle,data,delay,0.7639415268002165,1847
POINT-EA,S2,1022,late,probe,cost,0.9110039456378781,2281
POINT-EA,S2,1022,late,probe,delay,0.9131959666812801,2281
POINT-EA,S2,1022,late,data,cost,0.8857259048393656,2459
POINT-EA,S2,1022,late,data,delay,0.8804392029280195,2459
POINT-EA,S2,1023,warmup,probe,cost,0.88875,800
POINT-EA,S2,1023,warmup,probe,delay,0.88875,800
POINT-EA,S2,1023,warmup,data,cost,0.8822085889570552,815
POINT-EA,S2,1023,warmup,data,delay,0.8785276073619632,815
POINT-EA,S2,1023,early,probe,cost,0.9,1400
POINT-EA,S2,1023,early,probe,delay,0.895,1400
POINT-EA,S2,1023,early,data,cost,0.8757142857142857,1400
POINT-EA,S2,1023,early,data,delay,0.8714285714285714,1400
POINT-EA,S2,1023,middle,probe,cost,0.8827777777777778,1800
POINT-EA,S2,1023,middle,probe,delay,0.8822222222222222,1800
POINT-EA,S2,1023,middle,data,cost,0.763114301490889,1811
POINT-EA,S2,1023,middle,data,delay,0.7266703478741027,1811
POINT-EA,S2,1023,late,probe,cost,0.91125,2400
POINT-EA,S2,1023,late,probe,delay,0.9116666666666666,2400
POINT-EA,S2,1023,late,data,cost,0.8959016393442623,2440
POINT-EA,S2,1023,late,data,delay,0.894672131147541,2440
POINT-EA,S2,1024,warmup,probe,cost,0.88375,800
POINT-EA,S2,1024,warmup,probe,delay,0.8775,800
POINT-EA,S2,1024,warmup,data,cost,0.9034564958283671,839
POINT-EA,S2,1024,warmup,data,delay,0.8939213349225268,839
POINT-EA,S2,1024,early,probe,cost,0.9007142857142857,1400
POINT-EA,S2,1024,early,probe,delay,0.9007142857142857,1400
POINT-EA,S2,1024,early,data,cost,0.8895705521472392,1467
POINT-EA,S2,1024,early,data,delay,0.8786639400136332,1467
POINT-EA,S2,1024,middle,probe,cost,0.8827777777777778,1800
POINT-EA,S2,1024,middle,probe,delay,0.8827777777777778,1800
POINT-EA,S2,1024,middle,data,cost,0.7494600431965442,1852
POINT-EA,S2,1024,middle,data,delay,0.7181425485961123,1852
POINT-EA,S2,1024,late,probe,cost,0.9073410922112802,2234
POINT-EA,S2,1024,late,probe,delay,0.9113697403760072,2234
POINT-EA,S2,1024,late,data,cost,0.8724774581365393,2329
POINT-EA,S2,1024,late,data,delay,0.8690425075139545,2329
POINT-EA,S2,1025,warmup,probe,cost,0.91125,800
POINT-EA,S2,1025,warmup,probe,delay,0.8975,800
POINT-EA,S2,1025,warmup,data,cost,0.9024691358024691,810
POINT-EA,S2,1025,warmup,data,delay,0.891358024691358,810
POINT-EA,S2,1025,early,probe,cost,0.8964285714285715,1400
POINT-EA,S2,1025,early,probe,delay,0.8971428571428571,1400
POINT-EA,S2,1025,early,data,cost,0.8654519971969166,1427
POINT-EA,S2,1025,early,data,delay,0.8647512263489839,1427
POINT-EA,S2,1025,middle,probe,cost,0.8827777777777778,1800
POINT-EA,S2,1025,middle,probe,delay,0.8783333333333333,1800
POINT-EA,S2,1025,middle,data,cost,0.8106928532460448,1833
POINT-EA,S2,1025,middle,data,delay,0.779050736497545,1833
POINT-EA,S2,1025,late,probe,cost,0.9091666666666667,2400
POINT-EA,S2,1025,late,probe,delay,0.9154166666666667,2400
POINT-EA,S2,1025,late,data,cost,0.871033360455655,2458
POINT-EA,S2,1025,late,data,delay,0.8657445077298617,2458
POINT-EA,S2,1026,warmup,probe,cost,0.88875,800
POINT-EA,S2,1026,warmup,probe,delay,0.885,800
POINT-EA,S2,1026,warmup,data,cost,0.8899521531100478,836
POINT-EA,S2,1026,warmup,data,delay,0.8851674641148325,836
POINT-EA,S2,1026,early,probe,cost,0.9085714285714286,1400
POINT-EA,S2,1026,early,probe,delay,0.9064285714285715,1400
POINT-EA,S2,1026,early,data,cost,0.8964088397790055,1448
POINT-EA,S2,1026,early,data,delay,0.8888121546961326,1448
POINT-EA,S2,1026,middle,probe,cost,0.8854282536151279,1798
POINT-EA,S2,1026,middle,probe,delay,0.8870967741935484,1798
POINT-EA,S2,1026,middle,data,cost,0.7909238249594813,1851
POINT-EA,S2,1026,middle,data,delay,0.7552674230145867,1851
POINT-EA,S2,1026,late,probe,cost,0.9140374942844078,2187
POINT-EA,S2,1026,late,probe,delay,0.9149519890260631,2187
POINT-EA,S2,1026,late,data,cost,0.8781725888324873,2364
POINT-EA,S2,1026,late,data,delay,0.873942470389171,2364
POINT-EA,S2,1027,warmup,probe,cost,0.8975,800
POINT-EA,S2,1027,warmup,probe,delay,0.89625,800
POINT-EA,S2,1027,warmup,data,cost,0.89,800
POINT-EA,S2,1027,warmup,data,delay,0.885,800
POINT-EA,S2,1027,early,probe,cost,0.9021428571428571,1400
POINT-EA,S2,1027,early,probe,delay,0.9,1400
POINT-EA,S2,1027,early,data,cost,0.8778571428571429,1400
POINT-EA,S2,1027,early,data,delay,0.875,1400
POINT-EA,S2,1027,middle,probe,cost,0.88,1800
POINT-EA,S2,1027,middle,probe,delay,0.8761111111111111,1800
POINT-EA,S2,1027,middle,data,cost,0.7769145394006659,1802
POINT-EA,S2,1027,middle,data,delay,0.7719200887902331,1802
POINT-EA,S2,1027,late,probe,cost,0.9127832407011544,2339
POINT-EA,S2,1027,late,probe,delay,0.9110731081658828,2339
POINT-EA,S2,1027,late,data,cost,0.8823288232882329,2439
POINT-EA,S2,1027,late,data,delay,0.8782287822878229,2439
POINT-EA,S2,1028,warmup,probe,cost,0.895,800
POINT-EA,S2,1028,warmup,probe,delay,0.8975,800
POINT-EA,S2,1028,warmup,data,cost,0.8997555012224939,818
POINT-EA,S2,1028,warmup,data,delay,0.8985330073349633,818
POINT-EA,S2,1028,early,probe,cost,0.9014285714285715,1400
POINT-EA,S2,1028,early,probe,delay,0.8978571428571429,1400
POINT-EA,S2,1028,early,data,cost,0.8693820224719101,1424
POINT-EA,S2,1028,early,data,delay,0.8595505617977528,1424
POINT-EA,S2,1028,middle,probe,cost,0.8827777777777778,1800
POINT-EA,S2,1028,middle,probe,delay,0.8811111111111111,1800
POINT-EA,S2,1028,middle,data,cost,0.7736986301369863,1825
POINT-EA,S2,1028,middle,data,delay,0.7742465753424658,1825
POINT-EA,S2,1028,late,probe,cost,0.9129141886151232,2354
POINT-EA,S2,1028,late,probe,delay,0.9175870858113849,2354
POINT-EA,S2,1028,late,data,cost,0.8563763929013619,2423
POINT-EA,S2,1028,late,data,delay,0.8584399504746183,2423
POINT-EA,S2,1029,warmup,probe,cost,0.88375,800
POINT-EA,S2,1029,warmup,probe,delay,0.8875,800
POINT-EA,S2,1029,warmup,data,cost,0.8864197530864197,810
POINT-EA,S2,1029,warmup,data,delay,0.8802469135802469,810
POINT-EA,S2,1029,early,probe,cost,0.8992857142857142,1400
POINT-EA,S2,1029,early,probe,delay,0.9057142857142857,1400
POINT-EA,S2,1029,early,data,cost,0.8745644599303136,1435
POINT-EA,S2,1029,early,data,delay,0.8738675958188153,1435
POINT-EA,S2,1029,middle,probe,cost,0.8805555555555555,1800
POINT-EA,S2,1029,middle,probe,delay,0.8744444444444445,1800
POINT-EA,S2,1029,middle,data,cost,0.8026172300981461,1834
POINT-EA,S2,1029,middle,data,delay,0.7868047982551799,1834
POINT-EA,S2,1029,late,probe,cost,0.9165894346617238,2158
POINT-EA,S2,1029,late,probe,delay,0.9133456904541242,2158
POINT-EA,S2,1029,late,data,cost,0.8904639175257731,2328
POINT-EA,S2,1029,late,data,delay,0.8835910652920962,2328
POINT-EA,S3,1000,warmup,probe,cost,0.89,800
POINT-EA,S3,1000,warmup,probe,delay,0.8825,800
POINT-EA,S3,1000,warmup,data,cost,0.8800988875154512,809
POINT-EA,S3,1000,warmup,data,delay,0.8627935723114957,809
POINT-EA,S3,1000,early,probe,cost,0.9078571428571428,1400
POINT-EA,S3,1000,early,probe,delay,0.91,1400
POINT-EA,S3,1000,early,data,cost,0.8835714285714286,1400
POINT-EA,S3,1000,early,data,delay,0.8842857142857142,1400
POINT-EA,S3,1000,middle,probe,cost,0.9011111111111111,1800
POINT-EA,S3,1000,middle,probe,delay,0.8983333333333333,1800
POINT-EA,S3,1000,middle,data,cost,0.8522684664416947,2667
POINT-EA,S3,1000,middle,data,delay,0.8447694038245219,2667
POINT-EA,S3,1000,late,probe,cost,0.8986574274577739,2309
POINT-EA,S3,1000,late,probe,delay,0.9029883066262451,2309
POINT-EA,S3,1000,late,data,cost,0.8541436464088398,4525
POINT-EA,S3,1000,late,data,delay,0.8475138121546961,4525
POINT-EA,S3,1001,warmup,probe,cost,0.89625,800
POINT-EA,S3,1001,warmup,probe,delay,0.895,800
POINT-EA,S3,1001,warmup,data,cost,0.8913308913308914,819
POINT-EA,S3,1001,warmup,data,delay,0.8803418803418803,819
POINT-EA,S3,1001,early,probe,cost,0.8971428571428571,1400
POINT-EA,S3,1001,early,probe,delay,0.9007142857142857,1400
POINT-EA,S3,1001,early,data,cost,0.8678571428571429,1400
POINT-EA,S3,1001,early,data,delay,0.8685714285714285,1400
POINT-EA,S3,1001,middle,probe,cost,0.8988888888888888,1800
POINT-EA,S3,1001,middle,probe,delay,0.8944444444444445,1800
POINT-EA,S3,1001,middle,data,cost,0.8726860596902153,2647
POINT-EA,S3,1001,middle,data,delay,0.8639969777106158,2647
POINT-EA,S3,1001,late,probe,cost,0.9038202247191012,2225
POINT-EA,S3,1001,late,probe,delay,0.9078651685393259,2225
POINT-EA,S3,1001,late,data,cost,0.8679750223015165,4484
POINT-EA,S3,1001,late,data,delay,0.8572702943800179,4484
POINT-EA,S3,1002,warmup,probe,cost,0.89875,800
POINT-EA,S3,1002,warmup,probe,delay,0.9025,800
POINT-EA,S3,1002,warmup,data,cost,0.9072039072039072,819
POINT-EA,S3,1002,warmup,data,delay,0.8986568986568987,819
POINT-EA,S3,1002,early,probe,cost,0.9057142857142857,1400
POINT-EA,S3,1002,early,probe,delay,0.9071428571428571,1400
POINT-EA,S3,1002,early,data,cost,0.8485714285714285,1400
POINT-EA,S3,1002,early,data,delay,0.8485714285714285,1400
POINT-EA,S3,1002,middle,probe,cost,0.8988888888888888,1800
POINT-EA,S3,1002,middle,probe,delay,0.8927777777777778,1800
POINT-EA,S3,1002,middle,data,cost,0.8378995433789954,2628
POINT-EA,S3,1002,middle,data,delay,0.837138508371385,2628
POINT-EA,S3,1002,late,probe,cost,0.8987714987714988,2035
POINT-EA,S3,1002,late,probe,delay,0.9012285012285012,2035
POINT-EA,S3,1002,late,data,cost,0.8607083432374614,4207
POINT-EA,S3,1002,late,data,delay,0.8533396719752793,4207
POINT-EA,S3,1003,warmup,probe,cost,0.8775,800
POINT-EA,S3,1003,warmup,probe,delay,0.88,800
POINT-EA,S3,1003,warmup,data,cost,0.8876543209876543,810
POINT-EA,S3,1003,warmup,data,delay,0.8802469135802469,810
POINT-EA,S3,1003,early,probe,cost,0.9035714285714286,1400
POINT-EA,S3,1003,early,probe,delay,0.8985714285714286,1400
POINT-EA,S3,1003,early,data,cost,0.8839662447257384,1422
POINT-EA,S3,1003,early,data,delay,0.8783403656821378,1422
POINT-EA,S3,1003,middle,probe,cost,0.905,1800
POINT-EA,S3,1003,middle,probe,delay,0.8988888888888888,1800
POINT-EA,S3,1003,middle,data,cost,0.8547297297297297,2664
POINT-EA,S3,1003,middle,data,delay,0.8502252252252253,2664
POINT-EA,S3,1003,late,probe,cost,0.8973367697594502,2328
POINT-EA,S3,1003,late,probe,delay,0.9003436426116839,2328
POINT-EA,S3,1003,late,data,cost,0.8685589519650655,4580
POINT-EA,S3,1003,late,data,delay,0.868122270742358,4580
POINT-EA,S3,1004,warmup,probe,cost,0.90375,800
POINT-EA,S3,1004,warmup,probe,delay,0.89375,800
POINT-EA,S3,1004,warmup,data,cost,0.8646986469864698,813
POINT-EA,S3,1004,warmup,data,delay,0.8536285362853628,813
POINT-EA,S3,1004,early,probe,cost,0.9042857142857142,1400
POINT-EA,S3,1004,early,probe,delay,0.9035714285714286,1400
POINT-EA,S3,1004,early,data,cost,0.8778785764131193,1433
POINT-EA,S3,1004,early,data,delay,0.8695045359385903,1433
POINT-EA,S3,1004,middle,probe,cost,0.8966666666666666,1800
POINT-EA,S3,1004,middle,probe,delay,0.8927777777777778,1800
POINT-EA,S3,1004,middle,data,cost,0.8760299625468165,2670
POINT-EA,S3,1004,middle,data,delay,0.8730337078651685,2670
POINT-EA,S3,1004,late,probe,cost,0.9032258064516129,2232
POINT-EA,S3,1004,late,probe,delay,0.9014336917562724,2232
POINT-EA,S3,1004,late,data,cost,0.8537735849056604,4452
POINT-EA,S3,1004,late,data,delay,0.8524258760107817,4452
POINT-EA,S3,1005,warmup,probe,cost,0.895,800
POINT-EA,S3,1005,warmup,probe,delay,0.89375,800
POINT-EA,S3,1005,warmup,data,cost,0.8471882640586798,818
POINT-EA,S3,1005,warmup,data,delay,0.8374083129584352,818
POINT-EA,S3,1005,early,probe,cost,0.8992857142857142,1400
POINT-EA,S3,1005,early,probe,delay,0.8957142857142857,1400
POINT-EA,S3,1005,early,data,cost,0.8642857142857143,1400
POINT-EA,S3,1005,early,data,delay,0.8564285714285714,1400
POINT-EA,S3,1005,middle,probe,cost,0.9005555555555556,1800
POINT-EA,S3,1005,middle,probe,delay,0.8966666666666666,1800
POINT-EA,S3,1005,middle,data,cost,0.8732876712328768,2628
POINT-EA,S3,1005,middle,data,delay,0.8614916286149162,2628
POINT-EA,S3,1005,late,probe,cost,0.9038189533239038,2121
POINT-EA,S3,1005,late,probe,delay,0.9042904290429042,2121
POINT-EA,S3,1005,late,data,cost,0.8697760332486724,4331
POINT-EA,S3,1005,late,data,delay,0.8570768875548372,4331
POINT-EA,S3,1006,warmup,probe,cost,0.91,800
POINT-EA,S3,1006,warmup,probe,delay,0.90625,800
POINT-EA,S3,1006,warmup,data,cost,0.8791208791208791,819
POINT-EA,S3,1006,warmup,data,delay,0.8681318681318682,819
POINT-EA,S3,1006,early,probe,cost,0.8928571428571429,1400
POINT-EA,S3,1006,early,probe,delay,0.8964285714285715,1400
POINT-EA,S3,1006,early,data,cost,0.8722067039106145,1432
POINT-EA,S3,1006,early,data,delay,0.8666201117318436,1432
POINT-EA,S3,1006,middle,probe,cost,0.9,1800
POINT-EA,S3,1006,middle,probe,delay,0.8933333333333333,1800
POINT-EA,S3,1006,middle,data,cost,0.8399550224887556,2668
POINT-EA,S3,1006,middle,data,delay,0.8294602698650675,2668
POINT-EA,S3,1006,late,probe,cost,0.9033505154639175,2328
POINT-EA,S3,1006,late,probe,delay,0.9072164948453608,2328
POINT-EA,S3,1006,late,data,cost,0.866871704745167,4552
POINT-EA,S3,1006,late,data,delay,0.8655536028119508,4552
POINT-EA,S3,1007,warmup,probe,cost,0.89,800
POINT-EA,S3,1007,warmup,probe,delay,0.905,800
POINT-EA,S3,1007,warmup,data,cost,0.8849449204406364,817
POINT-EA,S3,1007,warmup,data,delay,0.8714810281517748,817
POINT-EA,S3,1007,early,probe,cost,0.9114285714285715,1400
POINT-EA,S3,1007,early,probe,delay,0.9071428571428571,1400
POINT-EA,S3,1007,early,data,cost,0.8618283321702721,1433
POINT-EA,S3,1007,early,data,delay,0.8583391486392185,1433
POINT-EA,S3,1007,middle,probe,cost,0.8938888888888888,1800
POINT-EA,S3,1007,middle,probe,delay,0.8922222222222222,1800
POINT-EA,S3,1007,middle,data,cost,0.8741547708489857,2662
POINT-EA,S3,1007,middle,data,delay,0.8610067618332081,2662
POINT-EA,S3,1007,late,probe,cost,0.8999572466866183,2339
POINT-EA,S3,1007,late,probe,delay,0.9025224454895254,2339
POINT-EA,S3,1007,late,data,cost,0.8475475033141847,4526
POINT-EA,S3,1007,late,data,delay,0.8400353513035793,4526
POINT-EA,S3,1008,warmup,probe,cost,0.89375,800
POINT-EA,S3,1008,warmup,probe,delay,0.89,800
POINT-EA,S3,1008,warmup,data,cost,0.899880810488677,839
POINT-EA,S3,1008,warmup,data,delay,0.8867699642431466,839
POINT-EA,S3,1008,early,probe,cost,0.9021428571428571,1400
POINT-EA,S3,1008,early,probe,delay,0.8992857142857142,1400
POINT-EA,S3,1008,early,data,cost,0.8620928620928621,1443
POINT-EA,S3,1008,early,data,delay,0.8565488565488566,1443
POINT-EA,S3,1008,middle,probe,cost,0.9033333333333333,1800
POINT-EA,S3,1008,middle,probe,delay,0.8988888888888888,1800
POINT-EA,S3,1008,middle,data,cost,0.8499251497005988,2672
POINT-EA,S3,1008,middle,data,delay,0.8386976047904192,2672
POINT-EA,S3,1008,late,probe,cost,0.8979591836734694,2254
POINT-EA,S3,1008,late,probe,delay,0.8992901508429458,2254
POINT-EA,S3,1008,late,data,cost,0.8568267315777827,4519
POINT-EA,S3,1008,late,data,delay,0.8517371099800841,4519
POINT-EA,S3,1009,warmup,probe,cost,0.9075,800
POINT-EA,S3,1009,warmup,probe,delay,0.8975,800
POINT-EA,S3,1009,warmup,data,cost,0.8852258852258852,819
POINT-EA,S3,1009,warmup,data,delay,0.8693528693528694,819
POINT-EA,S3,1009,early,probe,cost,0.8942857142857142,1400
POINT-EA,S3,1009,early,probe,delay,0.8985714285714286,1400
POINT-EA,S3,1009,early,data,cost,0.8702127659574468,1410
POINT-EA,S3,1009,early,data,delay,0.8631205673758865,1410
POINT-EA,S3,1009,middle,probe,cost,0.9011111111111111,1800
POINT-EA,S3,1009,middle,probe,delay,0.8977777777777778,1800
POINT-EA,S3,1009,middle,data,cost,0.8650674662668666,2668
POINT-EA,S3,1009,middle,data,delay,0.8493253373313343,2668
POINT-EA,S3,1009,late,probe,cost,0.8979166666666667,2400
POINT-EA,S3,1009,late,probe,delay,0.9008333333333334,2400
POINT-EA,S3,1009,late,data,cost,0.8608714408973253,4636
POINT-EA,S3,1009,late,data,delay,0.8559102674719585,4636
POINT-EA,S3,1010,warmup,probe,cost,0.8925,800
POINT-EA,S3,1010,warmup,probe,delay,0.88625,800
POINT-EA,S3,1010,warmup,data,cost,0.8655256723716381,818
POINT-EA,S3,1010,warmup,data,delay,0.863080684596577,818
POINT-EA,S3,1010,early,probe,cost,0.8971428571428571,1400
POINT-EA,S3,1010,early,probe,delay,0.8992857142857142,1400
POINT-EA,S3,1010,early,data,cost,0.8738800827015851,1451
POINT-EA,S3,1010,early,data,delay,0.8752584424534804,1451
POINT-EA,S3,1010,middle,probe,cost,0.9066666666666666,1800
POINT-EA,S3,1010,middle,probe,delay,0.9005555555555556,1800
POINT-EA,S3,1010,middle,data,cost,0.880354505169867,2708
POINT-EA,S3,1010,middle,data,delay,0.8751846381093058,2708
POINT-EA,S3,1010,late,probe,cost,0.9035214664737096,2073
POINT-EA,S3,1010,late,probe,delay,0.9020742884708153,2073
POINT-EA,S3,1010,late,data,cost,0.8775651371916071,4337
POINT-EA,S3,1010,late,data,delay,0.8738759511182845,4337
POINT-EA,S3,1011,warmup,probe,cost,0.885,800
POINT-EA,S3,1011,warmup,probe,delay,0.89625,800
POINT-EA,S3,1011,warmup,data,cost,0.8742368742368742,819
POINT-EA,S3,1011,warmup,data,delay,0.8766788766788767,819
POINT-EA,S3,1011,early,probe,cost,0.8978571428571429,1400
POINT-EA,S3,1011,early,probe,delay,0.8978571428571429,1400
POINT-EA,S3,1011,early,data,cost,0.8631944444444445,1440
POINT-EA,S3,1011,early,data,delay,0.8590277777777777,1440
POINT-EA,S3,1011,middle,probe,cost,0.9055555555555556,1800
POINT-EA,S3,1011,middle,probe,delay,0.9,1800
POINT-EA,S3,1011,middle,data,cost,0.8832224685883222,2706
POINT-EA,S3,1011,middle,data,delay,0.8765705838876571,2706
POINT-EA,S3,1011,late,probe,cost,0.8997876857749469,2355
POINT-EA,S3,1011,late,probe,delay,0.9010615711252654,2355
POINT-EA,S3,1011,late,data,cost,0.8603633180126943,4569
POINT-EA,S3,1011,late,data,delay,0.855548260013132,4569
POINT-EA,S3,1012,warmup,probe,cost,0.895,800
POINT-EA,S3,1012,warmup,probe,delay,0.90125,800
POINT-EA,S3,1012,warmup,data,cost,0.8621951219512195,820
POINT-EA,S3,1012,warmup,data,delay,0.8560975609756097,820
POINT-EA,S3,1012,early,probe,cost,0.8971428571428571,1400
POINT-EA,S3,1012,early,probe,delay,0.8985714285714286,1400
POINT-EA,S3,1012,early,data,cost,0.8613240418118467,1435
POINT-EA,S3,1012,early,data,delay,0.8536585365853658,1435
POINT-EA,S3,1012,middle,probe,cost,0.9038888888888889,1800
POINT-EA,S3,1012,middle,probe,delay,0.9,1800
POINT-EA,S3,1012,middle,data,cost,0.8704605016847623,2671
POINT-EA,S3,1012,middle,data,delay,0.8648446274803444,2671
POINT-EA,S3,1012,late,probe,cost,0.8967538322813345,2218
POINT-EA,S3,1012,late,probe,delay,0.8954012623985572,2218
POINT-EA,S3,1012,late,data,cost,0.8927116342236306,4418
POINT-EA,S3,1012,late,data,delay,0.885921231326392,4418
POINT-EA,S3,1013,warmup,probe,cost,0.90375,800
POINT-EA,S3,1013,warmup,probe,delay,0.89,800
POINT-EA,S3,1013,warmup,data,cost,0.8856088560885609,813
POINT-EA,S3,1013,warmup,data,delay,0.8806888068880688,813
POINT-EA,S3,1013,early,probe,cost,0.8985714285714286,1400
POINT-EA,S3,1013,early,probe,delay,0.8992857142857142,1400
POINT-EA,S3,1013,early,data,cost,0.8556771545827634,1462
POINT-EA,S3,1013,early,data,delay,0.8481532147742818,1462
POINT-EA,S3,1013,middle,probe,cost,0.9033333333333333,1800
POINT-EA,S3,1013,middle,probe,delay,0.8922222222222222,1800
POINT-EA,S3,1013,middle,data,cost,0.8755064456721915,2715
POINT-EA,S3,1013,middle,data,delay,0.8703499079189687,2715
POINT-EA,S3,1013,late,probe,cost,0.8940204180845892,2057
POINT-EA,S3,1013,late,probe,delay,0.8983957219251337,2057
POINT-EA,S3,1013,late,data,cost,0.8682116104868914,4272
POINT-EA,S3,1013,late,data,delay,0.8661048689138576,4272
POINT-EA,S3,1014,warmup,probe,cost,0.8975,800
POINT-EA,S3,1014,warmup,probe,delay,0.9025,800
POINT-EA,S3,1014,warmup,data,cost,0.8853658536585366,820
POINT-EA,S3,1014,warmup,data,delay,0.8780487804878049,820
POINT-EA,S3,1014,early,probe,cost,0.8971428571428571,1400
POINT-EA,S3,1014,early,probe,delay,0.8971428571428571,1400
POINT-EA,S3,1014,early,data,cost,0.8875698324022346,1432
POINT-EA,S3,1014,early,data,delay,0.8889664804469274,1432
POINT-EA,S3,1014,middle,probe,cost,0.9022222222222223,1800
POINT-EA,S3,1014,middle,probe,delay,0.8983333333333333,1800
POINT-EA,S3,1014,middle,data,cost,0.8658673660547022,2669
POINT-EA,S3,1014,middle,data,delay,0.8609966279505433,2669
POINT-EA,S3,1014,late,probe,cost,0.8991367560199909,2201
POINT-EA,S3,1014,late,probe,delay,0.8973194002726034,2201
POINT-EA,S3,1014,late,data,cost,0.8601933018655877,4449
POINT-EA,S3,1014,late,data,delay,0.8550236008091706,4449
POINT-EA,S3,1015,warmup,probe,cost,0.8975,800
POINT-EA,S3,1015,warmup,probe,delay,0.89625,800
POINT-EA,S3,1015,warmup,data,cost,0.8693528693528694,819
POINT-EA,S3,1015,warmup,data,delay,0.8583638583638583,819
POINT-EA,S3,1015,early,probe,cost,0.9035714285714286,1400
POINT-EA,S3,1015,early,probe,delay,0.9035714285714286,1400
POINT-EA,S3,1015,early,data,cost,0.86731843575419,1432
POINT-EA,S3,1015,early,data,delay,0.8596368715083799,1432
POINT-EA,S3,1015,middle,probe,cost,0.8916666666666667,1800
POINT-EA,S3,1015,middle,probe,delay,0.8888888888888888,1800
POINT-EA,S3,1015,middle,data,cost,0.8576835730507192,2642
POINT-EA,S3,1015,middle,data,delay,0.8542770628311885,2642
POINT-EA,S3,1015,late,probe,cost,0.9018612521150592,2364
POINT-EA,S3,1015,late,probe,delay,0.9056683587140439,2364
POINT-EA,S3,1015,late,data,cost,0.8653426451331296,4582
POINT-EA,S3,1015,late,data,delay,0.859013531209079,4582
POINT-EA,S3,1016,warmup,probe,cost,0.9175,800
POINT-EA,S3,1016,warmup,probe,delay,0.9125,800
POINT-EA,S3,1016,warmup,data,cost,0.8803418803418803,819
POINT-EA,S3,1016,warmup,data,delay,0.8754578754578755,819
POINT-EA,S3,1016,early,probe,cost,0.9035714285714286,1400
POINT-EA,S3,1016,early,probe,delay,0.9035714285714286,1400
POINT-EA,S3,1016,early,data,cost,0.8570432357043236,1434
POINT-EA,S3,1016,early,data,delay,0.8521617852161785,1434
POINT-EA,S3,1016,middle,probe,cost,0.8977777777777778,1800
POINT-EA,S3,1016,middle,probe,delay,0.8966666666666666,1800
POINT-EA,S3,1016,middle,data,cost,0.8599250936329588,2670
POINT-EA,S3,1016,middle,data,delay,0.8535580524344569,2670
POINT-EA,S3,1016,late,probe,cost,0.898804440649018,2342
POINT-EA,S3,1016,late,probe,delay,0.9005123825789924,2342
POINT-EA,S3,1016,late,data,cost,0.8542944785276073,4564
POINT-EA,S3,1016,late,data,delay,0.8503505696757231,4564
POINT-EA,S3,1017,warmup,probe,cost,0.89375,800
POINT-EA,S3,1017,warmup,probe,delay,0.895,800
POINT-EA,S3,1017,warmup,data,cost,0.8590686274509803,816
POINT-EA,S3,1017,warmup,data,delay,0.8566176470588235,816
POINT-EA,S3,1017,early,probe,cost,0.8992857142857142,1400
POINT-EA,S3,1017,early,probe,delay,0.9007142857142857,1400
POINT-EA,S3,1017,early,data,cost,0.8881118881118881,1430
POINT-EA,S3,1017,early,data,delay,0.8846153846153846,1430
POINT-EA,S3,1017,middle,probe,cost,0.9005555555555556,1800
POINT-EA,S3,1017,middle,probe,delay,0.8966666666666666,1800
POINT-EA,S3,1017,middle,data,cost,0.8701249526694433,2641
POINT-EA,S3,1017,middle,data,delay,0.8538432411965164,2641
POINT-EA,S3,1017,late,probe,cost,0.9008333333333334,2400
POINT-EA,S3,1017,late,probe,delay,0.90125,2400
POINT-EA,S3,1017,late,data,cost,0.8765836609873308,4578
POINT-EA,S3,1017,late,data,delay,0.8730886850152905,4578
POINT-EA,S3,1018,warmup,probe,cost,0.90125,800
POINT-EA,S3,1018,warmup,probe,delay,0.9025,800
POINT-EA,S3,1018,warmup,data,cost,0.8862793572311496,809
POINT-EA,S3,1018,warmup,data,delay,0.8751545117428925,809
POINT-EA,S3,1018,early,probe,cost,0.9035714285714286,1400
POINT-EA,S3,1018,early,probe,delay,0.9014285714285715,1400
POINT-EA,S3,1018,early,data,cost,0.8761371588523443,1429
POINT-EA,S3,1018,early,data,delay,0.8754373687893632,1429
POINT-EA,S3,1018,middle,probe,cost,0.9077777777777778,1800
POINT-EA,S3,1018,middle,probe,delay,0.8983333333333333,1800
POINT-EA,S3,1018,middle,data,cost,0.8614120283899888,2677
POINT-EA,S3,1018,middle,data,delay,0.8472170339932761,2677
POINT-EA,S3,1018,late,probe,cost,0.8986313088109495,2338
POINT-EA,S3,1018,late,probe,delay,0.9037639007698888,2338
POINT-EA,S3,1018,late,data,cost,0.8695652173913043,4577
POINT-EA,S3,1018,late,data,delay,0.8612628359187241,4577
POINT-EA,S3,1019,warmup,probe,cost,0.8825,800
POINT-EA,S3,1019,warmup,probe,delay,0.88875,800
POINT-EA,S3,1019,warmup,data,cost,0.85375,800
POINT-EA,S3,1019,warmup,data,delay,0.85375,800
POINT-EA,S3,1019,early,probe,cost,0.8928571428571429,1400
POINT-EA,S3,1019,early,probe,delay,0.8935714285714286,1400
POINT-EA,S3,1019,early,data,cost,0.85,1400
POINT-EA,S3,1019,early,data,delay,0.8464285714285714,1400
POINT-EA,S3,1019,middle,probe,cost,0.9016666666666666,1800
POINT-EA,S3,1019,middle,probe,delay,0.8966666666666666,1800
POINT-EA,S3,1019,middle,data,cost,0.854261796042618,2628
POINT-EA,S3,1019,middle,data,delay,0.8417047184170472,2628
POINT-EA,S3,1019,late,probe,cost,0.9070945945945946,2368
POINT-EA,S3,1019,late,probe,delay,0.90625,2368
POINT-EA,S3,1019,late,data,cost,0.8697654023240518,4561
POINT-EA,S3,1019,late,data,delay,0.8620916465687349,4561
POINT-EA,S3,1020,warmup,probe,cost,0.90125,800
POINT-EA,S3,1020,warmup,probe,delay,0.90375,800
POINT-EA,S3,1020,warmup,data,cost,0.8475,800
POINT-EA,S3,1020,warmup,data,delay,0.85375,800
POINT-EA,S3,1020,early,probe,cost,0.8964285714285715,1400
POINT-EA,S3,1020,early,probe,delay,0.8992857142857142,1400
POINT-EA,S3,1020,early,data,cost,0.8596491228070176,1425
POINT-EA,S3,1020,early,data,delay,0.8547368421052631,1425
POINT-EA,S3,1020,middle,probe,cost,0.8944444444444445,1800
POINT-EA,S3,1020,middle,probe,delay,0.8905555555555555,1800
POINT-EA,S3,1020,middle,data,cost,0.8473053892215568,2672
POINT-EA,S3,1020,middle,data,delay,0.8390718562874252,2672
POINT-EA,S3,1020,late,probe,cost,0.8998609179415855,2157
POINT-EA,S3,1020,late,probe,delay,0.9017153453871117,2157
POINT-EA,S3,1020,late,data,cost,0.8724373576309795,4390
POINT-EA,S3,1020,late,data,delay,0.8635535307517084,4390
POINT-EA,S3,1021,warmup,probe,cost,0.8875,800
POINT-EA,S3,1021,warmup,probe,delay,0.88375,800
POINT-EA,S3,1021,warmup,data,cost,0.8792682926829268,820
POINT-EA,S3,1021,warmup,data,delay,0.875609756097561,820
POINT-EA,S3,1021,early,probe,cost,0.9,1400
POINT-EA,S3,1021,early,probe,delay,0.9042857142857142,1400
POINT-EA,S3,1021,early,data,cost,0.8842688842688843,1443
POINT-EA,S3,1021,early,data,delay,0.8704088704088704,1443
POINT-EA,S3,1021,middle,probe,cost,0.9027777777777778,1800
POINT-EA,S3,1021,middle,probe,delay,0.8933333333333333,1800
POINT-EA,S3,1021,middle,data,cost,0.8754646840148699,2690
POINT-EA,S3,1021,middle,data,delay,0.8587360594795539,2690
POINT-EA,S3,1021,late,probe,cost,0.897907949790795,2390
POINT-EA,S3,1021,late,probe,delay,0.902510460251046,2390
POINT-EA,S3,1021,late,data,cost,0.8696687594717472,4619
POINT-EA,S3,1021,late,data,delay,0.8646893266940896,4619
POINT-EA,S3,1022,warmup,probe,cost,0.9075,800
POINT-EA,S3,1022,warmup,probe,delay,0.90375,800
POINT-EA,S3,1022,warmup,data,cost,0.8935128518971848,817
POINT-EA,S3,1022,warmup,data,delay,0.8861689106487148,817
POINT-EA,S3,1022,early,probe,cost,0.9014285714285715,1400
POINT-EA,S3,1022,early,probe,delay,0.9028571428571428,1400
POINT-EA,S3,1022,early,data,cost,0.8647512263489839,1427
POINT-EA,S3,1022,early,data,delay,0.8591450595655221,1427
POINT-EA,S3,1022,middle,probe,cost,0.8961111111111111,1800
POINT-EA,S3,1022,middle,probe,delay,0.8894444444444445,1800
POINT-EA,S3,1022,middle,data,cost,0.8540500186636805,2679
POINT-EA,S3,1022,middle,data,delay,0.8465845464725644,2679
POINT-EA,S3,1022,late,probe,cost,0.8981600342319213,2337
POINT-EA,S3,1022,late,probe,delay,0.9011553273427471,2337
POINT-EA,S3,1022,late,data,cost,0.8504816112084063,4568
POINT-EA,S3,1022,late,data,delay,0.8476357267950964,4568
POINT-EA,S3,1023,warmup,probe,cost,0.87875,800
POINT-EA,S3,1023,warmup,probe,delay,0.88625,800
POINT-EA,S3,1023,warmup,data,cost,0.8674846625766871,815
POINT-EA,S3,1023,warmup,data,delay,0.8601226993865031,815
POINT-EA,S3,1023,early,probe,cost,0.9021428571428571,1400
POINT-EA,S3,1023,early,probe,delay,0.9021428571428571,1400
POINT-EA,S3,1023,early,data,cost,0.8664285714285714,1400
POINT-EA,S3,1023,early,data,delay,0.8635714285714285,1400
POINT-EA,S3,1023,middle,probe,cost,0.9005555555555556,1800
POINT-EA,S3,1023,middle,probe,delay,0.8994444444444445,1800
POINT-EA,S3,1023,middle,data,cost,0.856544901065449,2628
POINT-EA,S3,1023,middle,data,delay,0.8550228310502284,2628
POINT-EA,S3,1023,late,probe,cost,0.9012820512820513,2340
POINT-EA,S3,1023,late,probe,delay,0.9021367521367522,2340
POINT-EA,S3,1023,late,data,cost,0.866622864651774,4566
POINT-EA,S3,1023,late,data,delay,0.8622426631625055,4566
POINT-EA,S3,1024,warmup,probe,cost,0.88625,800
POINT-EA,S3,1024,warmup,probe,delay,0.88,800
POINT-EA,S3,1024,warmup,data,cost,0.8939213349225268,839
POINT-EA,S3,1024,warmup,data,delay,0.8820023837902264,839
POINT-EA,S3,1024,early,probe,cost,0.8992857142857142,1400
POINT-EA,S3,1024,early,probe,delay,0.9007142857142857,1400
POINT-EA,S3,1024,early,data,cost,0.8875255623721882,1467
POINT-EA,S3,1024,early,data,delay,0.8786639400136332,1467
POINT-EA,S3,1024,middle,probe,cost,0.9022222222222223,1800
POINT-EA,S3,1024,middle,probe,delay,0.8961111111111111,1800
POINT-EA,S3,1024,middle,data,cost,0.8775123246113007,2637
POINT-EA,S3,1024,middle,data,delay,0.8725824800910125,2637
POINT-EA,S3,1024,late,probe,cost,0.8999570631172177,2329
POINT-EA,S3,1024,late,probe,delay,0.9089738085015028,2329
POINT-EA,S3,1024,late,data,cost,0.8636363636363636,4510
POINT-EA,S3,1024,late,data,delay,0.8558758314855875,4510
POINT-EA,S3,1025,warmup,probe,cost,0.9075,800
POINT-EA,S3,1025,warmup,probe,delay,0.89375,800
POINT-EA,S3,1025,warmup,data,cost,0.8876543209876543,810
POINT-EA,S3,1025,warmup,data,delay,0.8790123456790123,810
POINT-EA,S3,1025,early,probe,cost,0.8957142857142857,1400
POINT-EA,S3,1025,early,probe,delay,0.8964285714285715,1400
POINT-EA,S3,1025,early,data,cost,0.8555478018143754,1433
POINT-EA,S3,1025,early,data,delay,0.845778087927425,1433
POINT-EA,S3,1025,middle,probe,cost,0.9011111111111111,1800
POINT-EA,S3,1025,middle,probe,delay,0.8966666666666666,1800
POINT-EA,S3,1025,middle,data,cost,0.8773373223635004,2674
POINT-EA,S3,1025,middle,data,delay,0.8679880329094989,2674
POINT-EA,S3,1025,late,probe,cost,0.9004639392661324,2371
POINT-EA,S3,1025,late,probe,delay,0.9029945170814002,2371
POINT-EA,S3,1025,late,data,cost,0.869867477731914,4603
POINT-EA,S3,1025,late,data,delay,0.8600912448403215,4603
POINT-EA,S3,1026,warmup,probe,cost,0.88625,800
POINT-EA,S3,1026,warmup,probe,delay,0.88625,800
POINT-EA,S3,1026,warmup,data,cost,0.8755980861244019,836
POINT-EA,S3,1026,warmup,data,delay,0.8696172248803827,836
POINT-EA,S3,1026,early,probe,cost,0.9057142857142857,1400
POINT-EA,S3,1026,early,probe,delay,0.9035714285714286,1400
POINT-EA,S3,1026,early,data,cost,0.883495145631068,1442
POINT-EA,S3,1026,early,data,delay,0.8828016643550625,1442
POINT-EA,S3,1026,middle,probe,cost,0.8966666666666666,1800
POINT-EA,S3,1026,middle,probe,delay,0.8933333333333333,1800
POINT-EA,S3,1026,middle,data,cost,0.8878923766816144,2676
POINT-EA,S3,1026,middle,data,delay,0.8778026905829597,2676
POINT-EA,S3,1026,late,probe,cost,0.9050876442924327,2339
POINT-EA,S3,1026,late,probe,delay,0.9089354424967935,2339
POINT-EA,S3,1026,late,data,cost,0.8722619822164389,4611
POINT-EA,S3,1026,late,data,delay,0.8646714378659727,4611
POINT-EA,S3,1027,warmup,probe,cost,0.89625,800
POINT-EA,S3,1027,warmup,probe,delay,0.88875,800
POINT-EA,S3,1027,warmup,data,cost,0.875,800
POINT-EA,S3,1027,warmup,data,delay,0.87,800
POINT-EA,S3,1027,early,probe,cost,0.9035714285714286,1400
POINT-EA,S3,1027,early,probe,delay,0.9028571428571428,1400
POINT-EA,S3,1027,early,data,cost,0.8664285714285714,1400
POINT-EA,S3,1027,early,data,delay,0.8707142857142857,1400
POINT-EA,S3,1027,middle,probe,cost,0.8972222222222223,1800
POINT-EA,S3,1027,middle,probe,delay,0.8955555555555555,1800
POINT-EA,S3,1027,middle,data,cost,0.8668188736681888,2628
POINT-EA,S3,1027,middle,data,delay,0.8550228310502284,2628
POINT-EA,S3,1027,late,probe,cost,0.9008620689655172,2320
POINT-EA,S3,1027,late,probe,delay,0.9004310344827586,2320
POINT-EA,S3,1027,late,data,cost,0.8689821938887667,4549
POINT-EA,S3,1027,late,data,delay,0.8582105957353264,4549
POINT-EA,S3,1028,warmup,probe,cost,0.90125,800
POINT-EA,S3,1028,warmup,probe,delay,0.89625,800
POINT-EA,S3,1028,warmup,data,cost,0.9046454767726161,818
POINT-EA,S3,1028,warmup,data,delay,0.8973105134474327,818
POINT-EA,S3,1028,early,probe,cost,0.8985714285714286,1400
POINT-EA,S3,1028,early,probe,delay,0.9014285714285715,1400
POINT-EA,S3,1028,early,data,cost,0.8694736842105263,1425
POINT-EA,S3,1028,early,data,delay,0.8526315789473684,1425
POINT-EA,S3,1028,middle,probe,cost,0.9022222222222223,1800
POINT-EA,S3,1028,middle,probe,delay,0.8938888888888888,1800
POINT-EA,S3,1028,middle,data,cost,0.877665544332211,2673
POINT-EA,S3,1028,middle,data,delay,0.8735503179947625,2673
POINT-EA,S3,1028,late,probe,cost,0.9006820119352089,2346
POINT-EA,S3,1028,late,probe,delay,0.9053708439897699,2346
POINT-EA,S3,1028,late,data,cost,0.8698795180722891,4565
POINT-EA,S3,1028,late,data,delay,0.8676889375684557,4565
POINT-EA,S3,1029,warmup,probe,cost,0.88125,800
POINT-EA,S3,1029,warmup,probe,delay,0.8825,800
POINT-EA,S3,1029,warmup,data,cost,0.8753086419753087,810
POINT-EA,S3,1029,warmup,data,delay,0.8666666666666667,810
POINT-EA,S3,1029,early,probe,cost,0.9035714285714286,1400
POINT-EA,S3,1029,early,probe,delay,0.9035714285714286,1400
POINT-EA,S3,1029,early,data,cost,0.8701117318435754,1432
POINT-EA,S3,1029,early,data,delay,0.8708100558659218,1432
POINT-EA,S3,1029,middle,probe,cost,0.895,1800
POINT-EA,S3,1029,middle,probe,delay,0.8911111111111111,1800
POINT-EA,S3,1029,middle,data,cost,0.8819782690146122,2669
POINT-EA,S3,1029,middle,data,delay,0.8756088422630198,2669
POINT-EA,S3,1029,late,probe,cost,0.9060516292848074,2363
POINT-EA,S3,1029,late,probe,delay,0.9043588658484977,2363
POINT-EA,S3,1029,late,data,cost,0.8669452386188696,4547
POINT-EA,S3,1029,late,data,delay,0.8605674070815923,4547
POINT-EA,S4,1000,warmup,probe,cost,0.89875,800
POINT-EA,S4,1000,warmup,probe,delay,0.88375,800
POINT-EA,S4,1000,warmup,data,cost,0.895,800
POINT-EA,S4,1000,warmup,data,delay,0.87625,800
POINT-EA,S4,1000,early,probe,cost,0.9078571428571428,1400
POINT-EA,S4,1000,early,probe,delay,0.9114285714285715,1400
POINT-EA,S4,1000,early,data,cost,0.885,1400
POINT-EA,S4,1000,early,data,delay,0.8864285714285715,1400
POINT-EA,S4,1000,middle,probe,cost,0.901213171577123,1731
POINT-EA,S4,1000,middle,probe,delay,0.901213171577123,1731
POINT-EA,S4,1000,middle,data,cost,0.8463671658347199,1803
POINT-EA,S4,1000,middle,data,delay,0.8408208541320022,1803
POINT-EA,S4,1000,late,probe,cost,0.8992094861660079,2024
POINT-EA,S4,1000,late,probe,delay,0.900691699604743,2024
POINT-EA,S4,1000,late,data,cost,0.8435047951176984,2294
POINT-EA,S4,1000,late,data,delay,0.8430688753269399,2294
POINT-EA,S4,1001,warmup,probe,cost,0.89125,800
POINT-EA,S4,1001,warmup,probe,delay,0.89375,800
POINT-EA,S4,1001,warmup,data,cost,0.8901098901098901,819
POINT-EA,S4,1001,warmup,data,delay,0.8754578754578755,819
POINT-EA,S4,1001,early,probe,cost,0.9014285714285715,1400
POINT-EA,S4,1001,early,probe,delay,0.9014285714285715,1400
POINT-EA,S4,1001,early,data,cost,0.86,1400
POINT-EA,S4,1001,early,data,delay,0.86,1400
POINT-EA,S4,1001,middle,probe,cost,0.8983246678220682,1731
POINT-EA,S4,1001,middle,probe,delay,0.901213171577123,1731
POINT-EA,S4,1001,middle,data,cost,0.8565759637188208,1764
POINT-EA,S4,1001,middle,data,delay,0.8480725623582767,1764
POINT-EA,S4,1001,late,probe,cost,0.9050984351337709,1981
POINT-EA,S4,1001,late,probe,delay,0.9091367995961636,1981
POINT-EA,S4,1001,late,data,cost,0.8631297369594293,2243
POINT-EA,S4,1001,late,data,delay,0.8564422648238965,2243
POINT-EA,S4,1002,warmup,probe,cost,0.9025,800
POINT-EA,S4,1002,warmup,probe,delay,0.9,800
POINT-EA,S4,1002,warmup,data,cost,0.9133089133089133,819
POINT-EA,S4,1002,warmup,data,delay,0.8998778998778999,819
POINT-EA,S4,1002,early,probe,cost,0.905,1400
POINT-EA,S4,1002,early,probe,delay,0.91,1400
POINT-EA,S4,1002,early,data,cost,0.8492857142857143,1400
POINT-EA,S4,1002,early,data,delay,0.8464285714285714,1400
POINT-EA,S4,1002,middle,probe,cost,0.8954703832752613,1722
POINT-EA,S4,1002,middle,probe,delay,0.9012775842044135,1722
POINT-EA,S4,1002,middle,data,cost,0.8418395961862031,1783
POINT-EA,S4,1002,middle,data,delay,0.8401570386988222,1783
POINT-EA,S4,1002,late,probe,cost,0.9000492368291482,2031
POINT-EA,S4,1002,late,probe,delay,0.8995568685376661,2031
POINT-EA,S4,1002,late,data,cost,0.8485776805251641,2285
POINT-EA,S4,1002,late,data,delay,0.8389496717724289,2285
POINT-EA,S4,1003,warmup,probe,cost,0.87875,800
POINT-EA,S4,1003,warmup,probe,delay,0.87875,800
POINT-EA,S4,1003,warmup,data,cost,0.8658536585365854,820
POINT-EA,S4,1003,warmup,data,delay,0.8536585365853658,820
POINT-EA,S4,1003,early,probe,cost,0.9,1400
POINT-EA,S4,1003,early,probe,delay,0.9,1400
POINT-EA,S4,1003,early,data,cost,0.8387096774193549,1426
POINT-EA,S4,1003,early,data,delay,0.8387096774193549,1426
POINT-EA,S4,1003,middle,probe,cost,0.902834008097166,1729
POINT-EA,S4,1003,middle,probe,delay,0.9016772700983228,1729
POINT-EA,S4,1003,middle,data,cost,0.8529082774049217,1788
POINT-EA,S4,1003,middle,data,delay,0.8489932885906041,1788
POINT-EA,S4,1003,late,probe,cost,0.8992628992628993,2035
POINT-EA,S4,1003,late,probe,delay,0.9031941031941032,2035
POINT-EA,S4,1003,late,data,cost,0.8679738562091504,2295
POINT-EA,S4,1003,late,data,delay,0.8610021786492374,2295
POINT-EA,S4,1004,warmup,probe,cost,0.9025,800
POINT-EA,S4,1004,warmup,probe,delay,0.8975,800
POINT-EA,S4,1004,warmup,data,cost,0.8585485854858549,813
POINT-EA,S4,1004,warmup,data,delay,0.8487084870848709,813
POINT-EA,S4,1004,early,probe,cost,0.9014285714285715,1400
POINT-EA,S4,1004,early,probe,delay,0.9007142857142857,1400
POINT-EA,S4,1004,early,data,cost,0.869413407821229,1432
POINT-EA,S4,1004,early,data,delay,0.8631284916201117,1432
POINT-EA,S4,1004,middle,probe,cost,0.8927113702623907,1715
POINT-EA,S4,1004,middle,probe,delay,0.8997084548104957,1715
POINT-EA,S4,1004,middle,data,cost,0.8621262458471761,1806
POINT-EA,S4,1004,middle,data,delay,0.8621262458471761,1806
POINT-EA,S4,1004,late,probe,cost,0.9064676616915422,2010
POINT-EA,S4,1004,late,probe,delay,0.9034825870646767,2010
POINT-EA,S4,1004,late,data,cost,0.8475395430579965,2276
POINT-EA,S4,1004,late,data,delay,0.8422671353251318,2276
POINT-EA,S4,1005,warmup,probe,cost,0.9,800
POINT-EA,S4,1005,warmup,probe,delay,0.8925,800
POINT-EA,S4,1005,warmup,data,cost,0.8349633251833741,818
POINT-EA,S4,1005,warmup,data,delay,0.8312958435207825,818
POINT-EA,S4,1005,early,probe,cost,0.8964285714285715,1400
POINT-EA,S4,1005,early,probe,delay,0.8928571428571429,1400
POINT-EA,S4,1005,early,data,cost,0.875785066294487,1433
POINT-EA,S4,1005,early,data,delay,0.8660153524075367,1433
POINT-EA,S4,1005,middle,probe,cost,0.9012775842044135,1722
POINT-EA,S4,1005,middle,probe,delay,0.9012775842044135,1722
POINT-EA,S4,1005,middle,data,cost,0.8628442945474986,1779
POINT-EA,S4,1005,middle,data,delay,0.8589094997189433,1779
POINT-EA,S4,1005,late,probe,cost,0.9044044044044044,1998
POINT-EA,S4,1005,late,probe,delay,0.9054054054054054,1998
POINT-EA,S4,1005,late,data,cost,0.8396396396396396,2220
POINT-EA,S4,1005,late,data,delay,0.8364864864864865,2220
POINT-EA,S4,1006,warmup,probe,cost,0.9075,800
POINT-EA,S4,1006,warmup,probe,delay,0.90625,800
POINT-EA,S4,1006,warmup,data,cost,0.8620268620268621,819
POINT-EA,S4,1006,warmup,data,delay,0.8547008547008547,819
POINT-EA,S4,1006,early,probe,cost,0.8928571428571429,1400
POINT-EA,S4,1006,early,probe,delay,0.895,1400
POINT-EA,S4,1006,early,data,cost,0.8688066992323796,1433
POINT-EA,S4,1006,early,data,delay,0.8611304954640614,1433
POINT-EA,S4,1006,middle,probe,cost,0.8978060046189377,1732
POINT-EA,S4,1006,middle,probe,delay,0.8966512702078522,1732
POINT-EA,S4,1006,middle,data,cost,0.8599114064230343,1806
POINT-EA,S4,1006,middle,data,delay,0.8499446290143965,1806
POINT-EA,S4,1006,late,probe,cost,0.9010442565887619,2011
POINT-EA,S4,1006,late,probe,delay,0.9020387866732968,2011
POINT-EA,S4,1006,late,data,cost,0.856140350877193,2280
POINT-EA,S4,1006,late,data,delay,0.8508771929824561,2280
POINT-EA,S4,1007,warmup,probe,cost,0.89375,800
POINT-EA,S4,1007,warmup,probe,delay,0.90125,800
POINT-EA,S4,1007,warmup,data,cost,0.8727050183598531,817
POINT-EA,S4,1007,warmup,data,delay,0.8653610771113831,817
POINT-EA,S4,1007,early,probe,cost,0.9078571428571428,1400
POINT-EA,S4,1007,early,probe,delay,0.9064285714285715,1400
POINT-EA,S4,1007,early,data,cost,0.8735150244584207,1431
POINT-EA,S4,1007,early,data,delay,0.8581411600279525,1431
POINT-EA,S4,1007,middle,probe,cost,0.8961114335461404,1723
POINT-EA,S4,1007,middle,probe,delay,0.8955310504933256,1723
POINT-EA,S4,1007,middle,data,cost,0.8518312985571587,1802
POINT-EA,S4,1007,middle,data,delay,0.8446170921198668,1802
POINT-EA,S4,1007,late,probe,cost,0.898379970544919,2037
POINT-EA,S4,1007,late,probe,delay,0.8993618065783014,2037
POINT-EA,S4,1007,late,data,cost,0.8497777777777777,2250
POINT-EA,S4,1007,late,data,delay,0.8511111111111112,2250
POINT-EA,S4,1008,warmup,probe,cost,0.89125,800
POINT-EA,S4,1008,warmup,probe,delay,0.88875,800
POINT-EA,S4,1008,warmup,data,cost,0.8866348448687351,838
POINT-EA,S4,1008,warmup,data,delay,0.8723150357995226,838
POINT-EA,S4,1008,early,probe,cost,0.9021428571428571,1400
POINT-EA,S4,1008,early,probe,delay,0.8985714285714286,1400
POINT-EA,S4,1008,early,data,cost,0.8516978516978517,1443
POINT-EA,S4,1008,early,data,delay,0.8468468468468469,1443
POINT-EA,S4,1008,middle,probe,cost,0.9038795599305154,1727
POINT-EA,S4,1008,middle,probe,delay,0.905037637521714,1727
POINT-EA,S4,1008,middle,data,cost,0.8437843784378438,1818
POINT-EA,S4,1008,middle,data,delay,0.8366336633663366,1818
POINT-EA,S4,1008,late,probe,cost,0.8984220907297831,2028
POINT-EA,S4,1008,late,probe,delay,0.8979289940828402,2028
POINT-EA,S4,1008,late,data,cost,0.8552971576227391,2322
POINT-EA,S4,1008,late,data,delay,0.851421188630491,2322
POINT-EA,S4,1009,warmup,probe,cost,0.9075,800
POINT-EA,S4,1009,warmup,probe,delay,0.9,800
POINT-EA,S4,1009,warmup,data,cost,0.8876678876678876,819
POINT-EA,S4,1009,warmup,data,delay,0.8705738705738706,819
POINT-EA,S4,1009,early,probe,cost,0.8914285714285715,1400
POINT-EA,S4,1009,early,probe,delay,0.9007142857142857,1400
POINT-EA,S4,1009,early,data,cost,0.8524475524475524,1430
POINT-EA,S4,1009,early,data,delay,0.8391608391608392,1430
POINT-EA,S4,1009,middle,probe,cost,0.8995937318630296,1723
POINT-EA,S4,1009,middle,probe,delay,0.9001741149158444,1723
POINT-EA,S4,1009,middle,data,cost,0.8528916339135317,1781
POINT-EA,S4,1009,middle,data,delay,0.8382930937675463,1781
POINT-EA,S4,1009,late,probe,cost,0.903912828132739,2019
POINT-EA,S4,1009,late,probe,delay,0.9083704804358593,2019
POINT-EA,S4,1009,late,data,cost,0.861978021978022,2275
POINT-EA,S4,1009,late,data,delay,0.8597802197802198,2275
POINT-EA,S4,1010,warmup,probe,cost,0.88625,800
POINT-EA,S4,1010,warmup,probe,delay,0.88375,800
POINT-EA,S4,1010,warmup,data,cost,0.8606356968215159,818
POINT-EA,S4,1010,warmup,data,delay,0.8581907090464548,818
POINT-EA,S4,1010,early,probe,cost,0.8971428571428571,1400
POINT-EA,S4,1010,early,probe,delay,0.9028571428571428,1400
POINT-EA,S4,1010,early,data,cost,0.8717770034843205,1435
POINT-EA,S4,1010,early,data,delay,0.8599303135888502,1435
POINT-EA,S4,1010,middle,probe,cost,0.9076655052264808,1722
POINT-EA,S4,1010,middle,probe,delay,0.9076655052264808,1722
POINT-EA,S4,1010,middle,data,cost,0.8565096952908587,1805
POINT-EA,S4,1010,middle,data,delay,0.8487534626038781,1805
POINT-EA,S4,1010,late,probe,cost,0.8988596926127913,2017
POINT-EA,S4,1010,late,probe,delay,0.8983639067922657,2017
POINT-EA,S4,1010,late,data,cost,0.8682136602451839,2284
POINT-EA,S4,1010,late,data,delay,0.8704028021015762,2284
POINT-EA,S4,1011,warmup,probe,cost,0.8875,800
POINT-EA,S4,1011,warmup,probe,delay,0.89625,800
POINT-EA,S4,1011,warmup,data,cost,0.873015873015873,819
POINT-EA,S4,1011,warmup,data,delay,0.8681318681318682,819
POINT-EA,S4,1011,early,probe,cost,0.8978571428571429,1400
POINT-EA,S4,1011,early,probe,delay,0.8985714285714286,1400
POINT-EA,S4,1011,early,data,cost,0.8686233403214535,1431
POINT-EA,S4,1011,early,data,delay,0.8588399720475192,1431
POINT-EA,S4,1011,middle,probe,cost,0.9035796766743649,1732
POINT-EA,S4,1011,middle,probe,delay,0.9018475750577367,1732
POINT-EA,S4,1011,middle,data,cost,0.8801996672212978,1803
POINT-EA,S4,1011,middle,data,delay,0.8735440931780366,1803
POINT-EA,S4,1011,late,probe,cost,0.900931829328102,2039
POINT-EA,S4,1011,late,probe,delay,0.9033840117704757,2039
POINT-EA,S4,1011,late,data,cost,0.8697552447552448,2288
POINT-EA,S4,1011,late,data,delay,0.8623251748251748,2288
POINT-EA,S4,1012,warmup,probe,cost,0.9,800
POINT-EA,S4,1012,warmup,probe,delay,0.895,800
POINT-EA,S4,1012,warmup,data,cost,0.8621951219512195,820
POINT-EA,S4,1012,warmup,data,delay,0.8451219512195122,820
POINT-EA,S4,1012,early,probe,cost,0.8971428571428571,1400
POINT-EA,S4,1012,early,probe,delay,0.9021428571428571,1400
POINT-EA,S4,1012,early,data,cost,0.8464759246336357,1433
POINT-EA,S4,1012,early,data,delay,0.8471737613398465,1433
POINT-EA,S4,1012,middle,probe,cost,0.9030582804385459,1733
POINT-EA,S4,1012,middle,probe,delay,0.9047893825735719,1733
POINT-EA,S4,1012,middle,data,cost,0.8814691151919867,1797
POINT-EA,S4,1012,middle,data,delay,0.8736783528102393,1797
POINT-EA,S4,1012,late,probe,cost,0.8989098116947473,2018
POINT-EA,S4,1012,late,probe,delay,0.8964321110009911,2018
POINT-EA,S4,1012,late,data,cost,0.8846663720724701,2263
POINT-EA,S4,1012,late,data,delay,0.8731771984091914,2263
POINT-EA,S4,1013,warmup,probe,cost,0.89875,800
POINT-EA,S4,1013,warmup,probe,delay,0.89125,800
POINT-EA,S4,1013,warmup,data,cost,0.8880688806888068,813
POINT-EA,S4,1013,warmup,data,delay,0.8794587945879458,813
POINT-EA,S4,1013,early,probe,cost,0.8985714285714286,1400
POINT-EA,S4,1013,early,probe,delay,0.8992857142857142,1400
POINT-EA,S4,1013,early,data,cost,0.8537252221462748,1463
POINT-EA,S4,1013,early,data,delay,0.8475734791524265,1463
POINT-EA,S4,1013,middle,probe,cost,0.9017241379310345,1740
POINT-EA,S4,1013,middle,probe,delay,0.8988505747126436,1740
POINT-EA,S4,1013,middle,data,cost,0.856988082340195,1846
POINT-EA,S4,1013,middle,data,delay,0.8542795232936078,1846
POINT-EA,S4,1013,late,probe,cost,0.8969286829776159,1921
POINT-EA,S4,1013,late,probe,delay,0.9000520562207184,1921
POINT-EA,S4,1013,late,data,cost,0.8603006189213086,2262
POINT-EA,S4,1013,late,data,delay,0.8541114058355438,2262
POINT-EA,S4,1014,warmup,probe,cost,0.895,800
POINT-EA,S4,1014,warmup,probe,delay,0.89625,800
POINT-EA,S4,1014,warmup,data,cost,0.8792682926829268,820
POINT-EA,S4,1014,warmup,data,delay,0.8719512195121951,820
POINT-EA,S4,1014,early,probe,cost,0.8971428571428571,1400
POINT-EA,S4,1014,early,probe,delay,0.8971428571428571,1400
POINT-EA,S4,1014,early,data,cost,0.8812849162011173,1432
POINT-EA,S4,1014,early,data,delay,0.8777932960893855,1432
POINT-EA,S4,1014,middle,probe,cost,0.903523974581167,1731
POINT-EA,S4,1014,middle,probe,delay,0.9000577700751011,1731
POINT-EA,S4,1014,middle,data,cost,0.8491189427312775,1816
POINT-EA,S4,1014,middle,data,delay,0.8397577092511013,1816
POINT-EA,S4,1014,late,probe,cost,0.8968609865470852,2007
POINT-EA,S4,1014,late,probe,delay,0.8968609865470852,2007
POINT-EA,S4,1014,late,data,cost,0.8592168939727233,2273
POINT-EA,S4,1014,late,data,delay,0.8504179498460185,2273
POINT-EA,S4,1015,warmup,probe,cost,0.895,800
POINT-EA,S4,1015,warmup,probe,delay,0.895,800
POINT-EA,S4,1015,warmup,data,cost,0.8620268620268621,819
POINT-EA,S4,1015,warmup,data,delay,0.8559218559218559,819
POINT-EA,S4,1015,early,probe,cost,0.9028571428571428,1400
POINT-EA,S4,1015,early,probe,delay,0.9028571428571428,1400
POINT-EA,S4,1015,early,data,cost,0.8616352201257862,1431
POINT-EA,S4,1015,early,data,delay,0.8539482879105521,1431
POINT-EA,S4,1015,middle,probe,cost,0.894460641399417,1715
POINT-EA,S4,1015,middle,probe,delay,0.8932944606413994,1715
POINT-EA,S4,1015,middle,data,cost,0.8578539823008849,1808
POINT-EA,S4,1015,middle,data,delay,0.8462389380530974,1808
POINT-EA,S4,1015,late,probe,cost,0.9054455445544555,2020
POINT-EA,S4,1015,late,probe,delay,0.9054455445544555,2020
POINT-EA,S4,1015,late,data,cost,0.8713219148001756,2277
POINT-EA,S4,1015,late,data,delay,0.8634167764602547,2277
POINT-EA,S4,1016,warmup,probe,cost,0.91625,800
POINT-EA,S4,1016,warmup,probe,delay,0.915,800
POINT-EA,S4,1016,warmup,data,cost,0.8693528693528694,819
POINT-EA,S4,1016,warmup,data,delay,0.8669108669108669,819
POINT-EA,S4,1016,early,probe,cost,0.9014285714285715,1400
POINT-EA,S4,1016,early,probe,delay,0.9035714285714286,1400
POINT-EA,S4,1016,early,data,cost,0.8583391486392185,1433
POINT-EA,S4,1016,early,data,delay,0.8492672714584787,1433
POINT-EA,S4,1016,middle,probe,cost,0.8986682107701216,1727
POINT-EA,S4,1016,middle,probe,delay,0.9021424435437174,1727
POINT-EA,S4,1016,middle,data,cost,0.8633093525179856,1807
POINT-EA,S4,1016,middle,data,delay,0.8594355285002767,1807
POINT-EA,S4,1016,late,probe,cost,0.9032418952618454,2005
POINT-EA,S4,1016,late,probe,delay,0.9017456359102244,2005
POINT-EA,S4,1016,late,data,cost,0.8619929453262787,2268
POINT-EA,S4,1016,late,data,delay,0.8584656084656085,2268
POINT-EA,S4,1017,warmup,probe,cost,0.89125,800
POINT-EA,S4,1017,warmup,probe,delay,0.8925,800
POINT-EA,S4,1017,warmup,data,cost,0.8504901960784313,816
POINT-EA,S4,1017,warmup,data,delay,0.8468137254901961,816
POINT-EA,S4,1017,early,probe,cost,0.8985714285714286,1400
POINT-EA,S4,1017,early,probe,delay,0.9007142857142857,1400
POINT-EA,S4,1017,early,data,cost,0.8831350594821553,1429
POINT-EA,S4,1017,early,data,delay,0.8824352694191743,1429
POINT-EA,S4,1017,middle,probe,cost,0.9027214823393167,1727
POINT-EA,S4,1017,middle,probe,delay,0.9009843659525189,1727
POINT-EA,S4,1017,middle,data,cost,0.8572225320691579,1793
POINT-EA,S4,1017,middle,data,delay,0.8572225320691579,1793
POINT-EA,S4,1017,late,probe,cost,0.9000969932104753,2062
POINT-EA,S4,1017,late,probe,delay,0.9000969932104753,2062
POINT-EA,S4,1017,late,data,cost,0.8693693693693694,2220
POINT-EA,S4,1017,late,data,delay,0.8689189189189189,2220
POINT-EA,S4,1018,warmup,probe,cost,0.89625,800
POINT-EA,S4,1018,warmup,probe,delay,0.89875,800
POINT-EA,S4,1018,warmup,data,cost,0.8950617283950617,810
POINT-EA,S4,1018,warmup,data,delay,0.8876543209876543,810
POINT-EA,S4,1018,early,probe,cost,0.9021428571428571,1400
POINT-EA,S4,1018,early,probe,delay,0.9021428571428571,1400
POINT-EA,S4,1018,early,data,cost,0.8553191489361702,1410
POINT-EA,S4,1018,early,data,delay,0.8489361702127659,1410
POINT-EA,S4,1018,middle,probe,cost,0.9076745527986151,1733
POINT-EA,S4,1018,middle,probe,delay,0.9030582804385459,1733
POINT-EA,S4,1018,middle,data,cost,0.8494683827644096,1787
POINT-EA,S4,1018,middle,data,delay,0.8410744264129827,1787
POINT-EA,S4,1018,late,probe,cost,0.8969935929029078,2029
POINT-EA,S4,1018,late,probe,delay,0.8999507146377526,2029
POINT-EA,S4,1018,late,data,cost,0.8867342441604231,2269
POINT-EA,S4,1018,late,data,delay,0.875716174526223,2269
POINT-EA,S4,1019,warmup,probe,cost,0.885,800
POINT-EA,S4,1019,warmup,probe,delay,0.89125,800
POINT-EA,S4,1019,warmup,data,cost,0.84875,800
POINT-EA,S4,1019,warmup,data,delay,0.85,800
POINT-EA,S4,1019,early,probe,cost,0.895,1400
POINT-EA,S4,1019,early,probe,delay,0.8978571428571429,1400
POINT-EA,S4,1019,early,data,cost,0.8421428571428572,1400
POINT-EA,S4,1019,early,data,delay,0.8378571428571429,1400
POINT-EA,S4,1019,middle,probe,cost,0.9021990740740741,1728
POINT-EA,S4,1019,middle,probe,delay,0.9033564814814815,1728
POINT-EA,S4,1019,middle,data,cost,0.8531746031746031,1764
POINT-EA,S4,1019,middle,data,delay,0.8441043083900227,1764
POINT-EA,S4,1019,late,probe,cost,0.9054923305294409,2021
POINT-EA,S4,1019,late,probe,delay,0.904997525977239,2021
POINT-EA,S4,1019,late,data,cost,0.8586175942549371,2228
POINT-EA,S4,1019,late,data,delay,0.8545780969479354,2228
POINT-EA,S4,1020,warmup,probe,cost,0.90875,800
POINT-EA,S4,1020,warmup,probe,delay,0.9075,800
POINT-EA,S4,1020,warmup,data,cost,0.8425,800
POINT-EA,S4,1020,warmup,data,delay,0.8475,800
POINT-EA,S4,1020,early,probe,cost,0.895,1400
POINT-EA,S4,1020,early,probe,delay,0.8985714285714286,1400
POINT-EA,S4,1020,early,data,cost,0.8642857142857143,1400
POINT-EA,S4,1020,early,data,delay,0.8564285714285714,1400
POINT-EA,S4,1020,middle,probe,cost,0.8980891719745223,1727
POINT-EA,S4,1020,middle,probe,delay,0.8986682107701216,1727
POINT-EA,S4,1020,middle,data,cost,0.855129650507328,1774
POINT-EA,S4,1020,middle,data,delay,0.850620067643743,1774
POINT-EA,S4,1020,late,probe,cost,0.9071499503475671,2014
POINT-EA,S4,1020,late,probe,delay,0.9016881827209533,2014
POINT-EA,S4,1020,late,data,cost,0.8430004361098997,2293
POINT-EA,S4,1020,late,data,delay,0.8412559965111208,2293
POINT-EA,S4,1021,warmup,probe,cost,0.88375,800
POINT-EA,S4,1021,warmup,probe,delay,0.8825,800
POINT-EA,S4,1021,warmup,data,cost,0.8695121951219512,820
POINT-EA,S4,1021,warmup,data,delay,0.8658536585365854,820
POINT-EA,S4,1021,early,probe,cost,0.9014285714285715,1400
POINT-EA,S4,1021,early,probe,delay,0.9042857142857142,1400
POINT-EA,S4,1021,early,data,cost,0.8709002093510119,1433
POINT-EA,S4,1021,early,data,delay,0.8646196789951152,1433
POINT-EA,S4,1021,middle,probe,cost,0.9014002333722287,1714
POINT-EA,S4,1021,middle,probe,delay,0.9049008168028004,1714
POINT-EA,S4,1021,middle,data,cost,0.8487534626038781,1805
POINT-EA,S4,1021,middle,data,delay,0.8398891966759002,1805
POINT-EA,S4,1021,late,probe,cost,0.9018253576714356,2027
POINT-EA,S4,1021,late,probe,delay,0.9013320177602367,2027
POINT-EA,S4,1021,late,data,cost,0.8731473408892764,2294
POINT-EA,S4,1021,late,data,delay,0.8714036617262424,2294
POINT-EA,S4,1022,warmup,probe,cost,0.9075,800
POINT-EA,S4,1022,warmup,probe,delay,0.90625,800
POINT-EA,S4,1022,warmup,data,cost,0.8800489596083231,817
POINT-EA,S4,1022,warmup,data,delay,0.8751529987760098,817
POINT-EA,S4,1022,early,probe,cost,0.9028571428571428,1400
POINT-EA,S4,1022,early,probe,delay,0.9007142857142857,1400
POINT-EA,S4,1022,early,data,cost,0.8510489510489511,1430
POINT-EA,S4,1022,early,data,delay,0.8398601398601399,1430
POINT-EA,S4,1022,middle,probe,cost,0.8971528181289947,1721
POINT-EA,S4,1022,middle,probe,delay,0.8994770482277745,1721
POINT-EA,S4,1022,middle,data,cost,0.8535773710482529,1803
POINT-EA,S4,1022,middle,data,delay,0.8441486411536329,1803
POINT-EA,S4,1022,late,probe,cost,0.8945544554455446,2020
POINT-EA,S4,1022,late,probe,delay,0.8975247524752475,2020
POINT-EA,S4,1022,late,data,cost,0.8657228657228657,2331
POINT-EA,S4,1022,late,data,delay,0.8622908622908623,2331
POINT-EA,S4,1023,warmup,probe,cost,0.87875,800
POINT-EA,S4,1023,warmup,probe,delay,0.885,800
POINT-EA,S4,1023,warmup,data,cost,0.8613496932515338,815
POINT-EA,S4,1023,warmup,data,delay,0.8552147239263803,815
POINT-EA,S4,1023,early,probe,cost,0.9035714285714286,1400
POINT-EA,S4,1023,early,probe,delay,0.9028571428571428,1400
POINT-EA,S4,1023,early,data,cost,0.8557142857142858,1400
POINT-EA,S4,1023,early,data,delay,0.8571428571428571,1400
POINT-EA,S4,1023,middle,probe,cost,0.9042367962855484,1723
POINT-EA,S4,1023,middle,probe,delay,0.9013348810214742,1723
POINT-EA,S4,1023,middle,data,cost,0.8437676254935138,1773
POINT-EA,S4,1023,middle,data,delay,0.8420755781161873,1773
POINT-EA,S4,1023,late,probe,cost,0.89931906614786,2056
POINT-EA,S4,1023,late,probe,delay,0.8983463035019456,2056
POINT-EA,S4,1023,late,data,cost,0.8641592920353982,2260
POINT-EA,S4,1023,late,data,delay,0.8615044247787611,2260
POINT-EA,S4,1024,warmup,probe,cost,0.88625,800
POINT-EA,S4,1024,warmup,probe,delay,0.88625,800
POINT-EA,S4,1024,warmup,data,cost,0.8855780691299165,839
POINT-EA,S4,1024,warmup,data,delay,0.8748510131108462,839
POINT-EA,S4,1024,early,probe,cost,0.8942857142857142,1400
POINT-EA,S4,1024,early,probe,delay,0.8978571428571429,1400
POINT-EA,S4,1024,early,data,cost,0.8806275579809004,1466
POINT-EA,S4,1024,early,data,delay,0.8724420190995907,1466
POINT-EA,S4,1024,middle,probe,cost,0.9050669772859639,1717
POINT-EA,S4,1024,middle,probe,delay,0.9056493884682586,1717
POINT-EA,S4,1024,middle,data,cost,0.8573002754820936,1815
POINT-EA,S4,1024,middle,data,delay,0.8567493112947658,1815
POINT-EA,S4,1024,late,probe,cost,0.8995524614619592,2011
POINT-EA,S4,1024,late,probe,delay,0.905022376926902,2011
POINT-EA,S4,1024,late,data,cost,0.8675324675324675,2310
POINT-EA,S4,1024,late,data,delay,0.861904761904762,2310
POINT-EA,S4,1025,warmup,probe,cost,0.90375,800
POINT-EA,S4,1025,warmup,probe,delay,0.89375,800
POINT-EA,S4,1025,warmup,data,cost,0.8691358024691358,810
POINT-EA,S4,1025,warmup,data,delay,0.8604938271604938,810
POINT-EA,S4,1025,early,probe,cost,0.8942857142857142,1400
POINT-EA,S4,1025,early,probe,delay,0.895,1400
POINT-EA,S4,1025,early,data,cost,0.8478715980460573,1433
POINT-EA,S4,1025,early,data,delay,0.837404047452896,1433
POINT-EA,S4,1025,middle,probe,cost,0.9005205320994795,1729
POINT-EA,S4,1025,middle,probe,delay,0.9005205320994795,1729
POINT-EA,S4,1025,middle,data,cost,0.8826784726065302,1807
POINT-EA,S4,1025,middle,data,delay,0.8710570005534034,1807
POINT-EA,S4,1025,late,probe,cost,0.9,2050
POINT-EA,S4,1025,late,probe,delay,0.9004878048780488,2050
POINT-EA,S4,1025,late,data,cost,0.8309368191721133,2295
POINT-EA,S4,1025,late,data,delay,0.8287581699346406,2295
POINT-EA,S4,1026,warmup,probe,cost,0.89,800
POINT-EA,S4,1026,warmup,probe,delay,0.88375,800
POINT-EA,S4,1026,warmup,data,cost,0.868421052631579,836
POINT-EA,S4,1026,warmup,data,delay,0.8624401913875598,836
POINT-EA,S4,1026,early,probe,cost,0.905,1400
POINT-EA,S4,1026,early,probe,delay,0.9042857142857142,1400
POINT-EA,S4,1026,early,data,cost,0.8723404255319149,1457
POINT-EA,S4,1026,early,data,delay,0.8737131091283459,1457
POINT-EA,S4,1026,middle,probe,cost,0.8964120370370371,1728
POINT-EA,S4,1026,middle,probe,delay,0.8958333333333334,1728
POINT-EA,S4,1026,middle,data,cost,0.8656716417910447,1809
POINT-EA,S4,1026,middle,data,delay,0.8595909342177999,1809
POINT-EA,S4,1026,late,probe,cost,0.9067713444553483,2038
POINT-EA,S4,1026,late,probe,delay,0.908243375858685,2038
POINT-EA,S4,1026,late,data,cost,0.8476357267950964,2284
POINT-EA,S4,1026,late,data,delay,0.8380035026269702,2284
POINT-EA,S4,1027,warmup,probe,cost,0.8925,800
POINT-EA,S4,1027,warmup,probe,delay,0.88125,800
POINT-EA,S4,1027,warmup,data,cost,0.85625,800
POINT-EA,S4,1027,warmup,data,delay,0.85,800
POINT-EA,S4,1027,early,probe,cost,0.9014285714285715,1400
POINT-EA,S4,1027,early,probe,delay,0.9028571428571428,1400
POINT-EA,S4,1027,early,data,cost,0.8592857142857143,1400
POINT-EA,S4,1027,early,data,delay,0.8635714285714285,1400
POINT-EA,S4,1027,middle,probe,cost,0.9000577700751011,1731
POINT-EA,S4,1027,middle,probe,delay,0.901213171577123,1731
POINT-EA,S4,1027,middle,data,cost,0.8616600790513834,1771
POINT-EA,S4,1027,middle,data,delay,0.8560135516657256,1771
POINT-EA,S4,1027,late,probe,cost,0.8982968369829684,2055
POINT-EA,S4,1027,late,probe,delay,0.8968369829683698,2055
POINT-EA,S4,1027,late,data,cost,0.8474877723432637,2249
POINT-EA,S4,1027,late,data,delay,0.8470431302801245,2249
POINT-EA,S4,1028,warmup,probe,cost,0.9,800
POINT-EA,S4,1028,warmup,probe,delay,0.895,800
POINT-EA,S4,1028,warmup,data,cost,0.9034229828850856,818
POINT-EA,S4,1028,warmup,data,delay,0.8960880195599022,818
POINT-EA,S4,1028,early,probe,cost,0.8957142857142857,1400
POINT-EA,S4,1028,early,probe,delay,0.8992857142857142,1400
POINT-EA,S4,1028,early,data,cost,0.8717770034843205,1435
POINT-EA,S4,1028,early,data,delay,0.8536585365853658,1435
POINT-EA,S4,1028,middle,probe,cost,0.9004602991944765,1738
POINT-EA,S4,1028,middle,probe,delay,0.8998849252013809,1738
POINT-EA,S4,1028,middle,data,cost,0.8764289602612956,1837
POINT-EA,S4,1028,middle,data,delay,0.8677191072400653,1837
POINT-EA,S4,1028,late,probe,cost,0.9056047197640118,2034
POINT-EA,S4,1028,late,probe,delay,0.9036381514257621,2034
POINT-EA,S4,1028,late,data,cost,0.8671909130624726,2289
POINT-EA,S4,1028,late,data,delay,0.8562691131498471,2289
POINT-EA,S4,1029,warmup,probe,cost,0.8775,800
POINT-EA,S4,1029,warmup,probe,delay,0.885,800
POINT-EA,S4,1029,warmup,data,cost,0.8665018541409147,809
POINT-EA,S4,1029,warmup,data,delay,0.8603213844252163,809
POINT-EA,S4,1029,early,probe,cost,0.9028571428571428,1400
POINT-EA,S4,1029,early,probe,delay,0.9021428571428571,1400
POINT-EA,S4,1029,early,data,cost,0.85444366689993,1429
POINT-EA,S4,1029,early,data,delay,0.8446466060181945,1429
POINT-EA,S4,1029,middle,probe,cost,0.8952270081490105,1718
POINT-EA,S4,1029,middle,probe,delay,0.8993015133876601,1718
POINT-EA,S4,1029,middle,data,cost,0.8542936288088643,1805
POINT-EA,S4,1029,middle,data,delay,0.8487534626038781,1805
POINT-EA,S4,1029,late,probe,cost,0.9040755467196819,2012
POINT-EA,S4,1029,late,probe,delay,0.9060636182902585,2012
POINT-EA,S4,1029,late,data,cost,0.8741103202846975,2248
POINT-EA,S4,1029,late,data,delay,0.8692170818505338,2248
POINT-EA,S5,1000,warmup,probe,cost,0.88125,800
POINT-EA,S5,1000,warmup,probe,delay,0.88,800
POINT-EA,S5,1000,warmup,data,cost,0.8864197530864197,810
POINT-EA,S5,1000,warmup,data,delay,0.8851851851851852,810
POINT-EA,S5,1000,early,probe,cost,0.9035714285714286,1400
POINT-EA,S5,1000,early,probe,delay,0.9042857142857142,1400
POINT-EA,S5,1000,early,data,cost,0.8822695035460993,1410
POINT-EA,S5,1000,early,data,delay,0.8836879432624114,1410
POINT-EA,S5,1000,middle,probe,cost,0.8931253610629694,1731
POINT-EA,S5,1000,middle,probe,delay,0.8885037550548815,1731
POINT-EA,S5,1000,middle,data,cost,0.8121212121212121,2475
POINT-EA,S5,1000,middle,data,delay,0.7705050505050505,2475
POINT-EA,S5,1000,late,probe,cost,0.8991507430997877,1884
POINT-EA,S5,1000,late,probe,delay,0.8980891719745223,1884
POINT-EA,S5,1000,late,data,cost,0.8240649606299213,4064
POINT-EA,S5,1000,late,data,delay,0.8102854330708661,4064
POINT-EA,S5,1001,warmup,probe,cost,0.89625,800
POINT-EA,S5,1001,warmup,probe,delay,0.89625,800
POINT-EA,S5,1001,warmup,data,cost,0.905982905982906,819
POINT-EA,S5,1001,warmup,data,delay,0.8925518925518926,819
POINT-EA,S5,1001,early,probe,cost,0.8971428571428571,1400
POINT-EA,S5,1001,early,probe,delay,0.8978571428571429,1400
POINT-EA,S5,1001,early,data,cost,0.8707142857142857,1400
POINT-EA,S5,1001,early,data,delay,0.8721428571428571,1400
POINT-EA,S5,1001,middle,probe,cost,0.89198606271777,1722
POINT-EA,S5,1001,middle,probe,delay,0.89198606271777,1722
POINT-EA,S5,1001,middle,data,cost,0.8501429154757044,2449
POINT-EA,S5,1001,middle,data,delay,0.8178848509595753,2449
POINT-EA,S5,1001,late,probe,cost,0.8974063400576369,1735
POINT-EA,S5,1001,late,probe,delay,0.9008645533141211,1735
POINT-EA,S5,1001,late,data,cost,0.799040646301439,3961
POINT-EA,S5,1001,late,data,delay,0.7942438778086341,3961
POINT-EA,S5,1002,warmup,probe,cost,0.90375,800
POINT-EA,S5,1002,warmup,probe,delay,0.91,800
POINT-EA,S5,1002,warmup,data,cost,0.9169719169719169,819
POINT-EA,S5,1002,warmup,data,delay,0.9084249084249084,819
POINT-EA,S5,1002,early,probe,cost,0.9007142857142857,1400
POINT-EA,S5,1002,early,probe,delay,0.9028571428571428,1400
POINT-EA,S5,1002,early,data,cost,0.8693502824858758,1416
POINT-EA,S5,1002,early,data,delay,0.8693502824858758,1416
POINT-EA,S5,1002,middle,probe,cost,0.8943089430894309,1722
POINT-EA,S5,1002,middle,probe,delay,0.8914053426248548,1722
POINT-EA,S5,1002,middle,data,cost,0.8166200559328806,2503
POINT-EA,S5,1002,middle,data,delay,0.7866560127846585,2503
POINT-EA,S5,1002,late,probe,cost,0.8978139298423996,1967
POINT-EA,S5,1002,late,probe,delay,0.8993390950686324,1967
POINT-EA,S5,1002,late,data,cost,0.811244019138756,4180
POINT-EA,S5,1002,late,data,delay,0.7949760765550239,4180
POINT-EA,S5,1003,warmup,probe,cost,0.88375,800
POINT-EA,S5,1003,warmup,probe,delay,0.8775,800
POINT-EA,S5,1003,warmup,data,cost,0.8975308641975308,810
POINT-EA,S5,1003,warmup,data,delay,0.8901234567901235,810
POINT-EA,S5,1003,early,probe,cost,0.8957142857142857,1400
POINT-EA,S5,1003,early,probe,delay,0.8978571428571429,1400
POINT-EA,S5,1003,early,data,cost,0.8640226628895185,1412
POINT-EA,S5,1003,early,data,delay,0.8576487252124646,1412
POINT-EA,S5,1003,middle,probe,cost,0.8912666281087334,1729
POINT-EA,S5,1003,middle,probe,delay,0.8906882591093117,1729
POINT-EA,S5,1003,middle,data,cost,0.8327922077922078,2464
POINT-EA,S5,1003,middle,data,delay,0.8011363636363636,2464
POINT-EA,S5,1003,late,probe,cost,0.8988653182042428,2027
POINT-EA,S5,1003,late,probe,delay,0.900838677849038,2027
POINT-EA,S5,1003,late,data,cost,0.8194379391100702,4270
POINT-EA,S5,1003,late,data,delay,0.8142857142857143,4270
POINT-EA,S5,1004,warmup,probe,cost,0.9025,800
POINT-EA,S5,1004,warmup,probe,delay,0.89625,800
POINT-EA,S5,1004,warmup,data,cost,0.8733087330873309,813
POINT-EA,S5,1004,warmup,data,delay,0.8585485854858549,813
POINT-EA,S5,1004,early,probe,cost,0.9021428571428571,1400
POINT-EA,S5,1004,early,probe,delay,0.9007142857142857,1400
POINT-EA,S5,1004,early,data,cost,0.8756983240223464,1432
POINT-EA,S5,1004,early,data,delay,0.8652234636871509,1432
POINT-EA,S5,1004,middle,probe,cost,0.892128279883382,1715
POINT-EA,S5,1004,middle,probe,delay,0.8833819241982507,1715
POINT-EA,S5,1004,middle,data,cost,0.8585170340681363,2495
POINT-EA,S5,1004,middle,data,delay,0.8208416833667335,2495
POINT-EA,S5,1004,late,probe,cost,0.9,1860
POINT-EA,S5,1004,late,probe,delay,0.9037634408602151,1860
POINT-EA,S5,1004,late,data,cost,0.8307430791646431,4118
POINT-EA,S5,1004,late,data,delay,0.8159300631374453,4118
POINT-EA,S5,1005,warmup,probe,cost,0.895,800
POINT-EA,S5,1005,warmup,probe,delay,0.9025,800
POINT-EA,S5,1005,warmup,data,cost,0.8594132029339854,818
POINT-EA,S5,1005,warmup,data,delay,0.8533007334963325,818
POINT-EA,S5,1005,early,probe,cost,0.8957142857142857,1400
POINT-EA,S5,1005,early,probe,delay,0.8921428571428571,1400
POINT-EA,S5,1005,early,data,cost,0.865,1400
POINT-EA,S5,1005,early,data,delay,0.8607142857142858,1400
POINT-EA,S5,1005,middle,probe,cost,0.89198606271777,1722
POINT-EA,S5,1005,middle,probe,delay,0.8943089430894309,1722
POINT-EA,S5,1005,middle,data,cost,0.8442456283041887,2459
POINT-EA,S5,1005,middle,data,delay,0.7970719804798698,2459
POINT-EA,S5,1005,late,probe,cost,0.9009849663037843,1929
POINT-EA,S5,1005,late,probe,delay,0.9004665629860031,1929
POINT-EA,S5,1005,late,data,cost,0.8164285714285714,4200
POINT-EA,S5,1005,late,data,delay,0.814047619047619,4200
POINT-EA,S5,1006,warmup,probe,cost,0.91375,800
POINT-EA,S5,1006,warmup,probe,delay,0.90375,800
POINT-EA,S5,1006,warmup,data,cost,0.8878048780487805,820
POINT-EA,S5,1006,warmup,data,delay,0.875609756097561,820
POINT-EA,S5,1006,early,probe,cost,0.8957142857142857,1400
POINT-EA,S5,1006,early,probe,delay,0.895,1400
POINT-EA,S5,1006,early,data,cost,0.8854748603351955,1432
POINT-EA,S5,1006,early,data,delay,0.8784916201117319,1432
POINT-EA,S5,1006,middle,probe,cost,0.8914549653579676,1732
POINT-EA,S5,1006,middle,probe,delay,0.890877598152425,1732
POINT-EA,S5,1006,middle,data,cost,0.8224186420249096,2489
POINT-EA,S5,1006,middle,data,delay,0.7842507030936119,2489
POINT-EA,S5,1006,late,probe,cost,0.8955470038482682,1819
POINT-EA,S5,1006,late,probe,delay,0.8938977460142936,1819
POINT-EA,S5,1006,late,data,cost,0.8256245362354687,4043
POINT-EA,S5,1006,late,data,delay,0.8093000247341083,4043
POINT-EA,S5,1007,warmup,probe,cost,0.89625,800
POINT-EA,S5,1007,warmup,probe,delay,0.89875,800
POINT-EA,S5,1007,warmup,data,cost,0.8848920863309353,834
POINT-EA,S5,1007,warmup,data,delay,0.8597122302158273,834
POINT-EA,S5,1007,early,probe,cost,0.9085714285714286,1400
POINT-EA,S5,1007,early,probe,delay,0.9028571428571428,1400
POINT-EA,S5,1007,early,data,cost,0.8843205574912892,1435
POINT-EA,S5,1007,early,data,delay,0.8808362369337979,1435
POINT-EA,S5,1007,middle,probe,cost,0.8926291352292514,1723
POINT-EA,S5,1007,middle,probe,delay,0.8874056877539176,1723
POINT-EA,S5,1007,middle,data,cost,0.8458434221146085,2478
POINT-EA,S5,1007,middle,data,delay,0.8030669895076675,2478
POINT-EA,S5,1007,late,probe,cost,0.89421573736321,1919
POINT-EA,S5,1007,late,probe,delay,0.8936946326211569,1919
POINT-EA,S5,1007,late,data,cost,0.8002911914583839,4121
POINT-EA,S5,1007,late,data,delay,0.7976219364231982,4121
POINT-EA,S5,1008,warmup,probe,cost,0.88875,800
POINT-EA,S5,1008,warmup,probe,delay,0.89625,800
POINT-EA,S5,1008,warmup,data,cost,0.8963051251489869,839
POINT-EA,S5,1008,warmup,data,delay,0.8903456495828367,839
POINT-EA,S5,1008,early,probe,cost,0.9007142857142857,1400
POINT-EA,S5,1008,early,probe,delay,0.8928571428571429,1400
POINT-EA,S5,1008,early,data,cost,0.871191135734072,1444
POINT-EA,S5,1008,early,data,delay,0.8594182825484764,1444
POINT-EA,S5,1008,middle,probe,cost,0.8922987840185292,1727
POINT-EA,S5,1008,middle,probe,delay,0.889982628836132,1727
POINT-EA,S5,1008,middle,data,cost,0.797281087564974,2501
POINT-EA,S5,1008,middle,data,delay,0.7824870051979208,2501
POINT-EA,S5,1008,late,probe,cost,0.8979695431472081,1970
POINT-EA,S5,1008,late,probe,delay,0.899492385786802,1970
POINT-EA,S5,1008,late,data,cost,0.8273823598959565,4229
POINT-EA,S5,1008,late,data,delay,0.8224166469614566,4229
POINT-EA,S5,1009,warmup,probe,cost,0.9025,800
POINT-EA,S5,1009,warmup,probe,delay,0.9,800
POINT-EA,S5,1009,warmup,data,cost,0.894993894993895,819
POINT-EA,S5,1009,warmup,data,delay,0.8803418803418803,819
POINT-EA,S5,1009,early,probe,cost,0.8985714285714286,1400
POINT-EA,S5,1009,early,probe,delay,0.8971428571428571,1400
POINT-EA,S5,1009,early,data,cost,0.8702397743300423,1418
POINT-EA,S5,1009,early,data,delay,0.8723554301833568,1418
POINT-EA,S5,1009,middle,probe,cost,0.8885664538595474,1723
POINT-EA,S5,1009,middle,probe,delay,0.8903076030179918,1723
POINT-EA,S5,1009,middle,data,cost,0.848521668691778,2469
POINT-EA,S5,1009,middle,data,delay,0.8250303766707169,2469
POINT-EA,S5,1009,late,probe,cost,0.8969913309535951,1961
POINT-EA,S5,1009,late,probe,delay,0.9005609382967874,1961
POINT-EA,S5,1009,late,data,cost,0.829512893982808,4188
POINT-EA,S5,1009,late,data,delay,0.8149474689589303,4188
POINT-EA,S5,1010,warmup,probe,cost,0.895,800
POINT-EA,S5,1010,warmup,probe,delay,0.89,800
POINT-EA,S5,1010,warmup,data,cost,0.875453446191052,827
POINT-EA,S5,1010,warmup,data,delay,0.8730350665054414,827
POINT-EA,S5,1010,early,probe,cost,0.89,1400
POINT-EA,S5,1010,early,probe,delay,0.8957142857142857,1400
POINT-EA,S5,1010,early,data,cost,0.8751724137931034,1450
POINT-EA,S5,1010,early,data,delay,0.8703448275862069,1450
POINT-EA,S5,1010,middle,probe,cost,0.8983739837398373,1722
POINT-EA,S5,1010,middle,probe,delay,0.8902439024390244,1722
POINT-EA,S5,1010,middle,data,cost,0.8397435897435898,2496
POINT-EA,S5,1010,middle,data,delay,0.8084935897435898,2496
POINT-EA,S5,1010,late,probe,cost,0.8932975871313673,1865
POINT-EA,S5,1010,late,probe,delay,0.8959785522788204,1865
POINT-EA,S5,1010,late,data,cost,0.845985401459854,4110
POINT-EA,S5,1010,late,data,delay,0.8420924574209245,4110
POINT-EA,S5,1011,warmup,probe,cost,0.8825,800
POINT-EA,S5,1011,warmup,probe,delay,0.8925,800
POINT-EA,S5,1011,warmup,data,cost,0.8876678876678876,819
POINT-EA,S5,1011,warmup,data,delay,0.8852258852258852,819
POINT-EA,S5,1011,early,probe,cost,0.8992857142857142,1400
POINT-EA,S5,1011,early,probe,delay,0.8992857142857142,1400
POINT-EA,S5,1011,early,data,cost,0.8829712683952348,1427
POINT-EA,S5,1011,early,data,delay,0.8780658724597057,1427
POINT-EA,S5,1011,middle,probe,cost,0.9058891454965358,1732
POINT-EA,S5,1011,middle,probe,delay,0.8966512702078522,1732
POINT-EA,S5,1011,middle,data,cost,0.8751495811727164,2507
POINT-EA,S5,1011,middle,data,delay,0.8400478659752693,2507
POINT-EA,S5,1011,late,probe,cost,0.8959299330242143,1941
POINT-EA,S5,1011,late,probe,delay,0.8938691396187533,1941
POINT-EA,S5,1011,late,data,cost,0.8320228734810579,4197
POINT-EA,S5,1011,late,data,delay,0.8260662377888969,4197
POINT-EA,S5,1012,warmup,probe,cost,0.89875,800
POINT-EA,S5,1012,warmup,probe,delay,0.895,800
POINT-EA,S5,1012,warmup,data,cost,0.8682926829268293,820
POINT-EA,S5,1012,warmup,data,delay,0.8658536585365854,820
POINT-EA,S5,1012,early,probe,cost,0.8971428571428571,1400
POINT-EA,S5,1012,early,probe,delay,0.8978571428571429,1400
POINT-EA,S5,1012,early,data,cost,0.8666666666666667,1410
POINT-EA,S5,1012,early,data,delay,0.8588652482269503,1410
POINT-EA,S5,1012,middle,probe,cost,0.897864974033468,1733
POINT-EA,S5,1012,middle,probe,delay,0.8880553952683208,1733
POINT-EA,S5,1012,middle,data,cost,0.8579545454545454,2464
POINT-EA,S5,1012,middle,data,delay,0.8185876623376623,2464
POINT-EA,S5,1012,late,probe,cost,0.8963675213675214,1872
POINT-EA,S5,1012,late,probe,delay,0.8974358974358975,1872
POINT-EA,S5,1012,late,data,cost,0.8382814385710837,4143
POINT-EA,S5,1012,late,data,delay,0.8170407916968381,4143
POINT-EA,S5,1013,warmup,probe,cost,0.90125,800
POINT-EA,S5,1013,warmup,probe,delay,0.8875,800
POINT-EA,S5,1013,warmup,data,cost,0.8955773955773956,814
POINT-EA,S5,1013,warmup,data,delay,0.8845208845208845,814
POINT-EA,S5,1013,early,probe,cost,0.8978571428571429,1400
POINT-EA,S5,1013,early,probe,delay,0.9014285714285715,1400
POINT-EA,S5,1013,early,data,cost,0.8644986449864499,1476
POINT-EA,S5,1013,early,data,delay,0.8584010840108401,1476
POINT-EA,S5,1013,middle,probe,cost,0.896551724137931,1740
POINT-EA,S5,1013,middle,probe,delay,0.8879310344827587,1740
POINT-EA,S5,1013,middle,data,cost,0.8384401114206128,2513
POINT-EA,S5,1013,middle,data,delay,0.8097890966971747,2513
POINT-EA,S5,1013,late,probe,cost,0.8967254408060453,1985
POINT-EA,S5,1013,late,probe,delay,0.8972292191435768,1985
POINT-EA,S5,1013,late,data,cost,0.8370106761565836,4215
POINT-EA,S5,1013,late,data,delay,0.8336892052194543,4215
POINT-EA,S5,1014,warmup,probe,cost,0.90625,800
POINT-EA,S5,1014,warmup,probe,delay,0.905,800
POINT-EA,S5,1014,warmup,data,cost,0.8890243902439025,820
POINT-EA,S5,1014,warmup,data,delay,0.8792682926829268,820
POINT-EA,S5,1014,early,probe,cost,0.8935714285714286,1400
POINT-EA,S5,1014,early,probe,delay,0.8942857142857142,1400
POINT-EA,S5,1014,early,data,cost,0.89198606271777,1435
POINT-EA,S5,1014,early,data,delay,0.8905923344947735,1435
POINT-EA,S5,1014,middle,probe,cost,0.8989023685730791,1731
POINT-EA,S5,1014,middle,probe,delay,0.8896591565569035,1731
POINT-EA,S5,1014,middle,data,cost,0.8184380032206119,2484
POINT-EA,S5,1014,middle,data,delay,0.7894524959742351,2484
POINT-EA,S5,1014,late,probe,cost,0.9017994858611825,1945
POINT-EA,S5,1014,late,probe,delay,0.9002570694087404,1945
POINT-EA,S5,1014,late,data,cost,0.8382596358477181,4229
POINT-EA,S5,1014,late,data,delay,0.8214707968786947,4229
POINT-EA,S5,1015,warmup,probe,cost,0.89,800
POINT-EA,S5,1015,warmup,probe,delay,0.8975,800
POINT-EA,S5,1015,warmup,data,cost,0.8878048780487805,820
POINT-EA,S5,1015,warmup,data,delay,0.8804878048780488,820
POINT-EA,S5,1015,early,probe,cost,0.9007142857142857,1400
POINT-EA,S5,1015,early,probe,delay,0.9028571428571428,1400
POINT-EA,S5,1015,early,data,cost,0.8736767819336627,1417
POINT-EA,S5,1015,early,data,delay,0.8729710656316161,1417
POINT-EA,S5,1015,middle,probe,cost,0.8932944606413994,1715
POINT-EA,S5,1015,middle,probe,delay,0.885131195335277,1715
POINT-EA,S5,1015,middle,data,cost,0.834546925566343,2472
POINT-EA,S5,1015,middle,data,delay,0.7799352750809061,2472
POINT-EA,S5,1015,late,probe,cost,0.8986895161290323,1984
POINT-EA,S5,1015,late,probe,delay,0.8966733870967742,1984
POINT-EA,S5,1015,late,data,cost,0.8331343996180472,4189
POINT-EA,S5,1015,late,data,delay,0.8035330627834806,4189
POINT-EA,S5,1016,warmup,probe,cost,0.91625,800
POINT-EA,S5,1016,warmup,probe,delay,0.915,800
POINT-EA,S5,1016,warmup,data,cost,0.884004884004884,819
POINT-EA,S5,1016,warmup,data,delay,0.8803418803418803,819
POINT-EA,S5,1016,early,probe,cost,0.9042857142857142,1400
POINT-EA,S5,1016,early,probe,delay,0.9021428571428571,1400
POINT-EA,S5,1016,early,data,cost,0.867595818815331,1435
POINT-EA,S5,1016,early,data,delay,0.8634146341463415,1435
POINT-EA,S5,1016,middle,probe,cost,0.8922987840185292,1727
POINT-EA,S5,1016,middle,probe,delay,0.8882455124493341,1727
POINT-EA,S5,1016,middle,data,cost,0.8364805142627562,2489
POINT-EA,S5,1016,middle,data,delay,0.7967055042185617,2489
POINT-EA,S5,1016,late,probe,cost,0.89272030651341,1827
POINT-EA,S5,1016,late,probe,delay,0.8976464148877942,1827
POINT-EA,S5,1016,late,data,cost,0.828515433610975,4082
POINT-EA,S5,1016,late,data,delay,0.8292503674669279,4082
POINT-EA,S5,1017,warmup,probe,cost,0.895,800
POINT-EA,S5,1017,warmup,probe,delay,0.89875,800
POINT-EA,S5,1017,warmup,data,cost,0.8776009791921665,817
POINT-EA,S5,1017,warmup,data,delay,0.8788249694002448,817
POINT-EA,S5,1017,early,probe,cost,0.895,1400
POINT-EA,S5,1017,early,probe,delay,0.8957142857142857,1400
POINT-EA,S5,1017,early,data,cost,0.8914565826330533,1428
POINT-EA,S5,1017,early,data,delay,0.8893557422969187,1428
POINT-EA,S5,1017,middle,probe,cost,0.8969310943833236,1727
POINT-EA,S5,1017,middle,probe,delay,0.8928778228141285,1727
POINT-EA,S5,1017,middle,data,cost,0.8530130293159609,2456
POINT-EA,S5,1017,middle,data,delay,0.8184039087947883,2456
POINT-EA,S5,1017,late,probe,cost,0.8894277400581959,2062
POINT-EA,S5,1017,late,probe,delay,0.8962172647914646,2062
POINT-EA,S5,1017,late,data,cost,0.8182676421996696,4237
POINT-EA,S5,1017,late,data,delay,0.7882936039650696,4237
POINT-EA,S5,1018,warmup,probe,cost,0.89875,800
POINT-EA,S5,1018,warmup,probe,delay,0.895,800
POINT-EA,S5,1018,warmup,data,cost,0.9,810
POINT-EA,S5,1018,warmup,data,delay,0.891358024691358,810
POINT-EA,S5,1018,early,probe,cost,0.9035714285714286,1400
POINT-EA,S5,1018,early,probe,delay,0.8971428571428571,1400
POINT-EA,S5,1018,early,data,cost,0.8765690376569037,1434
POINT-EA,S5,1018,early,data,delay,0.8688981868898187,1434
POINT-EA,S5,1018,middle,probe,cost,0.896133871898442,1733
POINT-EA,S5,1018,middle,probe,delay,0.8857472590882862,1733
POINT-EA,S5,1018,middle,data,cost,0.8347474747474748,2475
POINT-EA,S5,1018,middle,data,delay,0.7951515151515152,2475
POINT-EA,S5,1018,late,probe,cost,0.8961840628507295,1782
POINT-EA,S5,1018,late,probe,delay,0.9017957351290684,1782
POINT-EA,S5,1018,late,data,cost,0.8188460569412951,3969
POINT-EA,S5,1018,late,data,delay,0.8165784832451499,3969
POINT-EA,S5,1019,warmup,probe,cost,0.885,800
POINT-EA,S5,1019,warmup,probe,delay,0.89,800
POINT-EA,S5,1019,warmup,data,cost,0.8775,800
POINT-EA,S5,1019,warmup,data,delay,0.87625,800
POINT-EA,S5,1019,early,probe,cost,0.8921428571428571,1400
POINT-EA,S5,1019,early,probe,delay,0.8928571428571429,1400
POINT-EA,S5,1019,early,data,cost,0.8714285714285714,1400
POINT-EA,S5,1019,early,data,delay,0.8728571428571429,1400
POINT-EA,S5,1019,middle,probe,cost,0.8900462962962963,1728
POINT-EA,S5,1019,middle,probe,delay,0.8854166666666666,1728
POINT-EA,S5,1019,middle,data,cost,0.8545751633986928,2448
POINT-EA,S5,1019,middle,data,delay,0.8018790849673203,2448
POINT-EA,S5,1019,late,probe,cost,0.8991853360488798,1964
POINT-EA,S5,1019,late,probe,delay,0.9012219959266803,1964
POINT-EA,S5,1019,late,data,cost,0.8091365701985171,4181
POINT-EA,S5,1019,late,data,delay,0.8120066969624492,4181
POINT-EA,S5,1020,warmup,probe,cost,0.90625,800
POINT-EA,S5,1020,warmup,probe,delay,0.90875,800
POINT-EA,S5,1020,warmup,data,cost,0.87125,800
POINT-EA,S5,1020,warmup,data,delay,0.875,800
POINT-EA,S5,1020,early,probe,cost,0.895,1400
POINT-EA,S5,1020,early,probe,delay,0.8942857142857142,1400
POINT-EA,S5,1020,early,data,cost,0.864561403508772,1425
POINT-EA,S5,1020,early,data,delay,0.8603508771929824,1425
POINT-EA,S5,1020,middle,probe,cost,0.9009843659525189,1727
POINT-EA,S5,1020,middle,probe,delay,0.8859293572669369,1727
POINT-EA,S5,1020,middle,data,cost,0.8476953907815631,2495
POINT-EA,S5,1020,middle,data,delay,0.811623246492986,2495
POINT-EA,S5,1020,late,probe,cost,0.8964792433000526,1903
POINT-EA,S5,1020,late,probe,delay,0.8975302154492906,1903
POINT-EA,S5,1020,late,data,cost,0.8322815533980582,4120
POINT-EA,S5,1020,late,data,delay,0.829611650485437,4120
POINT-EA,S5,1021,warmup,probe,cost,0.8875,800
POINT-EA,S5,1021,warmup,probe,delay,0.88,800
POINT-EA,S5,1021,warmup,data,cost,0.8817073170731707,820
POINT-EA,S5,1021,warmup,data,delay,0.8731707317073171,820
POINT-EA,S5,1021,early,probe,cost,0.8942857142857142,1400
POINT-EA,S5,1021,early,probe,delay,0.8971428571428571,1400
POINT-EA,S5,1021,early,data,cost,0.8658623136976579,1409
POINT-EA,S5,1021,early,data,delay,0.8545067423704755,1409
POINT-EA,S5,1021,middle,probe,cost,0.8978996499416569,1714
POINT-EA,S5,1021,middle,probe,delay,0.8920653442240374,1714
POINT-EA,S5,1021,middle,data,cost,0.8375860672336979,2469
POINT-EA,S5,1021,middle,data,delay,0.7922235722964763,2469
POINT-EA,S5,1021,late,probe,cost,0.8974358974358975,1989
POINT-EA,S5,1021,late,probe,delay,0.897938662644545,1989
POINT-EA,S5,1021,late,data,cost,0.8359725833136374,4231
POINT-EA,S5,1021,late,data,delay,0.8130465610966675,4231
POINT-EA,S5,1022,warmup,probe,cost,0.895,800
POINT-EA,S5,1022,warmup,probe,delay,0.89875,800
POINT-EA,S5,1022,warmup,data,cost,0.8800489596083231,817
POINT-EA,S5,1022,warmup,data,delay,0.8849449204406364,817
POINT-EA,S5,1022,early,probe,cost,0.9014285714285715,1400
POINT-EA,S5,1022,early,probe,delay,0.9028571428571428,1400
POINT-EA,S5,1022,early,data,cost,0.8675543097407148,1427
POINT-EA,S5,1022,early,data,delay,0.8647512263489839,1427
POINT-EA,S5,1022,middle,probe,cost,0.8907611853573504,1721
POINT-EA,S5,1022,middle,probe,delay,0.8820453224869262,1721
POINT-EA,S5,1022,middle,data,cost,0.8214716525934861,2487
POINT-EA,S5,1022,middle,data,delay,0.7856855649376759,2487
POINT-EA,S5,1022,late,probe,cost,0.9004739336492891,1899
POINT-EA,S5,1022,late,probe,delay,0.9052132701421801,1899
POINT-EA,S5,1022,late,data,cost,0.8445408532176428,4149
POINT-EA,S5,1022,late,data,delay,0.8288744275729092,4149
POINT-EA,S5,1023,warmup,probe,cost,0.88875,800
POINT-EA,S5,1023,warmup,probe,delay,0.88875,800
POINT-EA,S5,1023,warmup,data,cost,0.8822085889570552,815
POINT-EA,S5,1023,warmup,data,delay,0.8785276073619632,815
POINT-EA,S5,1023,early,probe,cost,0.8978571428571429,1400
POINT-EA,S5,1023,early,probe,delay,0.895,1400
POINT-EA,S5,1023,early,data,cost,0.8707142857142857,1400
POINT-EA,S5,1023,early,data,delay,0.8657142857142858,1400
POINT-EA,S5,1023,middle,probe,cost,0.8966918165989554,1723
POINT-EA,S5,1023,middle,probe,delay,0.8966918165989554,1723
POINT-EA,S5,1023,middle,data,cost,0.8308316430020284,2465
POINT-EA,S5,1023,middle,data,delay,0.7760649087221095,2465
POINT-EA,S5,1023,late,probe,cost,0.897109260166585,2041
POINT-EA,S5,1023,late,probe,delay,0.8941695247427731,2041
POINT-EA,S5,1023,late,data,cost,0.8287201324816655,4227
POINT-EA,S5,1023,late,data,delay,0.8060089898273007,4227
POINT-EA,S5,1024,warmup,probe,cost,0.88375,800
POINT-EA,S5,1024,warmup,probe,delay,0.8775,800
POINT-EA,S5,1024,warmup,data,cost,0.9034564958283671,839
POINT-EA,S5,1024,warmup,data,delay,0.8939213349225268,839
POINT-EA,S5,1024,early,probe,cost,0.895,1400
POINT-EA,S5,1024,early,probe,delay,0.8971428571428571,1400
POINT-EA,S5,1024,early,data,cost,0.8874488403819918,1466
POINT-EA,S5,1024,early,data,delay,0.878581173260573,1466
POINT-EA,S5,1024,middle,probe,cost,0.8910891089108911,1717
POINT-EA,S5,1024,middle,probe,delay,0.8922539312754805,1717
POINT-EA,S5,1024,middle,data,cost,0.834326579261025,2517
POINT-EA,S5,1024,middle,data,delay,0.789829161700437,2517
POINT-EA,S5,1024,late,probe,cost,0.8981681034482759,1856
POINT-EA,S5,1024,late,probe,delay,0.8981681034482759,1856
POINT-EA,S5,1024,late,data,cost,0.8246943765281174,4090
POINT-EA,S5,1024,late,data,delay,0.8163814180929095,4090
POINT-EA,S5,1025,warmup,probe,cost,0.91125,800
POINT-EA,S5,1025,warmup,probe,delay,0.8975,800
POINT-EA,S5,1025,warmup,data,cost,0.9024691358024691,810
POINT-EA,S5,1025,warmup,data,delay,0.891358024691358,810
POINT-EA,S5,1025,early,probe,cost,0.8914285714285715,1400
POINT-EA,S5,1025,early,probe,delay,0.8928571428571429,1400
POINT-EA,S5,1025,early,data,cost,0.8598458304134547,1427
POINT-EA,S5,1025,early,data,delay,0.8577435178696566,1427
POINT-EA,S5,1025,middle,probe,cost,0.8889531521110469,1729
POINT-EA,S5,1025,middle,probe,delay,0.8837478311162522,1729
POINT-EA,S5,1025,middle,data,cost,0.8158423803779654,2487
POINT-EA,S5,1025,middle,data,delay,0.7776437474869321,2487
POINT-EA,S5,1025,late,probe,cost,0.8991769547325102,1944
POINT-EA,S5,1025,late,probe,delay,0.9017489711934157,1944
POINT-EA,S5,1025,late,data,cost,0.823060188542422,4137
POINT-EA,S5,1025,late,data,delay,0.8049311094996374,4137
POINT-EA,S5,1026,warmup,probe,cost,0.88875,800
POINT-EA,S5,1026,warmup,probe,delay,0.885,800
POINT-EA,S5,1026,warmup,data,cost,0.8899521531100478,836
POINT-EA,S5,1026,warmup,data,delay,0.8851674641148325,836
POINT-EA,S5,1026,early,probe,cost,0.9085714285714286,1400
POINT-EA,S5,1026,early,probe,delay,0.9057142857142857,1400
POINT-EA,S5,1026,early,data,cost,0.8929558011049724,1448
POINT-EA,S5,1026,early,data,delay,0.8846685082872928,1448
POINT-EA,S5,1026,middle,probe,cost,0.8940972222222222,1728
POINT-EA,S5,1026,middle,probe,delay,0.8825231481481481,1728
POINT-EA,S5,1026,middle,data,cost,0.8481215027977618,2502
POINT-EA,S5,1026,middle,data,delay,0.8185451638689049,2502
POINT-EA,S5,1026,late,probe,cost,0.9025875190258752,1971
POINT-EA,S5,1026,late,probe,delay,0.9096905124302385,1971
POINT-EA,S5,1026,late,data,cost,0.84812529663028,4214
POINT-EA,S5,1026,late,data,delay,0.8393450403417181,4214
POINT-EA,S5,1027,warmup,probe,cost,0.8975,800
POINT-EA,S5,1027,warmup,probe,delay,0.89625,800
POINT-EA,S5,1027,warmup,data,cost,0.89,800
POINT-EA,S5,1027,warmup,data,delay,0.885,800
POINT-EA,S5,1027,early,probe,cost,0.9021428571428571,1400
POINT-EA,S5,1027,early,probe,delay,0.8985714285714286,1400
POINT-EA,S5,1027,early,data,cost,0.8735714285714286,1400
POINT-EA,S5,1027,early,data,delay,0.8707142857142857,1400
POINT-EA,S5,1027,middle,probe,cost,0.8948584633160023,1731
POINT-EA,S5,1027,middle,probe,delay,0.8885037550548815,1731
POINT-EA,S5,1027,middle,data,cost,0.8278253773969808,2451
POINT-EA,S5,1027,middle,data,delay,0.8110975112199102,2451
POINT-EA,S5,1027,late,probe,cost,0.8964976476738108,1913
POINT-EA,S5,1027,late,probe,delay,0.8954521693674856,1913
POINT-EA,S5,1027,late,data,cost,0.8054807927575238,4087
POINT-EA,S5,1027,late,data,delay,0.7878639588940544,4087
POINT-EA,S5,1028,warmup,probe,cost,0.895,800
POINT-EA,S5,1028,warmup,probe,delay,0.8975,800
POINT-EA,S5,1028,warmup,data,cost,0.8997555012224939,818
POINT-EA,S5,1028,warmup,data,delay,0.8985330073349633,818
POINT-EA,S5,1028,early,probe,cost,0.9,1400
POINT-EA,S5,1028,early,probe,delay,0.8964285714285715,1400
POINT-EA,S5,1028,early,data,cost,0.8623595505617978,1424
POINT-EA,S5,1028,early,data,delay,0.8539325842696629,1424
POINT-EA,S5,1028,middle,probe,cost,0.8895281933256617,1738
POINT-EA,S5,1028,middle,probe,delay,0.8901035673187572,1738
POINT-EA,S5,1028,middle,data,cost,0.8452905811623247,2495
POINT-EA,S5,1028,middle,data,delay,0.8228456913827655,2495
POINT-EA,S5,1028,late,probe,cost,0.9022066198595787,1994
POINT-EA,S5,1028,late,probe,delay,0.9027081243731193,1994
POINT-EA,S5,1028,late,data,cost,0.839952718676123,4230
POINT-EA,S5,1028,late,data,delay,0.8243498817966903,4230
POINT-EA,S5,1029,warmup,probe,cost,0.88375,800
POINT-EA,S5,1029,warmup,probe,delay,0.8875,800
POINT-EA,S5,1029,warmup,data,cost,0.8864197530864197,810
POINT-EA,S5,1029,warmup,data,delay,0.8802469135802469,810
POINT-EA,S5,1029,early,probe,cost,0.9007142857142857,1400
POINT-EA,S5,1029,early,probe,delay,0.9028571428571428,1400
POINT-EA,S5,1029,early,data,cost,0.8745644599303136,1435
POINT-EA,S5,1029,early,data,delay,0.8731707317073171,1435
POINT-EA,S5,1029,middle,probe,cost,0.8847497089639115,1718
POINT-EA,S5,1029,middle,probe,delay,0.8847497089639115,1718
POINT-EA,S5,1029,middle,data,cost,0.8529529931699478,2489
POINT-EA,S5,1029,middle,data,delay,0.829650462032945,2489
POINT-EA,S5,1029,late,probe,cost,0.9008595988538682,1745
POINT-EA,S5,1029,late,probe,delay,0.9031518624641833,1745
POINT-EA,S5,1029,late,data,cost,0.827307206068268,3955
POINT-EA,S5,1029,late,data,delay,0.8225031605562579,3955
RANDOM-CH,S1,1000,warmup,probe,cost,0.88125,800
RANDOM-CH,S1,1000,warmup,probe,delay,0.88,800
RANDOM-CH,S1,1000,warmup,data,cost,0.8831942789034565,839
RANDOM-CH,S1,1000,warmup,data,delay,0.8843861740166865,839
RANDOM-CH,S1,1000,early,probe,cost,0.9071428571428571,1400
RANDOM-CH,S1,1000,early,probe,delay,0.9035714285714286,1400
RANDOM-CH,S1,1000,early,data,cost,0.9023034154090548,1259
RANDOM-CH,S1,1000,early,data,delay,0.8967434471803019,1259
RANDOM-CH,S1,1000,middle,probe,cost,0.8905555555555555,1800
RANDOM-CH,S1,1000,middle,probe,delay,0.8927777777777778,1800
RANDOM-CH,S1,1000,middle,data,cost,0.8610792192881745,871
RANDOM-CH,S1,1000,middle,data,delay,0.8473019517795637,871
RANDOM-CH,S1,1000,late,probe,cost,0.895,2400
RANDOM-CH,S1,1000,late,probe,delay,0.895,2400
RANDOM-CH,S1,1000,late,data,cost,0.848186119873817,2536
RANDOM-CH,S1,1000,late,data,delay,0.8375394321766562,2536
RANDOM-CH,S1,1001,warmup,probe,cost,0.89625,800
RANDOM-CH,S1,1001,warmup,probe,delay,0.89625,800
RANDOM-CH,S1,1001,warmup,data,cost,0.8531645569620253,790
RANDOM-CH,S1,1001,warmup,data,delay,0.8468354430379746,790
RANDOM-CH,S1,1001,early,probe,cost,0.8992857142857142,1400
RANDOM-CH,S1,1001,early,probe,delay,0.9007142857142857,1400
RANDOM-CH,S1,1001,early,data,cost,0.8786167960479887,1417
RANDOM-CH,S1,1001,early,data,delay,0.8772053634438955,1417
RANDOM-CH,S1,1001,middle,probe,cost,0.8938888888888888,1800
RANDOM-CH,S1,1001,middle,probe,delay,0.8888888888888888,1800
RANDOM-CH,S1,1001,middle,data,cost,0.8365122615803815,1835
RANDOM-CH,S1,1001,middle,data,delay,0.8256130790190735,1835
RANDOM-CH,S1,1001,late,probe,cost,0.8979166666666667,2400
RANDOM-CH,S1,1001,late,probe,delay,0.89875,2400
RANDOM-CH,S1,1001,late,data,cost,0.8349033217649975,2017
RANDOM-CH,S1,1001,late,data,delay,0.8165592464055528,2017
RANDOM-CH,S1,1002,warmup,probe,cost,0.90375,800
RANDOM-CH,S1,1002,warmup,probe,delay,0.91,800
RANDOM-CH,S1,1002,warmup,data,cost,0.8915375446960667,839
RANDOM-CH,S1,1002,warmup,data,delay,0.8867699642431466,839
RANDOM-CH,S1,1002,early,probe,cost,0.9014285714285715,1400
RANDOM-CH,S1,1002,early,probe,delay,0.9021428571428571,1400
RANDOM-CH,S1,1002,early,data,cost,0.8781163434903048,1444
RANDOM-CH,S1,1002,early,data,delay,0.8739612188365651,1444
RANDOM-CH,S1,1002,middle,probe,cost,0.8822222222222222,1800
RANDOM-CH,S1,1002,middle,probe,delay,0.8811111111111111,1800
RANDOM-CH,S1,1002,middle,data,cost,0.8407382091592618,1463
RANDOM-CH,S1,1002,middle,data,delay,0.8250170881749829,1463
RANDOM-CH,S1,1002,late,probe,cost,0.9016666666666666,2400
RANDOM-CH,S1,1002,late,probe,delay,0.8958333333333334,2400
RANDOM-CH,S1,1002,late,data,cost,0.8502202643171806,2497
RANDOM-CH,S1,1002,late,data,delay,0.8402082498998799,2497
RANDOM-CH,S1,1003,warmup,probe,cost,0.88375,800
RANDOM-CH,S1,1003,warmup,probe,delay,0.8775,800
RANDOM-CH,S1,1003,warmup,data,cost,0.8782816229116945,419
RANDOM-CH,S1,1003,warmup,data,delay,0.8615751789976134,419
RANDOM-CH,S1,1003,early,probe,cost,0.8985714285714286,1400
RANDOM-CH,S1,1003,early,probe,delay,0.9,1400
RANDOM-CH,S1,1003,early,data,cost,0.8778930566640064,1253
RANDOM-CH,S1,1003,early,data,delay,0.8723064644852354,1253
RANDOM-CH,S1,1003,middle,probe,cost,0.8922222222222222,1800
RANDOM-CH,S1,1003,middle,probe,delay,0.8894444444444445,1800
RANDOM-CH,S1,1003,middle,data,cost,0.8233151183970856,1647
RANDOM-CH,S1,1003,middle,data,delay,0.8081360048573163,1647
RANDOM-CH,S1,1003,late,probe,cost,0.9008333333333334,2400
RANDOM-CH,S1,1003,late,probe,delay,0.8983333333333333,2400
RANDOM-CH,S1,1003,late,data,cost,0.8254545454545454,2475
RANDOM-CH,S1,1003,late,data,delay,0.8016161616161617,2475
RANDOM-CH,S1,1004,warmup,probe,cost,0.9025,800
RANDOM-CH,S1,1004,warmup,probe,delay,0.89625,800
RANDOM-CH,S1,1004,warmup,data,cost,0.9027237354085603,771
RANDOM-CH,S1,1004,warmup,data,delay,0.8962386511024644,771
RANDOM-CH,S1,1004,early,probe,cost,0.9028571428571428,1400
RANDOM-CH,S1,1004,early,probe,delay,0.9021428571428571,1400
RANDOM-CH,S1,1004,early,data,cost,0.8844086021505376,1488
RANDOM-CH,S1,1004,early,data,delay,0.8756720430107527,1488
RANDOM-CH,S1,1004,middle,probe,cost,0.8872222222222222,1800
RANDOM-CH,S1,1004,middle,probe,delay,0.8866666666666667,1800
RANDOM-CH,S1,1004,middle,data,cost,0.8609022556390977,1862
RANDOM-CH,S1,1004,middle,data,delay,0.8560687432867884,1862
RANDOM-CH,S1,1004,late,probe,cost,0.8991666666666667,2400
RANDOM-CH,S1,1004,late,probe,delay,0.9,2400
RANDOM-CH,S1,1004,late,data,cost,0.824553950722175,2354
RANDOM-CH,S1,1004,late,data,delay,0.8101104502973662,2354
RANDOM-CH,S1,1005,warmup,probe,cost,0.895,800
RANDOM-CH,S1,1005,warmup,probe,delay,0.9025,800
RANDOM-CH,S1,1005,warmup,data,cost,0.8806682577565632,838
RANDOM-CH,S1,1005,warmup,data,delay,0.8770883054892601,838
RANDOM-CH,S1,1005,early,probe,cost,0.8935714285714286,1400
RANDOM-CH,S1,1005,early,probe,delay,0.8921428571428571,1400
RANDOM-CH,S1,1005,early,data,cost,0.8958502847843776,1229
RANDOM-CH,S1,1005,early,data,delay,0.887713588283157,1229
RANDOM-CH,S1,1005,middle,probe,cost,0.8938888888888888,1800
RANDOM-CH,S1,1005,middle,probe,delay,0.8933333333333333,1800
RANDOM-CH,S1,1005,middle,data,cost,0.8901292596944771,1702
RANDOM-CH,S1,1005,middle,data,delay,0.8713278495887191,1702
RANDOM-CH,S1,1005,late,probe,cost,0.898078529657477,2394
RANDOM-CH,S1,1005,late,probe,delay,0.8984962406015038,2394
RANDOM-CH,S1,1005,late,data,cost,0.8594551914725622,2533
RANDOM-CH,S1,1005,late,data,delay,0.8397157520726412,2533
RANDOM-CH,S1,1006,warmup,probe,cost,0.91375,800
RANDOM-CH,S1,1006,warmup,probe,delay,0.90375,800
RANDOM-CH,S1,1006,warmup,data,cost,0.8888888888888888,819
RANDOM-CH,S1,1006,warmup,data,delay,0.8778998778998779,819
RANDOM-CH,S1,1006,early,probe,cost,0.8978571428571429,1400
RANDOM-CH,S1,1006,early,probe,delay,0.8964285714285715,1400
RANDOM-CH,S1,1006,early,data,cost,0.8772290809327846,1458
RANDOM-CH,S1,1006,early,data,delay,0.8710562414266118,1458
RANDOM-CH,S1,1006,middle,probe,cost,0.8911111111111111,1800
RANDOM-CH,S1,1006,middle,probe,delay,0.8866666666666667,1800
RANDOM-CH,S1,1006,middle,data,cost,0.8504098360655737,1464
RANDOM-CH,S1,1006,middle,data,delay,0.8292349726775956,1464
RANDOM-CH,S1,1006,late,probe,cost,0.9004166666666666,2400
RANDOM-CH,S1,1006,late,probe,delay,0.90125,2400
RANDOM-CH,S1,1006,late,data,cost,0.8241890268321986,2497
RANDOM-CH,S1,1006,late,data,delay,0.8001601922306768,2497
RANDOM-CH,S1,1007,warmup,probe,cost,0.89625,800
RANDOM-CH,S1,1007,warmup,probe,delay,0.89875,800
RANDOM-CH,S1,1007,warmup,data,cost,0.8903614457831325,830
RANDOM-CH,S1,1007,warmup,data,delay,0.8734939759036144,830
RANDOM-CH,S1,1007,early,probe,cost,0.91,1400
RANDOM-CH,S1,1007,early,probe,delay,0.905,1400
RANDOM-CH,S1,1007,early,data,cost,0.8862559241706162,1266
RANDOM-CH,S1,1007,early,data,delay,0.8791469194312796,1266
RANDOM-CH,S1,1007,middle,probe,cost,0.8877777777777778,1800
RANDOM-CH,S1,1007,middle,probe,delay,0.8833333333333333,1800
RANDOM-CH,S1,1007,middle,data,cost,0.8411042944785276,1630
RANDOM-CH,S1,1007,middle,data,delay,0.8276073619631902,1630
RANDOM-CH,S1,1007,late,probe,cost,0.8963774220724515,2374
RANDOM-CH,S1,1007,late,probe,delay,0.8972198820556023,2374
RANDOM-CH,S1,1007,late,data,cost,0.8485477178423236,2410
RANDOM-CH,S1,1007,late,data,delay,0.8360995850622407,2410
RANDOM-CH,S1,1008,warmup,probe,cost,0.88875,800
RANDOM-CH,S1,1008,warmup,probe,delay,0.89625,800
RANDOM-CH,S1,1008,warmup,data,cost,0.8952380952380953,840
RANDOM-CH,S1,1008,warmup,data,delay,0.8904761904761904,840
RANDOM-CH,S1,1008,early,probe,cost,0.9021428571428571,1400
RANDOM-CH,S1,1008,early,probe,delay,0.8935714285714286,1400
RANDOM-CH,S1,1008,early,data,cost,0.8684389911383776,1467
RANDOM-CH,S1,1008,early,data,delay,0.8663940013633266,1467
RANDOM-CH,S1,1008,middle,probe,cost,0.895,1800
RANDOM-CH,S1,1008,middle,probe,delay,0.8916666666666667,1800
RANDOM-CH,S1,1008,middle,data,cost,0.8331043956043956,1456
RANDOM-CH,S1,1008,middle,data,delay,0.8214285714285714,1456
RANDOM-CH,S1,1008,late,probe,cost,0.8959731543624161,2384
RANDOM-CH,S1,1008,late,probe,delay,0.8968120805369127,2384
RANDOM-CH,S1,1008,late,data,cost,0.8365709459459459,2368
RANDOM-CH,S1,1008,late,data,delay,0.8331925675675675,2368
RANDOM-CH,S1,1009,warmup,probe,cost,0.9025,800
RANDOM-CH,S1,1009,warmup,probe,delay,0.9,800
RANDOM-CH,S1,1009,warmup,data,cost,0.855,800
RANDOM-CH,S1,1009,warmup,data,delay,0.8425,800
RANDOM-CH,S1,1009,early,probe,cost,0.8992857142857142,1400
RANDOM-CH,S1,1009,early,probe,delay,0.8978571428571429,1400
RANDOM-CH,S1,1009,early,data,cost,0.8784340659340659,1456
RANDOM-CH,S1,1009,early,data,delay,0.8722527472527473,1456
RANDOM-CH,S1,1009,middle,probe,cost,0.8883333333333333,1800
RANDOM-CH,S1,1009,middle,probe,delay,0.8905555555555555,1800
RANDOM-CH,S1,1009,middle,data,cost,0.8535469107551488,1748
RANDOM-CH,S1,1009,middle,data,delay,0.8449656750572082,1748
RANDOM-CH,S1,1009,late,probe,cost,0.8954166666666666,2400
RANDOM-CH,S1,1009,late,probe,delay,0.8979166666666667,2400
RANDOM-CH,S1,1009,late,data,cost,0.8528384279475982,2290
RANDOM-CH,S1,1009,late,data,delay,0.8353711790393014,2290
RANDOM-CH,S1,1010,warmup,probe,cost,0.895,800
RANDOM-CH,S1,1010,warmup,probe,delay,0.89,800
RANDOM-CH,S1,1010,warmup,data,cost,0.906896551724138,290
RANDOM-CH,S1,1010,warmup,data,delay,0.9172413793103448,290
RANDOM-CH,S1,1010,early,probe,cost,0.8921428571428571,1400
RANDOM-CH,S1,1010,early,probe,delay,0.8978571428571429,1400
RANDOM-CH,S1,1010,early,data,cost,0.8709677419354839,1333
RANDOM-CH,S1,1010,early,data,delay,0.8747186796699175,1333
RANDOM-CH,S1,1010,middle,probe,cost,0.8922222222222222,1800
RANDOM-CH,S1,1010,middle,probe,delay,0.8927777777777778,1800
RANDOM-CH,S1,1010,middle,data,cost,0.8270975056689343,1764
RANDOM-CH,S1,1010,middle,data,delay,0.8191609977324263,1764
RANDOM-CH,S1,1010,late,probe,cost,0.8908333333333334,2400
RANDOM-CH,S1,1010,late,probe,delay,0.895,2400
RANDOM-CH,S1,1010,late,data,cost,0.8308788598574822,2105
RANDOM-CH,S1,1010,late,data,delay,0.8242280285035629,2105
RANDOM-CH,S1,1011,warmup,probe,cost,0.8825,800
RANDOM-CH,S1,1011,warmup,probe,delay,0.8925,800
RANDOM-CH,S1,1011,warmup,data,cost,0.8777173913043478,736
RANDOM-CH,S1,1011,warmup,data,delay,0.8994565217391305,736
RANDOM-CH,S1,1011,early,probe,cost,0.9014285714285715,1400
RANDOM-CH,S1,1011,early,probe,delay,0.9,1400
RANDOM-CH,S1,1011,early,data,cost,0.8948393378773125,1027
RANDOM-CH,S1,1011,early,data,delay,0.8938656280428432,1027
RANDOM-CH,S1,1011,middle,probe,cost,0.8944444444444445,1800
RANDOM-CH,S1,1011,middle,probe,delay,0.8916666666666667,1800
RANDOM-CH,S1,1011,middle,data,cost,0.8616438356164383,1460
RANDOM-CH,S1,1011,middle,data,delay,0.8445205479452055,1460
RANDOM-CH,S1,1011,late,probe,cost,0.8966666666666666,2400
RANDOM-CH,S1,1011,late,probe,delay,0.8995833333333333,2400
RANDOM-CH,S1,1011,late,data,cost,0.8805870580386924,1499
RANDOM-CH,S1,1011,late,data,delay,0.8725817211474316,1499
RANDOM-CH,S1,1012,warmup,probe,cost,0.89875,800
RANDOM-CH,S1,1012,warmup,probe,delay,0.895,800
RANDOM-CH,S1,1012,warmup,data,cost,0.8677184466019418,824
RANDOM-CH,S1,1012,warmup,data,delay,0.8495145631067961,824
RANDOM-CH,S1,1012,early,probe,cost,0.8978571428571429,1400
RANDOM-CH,S1,1012,early,probe,delay,0.8985714285714286,1400
RANDOM-CH,S1,1012,early,data,cost,0.8635714285714285,1400
RANDOM-CH,S1,1012,early,data,delay,0.8714285714285714,1400
RANDOM-CH,S1,1012,middle,probe,cost,0.8927777777777778,1800
RANDOM-CH,S1,1012,middle,probe,delay,0.8872222222222222,1800
RANDOM-CH,S1,1012,middle,data,cost,0.8629076838032061,1809
RANDOM-CH,S1,1012,middle,data,delay,0.8579325594250967,1809
RANDOM-CH,S1,1012,late,probe,cost,0.8923805424020663,2323
RANDOM-CH,S1,1012,late,probe,delay,0.8962548428755919,2323
RANDOM-CH,S1,1012,late,data,cost,0.8376276130286825,2057
RANDOM-CH,S1,1012,late,data,delay,0.8400583373845406,2057
RANDOM-CH,S1,1013,warmup,probe,cost,0.90125,800
RANDOM-CH,S1,1013,warmup,probe,delay,0.8875,800
RANDOM-CH,S1,1013,warmup,data,cost,0.8936170212765957,846
RANDOM-CH,S1,1013,warmup,data,delay,0.8829787234042553,846
RANDOM-CH,S1,1013,early,probe,cost,0.8985714285714286,1400
RANDOM-CH,S1,1013,early,probe,delay,0.9014285714285715,1400
RANDOM-CH,S1,1013,early,data,cost,0.890530557421088,1489
RANDOM-CH,S1,1013,early,data,delay,0.8817998656816656,1489
RANDOM-CH,S1,1013,middle,probe,cost,0.8966666666666666,1800
RANDOM-CH,S1,1013,middle,probe,delay,0.8933333333333333,1800
RANDOM-CH,S1,1013,middle,data,cost,0.8407079646017699,1469
RANDOM-CH,S1,1013,middle,data,delay,0.8339006126616746,1469
RANDOM-CH,S1,1013,late,probe,cost,0.8924821503569929,2381
RANDOM-CH,S1,1013,late,probe,delay,0.8924821503569929,2381
RANDOM-CH,S1,1013,late,data,cost,0.8349106203995794,1902
RANDOM-CH,S1,1013,late,data,delay,0.8317560462670873,1902
RANDOM-CH,S1,1014,warmup,probe,cost,0.90625,800
RANDOM-CH,S1,1014,warmup,probe,delay,0.905,800
RANDOM-CH,S1,1014,warmup,data,cost,0.8869987849331713,823
RANDOM-CH,S1,1014,warmup,data,delay,0.8699878493317132,823
RANDOM-CH,S1,1014,early,probe,cost,0.895,1400
RANDOM-CH,S1,1014,early,probe,delay,0.8957142857142857,1400
RANDOM-CH,S1,1014,early,data,cost,0.8820754716981132,1484
RANDOM-CH,S1,1014,early,data,delay,0.8820754716981132,1484
RANDOM-CH,S1,1014,middle,probe,cost,0.8944444444444445,1800
RANDOM-CH,S1,1014,middle,probe,delay,0.8888888888888888,1800
RANDOM-CH,S1,1014,middle,data,cost,0.8629821531375935,1737
RANDOM-CH,S1,1014,middle,data,delay,0.8572251007484168,1737
RANDOM-CH,S1,1014,late,probe,cost,0.8924103419516264,2398
RANDOM-CH,S1,1014,late,probe,delay,0.8969974979149291,2398
RANDOM-CH,S1,1014,late,data,cost,0.8661647846089502,2391
RANDOM-CH,S1,1014,late,data,delay,0.8540359682141363,2391
RANDOM-CH,S1,1015,warmup,probe,cost,0.89,800
RANDOM-CH,S1,1015,warmup,probe,delay,0.8975,800
RANDOM-CH,S1,1015,warmup,data,cost,0.8913308913308914,819
RANDOM-CH,S1,1015,warmup,data,delay,0.8962148962148963,819
RANDOM-CH,S1,1015,early,probe,cost,0.9021428571428571,1400
RANDOM-CH,S1,1015,early,probe,delay,0.9042857142857142,1400
RANDOM-CH,S1,1015,early,data,cost,0.8975545274289491,1513
RANDOM-CH,S1,1015,early,data,delay,0.8929279576999339,1513
RANDOM-CH,S1,1015,middle,probe,cost,0.8855555555555555,1800
RANDOM-CH,S1,1015,middle,probe,delay,0.885,1800
RANDOM-CH,S1,1015,middle,data,cost,0.8622620380739082,1786
RANDOM-CH,S1,1015,middle,data,delay,0.8493840985442329,1786
RANDOM-CH,S1,1015,late,probe,cost,0.8975,2400
RANDOM-CH,S1,1015,late,probe,delay,0.8970833333333333,2400
RANDOM-CH,S1,1015,late,data,cost,0.8493537964458805,2476
RANDOM-CH,S1,1015,late,data,delay,0.8198707592891761,2476
RANDOM-CH,S1,1016,warmup,probe,cost,0.91625,800
RANDOM-CH,S1,1016,warmup,probe,delay,0.915,800
RANDOM-CH,S1,1016,warmup,data,cost,0.8909090909090909,825
RANDOM-CH,S1,1016,warmup,data,delay,0.8812121212121212,825
RANDOM-CH,S1,1016,early,probe,cost,0.9042857142857142,1400
RANDOM-CH,S1,1016,early,probe,delay,0.9021428571428571,1400
RANDOM-CH,S1,1016,early,data,cost,0.8670284938941656,1474
RANDOM-CH,S1,1016,early,data,delay,0.8602442333785617,1474
RANDOM-CH,S1,1016,middle,probe,cost,0.895,1800
RANDOM-CH,S1,1016,middle,probe,delay,0.8955555555555555,1800
RANDOM-CH,S1,1016,middle,data,cost,0.8438538205980066,1806
RANDOM-CH,S1,1016,middle,data,delay,0.8361018826135105,1806
RANDOM-CH,S1,1016,late,probe,cost,0.8933333333333333,2400
RANDOM-CH,S1,1016,late,probe,delay,0.8925,2400
RANDOM-CH,S1,1016,late,data,cost,0.841552142279709,2474
RANDOM-CH,S1,1016,late,data,delay,0.8383185125303153,2474
RANDOM-CH,S1,1017,warmup,probe,cost,0.895,800
RANDOM-CH,S1,1017,warmup,probe,delay,0.89875,800
RANDOM-CH,S1,1017,warmup,data,cost,0.8667466986794717,833
RANDOM-CH,S1,1017,warmup,data,delay,0.8763505402160864,833
RANDOM-CH,S1,1017,early,probe,cost,0.8957142857142857,1400
RANDOM-CH,S1,1017,early,probe,delay,0.8964285714285715,1400
RANDOM-CH,S1,1017,early,data,cost,0.8850325379609545,1383
RANDOM-CH,S1,1017,early,data,delay,0.8828633405639913,1383
RANDOM-CH,S1,1017,middle,probe,cost,0.8855555555555555,1800
RANDOM-CH,S1,1017,middle,probe,delay,0.8916666666666667,1800
RANDOM-CH,S1,1017,middle,data,cost,0.875,1824
RANDOM-CH,S1,1017,middle,data,delay,0.8481359649122807,1824
RANDOM-CH,S1,1017,late,probe,cost,0.9016666666666666,2400
RANDOM-CH,S1,1017,late,probe,delay,0.90125,2400
RANDOM-CH,S1,1017,late,data,cost,0.8560639715681919,2251
RANDOM-CH,S1,1017,late,data,delay,0.8316303864948912,2251
RANDOM-CH,S1,1018,warmup,probe,cost,0.89875,800
RANDOM-CH,S1,1018,warmup,probe,delay,0.895,800
RANDOM-CH,S1,1018,warmup,data,cost,0.9034564958283671,839
RANDOM-CH,S1,1018,warmup,data,delay,0.8915375446960667,839
RANDOM-CH,S1,1018,early,probe,cost,0.9057142857142857,1400
RANDOM-CH,S1,1018,early,probe,delay,0.8978571428571429,1400
RANDOM-CH,S1,1018,early,data,cost,0.8791666666666667,1440
RANDOM-CH,S1,1018,early,data,delay,0.8798611111111111,1440
RANDOM-CH,S1,1018,middle,probe,cost,0.89,1800
RANDOM-CH,S1,1018,middle,probe,delay,0.8894444444444445,1800
RANDOM-CH,S1,1018,middle,data,cost,0.844845908607864,1882
RANDOM-CH,S1,1018,middle,data,delay,0.834750265674814,1882
RANDOM-CH,S1,1018,late,probe,cost,0.9008333333333334,2400
RANDOM-CH,S1,1018,late,probe,delay,0.8975,2400
RANDOM-CH,S1,1018,late,data,cost,0.8586510263929619,1705
RANDOM-CH,S1,1018,late,data,delay,0.839882697947214,1705
RANDOM-CH,S1,1019,warmup,probe,cost,0.885,800
RANDOM-CH,S1,1019,warmup,probe,delay,0.89,800
RANDOM-CH,S1,1019,warmup,data,cost,0.8727050183598531,817
RANDOM-CH,S1,1019,warmup,data,delay,0.8739290085679314,817
RANDOM-CH,S1,1019,early,probe,cost,0.8928571428571429,1400
RANDOM-CH,S1,1019,early,probe,delay,0.895,1400
RANDOM-CH,S1,1019,early,data,cost,0.8825622775800712,1405
RANDOM-CH,S1,1019,early,data,delay,0.8782918149466192,1405
RANDOM-CH,S1,1019,middle,probe,cost,0.8838888888888888,1800
RANDOM-CH,S1,1019,middle,probe,delay,0.8877777777777778,1800
RANDOM-CH,S1,1019,middle,data,cost,0.8583865351131746,1723
RANDOM-CH,S1,1019,middle,data,delay,0.853163087637841,1723
RANDOM-CH,S1,1019,late,probe,cost,0.8991666666666667,2400
RANDOM-CH,S1,1019,late,probe,delay,0.9029166666666667,2400
RANDOM-CH,S1,1019,late,data,cost,0.8308943089430895,2460
RANDOM-CH,S1,1019,late,data,delay,0.8158536585365853,2460
RANDOM-CH,S1,1020,warmup,probe,cost,0.90625,800
RANDOM-CH,S1,1020,warmup,probe,delay,0.90875,800
RANDOM-CH,S1,1020,warmup,data,cost,0.85875,800
RANDOM-CH,S1,1020,warmup,data,delay,0.8675,800
RANDOM-CH,S1,1020,early,probe,cost,0.8942857142857142,1400
RANDOM-CH,S1,1020,early,probe,delay,0.8935714285714286,1400
RANDOM-CH,S1,1020,early,data,cost,0.89280868385346,1474
RANDOM-CH,S1,1020,early,data,delay,0.8887381275440976,1474
RANDOM-CH,S1,1020,middle,probe,cost,0.8922222222222222,1800
RANDOM-CH,S1,1020,middle,probe,delay,0.8872222222222222,1800
RANDOM-CH,S1,1020,middle,data,cost,0.8586609989373007,1882
RANDOM-CH,S1,1020,middle,data,delay,0.8374070138150903,1882
RANDOM-CH,S1,1020,late,probe,cost,0.89875,2400
RANDOM-CH,S1,1020,late,probe,delay,0.89625,2400
RANDOM-CH,S1,1020,late,data,cost,0.8405448717948718,2496
RANDOM-CH,S1,1020,late,data,delay,0.8381410256410257,2496
RANDOM-CH,S1,1021,warmup,probe,cost,0.8875,800
RANDOM-CH,S1,1021,warmup,probe,delay,0.88,800
RANDOM-CH,S1,1021,warmup,data,cost,0.8769414575866189,837
RANDOM-CH,S1,1021,warmup,data,delay,0.8721624850657109,837
RANDOM-CH,S1,1021,early,probe,cost,0.8957142857142857,1400
RANDOM-CH,S1,1021,early,probe,delay,0.9,1400
RANDOM-CH,S1,1021,early,data,cost,0.8795345653661876,1461
RANDOM-CH,S1,1021,early,data,delay,0.8706365503080082,1461
RANDOM-CH,S1,1021,middle,probe,cost,0.8966666666666666,1800
RANDOM-CH,S1,1021,middle,probe,delay,0.8888888888888888,1800
RANDOM-CH,S1,1021,middle,data,cost,0.8539094650205762,1458
RANDOM-CH,S1,1021,middle,data,delay,0.8093278463648834,1458
RANDOM-CH,S1,1021,late,probe,cost,0.8945833333333333,2400
RANDOM-CH,S1,1021,late,probe,delay,0.895,2400
RANDOM-CH,S1,1021,late,data,cost,0.8405735976381273,2371
RANDOM-CH,S1,1021,late,data,delay,0.8321383382539013,2371
RANDOM-CH,S1,1022,warmup,probe,cost,0.895,800
RANDOM-CH,S1,1022,warmup,probe,delay,0.89875,800
RANDOM-CH,S1,1022,warmup,data,cost,0.8840236686390532,845
RANDOM-CH,S1,1022,warmup,data,delay,0.8840236686390532,845
RANDOM-CH,S1,1022,early,probe,cost,0.9028571428571428,1400
RANDOM-CH,S1,1022,early,probe,delay,0.9035714285714286,1400
RANDOM-CH,S1,1022,early,data,cost,0.8793800539083558,1484
RANDOM-CH,S1,1022,early,data,delay,0.8766846361185984,1484
RANDOM-CH,S1,1022,middle,probe,cost,0.8855555555555555,1800
RANDOM-CH,S1,1022,middle,probe,delay,0.8838888888888888,1800
RANDOM-CH,S1,1022,middle,data,cost,0.8427230046948356,1704
RANDOM-CH,S1,1022,middle,data,delay,0.8280516431924883,1704
RANDOM-CH,S1,1022,late,probe,cost,0.8962425277540563,2342
RANDOM-CH,S1,1022,late,probe,delay,0.8996584116140052,2342
RANDOM-CH,S1,1022,late,data,cost,0.819721980886186,2302
RANDOM-CH,S1,1022,late,data,delay,0.8001737619461338,2302
RANDOM-CH,S1,1023,warmup,probe,cost,0.88875,800
RANDOM-CH,S1,1023,warmup,probe,delay,0.88875,800
RANDOM-CH,S1,1023,warmup,data,cost,0.8653610771113831,817
RANDOM-CH,S1,1023,warmup,data,delay,0.8653610771113831,817
RANDOM-CH,S1,1023,early,probe,cost,0.8992857142857142,1400
RANDOM-CH,S1,1023,early,probe,delay,0.895,1400
RANDOM-CH,S1,1023,early,data,cost,0.9062792877225867,1067
RANDOM-CH,S1,1023,early,data,delay,0.9081537019681349,1067
RANDOM-CH,S1,1023,middle,probe,cost,0.895,1800
RANDOM-CH,S1,1023,middle,probe,delay,0.8894444444444445,1800
RANDOM-CH,S1,1023,middle,data,cost,0.8514957264957265,1872
RANDOM-CH,S1,1023,middle,data,delay,0.8424145299145299,1872
RANDOM-CH,S1,1023,late,probe,cost,0.8933333333333333,2400
RANDOM-CH,S1,1023,late,probe,delay,0.8991666666666667,2400
RANDOM-CH,S1,1023,late,data,cost,0.831858407079646,2486
RANDOM-CH,S1,1023,late,data,delay,0.8189863234111022,2486
RANDOM-CH,S1,1024,warmup,probe,cost,0.88375,800
RANDOM-CH,S1,1024,warmup,probe,delay,0.8775,800
RANDOM-CH,S1,1024,warmup,data,cost,0.8819362455726092,847
RANDOM-CH,S1,1024,warmup,data,delay,0.8760330578512396,847
RANDOM-CH,S1,1024,early,probe,cost,0.8992857142857142,1400
RANDOM-CH,S1,1024,early,probe,delay,0.8992857142857142,1400
RANDOM-CH,S1,1024,early,data,cost,0.8746537396121884,1444
RANDOM-CH,S1,1024,early,data,delay,0.8718836565096952,1444
RANDOM-CH,S1,1024,middle,probe,cost,0.8877777777777778,1800
RANDOM-CH,S1,1024,middle,probe,delay,0.8888888888888888,1800
RANDOM-CH,S1,1024,middle,data,cost,0.852529601722282,1858
RANDOM-CH,S1,1024,middle,data,delay,0.8455328310010765,1858
RANDOM-CH,S1,1024,late,probe,cost,0.8991666666666667,2400
RANDOM-CH,S1,1024,late,probe,delay,0.905,2400
RANDOM-CH,S1,1024,late,data,cost,0.8558823529411764,2380
RANDOM-CH,S1,1024,late,data,delay,0.83109243697479,2380
RANDOM-CH,S1,1025,warmup,probe,cost,0.91125,800
RANDOM-CH,S1,1025,warmup,probe,delay,0.8975,800
RANDOM-CH,S1,1025,warmup,data,cost,0.8586698337292161,842
RANDOM-CH,S1,1025,warmup,data,delay,0.8432304038004751,842
RANDOM-CH,S1,1025,early,probe,cost,0.8935714285714286,1400
RANDOM-CH,S1,1025,early,probe,delay,0.8942857142857142,1400
RANDOM-CH,S1,1025,early,data,cost,0.865210843373494,1328
RANDOM-CH,S1,1025,early,data,delay,0.8576807228915663,1328
RANDOM-CH,S1,1025,middle,probe,cost,0.8894444444444445,1800
RANDOM-CH,S1,1025,middle,probe,delay,0.8955555555555555,1800
RANDOM-CH,S1,1025,middle,data,cost,0.8487486398258978,1838
RANDOM-CH,S1,1025,middle,data,delay,0.8416757344940152,1838
RANDOM-CH,S1,1025,late,probe,cost,0.8970833333333333,2400
RANDOM-CH,S1,1025,late,probe,delay,0.8945833333333333,2400
RANDOM-CH,S1,1025,late,data,cost,0.8072916666666666,2496
RANDOM-CH,S1,1025,late,data,delay,0.7932692307692307,2496
RANDOM-CH,S1,1026,warmup,probe,cost,0.88875,800
RANDOM-CH,S1,1026,warmup,probe,delay,0.885,800
RANDOM-CH,S1,1026,warmup,data,cost,0.8736462093862816,831
RANDOM-CH,S1,1026,warmup,data,delay,0.8700361010830325,831
RANDOM-CH,S1,1026,early,probe,cost,0.9085714285714286,1400
RANDOM-CH,S1,1026,early,probe,delay,0.9064285714285715,1400
RANDOM-CH,S1,1026,early,data,cost,0.8865199449793673,1454
RANDOM-CH,S1,1026,early,data,delay,0.8810178817056397,1454
RANDOM-CH,S1,1026,middle,probe,cost,0.8877777777777778,1800
RANDOM-CH,S1,1026,middle,probe,delay,0.89,1800
RANDOM-CH,S1,1026,middle,data,cost,0.865348980852378,1619
RANDOM-CH,S1,1026,middle,data,delay,0.8659666460778258,1619
RANDOM-CH,S1,1026,late,probe,cost,0.89875,2400
RANDOM-CH,S1,1026,late,probe,delay,0.9020833333333333,2400
RANDOM-CH,S1,1026,late,data,cost,0.8604761904761905,2100
RANDOM-CH,S1,1026,late,data,delay,0.8452380952380952,2100
RANDOM-CH,S1,1027,warmup,probe,cost,0.8975,800
RANDOM-CH,S1,1027,warmup,probe,delay,0.89625,800
RANDOM-CH,S1,1027,warmup,data,cost,0.8845686512758202,823
RANDOM-CH,S1,1027,warmup,data,delay,0.8724179829890644,823
RANDOM-CH,S1,1027,early,probe,cost,0.9014285714285715,1400
RANDOM-CH,S1,1027,early,probe,delay,0.8992857142857142,1400
RANDOM-CH,S1,1027,early,data,cost,0.8770833333333333,1440
RANDOM-CH,S1,1027,early,data,delay,0.8708333333333333,1440
RANDOM-CH,S1,1027,middle,probe,cost,0.8822222222222222,1800
RANDOM-CH,S1,1027,middle,probe,delay,0.8905555555555555,1800
RANDOM-CH,S1,1027,middle,data,cost,0.8480470840021401,1869
RANDOM-CH,S1,1027,middle,data,delay,0.846441947565543,1869
RANDOM-CH,S1,1027,late,probe,cost,0.8954166666666666,2400
RANDOM-CH,S1,1027,late,probe,delay,0.90125,2400
RANDOM-CH,S1,1027,late,data,cost,0.8323083230832309,2439
RANDOM-CH,S1,1027,late,data,delay,0.8052480524805248,2439
RANDOM-CH,S1,1028,warmup,probe,cost,0.895,800
RANDOM-CH,S1,1028,warmup,probe,delay,0.8975,800
RANDOM-CH,S1,1028,warmup,data,cost,0.9106280193236715,828
RANDOM-CH,S1,1028,warmup,data,delay,0.9118357487922706,828
RANDOM-CH,S1,1028,early,probe,cost,0.9,1400
RANDOM-CH,S1,1028,early,probe,delay,0.8957142857142857,1400
RANDOM-CH,S1,1028,early,data,cost,0.8788291354663036,1469
RANDOM-CH,S1,1028,early,data,delay,0.8720217835262083,1469
RANDOM-CH,S1,1028,middle,probe,cost,0.8877777777777778,1800
RANDOM-CH,S1,1028,middle,probe,delay,0.8883333333333333,1800
RANDOM-CH,S1,1028,middle,data,cost,0.8373812038014784,1894
RANDOM-CH,S1,1028,middle,data,delay,0.8231256599788807,1894
RANDOM-CH,S1,1028,late,probe,cost,0.89375,2400
RANDOM-CH,S1,1028,late,probe,delay,0.9004166666666666,2400
RANDOM-CH,S1,1028,late,data,cost,0.8296326201049656,2477
RANDOM-CH,S1,1028,late,data,delay,0.818328623334679,2477
RANDOM-CH,S1,1029,warmup,probe,cost,0.88375,800
RANDOM-CH,S1,1029,warmup,probe,delay,0.8875,800
RANDOM-CH,S1,1029,warmup,data,cost,0.8843373493975903,830
RANDOM-CH,S1,1029,warmup,data,delay,0.8722891566265061,830
RANDOM-CH,S1,1029,early,probe,cost,0.8985714285714286,1400
RANDOM-CH,S1,1029,early,probe,delay,0.905,1400
RANDOM-CH,S1,1029,early,data,cost,0.8835904628330996,1426
RANDOM-CH,S1,1029,early,data,delay,0.8786816269284713,1426
RANDOM-CH,S1,1029,middle,probe,cost,0.8877777777777778,1800
RANDOM-CH,S1,1029,middle,probe,delay,0.8855555555555555,1800
RANDOM-CH,S1,1029,middle,data,cost,0.8385127635960045,1802
RANDOM-CH,S1,1029,middle,data,delay,0.8190899001109878,1802
RANDOM-CH,S1,1029,late,probe,cost,0.89625,2400
RANDOM-CH,S1,1029,late,probe,delay,0.8991666666666667,2400
RANDOM-CH,S1,1029,late,data,cost,0.8220779220779221,2310
RANDOM-CH,S1,1029,late,data,delay,0.7987012987012987,2310
RANDOM-CH,S2,1000,warmup,probe,cost,0.88125,800
RANDOM-CH,S2,1000,warmup,probe,delay,0.88,800
RANDOM-CH,S2,1000,warmup,data,cost,0.8831942789034565,839
RANDOM-CH,S2,1000,warmup,data,delay,0.8843861740166865,839
RANDOM-CH,S2,1000,early,probe,cost,0.9078571428571428,1400
RANDOM-CH,S2,1000,early,probe,delay,0.9035714285714286,1400
RANDOM-CH,S2,1000,early,data,cost,0.9023034154090548,1259
RANDOM-CH,S2,1000,early,data,delay,0.8967434471803019,1259
RANDOM-CH,S2,1000,middle,probe,cost,0.8788888888888889,1800
RANDOM-CH,S2,1000,middle,probe,delay,0.8783333333333333,1800
RANDOM-CH,S2,1000,middle,data,cost,0.8596908442330559,841
RANDOM-CH,S2,1000,middle,data,delay,0.8537455410225921,841
RANDOM-CH,S2,1000,late,probe,cost,0.9141666666666667,2400
RANDOM-CH,S2,1000,late,probe,delay,0.9104166666666667,2400
RANDOM-CH,S2,1000,late,data,cost,0.8752959747434885,2534
RANDOM-CH,S2,1000,late,data,delay,0.8725335438042621,2534
RANDOM-CH,S2,1001,warmup,probe,cost,0.89625,800
RANDOM-CH,S2,1001,warmup,probe,delay,0.89625,800
RANDOM-CH,S2,1001,warmup,data,cost,0.8531645569620253,790
RANDOM-CH,S2,1001,warmup,data,delay,0.8468354430379746,790
RANDOM-CH,S2,1001,early,probe,cost,0.9007142857142857,1400
RANDOM-CH,S2,1001,early,probe,delay,0.9021428571428571,1400
RANDOM-CH,S2,1001,early,data,cost,0.8793225123500353,1417
RANDOM-CH,S2,1001,early,data,delay,0.8786167960479887,1417
RANDOM-CH,S2,1001,middle,probe,cost,0.8716666666666667,1800
RANDOM-CH,S2,1001,middle,probe,delay,0.875,1800
RANDOM-CH,S2,1001,middle,data,cost,0.7850109409190372,1828
RANDOM-CH,S2,1001,middle,data,delay,0.7773522975929978,1828
RANDOM-CH,S2,1001,late,probe,cost,0.9175,2400
RANDOM-CH,S2,1001,late,probe,delay,0.915,2400
RANDOM-CH,S2,1001,late,data,cost,0.8766924564796905,2068
RANDOM-CH,S2,1001,late,data,delay,0.8776595744680851,2068
RANDOM-CH,S2,1002,warmup,probe,cost,0.90375,800
RANDOM-CH,S2,1002,warmup,probe,delay,0.91,800
RANDOM-CH,S2,1002,warmup,data,cost,0.8915375446960667,839
RANDOM-CH,S2,1002,warmup,data,delay,0.8867699642431466,839
RANDOM-CH,S2,1002,early,probe,cost,0.9014285714285715,1400
RANDOM-CH,S2,1002,early,probe,delay,0.9035714285714286,1400
RANDOM-CH,S2,1002,early,data,cost,0.8795013850415513,1444
RANDOM-CH,S2,1002,early,data,delay,0.8760387811634349,1444
RANDOM-CH,S2,1002,middle,probe,cost,0.8833333333333333,1800
RANDOM-CH,S2,1002,middle,probe,delay,0.8827777777777778,1800
RANDOM-CH,S2,1002,middle,data,cost,0.7936943111720356,1459
RANDOM-CH,S2,1002,middle,data,delay,0.7799862919808088,1459
RANDOM-CH,S2,1002,late,probe,cost,0.9125,2400
RANDOM-CH,S2,1002,late,probe,delay,0.9120833333333334,2400
RANDOM-CH,S2,1002,late,data,cost,0.8777961888980944,2414
RANDOM-CH,S2,1002,late,data,delay,0.8765534382767192,2414
RANDOM-CH,S2,1003,warmup,probe,cost,0.88375,800
RANDOM-CH,S2,1003,warmup,probe,delay,0.8775,800
RANDOM-CH,S2,1003,warmup,data,cost,0.8782816229116945,419
RANDOM-CH,S2,1003,warmup,data,delay,0.8615751789976134,419
RANDOM-CH,S2,1003,early,probe,cost,0.8985714285714286,1400
RANDOM-CH,S2,1003,early,probe,delay,0.9,1400
RANDOM-CH,S2,1003,early,data,cost,0.8778930566640064,1253
RANDOM-CH,S2,1003,early,data,delay,0.8723064644852354,1253
RANDOM-CH,S2,1003,middle,probe,cost,0.885,1800
RANDOM-CH,S2,1003,middle,probe,delay,0.8872222222222222,1800
RANDOM-CH,S2,1003,middle,data,cost,0.8204031765424558,1637
RANDOM-CH,S2,1003,middle,data,delay,0.805742211362248,1637
RANDOM-CH,S2,1003,late,probe,cost,0.9116666666666666,2400
RANDOM-CH,S2,1003,late,probe,delay,0.91125,2400
RANDOM-CH,S2,1003,late,data,cost,0.8881396271320905,2521
RANDOM-CH,S2,1003,late,data,delay,0.8893296310987703,2521
RANDOM-CH,S2,1004,warmup,probe,cost,0.9025,800
RANDOM-CH,S2,1004,warmup,probe,delay,0.89625,800
RANDOM-CH,S2,1004,warmup,data,cost,0.9027237354085603,771
RANDOM-CH,S2,1004,warmup,data,delay,0.8962386511024644,771
RANDOM-CH,S2,1004,early,probe,cost,0.9042857142857142,1400
RANDOM-CH,S2,1004,early,probe,delay,0.9035714285714286,1400
RANDOM-CH,S2,1004,early,data,cost,0.8870967741935484,1488
RANDOM-CH,S2,1004,early,data,delay,0.8776881720430108,1488
RANDOM-CH,S2,1004,middle,probe,cost,0.8755555555555555,1800
RANDOM-CH,S2,1004,middle,probe,delay,0.8755555555555555,1800
RANDOM-CH,S2,1004,middle,data,cost,0.8149946062567421,1854
RANDOM-CH,S2,1004,middle,data,delay,0.8042071197411004,1854
RANDOM-CH,S2,1004,late,probe,cost,0.91,2400
RANDOM-CH,S2,1004,late,probe,delay,0.9091666666666667,2400
RANDOM-CH,S2,1004,late,data,cost,0.8768627450980392,2550
RANDOM-CH,S2,1004,late,data,delay,0.8729411764705882,2550
RANDOM-CH,S2,1005,warmup,probe,cost,0.895,800
RANDOM-CH,S2,1005,warmup,probe,delay,0.9025,800
RANDOM-CH,S2,1005,warmup,data,cost,0.8806682577565632,838
RANDOM-CH,S2,1005,warmup,data,delay,0.8770883054892601,838
RANDOM-CH,S2,1005,early,probe,cost,0.8964285714285715,1400
RANDOM-CH,S2,1005,early,probe,delay,0.8942857142857142,1400
RANDOM-CH,S2,1005,early,data,cost,0.8958502847843776,1229
RANDOM-CH,S2,1005,early,data,delay,0.887713588283157,1229
RANDOM-CH,S2,1005,middle,probe,cost,0.8722222222222222,1800
RANDOM-CH,S2,1005,middle,probe,delay,0.8794444444444445,1800
RANDOM-CH,S2,1005,middle,data,cost,0.8552787663107948,1686
RANDOM-CH,S2,1005,middle,data,delay,0.8315539739027283,1686
RANDOM-CH,S2,1005,late,probe,cost,0.9141666666666667,2400
RANDOM-CH,S2,1005,late,probe,delay,0.9141666666666667,2400
RANDOM-CH,S2,1005,late,data,cost,0.8860640301318268,2124
RANDOM-CH,S2,1005,late,data,delay,0.8790018832391714,2124
RANDOM-CH,S2,1006,warmup,probe,cost,0.91375,800
RANDOM-CH,S2,1006,warmup,probe,delay,0.90375,800
RANDOM-CH,S2,1006,warmup,data,cost,0.8888888888888888,819
RANDOM-CH,S2,1006,warmup,data,delay,0.8778998778998779,819
RANDOM-CH,S2,1006,early,probe,cost,0.9,1400
RANDOM-CH,S2,1006,early,probe,delay,0.8985714285714286,1400
RANDOM-CH,S2,1006,early,data,cost,0.879286694101509,1458
RANDOM-CH,S2,1006,early,data,delay,0.8731138545953361,1458
RANDOM-CH,S2,1006,middle,probe,cost,0.8761111111111111,1800
RANDOM-CH,S2,1006,middle,probe,delay,0.8722222222222222,1800
RANDOM-CH,S2,1006,middle,data,cost,0.766896551724138,1450
RANDOM-CH,S2,1006,middle,data,delay,0.7641379310344828,1450
RANDOM-CH,S2,1006,late,probe,cost,0.91375,2400
RANDOM-CH,S2,1006,late,probe,delay,0.9175,2400
RANDOM-CH,S2,1006,late,data,cost,0.880591054313099,2504
RANDOM-CH,S2,1006,late,data,delay,0.8821884984025559,2504
RANDOM-CH,S2,1007,warmup,probe,cost,0.89625,800
RANDOM-CH,S2,1007,warmup,probe,delay,0.89875,800
RANDOM-CH,S2,1007,warmup,data,cost,0.8903614457831325,830
RANDOM-CH,S2,1007,warmup,data,delay,0.8734939759036144,830
RANDOM-CH,S2,1007,early,probe,cost,0.9107142857142857,1400
RANDOM-CH,S2,1007,early,probe,delay,0.9057142857142857,1400
RANDOM-CH,S2,1007,early,data,cost,0.8870458135860979,1266
RANDOM-CH,S2,1007,early,data,delay,0.8799368088467614,1266
RANDOM-CH,S2,1007,middle,probe,cost,0.8822222222222222,1800
RANDOM-CH,S2,1007,middle,probe,delay,0.8738888888888889,1800
RANDOM-CH,S2,1007,middle,data,cost,0.7978921264724117,1613
RANDOM-CH,S2,1007,middle,data,delay,0.7774333539987601,1613
RANDOM-CH,S2,1007,late,probe,cost,0.9066666666666666,2400
RANDOM-CH,S2,1007,late,probe,delay,0.9104166666666667,2400
RANDOM-CH,S2,1007,late,data,cost,0.8902640264026402,2424
RANDOM-CH,S2,1007,late,data,delay,0.8915016501650165,2424
RANDOM-CH,S2,1008,warmup,probe,cost,0.88875,800
RANDOM-CH,S2,1008,warmup,probe,delay,0.89625,800
RANDOM-CH,S2,1008,warmup,data,cost,0.8952380952380953,840
RANDOM-CH,S2,1008,warmup,data,delay,0.8904761904761904,840
RANDOM-CH,S2,1008,early,probe,cost,0.9021428571428571,1400
RANDOM-CH,S2,1008,early,probe,delay,0.895,1400
RANDOM-CH,S2,1008,early,data,cost,0.8677573278800272,1467
RANDOM-CH,S2,1008,early,data,delay,0.8670756646216768,1467
RANDOM-CH,S2,1008,middle,probe,cost,0.8805555555555555,1800
RANDOM-CH,S2,1008,middle,probe,delay,0.8827777777777778,1800
RANDOM-CH,S2,1008,middle,data,cost,0.7867494824016563,1449
RANDOM-CH,S2,1008,middle,data,delay,0.7832988267770876,1449
RANDOM-CH,S2,1008,late,probe,cost,0.9119732999582811,2397
RANDOM-CH,S2,1008,late,probe,delay,0.9132248644138506,2397
RANDOM-CH,S2,1008,late,data,cost,0.8771712158808933,2418
RANDOM-CH,S2,1008,late,data,delay,0.8722084367245657,2418
RANDOM-CH,S2,1009,warmup,probe,cost,0.9025,800
RANDOM-CH,S2,1009,warmup,probe,delay,0.9,800
RANDOM-CH,S2,1009,warmup,data,cost,0.855,800
RANDOM-CH,S2,1009,warmup,data,delay,0.8425,800
RANDOM-CH,S2,1009,early,probe,cost,0.9,1400
RANDOM-CH,S2,1009,early,probe,delay,0.8985714285714286,1400
RANDOM-CH,S2,1009,early,data,cost,0.8798901853122855,1457
RANDOM-CH,S2,1009,early,data,delay,0.8737131091283459,1457
RANDOM-CH,S2,1009,middle,probe,cost,0.8805555555555555,1800
RANDOM-CH,S2,1009,middle,probe,delay,0.8794444444444445,1800
RANDOM-CH,S2,1009,middle,data,cost,0.8040229885057472,1740
RANDOM-CH,S2,1009,middle,data,delay,0.774712643678161,1740
RANDOM-CH,S2,1009,late,probe,cost,0.9119732999582811,2397
RANDOM-CH,S2,1009,late,probe,delay,0.9136420525657072,2397
RANDOM-CH,S2,1009,late,data,cost,0.9063504823151125,2488
RANDOM-CH,S2,1009,late,data,delay,0.89991961414791,2488
RANDOM-CH,S2,1010,warmup,probe,cost,0.895,800
RANDOM-CH,S2,1010,warmup,probe,delay,0.89,800
RANDOM-CH,S2,1010,warmup,data,cost,0.906896551724138,290
RANDOM-CH,S2,1010,warmup,data,delay,0.9172413793103448,290
RANDOM-CH,S2,1010,early,probe,cost,0.8921428571428571,1400
RANDOM-CH,S2,1010,early,probe,delay,0.8985714285714286,1400
RANDOM-CH,S2,1010,early,data,cost,0.8724681170292573,1333
RANDOM-CH,S2,1010,early,data,delay,0.8769692423105776,1333
RANDOM-CH,S2,1010,middle,probe,cost,0.8833333333333333,1800
RANDOM-CH,S2,1010,middle,probe,delay,0.8772222222222222,1800
RANDOM-CH,S2,1010,middle,data,cost,0.8194444444444444,1728
RANDOM-CH,S2,1010,middle,data,delay,0.7997685185185185,1728
RANDOM-CH,S2,1010,late,probe,cost,0.912467976088813,2342
RANDOM-CH,S2,1010,late,probe,delay,0.9175918018787361,2342
RANDOM-CH,S2,1010,late,data,cost,0.88804192472606,2099
RANDOM-CH,S2,1010,late,data,delay,0.8889947594092424,2099
RANDOM-CH,S2,1011,warmup,probe,cost,0.8825,800
RANDOM-CH,S2,1011,warmup,probe,delay,0.8925,800
RANDOM-CH,S2,1011,warmup,data,cost,0.8777173913043478,736
RANDOM-CH,S2,1011,warmup,data,delay,0.8994565217391305,736
RANDOM-CH,S2,1011,early,probe,cost,0.9035714285714286,1400
RANDOM-CH,S2,1011,early,probe,delay,0.9014285714285715,1400
RANDOM-CH,S2,1011,early,data,cost,0.8958130477117819,1027
RANDOM-CH,S2,1011,early,data,delay,0.8958130477117819,1027
RANDOM-CH,S2,1011,middle,probe,cost,0.88,1800
RANDOM-CH,S2,1011,middle,probe,delay,0.8788888888888889,1800
RANDOM-CH,S2,1011,middle,data,cost,0.7959889349930843,1446
RANDOM-CH,S2,1011,middle,data,delay,0.7883817427385892,1446
RANDOM-CH,S2,1011,late,probe,cost,0.91125,2400
RANDOM-CH,S2,1011,late,probe,delay,0.9120833333333334,2400
RANDOM-CH,S2,1011,late,data,cost,0.9051456912585245,1613
RANDOM-CH,S2,1011,late,data,delay,0.902665840049597,1613
RANDOM-CH,S2,1012,warmup,probe,cost,0.89875,800
RANDOM-CH,S2,1012,warmup,probe,delay,0.895,800
RANDOM-CH,S2,1012,warmup,data,cost,0.8677184466019418,824
RANDOM-CH,S2,1012,warmup,data,delay,0.8495145631067961,824
RANDOM-CH,S2,1012,early,probe,cost,0.9,1400
RANDOM-CH,S2,1012,early,probe,delay,0.9,1400
RANDOM-CH,S2,1012,early,data,cost,0.8642857142857143,1400
RANDOM-CH,S2,1012,early,data,delay,0.8735714285714286,1400
RANDOM-CH,S2,1012,middle,probe,cost,0.88,1800
RANDOM-CH,S2,1012,middle,probe,delay,0.8738888888888889,1800
RANDOM-CH,S2,1012,middle,data,cost,0.8160220994475138,1810
RANDOM-CH,S2,1012,middle,data,delay,0.7966850828729282,1810
RANDOM-CH,S2,1012,late,probe,cost,0.9052997393570807,2302
RANDOM-CH,S2,1012,late,probe,delay,0.9057341442224153,2302
RANDOM-CH,S2,1012,late,data,cost,0.8851581508515816,2055
RANDOM-CH,S2,1012,late,data,delay,0.8875912408759125,2055
RANDOM-CH,S2,1013,warmup,probe,cost,0.90125,800
RANDOM-CH,S2,1013,warmup,probe,delay,0.8875,800
RANDOM-CH,S2,1013,warmup,data,cost,0.8936170212765957,846
RANDOM-CH,S2,1013,warmup,data,delay,0.8829787234042553,846
RANDOM-CH,S2,1013,early,probe,cost,0.9,1400
RANDOM-CH,S2,1013,early,probe,delay,0.9035714285714286,1400
RANDOM-CH,S2,1013,early,data,cost,0.8918737407656145,1489
RANDOM-CH,S2,1013,early,data,delay,0.8838146406984554,1489
RANDOM-CH,S2,1013,middle,probe,cost,0.8788888888888889,1800
RANDOM-CH,S2,1013,middle,probe,delay,0.8777777777777778,1800
RANDOM-CH,S2,1013,middle,data,cost,0.8002735978112175,1462
RANDOM-CH,S2,1013,middle,data,delay,0.7797537619699042,1462
RANDOM-CH,S2,1013,late,probe,cost,0.9108333333333334,2400
RANDOM-CH,S2,1013,late,probe,delay,0.9104166666666667,2400
RANDOM-CH,S2,1013,late,data,cost,0.9049350649350649,1925
RANDOM-CH,S2,1013,late,data,delay,0.8997402597402597,1925
RANDOM-CH,S2,1014,warmup,probe,cost,0.90625,800
RANDOM-CH,S2,1014,warmup,probe,delay,0.905,800
RANDOM-CH,S2,1014,warmup,data,cost,0.8869987849331713,823
RANDOM-CH,S2,1014,warmup,data,delay,0.8699878493317132,823
RANDOM-CH,S2,1014,early,probe,cost,0.8971428571428571,1400
RANDOM-CH,S2,1014,early,probe,delay,0.8978571428571429,1400
RANDOM-CH,S2,1014,early,data,cost,0.883423180592992,1484
RANDOM-CH,S2,1014,early,data,delay,0.883423180592992,1484
RANDOM-CH,S2,1014,middle,probe,cost,0.8838888888888888,1800
RANDOM-CH,S2,1014,middle,probe,delay,0.8827777777777778,1800
RANDOM-CH,S2,1014,middle,data,cost,0.8526682134570766,1724
RANDOM-CH,S2,1014,middle,data,delay,0.8462877030162413,1724
RANDOM-CH,S2,1014,late,probe,cost,0.9129166666666667,2400
RANDOM-CH,S2,1014,late,probe,delay,0.9158333333333334,2400
RANDOM-CH,S2,1014,late,data,cost,0.9,2500
RANDOM-CH,S2,1014,late,data,delay,0.8924,2500
RANDOM-CH,S2,1015,warmup,probe,cost,0.89,800
RANDOM-CH,S2,1015,warmup,probe,delay,0.8975,800
RANDOM-CH,S2,1015,warmup,data,cost,0.8913308913308914,819
RANDOM-CH,S2,1015,warmup,data,delay,0.8962148962148963,819
RANDOM-CH,S2,1015,early,probe,cost,0.905,1400
RANDOM-CH,S2,1015,early,probe,delay,0.9078571428571428,1400
RANDOM-CH,S2,1015,early,data,cost,0.9008592200925314,1513
RANDOM-CH,S2,1015,early,data,delay,0.8968935888962326,1513
RANDOM-CH,S2,1015,middle,probe,cost,0.8716666666666667,1800
RANDOM-CH,S2,1015,middle,probe,delay,0.8705555555555555,1800
RANDOM-CH,S2,1015,middle,data,cost,0.7691029900332226,1806
RANDOM-CH,S2,1015,middle,data,delay,0.7408637873754153,1806
RANDOM-CH,S2,1015,late,probe,cost,0.9129166666666667,2400
RANDOM-CH,S2,1015,late,probe,delay,0.9154166666666667,2400
RANDOM-CH,S2,1015,late,data,cost,0.8985217738713543,2503
RANDOM-CH,S2,1015,late,data,delay,0.8889332800639232,2503
RANDOM-CH,S2,1016,warmup,probe,cost,0.91625,800
RANDOM-CH,S2,1016,warmup,probe,delay,0.915,800
RANDOM-CH,S2,1016,warmup,data,cost,0.8909090909090909,825
RANDOM-CH,S2,1016,warmup,data,delay,0.8812121212121212,825
RANDOM-CH,S2,1016,early,probe,cost,0.9064285714285715,1400
RANDOM-CH,S2,1016,early,probe,delay,0.9035714285714286,1400
RANDOM-CH,S2,1016,early,data,cost,0.8697421981004071,1474
RANDOM-CH,S2,1016,early,data,delay,0.8629579375848032,1474
RANDOM-CH,S2,1016,middle,probe,cost,0.8744444444444445,1800
RANDOM-CH,S2,1016,middle,probe,delay,0.8783333333333333,1800
RANDOM-CH,S2,1016,middle,data,cost,0.7793871866295264,1795
RANDOM-CH,S2,1016,middle,data,delay,0.7543175487465181,1795
RANDOM-CH,S2,1016,late,probe,cost,0.9120833333333334,2400
RANDOM-CH,S2,1016,late,probe,delay,0.9145833333333333,2400
RANDOM-CH,S2,1016,late,data,cost,0.9159242761692651,1796
RANDOM-CH,S2,1016,late,data,delay,0.9131403118040089,1796
RANDOM-CH,S2,1017,warmup,probe,cost,0.895,800
RANDOM-CH,S2,1017,warmup,probe,delay,0.89875,800
RANDOM-CH,S2,1017,warmup,data,cost,0.8667466986794717,833
RANDOM-CH,S2,1017,warmup,data,delay,0.8763505402160864,833
RANDOM-CH,S2,1017,early,probe,cost,0.8964285714285715,1400
RANDOM-CH,S2,1017,early,probe,delay,0.8971428571428571,1400
RANDOM-CH,S2,1017,early,data,cost,0.8872017353579176,1383
RANDOM-CH,S2,1017,early,data,delay,0.8843094721619668,1383
RANDOM-CH,S2,1017,middle,probe,cost,0.8838888888888888,1800
RANDOM-CH,S2,1017,middle,probe,delay,0.8911111111111111,1800
RANDOM-CH,S2,1017,middle,data,cost,0.8163265306122449,1813
RANDOM-CH,S2,1017,middle,data,delay,0.8086045228902372,1813
RANDOM-CH,S2,1017,late,probe,cost,0.9154166666666667,2400
RANDOM-CH,S2,1017,late,probe,delay,0.91125,2400
RANDOM-CH,S2,1017,late,data,cost,0.892416225749559,2268
RANDOM-CH,S2,1017,late,data,delay,0.8875661375661376,2268
RANDOM-CH,S2,1018,warmup,probe,cost,0.89875,800
RANDOM-CH,S2,1018,warmup,probe,delay,0.895,800
RANDOM-CH,S2,1018,warmup,data,cost,0.9034564958283671,839
RANDOM-CH,S2,1018,warmup,data,delay,0.8915375446960667,839
RANDOM-CH,S2,1018,early,probe,cost,0.9085714285714286,1400
RANDOM-CH,S2,1018,early,probe,delay,0.9007142857142857,1400
RANDOM-CH,S2,1018,early,data,cost,0.8798611111111111,1440
RANDOM-CH,S2,1018,early,data,delay,0.8805555555555555,1440
RANDOM-CH,S2,1018,middle,probe,cost,0.8805555555555555,1800
RANDOM-CH,S2,1018,middle,probe,delay,0.8783333333333333,1800
RANDOM-CH,S2,1018,middle,data,cost,0.777542372881356,1888
RANDOM-CH,S2,1018,middle,data,delay,0.7489406779661016,1888
RANDOM-CH,S2,1018,late,probe,cost,0.9125,2400
RANDOM-CH,S2,1018,late,probe,delay,0.9129166666666667,2400
RANDOM-CH,S2,1018,late,data,cost,0.9035916824196597,1587
RANDOM-CH,S2,1018,late,data,delay,0.8935097668557026,1587
RANDOM-CH,S2,1019,warmup,probe,cost,0.885,800
RANDOM-CH,S2,1019,warmup,probe,delay,0.89,800
RANDOM-CH,S2,1019,warmup,data,cost,0.8727050183598531,817
RANDOM-CH,S2,1019,warmup,data,delay,0.8739290085679314,817
RANDOM-CH,S2,1019,early,probe,cost,0.8935714285714286,1400
RANDOM-CH,S2,1019,early,probe,delay,0.8957142857142857,1400
RANDOM-CH,S2,1019,early,data,cost,0.8846975088967971,1405
RANDOM-CH,S2,1019,early,data,delay,0.8797153024911032,1405
RANDOM-CH,S2,1019,middle,probe,cost,0.8761111111111111,1800
RANDOM-CH,S2,1019,middle,probe,delay,0.8761111111111111,1800
RANDOM-CH,S2,1019,middle,data,cost,0.8224679860302677,1718
RANDOM-CH,S2,1019,middle,data,delay,0.8149010477299186,1718
RANDOM-CH,S2,1019,late,probe,cost,0.91125,2400
RANDOM-CH,S2,1019,late,probe,delay,0.9145833333333333,2400
RANDOM-CH,S2,1019,late,data,cost,0.8718775181305399,2482
RANDOM-CH,S2,1019,late,data,delay,0.8686543110394843,2482
RANDOM-CH,S2,1020,warmup,probe,cost,0.90625,800
RANDOM-CH,S2,1020,warmup,probe,delay,0.90875,800
RANDOM-CH,S2,1020,warmup,data,cost,0.85875,800
RANDOM-CH,S2,1020,warmup,data,delay,0.8675,800
RANDOM-CH,S2,1020,early,probe,cost,0.8957142857142857,1400
RANDOM-CH,S2,1020,early,probe,delay,0.8935714285714286,1400
RANDOM-CH,S2,1020,early,data,cost,0.8968792401628223,1474
RANDOM-CH,S2,1020,early,data,delay,0.8921302578018996,1474
RANDOM-CH,S2,1020,middle,probe,cost,0.8805555555555555,1800
RANDOM-CH,S2,1020,middle,probe,delay,0.8733333333333333,1800
RANDOM-CH,S2,1020,middle,data,cost,0.7941176470588235,1870
RANDOM-CH,S2,1020,middle,data,delay,0.7962566844919786,1870
RANDOM-CH,S2,1020,late,probe,cost,0.9104166666666667,2400
RANDOM-CH,S2,1020,late,probe,delay,0.9079166666666667,2400
RANDOM-CH,S2,1020,late,data,cost,0.8759443339960239,2515
RANDOM-CH,S2,1020,late,data,delay,0.8759443339960239,2515
RANDOM-CH,S2,1021,warmup,probe,cost,0.8875,800
RANDOM-CH,S2,1021,warmup,probe,delay,0.88,800
RANDOM-CH,S2,1021,warmup,data,cost,0.8769414575866189,837
RANDOM-CH,S2,1021,warmup,data,delay,0.8721624850657109,837
RANDOM-CH,S2,1021,early,probe,cost,0.8957142857142857,1400
RANDOM-CH,S2,1021,early,probe,delay,0.9,1400
RANDOM-CH,S2,1021,early,data,cost,0.8802190280629706,1461
RANDOM-CH,S2,1021,early,data,delay,0.8726899383983573,1461
RANDOM-CH,S2,1021,middle,probe,cost,0.8822222222222222,1800
RANDOM-CH,S2,1021,middle,probe,delay,0.8772222222222222,1800
RANDOM-CH,S2,1021,middle,data,cost,0.8123287671232877,1460
RANDOM-CH,S2,1021,middle,data,delay,0.7952054794520548,1460
RANDOM-CH,S2,1021,late,probe,cost,0.9158333333333334,2400
RANDOM-CH,S2,1021,late,probe,delay,0.91375,2400
RANDOM-CH,S2,1021,late,data,cost,0.8963945296311645,2413
RANDOM-CH,S2,1021,late,data,delay,0.8968089515126398,2413
RANDOM-CH,S2,1022,warmup,probe,cost,0.895,800
RANDOM-CH,S2,1022,warmup,probe,delay,0.89875,800
RANDOM-CH,S2,1022,warmup,data,cost,0.8840236686390532,845
RANDOM-CH,S2,1022,warmup,data,delay,0.8840236686390532,845
RANDOM-CH,S2,1022,early,probe,cost,0.9042857142857142,1400
RANDOM-CH,S2,1022,early,probe,delay,0.905,1400
RANDOM-CH,S2,1022,early,data,cost,0.8814016172506739,1484
RANDOM-CH,S2,1022,early,data,delay,0.8787061994609164,1484
RANDOM-CH,S2,1022,middle,probe,cost,0.8766666666666667,1800
RANDOM-CH,S2,1022,middle,probe,delay,0.8766666666666667,1800
RANDOM-CH,S2,1022,middle,data,cost,0.7858823529411765,1700
RANDOM-CH,S2,1022,middle,data,delay,0.758235294117647,1700
RANDOM-CH,S2,1022,late,probe,cost,0.9105621805792163,2348
RANDOM-CH,S2,1022,late,probe,delay,0.9126916524701874,2348
RANDOM-CH,S2,1022,late,data,cost,0.8967156439066551,2314
RANDOM-CH,S2,1022,late,data,delay,0.891961970613656,2314
RANDOM-CH,S2,1023,warmup,probe,cost,0.88875,800
RANDOM-CH,S2,1023,warmup,probe,delay,0.88875,800
RANDOM-CH,S2,1023,warmup,data,cost,0.8653610771113831,817
RANDOM-CH,S2,1023,warmup,data,delay,0.8653610771113831,817
RANDOM-CH,S2,1023,early,probe,cost,0.9,1400
RANDOM-CH,S2,1023,early,probe,delay,0.895,1400
RANDOM-CH,S2,1023,early,data,cost,0.9109653233364574,1067
RANDOM-CH,S2,1023,early,data,delay,0.9109653233364574,1067
RANDOM-CH,S2,1023,middle,probe,cost,0.8827777777777778,1800
RANDOM-CH,S2,1023,middle,probe,delay,0.8822222222222222,1800
RANDOM-CH,S2,1023,middle,data,cost,0.7867965367965368,1848
RANDOM-CH,S2,1023,middle,data,delay,0.7922077922077922,1848
RANDOM-CH,S2,1023,late,probe,cost,0.91110183639399,2396
RANDOM-CH,S2,1023,late,probe,delay,0.9115191986644408,2396
RANDOM-CH,S2,1023,late,data,cost,0.8937699680511182,2504
RANDOM-CH,S2,1023,late,data,delay,0.895367412140575,2504
RANDOM-CH,S2,1024,warmup,probe,cost,0.88375,800
RANDOM-CH,S2,1024,warmup,probe,delay,0.8775,800
RANDOM-CH,S2,1024,warmup,data,cost,0.8819362455726092,847
RANDOM-CH,S2,1024,warmup,data,delay,0.8760330578512396,847
RANDOM-CH,S2,1024,early,probe,cost,0.9007142857142857,1400
RANDOM-CH,S2,1024,early,probe,delay,0.9007142857142857,1400
RANDOM-CH,S2,1024,early,data,cost,0.8760387811634349,1444
RANDOM-CH,S2,1024,early,data,delay,0.8739612188365651,1444
RANDOM-CH,S2,1024,middle,probe,cost,0.8827777777777778,1800
RANDOM-CH,S2,1024,middle,probe,delay,0.8827777777777778,1800
RANDOM-CH,S2,1024,middle,data,cost,0.806799784133837,1853
RANDOM-CH,S2,1024,middle,data,delay,0.7992444684295736,1853
RANDOM-CH,S2,1024,late,probe,cost,0.9079166666666667,2400
RANDOM-CH,S2,1024,late,probe,delay,0.9095833333333333,2400
RANDOM-CH,S2,1024,late,data,cost,0.8784621744522529,2419
RANDOM-CH,S2,1024,late,data,delay,0.8735014468788755,2419
RANDOM-CH,S2,1025,warmup,probe,cost,0.91125,800
RANDOM-CH,S2,1025,warmup,probe,delay,0.8975,800
RANDOM-CH,S2,1025,warmup,data,cost,0.8586698337292161,842
RANDOM-CH,S2,1025,warmup,data,delay,0.8432304038004751,842
RANDOM-CH,S2,1025,early,probe,cost,0.8964285714285715,1400
RANDOM-CH,S2,1025,early,probe,delay,0.8971428571428571,1400
RANDOM-CH,S2,1025,early,data,cost,0.8690744920993227,1329
RANDOM-CH,S2,1025,early,data,delay,0.8615500376222723,1329
RANDOM-CH,S2,1025,middle,probe,cost,0.8827777777777778,1800
RANDOM-CH,S2,1025,middle,probe,delay,0.8783333333333333,1800
RANDOM-CH,S2,1025,middle,data,cost,0.7938764352104976,1829
RANDOM-CH,S2,1025,middle,data,delay,0.7752870420995079,1829
RANDOM-CH,S2,1025,late,probe,cost,0.9091666666666667,2400
RANDOM-CH,S2,1025,late,probe,delay,0.9154166666666667,2400
RANDOM-CH,S2,1025,late,data,cost,0.8787515006002401,2499
RANDOM-CH,S2,1025,late,data,delay,0.879951980792317,2499
RANDOM-CH,S2,1026,warmup,probe,cost,0.88875,800
RANDOM-CH,S2,1026,warmup,probe,delay,0.885,800
RANDOM-CH,S2,1026,warmup,data,cost,0.8736462093862816,831
RANDOM-CH,S2,1026,warmup,data,delay,0.8700361010830325,831
RANDOM-CH,S2,1026,early,probe,cost,0.9085714285714286,1400
RANDOM-CH,S2,1026,early,probe,delay,0.9064285714285715,1400
RANDOM-CH,S2,1026,early,data,cost,0.8865199449793673,1454
RANDOM-CH,S2,1026,early,data,delay,0.8817056396148556,1454
RANDOM-CH,S2,1026,middle,probe,cost,0.8855555555555555,1800
RANDOM-CH,S2,1026,middle,probe,delay,0.8872222222222222,1800
RANDOM-CH,S2,1026,middle,data,cost,0.8038884192730347,1183
RANDOM-CH,S2,1026,middle,data,delay,0.8064243448858833,1183
RANDOM-CH,S2,1026,late,probe,cost,0.9141666666666667,2400
RANDOM-CH,S2,1026,late,probe,delay,0.91625,2400
RANDOM-CH,S2,1026,late,data,cost,0.8794285714285714,1750
RANDOM-CH,S2,1026,late,data,delay,0.88,1750
RANDOM-CH,S2,1027,warmup,probe,cost,0.8975,800
RANDOM-CH,S2,1027,warmup,probe,delay,0.89625,800
RANDOM-CH,S2,1027,warmup,data,cost,0.8845686512758202,823
RANDOM-CH,S2,1027,warmup,data,delay,0.8724179829890644,823
RANDOM-CH,S2,1027,early,probe,cost,0.9021428571428571,1400
RANDOM-CH,S2,1027,early,probe,delay,0.9,1400
RANDOM-CH,S2,1027,early,data,cost,0.8777777777777778,1440
RANDOM-CH,S2,1027,early,data,delay,0.8722222222222222,1440
RANDOM-CH,S2,1027,middle,probe,cost,0.88,1800
RANDOM-CH,S2,1027,middle,probe,delay,0.8761111111111111,1800
RANDOM-CH,S2,1027,middle,data,cost,0.8015061861215708,1859
RANDOM-CH,S2,1027,middle,data,delay,0.78375470683163,1859
RANDOM-CH,S2,1027,late,probe,cost,0.91125,2400
RANDOM-CH,S2,1027,late,probe,delay,0.9116666666666666,2400
RANDOM-CH,S2,1027,late,data,cost,0.8845681539091281,2443
RANDOM-CH,S2,1027,late,data,delay,0.8722881702824397,2443
RANDOM-CH,S2,1028,warmup,probe,cost,0.895,800
RANDOM-CH,S2,1028,warmup,probe,delay,0.8975,800
RANDOM-CH,S2,1028,warmup,data,cost,0.9106280193236715,828
RANDOM-CH,S2,1028,warmup,data,delay,0.9118357487922706,828
RANDOM-CH,S2,1028,early,probe,cost,0.9014285714285715,1400
RANDOM-CH,S2,1028,early,probe,delay,0.8978571428571429,1400
RANDOM-CH,S2,1028,early,data,cost,0.8795098706603132,1469
RANDOM-CH,S2,1028,early,data,delay,0.8727025187202179,1469
RANDOM-CH,S2,1028,middle,probe,cost,0.8827777777777778,1800
RANDOM-CH,S2,1028,middle,probe,delay,0.8811111111111111,1800
RANDOM-CH,S2,1028,middle,data,cost,0.767342582710779,1874
RANDOM-CH,S2,1028,middle,data,delay,0.7705442902881536,1874
RANDOM-CH,S2,1028,late,probe,cost,0.9125,2400
RANDOM-CH,S2,1028,late,probe,delay,0.9179166666666667,2400
RANDOM-CH,S2,1028,late,data,cost,0.8838684106222751,2523
RANDOM-CH,S2,1028,late,data,delay,0.8818866428854538,2523
RANDOM-CH,S2,1029,warmup,probe,cost,0.88375,800
RANDOM-CH,S2,1029,warmup,probe,delay,0.8875,800
RANDOM-CH,S2,1029,warmup,data,cost,0.8843373493975903,830
RANDOM-CH,S2,1029,warmup,data,delay,0.8722891566265061,830
RANDOM-CH,S2,1029,early,probe,cost,0.8992857142857142,1400
RANDOM-CH,S2,1029,early,probe,delay,0.9057142857142857,1400
RANDOM-CH,S2,1029,early,data,cost,0.8856942496493688,1426
RANDOM-CH,S2,1029,early,data,delay,0.8807854137447405,1426
RANDOM-CH,S2,1029,middle,probe,cost,0.8805555555555555,1800
RANDOM-CH,S2,1029,middle,probe,delay,0.8744444444444445,1800
RANDOM-CH,S2,1029,middle,data,cost,0.8049189491335942,1789
RANDOM-CH,S2,1029,middle,data,delay,0.7808831749580771,1789
RANDOM-CH,S2,1029,late,probe,cost,0.9154166666666667,2400
RANDOM-CH,S2,1029,late,probe,delay,0.9133333333333333,2400
RANDOM-CH,S2,1029,late,data,cost,0.8950563746747615,2306
RANDOM-CH,S2,1029,late,data,delay,0.8894189071986123,2306
RANDOM-CH,S3,1000,warmup,probe,cost,0.89,800
RANDOM-CH,S3,1000,warmup,probe,delay,0.8825,800
RANDOM-CH,S3,1000,warmup,data,cost,0.8923076923076924,845
RANDOM-CH,S3,1000,warmup,data,delay,0.8863905325443787,845
RANDOM-CH,S3,1000,early,probe,cost,0.9078571428571428,1400
RANDOM-CH,S3,1000,early,probe,delay,0.91,1400
RANDOM-CH,S3,1000,early,data,cost,0.8983320095313742,1259
RANDOM-CH,S3,1000,early,data,delay,0.8951548848292296,1259
RANDOM-CH,S3,1000,middle,probe,cost,0.9011111111111111,1800
RANDOM-CH,S3,1000,middle,probe,delay,0.8983333333333333,1800
RANDOM-CH,S3,1000,middle,data,cost,0.8673139158576052,1236
RANDOM-CH,S3,1000,middle,data,delay,0.8576051779935275,1236
RANDOM-CH,S3,1000,late,probe,cost,0.8995833333333333,2400
RANDOM-CH,S3,1000,late,probe,delay,0.90375,2400
RANDOM-CH,S3,1000,late,data,cost,0.8749468311356869,4702
RANDOM-CH,S3,1000,late,data,delay,0.8660144619310931,4702
RANDOM-CH,S3,1001,warmup,probe,cost,0.89625,800
RANDOM-CH,S3,1001,warmup,probe,delay,0.895,800
RANDOM-CH,S3,1001,warmup,data,cost,0.8379746835443038,790
RANDOM-CH,S3,1001,warmup,data,delay,0.8354430379746836,790
RANDOM-CH,S3,1001,early,probe,cost,0.8971428571428571,1400
RANDOM-CH,S3,1001,early,probe,delay,0.9007142857142857,1400
RANDOM-CH,S3,1001,early,data,cost,0.873587570621469,1416
RANDOM-CH,S3,1001,early,data,delay,0.8714689265536724,1416
RANDOM-CH,S3,1001,middle,probe,cost,0.8988888888888888,1800
RANDOM-CH,S3,1001,middle,probe,delay,0.8944444444444445,1800
RANDOM-CH,S3,1001,middle,data,cost,0.8788562829194884,2658
RANDOM-CH,S3,1001,middle,data,delay,0.8664409330323551,2658
RANDOM-CH,S3,1001,late,probe,cost,0.9066666666666666,2400
RANDOM-CH,S3,1001,late,probe,delay,0.9079166666666667,2400
RANDOM-CH,S3,1001,late,data,cost,0.8710353866317169,3815
RANDOM-CH,S3,1001,late,data,delay,0.8613368283093054,3815
RANDOM-CH,S3,1002,warmup,probe,cost,0.89875,800
RANDOM-CH,S3,1002,warmup,probe,delay,0.9025,800
RANDOM-CH,S3,1002,warmup,data,cost,0.8808104886769964,839
RANDOM-CH,S3,1002,warmup,data,delay,0.8736591179976162,839
RANDOM-CH,S3,1002,early,probe,cost,0.9057142857142857,1400
RANDOM-CH,S3,1002,early,probe,delay,0.9071428571428571,1400
RANDOM-CH,S3,1002,early,data,cost,0.8725761772853186,1444
RANDOM-CH,S3,1002,early,data,delay,0.8691135734072022,1444
RANDOM-CH,S3,1002,middle,probe,cost,0.8988888888888888,1800
RANDOM-CH,S3,1002,middle,probe,delay,0.8927777777777778,1800
RANDOM-CH,S3,1002,middle,data,cost,0.8724173553719008,1936
RANDOM-CH,S3,1002,middle,data,delay,0.8615702479338843,1936
RANDOM-CH,S3,1002,late,probe,cost,0.8995833333333333,2400
RANDOM-CH,S3,1002,late,probe,delay,0.9033333333333333,2400
RANDOM-CH,S3,1002,late,data,cost,0.867694283879255,4671
RANDOM-CH,S3,1002,late,data,delay,0.8659815885249411,4671
RANDOM-CH,S3,1003,warmup,probe,cost,0.8775,800
RANDOM-CH,S3,1003,warmup,probe,delay,0.88,800
RANDOM-CH,S3,1003,warmup,data,cost,0.8806682577565632,419
RANDOM-CH,S3,1003,warmup,data,delay,0.8496420047732697,419
RANDOM-CH,S3,1003,early,probe,cost,0.9035714285714286,1400
RANDOM-CH,S3,1003,early,probe,delay,0.8985714285714286,1400
RANDOM-CH,S3,1003,early,data,cost,0.8714057507987221,1252
RANDOM-CH,S3,1003,early,data,delay,0.8690095846645367,1252
RANDOM-CH,S3,1003,middle,probe,cost,0.905,1800
RANDOM-CH,S3,1003,middle,probe,delay,0.8988888888888888,1800
RANDOM-CH,S3,1003,middle,data,cost,0.8492929292929293,2475
RANDOM-CH,S3,1003,middle,data,delay,0.8424242424242424,2475
RANDOM-CH,S3,1003,late,probe,cost,0.8979166666666667,2400
RANDOM-CH,S3,1003,late,probe,delay,0.9004166666666666,2400
RANDOM-CH,S3,1003,late,data,cost,0.8554476806903991,4635
RANDOM-CH,S3,1003,late,data,delay,0.8541531823085221,4635
RANDOM-CH,S3,1004,warmup,probe,cost,0.90375,800
RANDOM-CH,S3,1004,warmup,probe,delay,0.89375,800
RANDOM-CH,S3,1004,warmup,data,cost,0.8923476005188068,771
RANDOM-CH,S3,1004,warmup,data,delay,0.8884565499351491,771
RANDOM-CH,S3,1004,early,probe,cost,0.9042857142857142,1400
RANDOM-CH,S3,1004,early,probe,delay,0.9035714285714286,1400
RANDOM-CH,S3,1004,early,data,cost,0.8788487282463187,1494
RANDOM-CH,S3,1004,early,data,delay,0.8748326639892905,1494
RANDOM-CH,S3,1004,middle,probe,cost,0.8966666666666666,1800
RANDOM-CH,S3,1004,middle,probe,delay,0.8927777777777778,1800
RANDOM-CH,S3,1004,middle,data,cost,0.8725925925925926,2700
RANDOM-CH,S3,1004,middle,data,delay,0.8659259259259259,2700
RANDOM-CH,S3,1004,late,probe,cost,0.9029166666666667,2400
RANDOM-CH,S3,1004,late,probe,delay,0.9025,2400
RANDOM-CH,S3,1004,late,data,cost,0.8554629035706649,4677
RANDOM-CH,S3,1004,late,data,delay,0.8569595894804362,4677
RANDOM-CH,S3,1005,warmup,probe,cost,0.895,800
RANDOM-CH,S3,1005,warmup,probe,delay,0.89375,800
RANDOM-CH,S3,1005,warmup,data,cost,0.8781362007168458,837
RANDOM-CH,S3,1005,warmup,data,delay,0.8697729988052568,837
RANDOM-CH,S3,1005,early,probe,cost,0.8992857142857142,1400
RANDOM-CH,S3,1005,early,probe,delay,0.8957142857142857,1400
RANDOM-CH,S3,1005,early,data,cost,0.877221324717286,1238
RANDOM-CH,S3,1005,early,data,delay,0.869951534733441,1238
RANDOM-CH,S3,1005,middle,probe,cost,0.9005555555555556,1800
RANDOM-CH,S3,1005,middle,probe,delay,0.8966666666666666,1800
RANDOM-CH,S3,1005,middle,data,cost,0.8884493670886076,2528
RANDOM-CH,S3,1005,middle,data,delay,0.8761867088607594,2528
RANDOM-CH,S3,1005,late,probe,cost,0.9025332760841563,2329
RANDOM-CH,S3,1005,late,probe,delay,0.9042507513954486,2329
RANDOM-CH,S3,1005,late,data,cost,0.8783638320775027,4645
RANDOM-CH,S3,1005,late,data,delay,0.8734122712594188,4645
RANDOM-CH,S3,1006,warmup,probe,cost,0.91,800
RANDOM-CH,S3,1006,warmup,probe,delay,0.90625,800
RANDOM-CH,S3,1006,warmup,data,cost,0.8838630806845966,818
RANDOM-CH,S3,1006,warmup,data,delay,0.8704156479217604,818
RANDOM-CH,S3,1006,early,probe,cost,0.8928571428571429,1400
RANDOM-CH,S3,1006,early,probe,delay,0.8964285714285715,1400
RANDOM-CH,S3,1006,early,data,cost,0.8709677419354839,1457
RANDOM-CH,S3,1006,early,data,delay,0.8668496911461908,1457
RANDOM-CH,S3,1006,middle,probe,cost,0.9,1800
RANDOM-CH,S3,1006,middle,probe,delay,0.8933333333333333,1800
RANDOM-CH,S3,1006,middle,data,cost,0.8688674919761578,2181
RANDOM-CH,S3,1006,middle,data,delay,0.8638239339752407,2181
RANDOM-CH,S3,1006,late,probe,cost,0.9033333333333333,2400
RANDOM-CH,S3,1006,late,probe,delay,0.9058333333333334,2400
RANDOM-CH,S3,1006,late,data,cost,0.8642765685019206,4686
RANDOM-CH,S3,1006,late,data,delay,0.8642765685019206,4686
RANDOM-CH,S3,1007,warmup,probe,cost,0.89,800
RANDOM-CH,S3,1007,warmup,probe,delay,0.905,800
RANDOM-CH,S3,1007,warmup,data,cost,0.8843373493975903,830
RANDOM-CH,S3,1007,warmup,data,delay,0.880722891566265,830
RANDOM-CH,S3,1007,early,probe,cost,0.9114285714285715,1400
RANDOM-CH,S3,1007,early,probe,delay,0.9071428571428571,1400
RANDOM-CH,S3,1007,early,data,cost,0.882306477093207,1266
RANDOM-CH,S3,1007,early,data,delay,0.882306477093207,1266
RANDOM-CH,S3,1007,middle,probe,cost,0.8938888888888888,1800
RANDOM-CH,S3,1007,middle,probe,delay,0.8922222222222222,1800
RANDOM-CH,S3,1007,middle,data,cost,0.880163599182004,2445
RANDOM-CH,S3,1007,middle,data,delay,0.8662576687116564,2445
RANDOM-CH,S3,1007,late,probe,cost,0.9008547008547009,2340
RANDOM-CH,S3,1007,late,probe,delay,0.902991452991453,2340
RANDOM-CH,S3,1007,late,data,cost,0.8761368557817237,4618
RANDOM-CH,S3,1007,late,data,delay,0.8733217843222174,4618
RANDOM-CH,S3,1008,warmup,probe,cost,0.89375,800
RANDOM-CH,S3,1008,warmup,probe,delay,0.89,800
RANDOM-CH,S3,1008,warmup,data,cost,0.8833333333333333,840
RANDOM-CH,S3,1008,warmup,data,delay,0.8833333333333333,840
RANDOM-CH,S3,1008,early,probe,cost,0.9021428571428571,1400
RANDOM-CH,S3,1008,early,probe,delay,0.8992857142857142,1400
RANDOM-CH,S3,1008,early,data,cost,0.8619986403806934,1471
RANDOM-CH,S3,1008,early,data,delay,0.8626784500339905,1471
RANDOM-CH,S3,1008,middle,probe,cost,0.9033333333333333,1800
RANDOM-CH,S3,1008,middle,probe,delay,0.8988888888888888,1800
RANDOM-CH,S3,1008,middle,data,cost,0.8777720474471377,1939
RANDOM-CH,S3,1008,middle,data,delay,0.8633316142341413,1939
RANDOM-CH,S3,1008,late,probe,cost,0.899874319229158,2387
RANDOM-CH,S3,1008,late,probe,delay,0.8994553833263511,2387
RANDOM-CH,S3,1008,late,data,cost,0.852814831562288,4423
RANDOM-CH,S3,1008,late,data,delay,0.8571105584444947,4423
RANDOM-CH,S3,1009,warmup,probe,cost,0.9075,800
RANDOM-CH,S3,1009,warmup,probe,delay,0.8975,800
RANDOM-CH,S3,1009,warmup,data,cost,0.85125,800
RANDOM-CH,S3,1009,warmup,data,delay,0.83875,800
RANDOM-CH,S3,1009,early,probe,cost,0.8942857142857142,1400
RANDOM-CH,S3,1009,early,probe,delay,0.8985714285714286,1400
RANDOM-CH,S3,1009,early,data,cost,0.8804123711340206,1455
RANDOM-CH,S3,1009,early,data,delay,0.8769759450171821,1455
RANDOM-CH,S3,1009,middle,probe,cost,0.9011111111111111,1800
RANDOM-CH,S3,1009,middle,probe,delay,0.8977777777777778,1800
RANDOM-CH,S3,1009,middle,data,cost,0.8740534077321642,2509
RANDOM-CH,S3,1009,middle,data,delay,0.8561179752889597,2509
RANDOM-CH,S3,1009,late,probe,cost,0.8975650713685979,2382
RANDOM-CH,S3,1009,late,probe,delay,0.9009235936188077,2382
RANDOM-CH,S3,1009,late,data,cost,0.876409666283084,4345
RANDOM-CH,S3,1009,late,data,delay,0.8736478711162255,4345
RANDOM-CH,S3,1010,warmup,probe,cost,0.8925,800
RANDOM-CH,S3,1010,warmup,probe,delay,0.88625,800
RANDOM-CH,S3,1010,warmup,data,cost,0.9103448275862069,290
RANDOM-CH,S3,1010,warmup,data,delay,0.9206896551724137,290
RANDOM-CH,S3,1010,early,probe,cost,0.8971428571428571,1400
RANDOM-CH,S3,1010,early,probe,delay,0.8992857142857142,1400
RANDOM-CH,S3,1010,early,data,cost,0.867966991747937,1333
RANDOM-CH,S3,1010,early,data,delay,0.8709677419354839,1333
RANDOM-CH,S3,1010,middle,probe,cost,0.9066666666666666,1800
RANDOM-CH,S3,1010,middle,probe,delay,0.9005555555555556,1800
RANDOM-CH,S3,1010,middle,data,cost,0.8634185303514377,2504
RANDOM-CH,S3,1010,middle,data,delay,0.8502396166134185,2504
RANDOM-CH,S3,1010,late,probe,cost,0.9032258064516129,2387
RANDOM-CH,S3,1010,late,probe,delay,0.9023879346459992,2387
RANDOM-CH,S3,1010,late,data,cost,0.8645326504481434,3905
RANDOM-CH,S3,1010,late,data,delay,0.863764404609475,3905
RANDOM-CH,S3,1011,warmup,probe,cost,0.885,800
RANDOM-CH,S3,1011,warmup,probe,delay,0.89625,800
RANDOM-CH,S3,1011,warmup,data,cost,0.8709239130434783,736
RANDOM-CH,S3,1011,warmup,data,delay,0.8953804347826086,736
RANDOM-CH,S3,1011,early,probe,cost,0.8978571428571429,1400
RANDOM-CH,S3,1011,early,probe,delay,0.8978571428571429,1400
RANDOM-CH,S3,1011,early,data,cost,0.8831548198636806,1027
RANDOM-CH,S3,1011,early,data,delay,0.8773125608568647,1027
RANDOM-CH,S3,1011,middle,probe,cost,0.9055555555555556,1800
RANDOM-CH,S3,1011,middle,probe,delay,0.9,1800
RANDOM-CH,S3,1011,middle,data,cost,0.8732540093119503,1933
RANDOM-CH,S3,1011,middle,data,delay,0.8608380755302638,1933
RANDOM-CH,S3,1011,late,probe,cost,0.8995833333333333,2400
RANDOM-CH,S3,1011,late,probe,delay,0.9004166666666666,2400
RANDOM-CH,S3,1011,late,data,cost,0.8737139917695473,3888
RANDOM-CH,S3,1011,late,data,delay,0.8667695473251029,3888
RANDOM-CH,S3,1012,warmup,probe,cost,0.895,800
RANDOM-CH,S3,1012,warmup,probe,delay,0.90125,800
RANDOM-CH,S3,1012,warmup,data,cost,0.8724179829890644,823
RANDOM-CH,S3,1012,warmup,data,delay,0.8541919805589308,823
RANDOM-CH,S3,1012,early,probe,cost,0.8971428571428571,1400
RANDOM-CH,S3,1012,early,probe,delay,0.8985714285714286,1400
RANDOM-CH,S3,1012,early,data,cost,0.8635714285714285,1400
RANDOM-CH,S3,1012,early,data,delay,0.8657142857142858,1400
RANDOM-CH,S3,1012,middle,probe,cost,0.9038888888888889,1800
RANDOM-CH,S3,1012,middle,probe,delay,0.9,1800
RANDOM-CH,S3,1012,middle,data,cost,0.889644746787604,2646
RANDOM-CH,S3,1012,middle,data,delay,0.8786848072562359,2646
RANDOM-CH,S3,1012,late,probe,cost,0.8935891844744875,2293
RANDOM-CH,S3,1012,late,probe,delay,0.8957697339729612,2293
RANDOM-CH,S3,1012,late,data,cost,0.8780295047418335,3796
RANDOM-CH,S3,1012,late,data,delay,0.8703898840885143,3796
RANDOM-CH,S3,1013,warmup,probe,cost,0.90375,800
RANDOM-CH,S3,1013,warmup,probe,delay,0.89,800
RANDOM-CH,S3,1013,warmup,data,cost,0.8936170212765957,846
RANDOM-CH,S3,1013,warmup,data,delay,0.8829787234042553,846
RANDOM-CH,S3,1013,early,probe,cost,0.8985714285714286,1400
RANDOM-CH,S3,1013,early,probe,delay,0.8992857142857142,1400
RANDOM-CH,S3,1013,early,data,cost,0.8850806451612904,1488
RANDOM-CH,S3,1013,early,data,delay,0.8797043010752689,1488
RANDOM-CH,S3,1013,middle,probe,cost,0.9033333333333333,1800
RANDOM-CH,S3,1013,middle,probe,delay,0.8922222222222222,1800
RANDOM-CH,S3,1013,middle,data,cost,0.8666666666666667,2190
RANDOM-CH,S3,1013,middle,data,delay,0.8689497716894977,2190
RANDOM-CH,S3,1013,late,probe,cost,0.8986175115207373,2387
RANDOM-CH,S3,1013,late,probe,delay,0.9011311269375786,2387
RANDOM-CH,S3,1013,late,data,cost,0.8782214670065137,3531
RANDOM-CH,S3,1013,late,data,delay,0.8762390257717361,3531
RANDOM-CH,S3,1014,warmup,probe,cost,0.8975,800
RANDOM-CH,S3,1014,warmup,probe,delay,0.9025,800
RANDOM-CH,S3,1014,warmup,data,cost,0.8869987849331713,823
RANDOM-CH,S3,1014,warmup,data,delay,0.8626974483596598,823
RANDOM-CH,S3,1014,early,probe,cost,0.8971428571428571,1400
RANDOM-CH,S3,1014,early,probe,delay,0.8971428571428571,1400
RANDOM-CH,S3,1014,early,data,cost,0.8861185983827493,1484
RANDOM-CH,S3,1014,early,data,delay,0.8901617250673854,1484
RANDOM-CH,S3,1014,middle,probe,cost,0.9022222222222223,1800
RANDOM-CH,S3,1014,middle,probe,delay,0.8983333333333333,1800
RANDOM-CH,S3,1014,middle,data,cost,0.8686041751944331,2443
RANDOM-CH,S3,1014,middle,data,delay,0.8620548505935326,2443
RANDOM-CH,S3,1014,late,probe,cost,0.90125,2400
RANDOM-CH,S3,1014,late,probe,delay,0.8995833333333333,2400
RANDOM-CH,S3,1014,late,data,cost,0.8781857451403887,4630
RANDOM-CH,S3,1014,late,data,delay,0.8803455723542116,4630
RANDOM-CH,S3,1015,warmup,probe,cost,0.8975,800
RANDOM-CH,S3,1015,warmup,probe,delay,0.89625,800
RANDOM-CH,S3,1015,warmup,data,cost,0.884004884004884,819
RANDOM-CH,S3,1015,warmup,data,delay,0.884004884004884,819
RANDOM-CH,S3,1015,early,probe,cost,0.9035714285714286,1400
RANDOM-CH,S3,1015,early,probe,delay,0.9035714285714286,1400
RANDOM-CH,S3,1015,early,data,cost,0.8922670191672174,1513
RANDOM-CH,S3,1015,early,data,delay,0.8869795109054858,1513
RANDOM-CH,S3,1015,middle,probe,cost,0.8916666666666667,1800
RANDOM-CH,S3,1015,middle,probe,delay,0.8888888888888888,1800
RANDOM-CH,S3,1015,middle,data,cost,0.870045731707317,2624
RANDOM-CH,S3,1015,middle,data,delay,0.8608993902439024,2624
RANDOM-CH,S3,1015,late,probe,cost,0.9016666666666666,2400
RANDOM-CH,S3,1015,late,probe,delay,0.90625,2400
RANDOM-CH,S3,1015,late,data,cost,0.8817272920655179,4701
RANDOM-CH,S3,1015,late,data,delay,0.8742820676451819,4701
RANDOM-CH,S3,1016,warmup,probe,cost,0.9175,800
RANDOM-CH,S3,1016,warmup,probe,delay,0.9125,800
RANDOM-CH,S3,1016,warmup,data,cost,0.8896969696969697,825
RANDOM-CH,S3,1016,warmup,data,delay,0.88,825
RANDOM-CH,S3,1016,early,probe,cost,0.9035714285714286,1400
RANDOM-CH,S3,1016,early,probe,delay,0.9035714285714286,1400
RANDOM-CH,S3,1016,early,data,cost,0.8654891304347826,1472
RANDOM-CH,S3,1016,early,data,delay,0.8566576086956522,1472
RANDOM-CH,S3,1016,middle,probe,cost,0.8977777777777778,1800
RANDOM-CH,S3,1016,middle,probe,delay,0.8966666666666666,1800
RANDOM-CH,S3,1016,middle,data,cost,0.8523158694001519,2634
RANDOM-CH,S3,1016,middle,data,delay,0.8519362186788155,2634
RANDOM-CH,S3,1016,late,probe,cost,0.9,2400
RANDOM-CH,S3,1016,late,probe,delay,0.9016666666666666,2400
RANDOM-CH,S3,1016,late,data,cost,0.8752297794117647,4352
RANDOM-CH,S3,1016,late,data,delay,0.8738511029411765,4352
RANDOM-CH,S3,1017,warmup,probe,cost,0.89375,800
RANDOM-CH,S3,1017,warmup,probe,delay,0.895,800
RANDOM-CH,S3,1017,warmup,data,cost,0.8485576923076923,832
RANDOM-CH,S3,1017,warmup,data,delay,0.8665865384615384,832
RANDOM-CH,S3,1017,early,probe,cost,0.8992857142857142,1400
RANDOM-CH,S3,1017,early,probe,delay,0.9007142857142857,1400
RANDOM-CH,S3,1017,early,data,cost,0.8879248011569053,1383
RANDOM-CH,S3,1017,early,data,delay,0.8872017353579176,1383
RANDOM-CH,S3,1017,middle,probe,cost,0.9005555555555556,1800
RANDOM-CH,S3,1017,middle,probe,delay,0.8966666666666666,1800
RANDOM-CH,S3,1017,middle,data,cost,0.8841786525359576,2642
RANDOM-CH,S3,1017,middle,data,delay,0.8750946252838758,2642
RANDOM-CH,S3,1017,late,probe,cost,0.9008333333333334,2400
RANDOM-CH,S3,1017,late,probe,delay,0.90125,2400
RANDOM-CH,S3,1017,late,data,cost,0.8782081194587028,4286
RANDOM-CH,S3,1017,late,data,delay,0.8828744750349977,4286
RANDOM-CH,S3,1018,warmup,probe,cost,0.90125,800
RANDOM-CH,S3,1018,warmup,probe,delay,0.9025,800
RANDOM-CH,S3,1018,warmup,data,cost,0.8974970202622169,839
RANDOM-CH,S3,1018,warmup,data,delay,0.8939213349225268,839
RANDOM-CH,S3,1018,early,probe,cost,0.9035714285714286,1400
RANDOM-CH,S3,1018,early,probe,delay,0.9014285714285715,1400
RANDOM-CH,S3,1018,early,data,cost,0.8701388888888889,1440
RANDOM-CH,S3,1018,early,data,delay,0.8666666666666667,1440
RANDOM-CH,S3,1018,middle,probe,cost,0.9077777777777778,1800
RANDOM-CH,S3,1018,middle,probe,delay,0.8983333333333333,1800
RANDOM-CH,S3,1018,middle,data,cost,0.8637532133676092,2723
RANDOM-CH,S3,1018,middle,data,delay,0.8516342269555637,2723
RANDOM-CH,S3,1018,late,probe,cost,0.8981052631578947,2375
RANDOM-CH,S3,1018,late,probe,delay,0.904,2375
RANDOM-CH,S3,1018,late,data,cost,0.8828943192637257,3151
RANDOM-CH,S3,1018,late,data,delay,0.879086004443034,3151
RANDOM-CH,S3,1019,warmup,probe,cost,0.8825,800
RANDOM-CH,S3,1019,warmup,probe,delay,0.88875,800
RANDOM-CH,S3,1019,warmup,data,cost,0.8555691554467564,817
RANDOM-CH,S3,1019,warmup,data,delay,0.8567931456548348,817
RANDOM-CH,S3,1019,early,probe,cost,0.8928571428571429,1400
RANDOM-CH,S3,1019,early,probe,delay,0.8935714285714286,1400
RANDOM-CH,S3,1019,early,data,cost,0.8650176678445229,1415
RANDOM-CH,S3,1019,early,data,delay,0.8621908127208481,1415
RANDOM-CH,S3,1019,middle,probe,cost,0.9016666666666666,1800
RANDOM-CH,S3,1019,middle,probe,delay,0.8966666666666666,1800
RANDOM-CH,S3,1019,middle,data,cost,0.8720062819002748,2547
RANDOM-CH,S3,1019,middle,data,delay,0.861798193953671,2547
RANDOM-CH,S3,1019,late,probe,cost,0.9066666666666666,2400
RANDOM-CH,S3,1019,late,probe,delay,0.9058333333333334,2400
RANDOM-CH,S3,1019,late,data,cost,0.866608921611087,4618
RANDOM-CH,S3,1019,late,data,delay,0.8588133391078389,4618
RANDOM-CH,S3,1020,warmup,probe,cost,0.90125,800
RANDOM-CH,S3,1020,warmup,probe,delay,0.90375,800
RANDOM-CH,S3,1020,warmup,data,cost,0.8575,800
RANDOM-CH,S3,1020,warmup,data,delay,0.86625,800
RANDOM-CH,S3,1020,early,probe,cost,0.8964285714285715,1400
RANDOM-CH,S3,1020,early,probe,delay,0.8992857142857142,1400
RANDOM-CH,S3,1020,early,data,cost,0.885480572597137,1467
RANDOM-CH,S3,1020,early,data,delay,0.8820722563053851,1467
RANDOM-CH,S3,1020,middle,probe,cost,0.8944444444444445,1800
RANDOM-CH,S3,1020,middle,probe,delay,0.8905555555555555,1800
RANDOM-CH,S3,1020,middle,data,cost,0.8758290346352248,2714
RANDOM-CH,S3,1020,middle,data,delay,0.871039056742815,2714
RANDOM-CH,S3,1020,late,probe,cost,0.9004166666666666,2400
RANDOM-CH,S3,1020,late,probe,delay,0.9025,2400
RANDOM-CH,S3,1020,late,data,cost,0.8791185280273855,4674
RANDOM-CH,S3,1020,late,data,delay,0.8688489516474112,4674
RANDOM-CH,S3,1021,warmup,probe,cost,0.8875,800
RANDOM-CH,S3,1021,warmup,probe,delay,0.88375,800
RANDOM-CH,S3,1021,warmup,data,cost,0.868421052631579,836
RANDOM-CH,S3,1021,warmup,data,delay,0.861244019138756,836
RANDOM-CH,S3,1021,early,probe,cost,0.9,1400
RANDOM-CH,S3,1021,early,probe,delay,0.9042857142857142,1400
RANDOM-CH,S3,1021,early,data,cost,0.8555783709787816,1461
RANDOM-CH,S3,1021,early,data,delay,0.8494182067077344,1461
RANDOM-CH,S3,1021,middle,probe,cost,0.9027777777777778,1800
RANDOM-CH,S3,1021,middle,probe,delay,0.8933333333333333,1800
RANDOM-CH,S3,1021,middle,data,cost,0.8621291448516579,2292
RANDOM-CH,S3,1021,middle,data,delay,0.8481675392670157,2292
RANDOM-CH,S3,1021,late,probe,cost,0.8975,2400
RANDOM-CH,S3,1021,late,probe,delay,0.9025,2400
RANDOM-CH,S3,1021,late,data,cost,0.8778625954198473,4454
RANDOM-CH,S3,1021,late,data,delay,0.8718006286484059,4454
RANDOM-CH,S3,1022,warmup,probe,cost,0.9075,800
RANDOM-CH,S3,1022,warmup,probe,delay,0.90375,800
RANDOM-CH,S3,1022,warmup,data,cost,0.8909952606635071,844
RANDOM-CH,S3,1022,warmup,data,delay,0.8874407582938388,844
RANDOM-CH,S3,1022,early,probe,cost,0.9014285714285715,1400
RANDOM-CH,S3,1022,early,probe,delay,0.9028571428571428,1400
RANDOM-CH,S3,1022,early,data,cost,0.8766846361185984,1484
RANDOM-CH,S3,1022,early,data,delay,0.8726415094339622,1484
RANDOM-CH,S3,1022,middle,probe,cost,0.8961111111111111,1800
RANDOM-CH,S3,1022,middle,probe,delay,0.8894444444444445,1800
RANDOM-CH,S3,1022,middle,data,cost,0.8766447368421053,2432
RANDOM-CH,S3,1022,middle,data,delay,0.8675986842105263,2432
RANDOM-CH,S3,1022,late,probe,cost,0.8976926425772747,2297
RANDOM-CH,S3,1022,late,probe,delay,0.9007400957771006,2297
RANDOM-CH,S3,1022,late,data,cost,0.8546216633575998,4533
RANDOM-CH,S3,1022,late,data,delay,0.8541804544451798,4533
RANDOM-CH,S3,1023,warmup,probe,cost,0.87875,800
RANDOM-CH,S3,1023,warmup,probe,delay,0.88625,800
RANDOM-CH,S3,1023,warmup,data,cost,0.8574908647990256,821
RANDOM-CH,S3,1023,warmup,data,delay,0.8550548112058465,821
RANDOM-CH,S3,1023,early,probe,cost,0.9021428571428571,1400
RANDOM-CH,S3,1023,early,probe,delay,0.9021428571428571,1400
RANDOM-CH,S3,1023,early,data,cost,0.8930581613508443,1066
RANDOM-CH,S3,1023,early,data,delay,0.8930581613508443,1066
RANDOM-CH,S3,1023,middle,probe,cost,0.9005555555555556,1800
RANDOM-CH,S3,1023,middle,probe,delay,0.8994444444444445,1800
RANDOM-CH,S3,1023,middle,data,cost,0.8591027067111605,2697
RANDOM-CH,S3,1023,middle,data,delay,0.8520578420467185,2697
RANDOM-CH,S3,1023,late,probe,cost,0.901625677365569,2399
RANDOM-CH,S3,1023,late,probe,delay,0.9020425177157149,2399
RANDOM-CH,S3,1023,late,data,cost,0.8716347189317252,4643
RANDOM-CH,S3,1023,late,data,delay,0.872280852896834,4643
RANDOM-CH,S3,1024,warmup,probe,cost,0.88625,800
RANDOM-CH,S3,1024,warmup,probe,delay,0.88,800
RANDOM-CH,S3,1024,warmup,data,cost,0.8640661938534279,846
RANDOM-CH,S3,1024,warmup,data,delay,0.8652482269503546,846
RANDOM-CH,S3,1024,early,probe,cost,0.8992857142857142,1400
RANDOM-CH,S3,1024,early,probe,delay,0.9007142857142857,1400
RANDOM-CH,S3,1024,early,data,cost,0.8730929264909847,1442
RANDOM-CH,S3,1024,early,data,delay,0.8765603328710125,1442
RANDOM-CH,S3,1024,middle,probe,cost,0.9022222222222223,1800
RANDOM-CH,S3,1024,middle,probe,delay,0.8961111111111111,1800
RANDOM-CH,S3,1024,middle,data,cost,0.8768724881256851,2737
RANDOM-CH,S3,1024,middle,data,delay,0.8684691267811473,2737
RANDOM-CH,S3,1024,late,probe,cost,0.9004166666666666,2400
RANDOM-CH,S3,1024,late,probe,delay,0.90875,2400
RANDOM-CH,S3,1024,late,data,cost,0.8778659611992945,4536
RANDOM-CH,S3,1024,late,data,delay,0.8714726631393298,4536
RANDOM-CH,S3,1025,warmup,probe,cost,0.9075,800
RANDOM-CH,S3,1025,warmup,probe,delay,0.89375,800
RANDOM-CH,S3,1025,warmup,data,cost,0.8420427553444181,842
RANDOM-CH,S3,1025,warmup,data,delay,0.833729216152019,842
RANDOM-CH,S3,1025,early,probe,cost,0.8957142857142857,1400
RANDOM-CH,S3,1025,early,probe,delay,0.8964285714285715,1400
RANDOM-CH,S3,1025,early,data,cost,0.8614457831325302,1328
RANDOM-CH,S3,1025,early,data,delay,0.8516566265060241,1328
RANDOM-CH,S3,1025,middle,probe,cost,0.9011111111111111,1800
RANDOM-CH,S3,1025,middle,probe,delay,0.8966666666666666,1800
RANDOM-CH,S3,1025,middle,data,cost,0.873218304576144,2666
RANDOM-CH,S3,1025,middle,data,delay,0.8589647411852963,2666
RANDOM-CH,S3,1025,late,probe,cost,0.9,2400
RANDOM-CH,S3,1025,late,probe,delay,0.9033333333333333,2400
RANDOM-CH,S3,1025,late,data,cost,0.8714438502673797,4675
RANDOM-CH,S3,1025,late,data,delay,0.8682352941176471,4675
RANDOM-CH,S3,1026,warmup,probe,cost,0.88625,800
RANDOM-CH,S3,1026,warmup,probe,delay,0.88625,800
RANDOM-CH,S3,1026,warmup,data,cost,0.8664259927797834,831
RANDOM-CH,S3,1026,warmup,data,delay,0.8700361010830325,831
RANDOM-CH,S3,1026,early,probe,cost,0.9057142857142857,1400
RANDOM-CH,S3,1026,early,probe,delay,0.9035714285714286,1400
RANDOM-CH,S3,1026,early,data,cost,0.8789546079779917,1454
RANDOM-CH,S3,1026,early,data,delay,0.874828060522696,1454
RANDOM-CH,S3,1026,middle,probe,cost,0.8966666666666666,1800
RANDOM-CH,S3,1026,middle,probe,delay,0.8933333333333333,1800
RANDOM-CH,S3,1026,middle,data,cost,0.8908094435075885,2372
RANDOM-CH,S3,1026,middle,data,delay,0.8857504215851602,2372
RANDOM-CH,S3,1026,late,probe,cost,0.9045833333333333,2400
RANDOM-CH,S3,1026,late,probe,delay,0.9070833333333334,2400
RANDOM-CH,S3,1026,late,data,cost,0.8880616174582798,3895
RANDOM-CH,S3,1026,late,data,delay,0.8836970474967908,3895
RANDOM-CH,S3,1027,warmup,probe,cost,0.89625,800
RANDOM-CH,S3,1027,warmup,probe,delay,0.88875,800
RANDOM-CH,S3,1027,warmup,data,cost,0.8687727825030377,823
RANDOM-CH,S3,1027,warmup,data,delay,0.8614823815309842,823
RANDOM-CH,S3,1027,early,probe,cost,0.9035714285714286,1400
RANDOM-CH,S3,1027,early,probe,delay,0.9028571428571428,1400
RANDOM-CH,S3,1027,early,data,cost,0.8825573314801946,1439
RANDOM-CH,S3,1027,early,data,delay,0.8749131341209173,1439
RANDOM-CH,S3,1027,middle,probe,cost,0.8972222222222223,1800
RANDOM-CH,S3,1027,middle,probe,delay,0.8955555555555555,1800
RANDOM-CH,S3,1027,middle,data,cost,0.87444279346211,2692
RANDOM-CH,S3,1027,middle,data,delay,0.8644130757800892,2692
RANDOM-CH,S3,1027,late,probe,cost,0.90125,2400
RANDOM-CH,S3,1027,late,probe,delay,0.9,2400
RANDOM-CH,S3,1027,late,data,cost,0.8714686219538494,4637
RANDOM-CH,S3,1027,late,data,delay,0.8639206383437568,4637
RANDOM-CH,S3,1028,warmup,probe,cost,0.90125,800
RANDOM-CH,S3,1028,warmup,probe,delay,0.89625,800
RANDOM-CH,S3,1028,warmup,data,cost,0.9068923821039904,827
RANDOM-CH,S3,1028,warmup,data,delay,0.8996372430471584,827
RANDOM-CH,S3,1028,early,probe,cost,0.8985714285714286,1400
RANDOM-CH,S3,1028,early,probe,delay,0.9014285714285715,1400
RANDOM-CH,S3,1028,early,data,cost,0.8815520762423418,1469
RANDOM-CH,S3,1028,early,data,delay,0.8699795779441797,1469
RANDOM-CH,S3,1028,middle,probe,cost,0.9022222222222223,1800
RANDOM-CH,S3,1028,middle,probe,delay,0.8938888888888888,1800
RANDOM-CH,S3,1028,middle,data,cost,0.8646755162241888,2712
RANDOM-CH,S3,1028,middle,data,delay,0.8550884955752213,2712
RANDOM-CH,S3,1028,late,probe,cost,0.9,2400
RANDOM-CH,S3,1028,late,probe,delay,0.9045833333333333,2400
RANDOM-CH,S3,1028,late,data,cost,0.8719965050240279,4578
RANDOM-CH,S3,1028,late,data,delay,0.8641328090869376,4578
RANDOM-CH,S3,1029,warmup,probe,cost,0.88125,800
RANDOM-CH,S3,1029,warmup,probe,delay,0.8825,800
RANDOM-CH,S3,1029,warmup,data,cost,0.8662650602409638,830
RANDOM-CH,S3,1029,warmup,data,delay,0.8542168674698796,830
RANDOM-CH,S3,1029,early,probe,cost,0.9035714285714286,1400
RANDOM-CH,S3,1029,early,probe,delay,0.9035714285714286,1400
RANDOM-CH,S3,1029,early,data,cost,0.8813202247191011,1424
RANDOM-CH,S3,1029,early,data,delay,0.8679775280898876,1424
RANDOM-CH,S3,1029,middle,probe,cost,0.895,1800
RANDOM-CH,S3,1029,middle,probe,delay,0.8911111111111111,1800
RANDOM-CH,S3,1029,middle,data,cost,0.8631498470948012,2616
RANDOM-CH,S3,1029,middle,data,delay,0.8486238532110092,2616
RANDOM-CH,S3,1029,late,probe,cost,0.9075,2400
RANDOM-CH,S3,1029,late,probe,delay,0.9054166666666666,2400
RANDOM-CH,S3,1029,late,data,cost,0.8698275862068966,4640
RANDOM-CH,S3,1029,late,data,delay,0.865948275862069,4640
RANDOM-CH,S4,1000,warmup,probe,cost,0.89875,800
RANDOM-CH,S4,1000,warmup,probe,delay,0.88375,800
RANDOM-CH,S4,1000,warmup,data,cost,0.8852071005917159,845
RANDOM-CH,S4,1000,warmup,data,delay,0.8686390532544379,845
RANDOM-CH,S4,1000,early,probe,cost,0.9078571428571428,1400
RANDOM-CH,S4,1000,early,probe,delay,0.9114285714285715,1400
RANDOM-CH,S4,1000,early,data,cost,0.891977760127085,1259
RANDOM-CH,S4,1000,early,data,delay,0.8927720413026211,1259
RANDOM-CH,S4,1000,middle,probe,cost,0.901213171577123,1731
RANDOM-CH,S4,1000,middle,probe,delay,0.901213171577123,1731
RANDOM-CH,S4,1000,middle,data,cost,0.8676236044657097,1254
RANDOM-CH,S4,1000,middle,data,delay,0.8700159489633174,1254
RANDOM-CH,S4,1000,late,probe,cost,0.8992094861660079,2024
RANDOM-CH,S4,1000,late,probe,delay,0.900691699604743,2024
RANDOM-CH,S4,1000,late,data,cost,0.8570230607966457,2385
RANDOM-CH,S4,1000,late,data,delay,0.8511530398322851,2385
RANDOM-CH,S4,1001,warmup,probe,cost,0.89125,800
RANDOM-CH,S4,1001,warmup,probe,delay,0.89375,800
RANDOM-CH,S4,1001,warmup,data,cost,0.830379746835443,790
RANDOM-CH,S4,1001,warmup,data,delay,0.8341772151898734,790
RANDOM-CH,S4,1001,early,probe,cost,0.9014285714285715,1400
RANDOM-CH,S4,1001,early,probe,delay,0.9014285714285715,1400
RANDOM-CH,S4,1001,early,data,cost,0.8714689265536724,1416
RANDOM-CH,S4,1001,early,data,delay,0.867231638418079,1416
RANDOM-CH,S4,1001,middle,probe,cost,0.8983246678220682,1731
RANDOM-CH,S4,1001,middle,probe,delay,0.901213171577123,1731
RANDOM-CH,S4,1001,middle,data,cost,0.8587257617728532,1805
RANDOM-CH,S4,1001,middle,data,delay,0.850415512465374,1805
RANDOM-CH,S4,1001,late,probe,cost,0.9054119941491955,2051
RANDOM-CH,S4,1001,late,probe,delay,0.90931253047294,2051
RANDOM-CH,S4,1001,late,data,cost,0.8808071328015017,2131
RANDOM-CH,S4,1001,late,data,delay,0.8742374472078837,2131
RANDOM-CH,S4,1002,warmup,probe,cost,0.9025,800
RANDOM-CH,S4,1002,warmup,probe,delay,0.9,800
RANDOM-CH,S4,1002,warmup,data,cost,0.8915375446960667,839
RANDOM-CH,S4,1002,warmup,data,delay,0.8808104886769964,839
RANDOM-CH,S4,1002,early,probe,cost,0.905,1400
RANDOM-CH,S4,1002,early,probe,delay,0.91,1400
RANDOM-CH,S4,1002,early,data,cost,0.8775086505190312,1445
RANDOM-CH,S4,1002,early,data,delay,0.8671280276816609,1445
RANDOM-CH,S4,1002,middle,probe,cost,0.8954703832752613,1722
RANDOM-CH,S4,1002,middle,probe,delay,0.9012775842044135,1722
RANDOM-CH,S4,1002,middle,data,cost,0.8598326359832636,1434
RANDOM-CH,S4,1002,middle,data,delay,0.8500697350069735,1434
RANDOM-CH,S4,1002,late,probe,cost,0.9000492368291482,2031
RANDOM-CH,S4,1002,late,probe,delay,0.8995568685376661,2031
RANDOM-CH,S4,1002,late,data,cost,0.8591489361702128,2350
RANDOM-CH,S4,1002,late,data,delay,0.8553191489361702,2350
RANDOM-CH,S4,1003,warmup,probe,cost,0.87875,800
RANDOM-CH,S4,1003,warmup,probe,delay,0.87875,800
RANDOM-CH,S4,1003,warmup,data,cost,0.8735083532219571,419
RANDOM-CH,S4,1003,warmup,data,delay,0.8281622911694511,419
RANDOM-CH,S4,1003,early,probe,cost,0.9,1400
RANDOM-CH,S4,1003,early,probe,delay,0.9,1400
RANDOM-CH,S4,1003,early,data,cost,0.8682108626198083,1252
RANDOM-CH,S4,1003,early,data,delay,0.8682108626198083,1252
RANDOM-CH,S4,1003,middle,probe,cost,0.902834008097166,1729
RANDOM-CH,S4,1003,middle,probe,delay,0.9016772700983228,1729
RANDOM-CH,S4,1003,middle,data,cost,0.8450617283950618,1620
RANDOM-CH,S4,1003,middle,data,delay,0.8444444444444444,1620
RANDOM-CH,S4,1003,late,probe,cost,0.8992628992628993,2035
RANDOM-CH,S4,1003,late,probe,delay,0.9031941031941032,2035
RANDOM-CH,S4,1003,late,data,cost,0.867736339982654,2306
RANDOM-CH,S4,1003,late,data,delay,0.8716392020815265,2306
RANDOM-CH,S4,1004,warmup,probe,cost,0.9025,800
RANDOM-CH,S4,1004,warmup,probe,delay,0.8975,800
RANDOM-CH,S4,1004,warmup,data,cost,0.8883116883116883,770
RANDOM-CH,S4,1004,warmup,data,delay,0.8844155844155844,770
RANDOM-CH,S4,1004,early,probe,cost,0.9014285714285715,1400
RANDOM-CH,S4,1004,early,probe,delay,0.9007142857142857,1400
RANDOM-CH,S4,1004,early,data,cost,0.8815261044176707,1494
RANDOM-CH,S4,1004,early,data,delay,0.8775100401606426,1494
RANDOM-CH,S4,1004,middle,probe,cost,0.8927113702623907,1715
RANDOM-CH,S4,1004,middle,probe,delay,0.8997084548104957,1715
RANDOM-CH,S4,1004,middle,data,cost,0.8715296679368536,1837
RANDOM-CH,S4,1004,middle,data,delay,0.8655416439847577,1837
RANDOM-CH,S4,1004,late,probe,cost,0.9064676616915422,2010
RANDOM-CH,S4,1004,late,probe,delay,0.9034825870646767,2010
RANDOM-CH,S4,1004,late,data,cost,0.8586162440911044,2327
RANDOM-CH,S4,1004,late,data,delay,0.8564675547915771,2327
RANDOM-CH,S4,1005,warmup,probe,cost,0.9,800
RANDOM-CH,S4,1005,warmup,probe,delay,0.8925,800
RANDOM-CH,S4,1005,warmup,data,cost,0.8649940262843488,837
RANDOM-CH,S4,1005,warmup,data,delay,0.8590203106332138,837
RANDOM-CH,S4,1005,early,probe,cost,0.8964285714285715,1400
RANDOM-CH,S4,1005,early,probe,delay,0.8928571428571429,1400
RANDOM-CH,S4,1005,early,data,cost,0.875605815831987,1238
RANDOM-CH,S4,1005,early,data,delay,0.8715670436187399,1238
RANDOM-CH,S4,1005,middle,probe,cost,0.9012775842044135,1722
RANDOM-CH,S4,1005,middle,probe,delay,0.9012775842044135,1722
RANDOM-CH,S4,1005,middle,data,cost,0.9038575667655786,1685
RANDOM-CH,S4,1005,middle,data,delay,0.8937685459940653,1685
RANDOM-CH,S4,1005,late,probe,cost,0.9044044044044044,1998
RANDOM-CH,S4,1005,late,probe,delay,0.9054054054054054,1998
RANDOM-CH,S4,1005,late,data,cost,0.8859724612736661,2324
RANDOM-CH,S4,1005,late,data,delay,0.8825301204819277,2324
RANDOM-CH,S4,1006,warmup,probe,cost,0.9075,800
RANDOM-CH,S4,1006,warmup,probe,delay,0.90625,800
RANDOM-CH,S4,1006,warmup,data,cost,0.8765281173594132,818
RANDOM-CH,S4,1006,warmup,data,delay,0.8679706601466992,818
RANDOM-CH,S4,1006,early,probe,cost,0.8928571428571429,1400
RANDOM-CH,S4,1006,early,probe,delay,0.895,1400
RANDOM-CH,S4,1006,early,data,cost,0.8668496911461908,1457
RANDOM-CH,S4,1006,early,data,delay,0.8723404255319149,1457
RANDOM-CH,S4,1006,middle,probe,cost,0.8978060046189377,1732
RANDOM-CH,S4,1006,middle,probe,delay,0.8966512702078522,1732
RANDOM-CH,S4,1006,middle,data,cost,0.8595624558927312,1417
RANDOM-CH,S4,1006,middle,data,delay,0.8496824276640791,1417
RANDOM-CH,S4,1006,late,probe,cost,0.9010442565887619,2011
RANDOM-CH,S4,1006,late,probe,delay,0.9020387866732968,2011
RANDOM-CH,S4,1006,late,data,cost,0.8693230505569837,2334
RANDOM-CH,S4,1006,late,data,delay,0.8693230505569837,2334
RANDOM-CH,S4,1007,warmup,probe,cost,0.89375,800
RANDOM-CH,S4,1007,warmup,probe,delay,0.90125,800
RANDOM-CH,S4,1007,warmup,data,cost,0.8829915560916767,829
RANDOM-CH,S4,1007,warmup,data,delay,0.8781664656212304,829
RANDOM-CH,S4,1007,early,probe,cost,0.9078571428571428,1400
RANDOM-CH,S4,1007,early,probe,delay,0.9064285714285715,1400
RANDOM-CH,S4,1007,early,data,cost,0.8797770700636943,1256
RANDOM-CH,S4,1007,early,data,delay,0.8797770700636943,1256
RANDOM-CH,S4,1007,middle,probe,cost,0.8961114335461404,1723
RANDOM-CH,S4,1007,middle,probe,delay,0.8955310504933256,1723
RANDOM-CH,S4,1007,middle,data,cost,0.8818181818181818,1210
RANDOM-CH,S4,1007,middle,data,delay,0.8776859504132232,1210
RANDOM-CH,S4,1007,late,probe,cost,0.898379970544919,2037
RANDOM-CH,S4,1007,late,probe,delay,0.8993618065783014,2037
RANDOM-CH,S4,1007,late,data,cost,0.8805668016194332,1976
RANDOM-CH,S4,1007,late,data,delay,0.8841093117408907,1976
RANDOM-CH,S4,1008,warmup,probe,cost,0.89125,800
RANDOM-CH,S4,1008,warmup,probe,delay,0.88875,800
RANDOM-CH,S4,1008,warmup,data,cost,0.8690476190476191,840
RANDOM-CH,S4,1008,warmup,data,delay,0.8702380952380953,840
RANDOM-CH,S4,1008,early,probe,cost,0.9021428571428571,1400
RANDOM-CH,S4,1008,early,probe,delay,0.8985714285714286,1400
RANDOM-CH,S4,1008,early,data,cost,0.85578231292517,1470
RANDOM-CH,S4,1008,early,data,delay,0.8564625850340136,1470
RANDOM-CH,S4,1008,middle,probe,cost,0.9038795599305154,1727
RANDOM-CH,S4,1008,middle,probe,delay,0.905037637521714,1727
RANDOM-CH,S4,1008,middle,data,cost,0.8764940239043825,1506
RANDOM-CH,S4,1008,middle,data,delay,0.8698539176626826,1506
RANDOM-CH,S4,1008,late,probe,cost,0.8984220907297831,2028
RANDOM-CH,S4,1008,late,probe,delay,0.8979289940828402,2028
RANDOM-CH,S4,1008,late,data,cost,0.8565510098394614,1931
RANDOM-CH,S4,1008,late,data,delay,0.8575867426204039,1931
RANDOM-CH,S4,1009,warmup,probe,cost,0.9075,800
RANDOM-CH,S4,1009,warmup,probe,delay,0.9,800
RANDOM-CH,S4,1009,warmup,data,cost,0.84375,800
RANDOM-CH,S4,1009,warmup,data,delay,0.83375,800
RANDOM-CH,S4,1009,early,probe,cost,0.8914285714285715,1400
RANDOM-CH,S4,1009,early,probe,delay,0.9007142857142857,1400
RANDOM-CH,S4,1009,early,data,cost,0.8777472527472527,1456
RANDOM-CH,S4,1009,early,data,delay,0.8715659340659341,1456
RANDOM-CH,S4,1009,middle,probe,cost,0.8995937318630296,1723
RANDOM-CH,S4,1009,middle,probe,delay,0.9001741149158444,1723
RANDOM-CH,S4,1009,middle,data,cost,0.8870523415977961,1815
RANDOM-CH,S4,1009,middle,data,delay,0.8809917355371901,1815
RANDOM-CH,S4,1009,late,probe,cost,0.903912828132739,2019
RANDOM-CH,S4,1009,late,probe,delay,0.9083704804358593,2019
RANDOM-CH,S4,1009,late,data,cost,0.891674127126231,2234
RANDOM-CH,S4,1009,late,data,delay,0.8863025962399284,2234
RANDOM-CH,S4,1010,warmup,probe,cost,0.88625,800
RANDOM-CH,S4,1010,warmup,probe,delay,0.88375,800
RANDOM-CH,S4,1010,warmup,data,cost,0.903448275862069,290
RANDOM-CH,S4,1010,warmup,data,delay,0.9137931034482759,290
RANDOM-CH,S4,1010,early,probe,cost,0.8971428571428571,1400
RANDOM-CH,S4,1010,early,probe,delay,0.9028571428571428,1400
RANDOM-CH,S4,1010,early,data,cost,0.8702175543885972,1333
RANDOM-CH,S4,1010,early,data,delay,0.8649662415603901,1333
RANDOM-CH,S4,1010,middle,probe,cost,0.9076655052264808,1722
RANDOM-CH,S4,1010,middle,probe,delay,0.9076655052264808,1722
RANDOM-CH,S4,1010,middle,data,cost,0.8641618497109826,1730
RANDOM-CH,S4,1010,middle,data,delay,0.8554913294797688,1730
RANDOM-CH,S4,1010,late,probe,cost,0.8988596926127913,2017
RANDOM-CH,S4,1010,late,probe,delay,0.8983639067922657,2017
RANDOM-CH,S4,1010,late,data,cost,0.8759381898454747,2265
RANDOM-CH,S4,1010,late,data,delay,0.8794701986754967,2265
RANDOM-CH,S4,1011,warmup,probe,cost,0.8875,800
RANDOM-CH,S4,1011,warmup,probe,delay,0.89625,800
RANDOM-CH,S4,1011,warmup,data,cost,0.8722826086956522,736
RANDOM-CH,S4,1011,warmup,data,delay,0.8980978260869565,736
RANDOM-CH,S4,1011,early,probe,cost,0.8978571428571429,1400
RANDOM-CH,S4,1011,early,probe,delay,0.8985714285714286,1400
RANDOM-CH,S4,1011,early,data,cost,0.8821811100292113,1027
RANDOM-CH,S4,1011,early,data,delay,0.8773125608568647,1027
RANDOM-CH,S4,1011,middle,probe,cost,0.9035796766743649,1732
RANDOM-CH,S4,1011,middle,probe,delay,0.9018475750577367,1732
RANDOM-CH,S4,1011,middle,data,cost,0.8855909336211549,1853
RANDOM-CH,S4,1011,middle,data,delay,0.8726389638424177,1853
RANDOM-CH,S4,1011,late,probe,cost,0.900931829328102,2039
RANDOM-CH,S4,1011,late,probe,delay,0.9033840117704757,2039
RANDOM-CH,S4,1011,late,data,cost,0.8809766022380467,1966
RANDOM-CH,S4,1011,late,data,delay,0.875381485249237,1966
RANDOM-CH,S4,1012,warmup,probe,cost,0.9,800
RANDOM-CH,S4,1012,warmup,probe,delay,0.895,800
RANDOM-CH,S4,1012,warmup,data,cost,0.8687727825030377,823
RANDOM-CH,S4,1012,warmup,data,delay,0.8541919805589308,823
RANDOM-CH,S4,1012,early,probe,cost,0.8971428571428571,1400
RANDOM-CH,S4,1012,early,probe,delay,0.9021428571428571,1400
RANDOM-CH,S4,1012,early,data,cost,0.865,1400
RANDOM-CH,S4,1012,early,data,delay,0.8728571428571429,1400
RANDOM-CH,S4,1012,middle,probe,cost,0.9030582804385459,1733
RANDOM-CH,S4,1012,middle,probe,delay,0.9047893825735719,1733
RANDOM-CH,S4,1012,middle,data,cost,0.8721256309590578,1783
RANDOM-CH,S4,1012,middle,data,delay,0.8653954010095345,1783
RANDOM-CH,S4,1012,late,probe,cost,0.8989098116947473,2018
RANDOM-CH,S4,1012,late,probe,delay,0.8964321110009911,2018
RANDOM-CH,S4,1012,late,data,cost,0.8714473108876257,2287
RANDOM-CH,S4,1012,late,data,delay,0.8618277219064276,2287
RANDOM-CH,S4,1013,warmup,probe,cost,0.89875,800
RANDOM-CH,S4,1013,warmup,probe,delay,0.89125,800
RANDOM-CH,S4,1013,warmup,data,cost,0.9018912529550828,846
RANDOM-CH,S4,1013,warmup,data,delay,0.8900709219858156,846
RANDOM-CH,S4,1013,early,probe,cost,0.8985714285714286,1400
RANDOM-CH,S4,1013,early,probe,delay,0.8992857142857142,1400
RANDOM-CH,S4,1013,early,data,cost,0.8933601609657947,1491
RANDOM-CH,S4,1013,early,data,delay,0.8792756539235412,1491
RANDOM-CH,S4,1013,middle,probe,cost,0.9017241379310345,1740
RANDOM-CH,S4,1013,middle,probe,delay,0.8988505747126436,1740
RANDOM-CH,S4,1013,middle,data,cost,0.8582966226138032,1362
RANDOM-CH,S4,1013,middle,data,delay,0.855359765051395,1362
RANDOM-CH,S4,1013,late,probe,cost,0.8992248062015504,2064
RANDOM-CH,S4,1013,late,probe,delay,0.9006782945736435,2064
RANDOM-CH,S4,1013,late,data,cost,0.8537181996086106,2044
RANDOM-CH,S4,1013,late,data,delay,0.8493150684931506,2044
RANDOM-CH,S4,1014,warmup,probe,cost,0.895,800
RANDOM-CH,S4,1014,warmup,probe,delay,0.89625,800
RANDOM-CH,S4,1014,warmup,data,cost,0.8845686512758202,823
RANDOM-CH,S4,1014,warmup,data,delay,0.8663426488456865,823
RANDOM-CH,S4,1014,early,probe,cost,0.8971428571428571,1400
RANDOM-CH,S4,1014,early,probe,delay,0.8971428571428571,1400
RANDOM-CH,S4,1014,early,data,cost,0.8811613774476705,1481
RANDOM-CH,S4,1014,early,data,delay,0.8845374746792708,1481
RANDOM-CH,S4,1014,middle,probe,cost,0.903523974581167,1731
RANDOM-CH,S4,1014,middle,probe,delay,0.9000577700751011,1731
RANDOM-CH,S4,1014,middle,data,cost,0.8821752265861027,1655
RANDOM-CH,S4,1014,middle,data,delay,0.8797583081570997,1655
RANDOM-CH,S4,1014,late,probe,cost,0.8968609865470852,2007
RANDOM-CH,S4,1014,late,probe,delay,0.8968609865470852,2007
RANDOM-CH,S4,1014,late,data,cost,0.87321505841627,2311
RANDOM-CH,S4,1014,late,data,delay,0.8693206404154046,2311
RANDOM-CH,S4,1015,warmup,probe,cost,0.895,800
RANDOM-CH,S4,1015,warmup,probe,delay,0.895,800
RANDOM-CH,S4,1015,warmup,data,cost,0.8789731051344744,818
RANDOM-CH,S4,1015,warmup,data,delay,0.8801955990220048,818
RANDOM-CH,S4,1015,early,probe,cost,0.9028571428571428,1400
RANDOM-CH,S4,1015,early,probe,delay,0.9028571428571428,1400
RANDOM-CH,S4,1015,early,data,cost,0.8902842035690681,1513
RANDOM-CH,S4,1015,early,data,delay,0.8856576338400529,1513
RANDOM-CH,S4,1015,middle,probe,cost,0.894460641399417,1715
RANDOM-CH,S4,1015,middle,probe,delay,0.8932944606413994,1715
RANDOM-CH,S4,1015,middle,data,cost,0.8779795686719637,1762
RANDOM-CH,S4,1015,middle,data,delay,0.8666288308740068,1762
RANDOM-CH,S4,1015,late,probe,cost,0.9054455445544555,2020
RANDOM-CH,S4,1015,late,probe,delay,0.9054455445544555,2020
RANDOM-CH,S4,1015,late,data,cost,0.888551604509974,2306
RANDOM-CH,S4,1015,late,data,delay,0.8816131830008673,2306
RANDOM-CH,S4,1016,warmup,probe,cost,0.91625,800
RANDOM-CH,S4,1016,warmup,probe,delay,0.915,800
RANDOM-CH,S4,1016,warmup,data,cost,0.8787878787878788,825
RANDOM-CH,S4,1016,warmup,data,delay,0.8739393939393939,825
RANDOM-CH,S4,1016,early,probe,cost,0.9014285714285715,1400
RANDOM-CH,S4,1016,early,probe,delay,0.9035714285714286,1400
RANDOM-CH,S4,1016,early,data,cost,0.859375,1472
RANDOM-CH,S4,1016,early,data,delay,0.8532608695652174,1472
RANDOM-CH,S4,1016,middle,probe,cost,0.8986682107701216,1727
RANDOM-CH,S4,1016,middle,probe,delay,0.9021424435437174,1727
RANDOM-CH,S4,1016,middle,data,cost,0.8580894533406958,1811
RANDOM-CH,S4,1016,middle,data,delay,0.8520154610712314,1811
RANDOM-CH,S4,1016,late,probe,cost,0.9032418952618454,2005
RANDOM-CH,S4,1016,late,probe,delay,0.9017456359102244,2005
RANDOM-CH,S4,1016,late,data,cost,0.8693309384822632,2227
RANDOM-CH,S4,1016,late,data,delay,0.8711270767849124,2227
RANDOM-CH,S4,1017,warmup,probe,cost,0.89125,800
RANDOM-CH,S4,1017,warmup,probe,delay,0.8925,800
RANDOM-CH,S4,1017,warmup,data,cost,0.8353365384615384,832
RANDOM-CH,S4,1017,warmup,data,delay,0.8533653846153846,832
RANDOM-CH,S4,1017,early,probe,cost,0.8985714285714286,1400
RANDOM-CH,S4,1017,early,probe,delay,0.9007142857142857,1400
RANDOM-CH,S4,1017,early,data,cost,0.8843094721619668,1383
RANDOM-CH,S4,1017,early,data,delay,0.8850325379609545,1383
RANDOM-CH,S4,1017,middle,probe,cost,0.9027214823393167,1727
RANDOM-CH,S4,1017,middle,probe,delay,0.9009843659525189,1727
RANDOM-CH,S4,1017,middle,data,cost,0.8805633802816901,1775
RANDOM-CH,S4,1017,middle,data,delay,0.8732394366197183,1775
RANDOM-CH,S4,1017,late,probe,cost,0.9000969932104753,2062
RANDOM-CH,S4,1017,late,probe,delay,0.9000969932104753,2062
RANDOM-CH,S4,1017,late,data,cost,0.8580931263858093,2255
RANDOM-CH,S4,1017,late,data,delay,0.8563192904656319,2255
RANDOM-CH,S4,1018,warmup,probe,cost,0.89625,800
RANDOM-CH,S4,1018,warmup,probe,delay,0.89875,800
RANDOM-CH,S4,1018,warmup,data,cost,0.89618138424821,838
RANDOM-CH,S4,1018,warmup,data,delay,0.8949880668257757,838
RANDOM-CH,S4,1018,early,probe,cost,0.9021428571428571,1400
RANDOM-CH,S4,1018,early,probe,delay,0.9021428571428571,1400
RANDOM-CH,S4,1018,early,data,cost,0.8644892286309938,1439
RANDOM-CH,S4,1018,early,data,delay,0.8610145934676859,1439
RANDOM-CH,S4,1018,middle,probe,cost,0.9076745527986151,1733
RANDOM-CH,S4,1018,middle,probe,delay,0.9030582804385459,1733
RANDOM-CH,S4,1018,middle,data,cost,0.8572967151319332,1857
RANDOM-CH,S4,1018,middle,data,delay,0.8519116855142703,1857
RANDOM-CH,S4,1018,late,probe,cost,0.8969935929029078,2029
RANDOM-CH,S4,1018,late,probe,delay,0.8999507146377526,2029
RANDOM-CH,S4,1018,late,data,cost,0.8825012607160867,1983
RANDOM-CH,S4,1018,late,data,delay,0.8744326777609682,1983
RANDOM-CH,S4,1019,warmup,probe,cost,0.885,800
RANDOM-CH,S4,1019,warmup,probe,delay,0.89125,800
RANDOM-CH,S4,1019,warmup,data,cost,0.8518971848225214,817
RANDOM-CH,S4,1019,warmup,data,delay,0.8555691554467564,817
RANDOM-CH,S4,1019,early,probe,cost,0.895,1400
RANDOM-CH,S4,1019,early,probe,delay,0.8978571428571429,1400
RANDOM-CH,S4,1019,early,data,cost,0.8613861386138614,1414
RANDOM-CH,S4,1019,early,data,delay,0.8606789250353607,1414
RANDOM-CH,S4,1019,middle,probe,cost,0.9021990740740741,1728
RANDOM-CH,S4,1019,middle,probe,delay,0.9033564814814815,1728
RANDOM-CH,S4,1019,middle,data,cost,0.8847296494355318,1683
RANDOM-CH,S4,1019,middle,data,delay,0.8823529411764706,1683
RANDOM-CH,S4,1019,late,probe,cost,0.9054923305294409,2021
RANDOM-CH,S4,1019,late,probe,delay,0.904997525977239,2021
RANDOM-CH,S4,1019,late,data,cost,0.8783369803063458,2285
RANDOM-CH,S4,1019,late,data,delay,0.8739606126914661,2285
RANDOM-CH,S4,1020,warmup,probe,cost,0.90875,800
RANDOM-CH,S4,1020,warmup,probe,delay,0.9075,800
RANDOM-CH,S4,1020,warmup,data,cost,0.865,800
RANDOM-CH,S4,1020,warmup,data,delay,0.86125,800
RANDOM-CH,S4,1020,early,probe,cost,0.895,1400
RANDOM-CH,S4,1020,early,probe,delay,0.8985714285714286,1400
RANDOM-CH,S4,1020,early,data,cost,0.8724420190995907,1466
RANDOM-CH,S4,1020,early,data,delay,0.869031377899045,1466
RANDOM-CH,S4,1020,middle,probe,cost,0.8980891719745223,1727
RANDOM-CH,S4,1020,middle,probe,delay,0.8986682107701216,1727
RANDOM-CH,S4,1020,middle,data,cost,0.8760422456920511,1799
RANDOM-CH,S4,1020,middle,data,delay,0.8749305169538633,1799
RANDOM-CH,S4,1020,late,probe,cost,0.9071499503475671,2014
RANDOM-CH,S4,1020,late,probe,delay,0.9016881827209533,2014
RANDOM-CH,S4,1020,late,data,cost,0.8740239458615304,1921
RANDOM-CH,S4,1020,late,data,delay,0.8719416970327954,1921
RANDOM-CH,S4,1021,warmup,probe,cost,0.88375,800
RANDOM-CH,S4,1021,warmup,probe,delay,0.8825,800
RANDOM-CH,S4,1021,warmup,data,cost,0.8562874251497006,835
RANDOM-CH,S4,1021,warmup,data,delay,0.8491017964071856,835
RANDOM-CH,S4,1021,early,probe,cost,0.9014285714285715,1400
RANDOM-CH,S4,1021,early,probe,delay,0.9042857142857142,1400
RANDOM-CH,S4,1021,early,data,cost,0.8501026694045175,1461
RANDOM-CH,S4,1021,early,data,delay,0.8446269678302533,1461
RANDOM-CH,S4,1021,middle,probe,cost,0.9014002333722287,1714
RANDOM-CH,S4,1021,middle,probe,delay,0.9049008168028004,1714
RANDOM-CH,S4,1021,middle,data,cost,0.8771306818181818,1408
RANDOM-CH,S4,1021,middle,data,delay,0.8650568181818182,1408
RANDOM-CH,S4,1021,late,probe,cost,0.9018253576714356,2027
RANDOM-CH,S4,1021,late,probe,delay,0.9013320177602367,2027
RANDOM-CH,S4,1021,late,data,cost,0.8915154073448712,2369
RANDOM-CH,S4,1021,late,data,delay,0.8839172646686365,2369
RANDOM-CH,S4,1022,warmup,probe,cost,0.9075,800
RANDOM-CH,S4,1022,warmup,probe,delay,0.90625,800
RANDOM-CH,S4,1022,warmup,data,cost,0.8812351543942993,842
RANDOM-CH,S4,1022,warmup,data,delay,0.8776722090261283,842
RANDOM-CH,S4,1022,early,probe,cost,0.9028571428571428,1400
RANDOM-CH,S4,1022,early,probe,delay,0.9007142857142857,1400
RANDOM-CH,S4,1022,early,data,cost,0.8733153638814016,1484
RANDOM-CH,S4,1022,early,data,delay,0.8733153638814016,1484
RANDOM-CH,S4,1022,middle,probe,cost,0.8971528181289947,1721
RANDOM-CH,S4,1022,middle,probe,delay,0.8994770482277745,1721
RANDOM-CH,S4,1022,middle,data,cost,0.8719076415612974,1819
RANDOM-CH,S4,1022,middle,data,delay,0.8620120945574491,1819
RANDOM-CH,S4,1022,late,probe,cost,0.894789081885856,2015
RANDOM-CH,S4,1022,late,probe,delay,0.8977667493796526,2015
RANDOM-CH,S4,1022,late,data,cost,0.8733055265901981,1918
RANDOM-CH,S4,1022,late,data,delay,0.8790406673618353,1918
RANDOM-CH,S4,1023,warmup,probe,cost,0.87875,800
RANDOM-CH,S4,1023,warmup,probe,delay,0.885,800
RANDOM-CH,S4,1023,warmup,data,cost,0.8477466504263094,821
RANDOM-CH,S4,1023,warmup,data,delay,0.8428745432399513,821
RANDOM-CH,S4,1023,early,probe,cost,0.9035714285714286,1400
RANDOM-CH,S4,1023,early,probe,delay,0.9028571428571428,1400
RANDOM-CH,S4,1023,early,data,cost,0.8845070422535212,1065
RANDOM-CH,S4,1023,early,data,delay,0.8826291079812206,1065
RANDOM-CH,S4,1023,middle,probe,cost,0.9042367962855484,1723
RANDOM-CH,S4,1023,middle,probe,delay,0.9013348810214742,1723
RANDOM-CH,S4,1023,middle,data,cost,0.8642857142857143,1820
RANDOM-CH,S4,1023,middle,data,delay,0.8631868131868132,1820
RANDOM-CH,S4,1023,late,probe,cost,0.89931906614786,2056
RANDOM-CH,S4,1023,late,probe,delay,0.8983463035019456,2056
RANDOM-CH,S4,1023,late,data,cost,0.8556172575822298,2341
RANDOM-CH,S4,1023,late,data,delay,0.8611704399829133,2341
RANDOM-CH,S4,1024,warmup,probe,cost,0.88625,800
RANDOM-CH,S4,1024,warmup,probe,delay,0.88625,800
RANDOM-CH,S4,1024,warmup,data,cost,0.8628841607565012,846
RANDOM-CH,S4,1024,warmup,data,delay,0.8581560283687943,846
RANDOM-CH,S4,1024,early,probe,cost,0.8942857142857142,1400
RANDOM-CH,S4,1024,early,probe,delay,0.8978571428571429,1400
RANDOM-CH,S4,1024,early,data,cost,0.8738800827015851,1451
RANDOM-CH,S4,1024,early,data,delay,0.8752584424534804,1451
RANDOM-CH,S4,1024,middle,probe,cost,0.9050669772859639,1717
RANDOM-CH,S4,1024,middle,probe,delay,0.9056493884682586,1717
RANDOM-CH,S4,1024,middle,data,cost,0.8679446219382322,1878
RANDOM-CH,S4,1024,middle,data,delay,0.8674121405750799,1878
RANDOM-CH,S4,1024,late,probe,cost,0.8993055555555556,2016
RANDOM-CH,S4,1024,late,probe,delay,0.9047619047619048,2016
RANDOM-CH,S4,1024,late,data,cost,0.8835051546391752,1940
RANDOM-CH,S4,1024,late,data,delay,0.8788659793814433,1940
RANDOM-CH,S4,1025,warmup,probe,cost,0.90375,800
RANDOM-CH,S4,1025,warmup,probe,delay,0.89375,800
RANDOM-CH,S4,1025,warmup,data,cost,0.8432304038004751,842
RANDOM-CH,S4,1025,warmup,data,delay,0.830166270783848,842
RANDOM-CH,S4,1025,early,probe,cost,0.8942857142857142,1400
RANDOM-CH,S4,1025,early,probe,delay,0.895,1400
RANDOM-CH,S4,1025,early,data,cost,0.8493975903614458,1328
RANDOM-CH,S4,1025,early,data,delay,0.8463855421686747,1328
RANDOM-CH,S4,1025,middle,probe,cost,0.9005205320994795,1729
RANDOM-CH,S4,1025,middle,probe,delay,0.9005205320994795,1729
RANDOM-CH,S4,1025,middle,data,cost,0.8847214561500276,1813
RANDOM-CH,S4,1025,middle,data,delay,0.8736900165471594,1813
RANDOM-CH,S4,1025,late,probe,cost,0.9,2050
RANDOM-CH,S4,1025,late,probe,delay,0.9004878048780488,2050
RANDOM-CH,S4,1025,late,data,cost,0.8586632609621115,2349
RANDOM-CH,S4,1025,late,data,delay,0.8424861643252448,2349
RANDOM-CH,S4,1026,warmup,probe,cost,0.89,800
RANDOM-CH,S4,1026,warmup,probe,delay,0.88375,800
RANDOM-CH,S4,1026,warmup,data,cost,0.865222623345367,831
RANDOM-CH,S4,1026,warmup,data,delay,0.865222623345367,831
RANDOM-CH,S4,1026,early,probe,cost,0.905,1400
RANDOM-CH,S4,1026,early,probe,delay,0.9042857142857142,1400
RANDOM-CH,S4,1026,early,data,cost,0.8789546079779917,1454
RANDOM-CH,S4,1026,early,data,delay,0.8762035763411279,1454
RANDOM-CH,S4,1026,middle,probe,cost,0.8964120370370371,1728
RANDOM-CH,S4,1026,middle,probe,delay,0.8958333333333334,1728
RANDOM-CH,S4,1026,middle,data,cost,0.897307451471509,1597
RANDOM-CH,S4,1026,middle,data,delay,0.9010644959298685,1597
RANDOM-CH,S4,1026,late,probe,cost,0.9067713444553483,2038
RANDOM-CH,S4,1026,late,probe,delay,0.908243375858685,2038
RANDOM-CH,S4,1026,late,data,cost,0.8984657039711191,2216
RANDOM-CH,S4,1026,late,data,delay,0.8989169675090253,2216
RANDOM-CH,S4,1027,warmup,probe,cost,0.8925,800
RANDOM-CH,S4,1027,warmup,probe,delay,0.88125,800
RANDOM-CH,S4,1027,warmup,data,cost,0.8614823815309842,823
RANDOM-CH,S4,1027,warmup,data,delay,0.8554070473876063,823
RANDOM-CH,S4,1027,early,probe,cost,0.9014285714285715,1400
RANDOM-CH,S4,1027,early,probe,delay,0.9028571428571428,1400
RANDOM-CH,S4,1027,early,data,cost,0.881862404447533,1439
RANDOM-CH,S4,1027,early,data,delay,0.8742182070882557,1439
RANDOM-CH,S4,1027,middle,probe,cost,0.9000577700751011,1731
RANDOM-CH,S4,1027,middle,probe,delay,0.901213171577123,1731
RANDOM-CH,S4,1027,middle,data,cost,0.8822562979189486,1826
RANDOM-CH,S4,1027,middle,data,delay,0.8718510405257394,1826
RANDOM-CH,S4,1027,late,probe,cost,0.8982968369829684,2055
RANDOM-CH,S4,1027,late,probe,delay,0.8968369829683698,2055
RANDOM-CH,S4,1027,late,data,cost,0.8626666666666667,2250
RANDOM-CH,S4,1027,late,data,delay,0.8608888888888889,2250
RANDOM-CH,S4,1028,warmup,probe,cost,0.9,800
RANDOM-CH,S4,1028,warmup,probe,delay,0.895,800
RANDOM-CH,S4,1028,warmup,data,cost,0.9008464328899637,827
RANDOM-CH,S4,1028,warmup,data,delay,0.8923821039903265,827
RANDOM-CH,S4,1028,early,probe,cost,0.8957142857142857,1400
RANDOM-CH,S4,1028,early,probe,delay,0.8992857142857142,1400
RANDOM-CH,S4,1028,early,data,cost,0.8719346049046321,1468
RANDOM-CH,S4,1028,early,data,delay,0.8596730245231607,1468
RANDOM-CH,S4,1028,middle,probe,cost,0.9004602991944765,1738
RANDOM-CH,S4,1028,middle,probe,delay,0.8998849252013809,1738
RANDOM-CH,S4,1028,middle,data,cost,0.8618063112078346,1838
RANDOM-CH,S4,1028,middle,data,delay,0.8509249183895539,1838
RANDOM-CH,S4,1028,late,probe,cost,0.9056047197640118,2034
RANDOM-CH,S4,1028,late,probe,delay,0.9036381514257621,2034
RANDOM-CH,S4,1028,late,data,cost,0.8886885984677783,2219
RANDOM-CH,S4,1028,late,data,delay,0.8778729157278053,2219
RANDOM-CH,S4,1029,warmup,probe,cost,0.8775,800
RANDOM-CH,S4,1029,warmup,probe,delay,0.885,800
RANDOM-CH,S4,1029,warmup,data,cost,0.8650602409638555,830
RANDOM-CH,S4,1029,warmup,data,delay,0.8554216867469879,830
RANDOM-CH,S4,1029,early,probe,cost,0.9028571428571428,1400
RANDOM-CH,S4,1029,early,probe,delay,0.9021428571428571,1400
RANDOM-CH,S4,1029,early,data,cost,0.8799157303370787,1424
RANDOM-CH,S4,1029,early,data,delay,0.8637640449438202,1424
RANDOM-CH,S4,1029,middle,probe,cost,0.8952270081490105,1718
RANDOM-CH,S4,1029,middle,probe,delay,0.8993015133876601,1718
RANDOM-CH,S4,1029,middle,data,cost,0.8540601930721181,1761
RANDOM-CH,S4,1029,middle,data,delay,0.8500851788756388,1761
RANDOM-CH,S4,1029,late,probe,cost,0.9040755467196819,2012
RANDOM-CH,S4,1029,late,probe,delay,0.9060636182902585,2012
RANDOM-CH,S4,1029,late,data,cost,0.8654970760233918,2223
RANDOM-CH,S4,1029,late,data,delay,0.860548807917229,2223
RANDOM-CH,S5,1000,warmup,probe,cost,0.88125,800
RANDOM-CH,S5,1000,warmup,probe,delay,0.88,800
RANDOM-CH,S5,1000,warmup,data,cost,0.8831942789034565,839
RANDOM-CH,S5,1000,warmup,data,delay,0.8843861740166865,839
RANDOM-CH,S5,1000,early,probe,cost,0.9035714285714286,1400
RANDOM-CH,S5,1000,early,probe,delay,0.9042857142857142,1400
RANDOM-CH,S5,1000,early,data,cost,0.8983320095313742,1259
RANDOM-CH,S5,1000,early,data,delay,0.8935663224781573,1259
RANDOM-CH,S5,1000,middle,probe,cost,0.8931253610629694,1731
RANDOM-CH,S5,1000,middle,probe,delay,0.8885037550548815,1731
RANDOM-CH,S5,1000,middle,data,cost,0.880167451596023,1911
RANDOM-CH,S5,1000,middle,data,delay,0.858712715855573,1911
RANDOM-CH,S5,1000,late,probe,cost,0.8977272727272727,2024
RANDOM-CH,S5,1000,late,probe,delay,0.8972332015810277,2024
RANDOM-CH,S5,1000,late,data,cost,0.8328744493392071,3632
RANDOM-CH,S5,1000,late,data,delay,0.8127753303964758,3632
RANDOM-CH,S5,1001,warmup,probe,cost,0.89625,800
RANDOM-CH,S5,1001,warmup,probe,delay,0.89625,800
RANDOM-CH,S5,1001,warmup,data,cost,0.8531645569620253,790
RANDOM-CH,S5,1001,warmup,data,delay,0.8468354430379746,790
RANDOM-CH,S5,1001,early,probe,cost,0.8971428571428571,1400
RANDOM-CH,S5,1001,early,probe,delay,0.8978571428571429,1400
RANDOM-CH,S5,1001,early,data,cost,0.8786167960479887,1417
RANDOM-CH,S5,1001,early,data,delay,0.8779110797459422,1417
RANDOM-CH,S5,1001,middle,probe,cost,0.8919699595609474,1731
RANDOM-CH,S5,1001,middle,probe,delay,0.8925476603119584,1731
RANDOM-CH,S5,1001,middle,data,cost,0.8332658842573857,2471
RANDOM-CH,S5,1001,middle,data,delay,0.8037231889923108,2471
RANDOM-CH,S5,1001,late,probe,cost,0.8957393483709273,1995
RANDOM-CH,S5,1001,late,probe,delay,0.8987468671679198,1995
RANDOM-CH,S5,1001,late,data,cost,0.8538702676633712,4147
RANDOM-CH,S5,1001,late,data,delay,0.8353026284060767,4147
RANDOM-CH,S5,1002,warmup,probe,cost,0.90375,800
RANDOM-CH,S5,1002,warmup,probe,delay,0.91,800
RANDOM-CH,S5,1002,warmup,data,cost,0.8915375446960667,839
RANDOM-CH,S5,1002,warmup,data,delay,0.8867699642431466,839
RANDOM-CH,S5,1002,early,probe,cost,0.9007142857142857,1400
RANDOM-CH,S5,1002,early,probe,delay,0.9028571428571428,1400
RANDOM-CH,S5,1002,early,data,cost,0.8717948717948718,1443
RANDOM-CH,S5,1002,early,data,delay,0.8676368676368676,1443
RANDOM-CH,S5,1002,middle,probe,cost,0.8943089430894309,1722
RANDOM-CH,S5,1002,middle,probe,delay,0.8914053426248548,1722
RANDOM-CH,S5,1002,middle,data,cost,0.8171007927519819,1766
RANDOM-CH,S5,1002,middle,data,delay,0.7916194790486977,1766
RANDOM-CH,S5,1002,late,probe,cost,0.897095027080256,2031
RANDOM-CH,S5,1002,late,probe,delay,0.8995568685376661,2031
RANDOM-CH,S5,1002,late,data,cost,0.8573410404624278,4325
RANDOM-CH,S5,1002,late,data,delay,0.8365317919075145,4325
RANDOM-CH,S5,1003,warmup,probe,cost,0.88375,800
RANDOM-CH,S5,1003,warmup,probe,delay,0.8775,800
RANDOM-CH,S5,1003,warmup,data,cost,0.8782816229116945,419
RANDOM-CH,S5,1003,warmup,data,delay,0.8615751789976134,419
RANDOM-CH,S5,1003,early,probe,cost,0.8957142857142857,1400
RANDOM-CH,S5,1003,early,probe,delay,0.8978571428571429,1400
RANDOM-CH,S5,1003,early,data,cost,0.8770949720670391,1253
RANDOM-CH,S5,1003,early,data,delay,0.8707102952913008,1253
RANDOM-CH,S5,1003,middle,probe,cost,0.8912666281087334,1729
RANDOM-CH,S5,1003,middle,probe,delay,0.8906882591093117,1729
RANDOM-CH,S5,1003,middle,data,cost,0.8570807993049522,2302
RANDOM-CH,S5,1003,middle,data,delay,0.8331885317115552,2302
RANDOM-CH,S5,1003,late,probe,cost,0.8985943775100401,1992
RANDOM-CH,S5,1003,late,probe,delay,0.9001004016064257,1992
RANDOM-CH,S5,1003,late,data,cost,0.832944470368642,4286
RANDOM-CH,S5,1003,late,data,delay,0.8222118525431638,4286
RANDOM-CH,S5,1004,warmup,probe,cost,0.9025,800
RANDOM-CH,S5,1004,warmup,probe,delay,0.89625,800
RANDOM-CH,S5,1004,warmup,data,cost,0.9027237354085603,771
RANDOM-CH,S5,1004,warmup,data,delay,0.8962386511024644,771
RANDOM-CH,S5,1004,early,probe,cost,0.9021428571428571,1400
RANDOM-CH,S5,1004,early,probe,delay,0.9007142857142857,1400
RANDOM-CH,S5,1004,early,data,cost,0.8823924731182796,1488
RANDOM-CH,S5,1004,early,data,delay,0.875,1488
RANDOM-CH,S5,1004,middle,probe,cost,0.892128279883382,1715
RANDOM-CH,S5,1004,middle,probe,delay,0.8833819241982507,1715
RANDOM-CH,S5,1004,middle,data,cost,0.8789808917197452,2512
RANDOM-CH,S5,1004,middle,data,delay,0.8499203821656051,2512
RANDOM-CH,S5,1004,late,probe,cost,0.9011540391369794,1993
RANDOM-CH,S5,1004,late,probe,delay,0.9026593075765178,1993
RANDOM-CH,S5,1004,late,data,cost,0.8221547090441692,4279
RANDOM-CH,S5,1004,late,data,delay,0.8186492171068006,4279
RANDOM-CH,S5,1005,warmup,probe,cost,0.895,800
RANDOM-CH,S5,1005,warmup,probe,delay,0.9025,800
RANDOM-CH,S5,1005,warmup,data,cost,0.8806682577565632,838
RANDOM-CH,S5,1005,warmup,data,delay,0.8770883054892601,838
RANDOM-CH,S5,1005,early,probe,cost,0.8957142857142857,1400
RANDOM-CH,S5,1005,early,probe,delay,0.8921428571428571,1400
RANDOM-CH,S5,1005,early,data,cost,0.8942229454841334,1229
RANDOM-CH,S5,1005,early,data,delay,0.8852725793327909,1229
RANDOM-CH,S5,1005,middle,probe,cost,0.89198606271777,1722
RANDOM-CH,S5,1005,middle,probe,delay,0.8943089430894309,1722
RANDOM-CH,S5,1005,middle,data,cost,0.8855447223399746,2359
RANDOM-CH,S5,1005,middle,data,delay,0.8664688427299704,2359
RANDOM-CH,S5,1005,late,probe,cost,0.9008731381612738,1947
RANDOM-CH,S5,1005,late,probe,delay,0.9003595274781715,1947
RANDOM-CH,S5,1005,late,data,cost,0.8559981145415979,4243
RANDOM-CH,S5,1005,late,data,delay,0.8522271977374499,4243
RANDOM-CH,S5,1006,warmup,probe,cost,0.91375,800
RANDOM-CH,S5,1006,warmup,probe,delay,0.90375,800
RANDOM-CH,S5,1006,warmup,data,cost,0.8888888888888888,819
RANDOM-CH,S5,1006,warmup,data,delay,0.8778998778998779,819
RANDOM-CH,S5,1006,early,probe,cost,0.8957142857142857,1400
RANDOM-CH,S5,1006,early,probe,delay,0.895,1400
RANDOM-CH,S5,1006,early,data,cost,0.8758573388203018,1458
RANDOM-CH,S5,1006,early,data,delay,0.869684499314129,1458
RANDOM-CH,S5,1006,middle,probe,cost,0.8914549653579676,1732
RANDOM-CH,S5,1006,middle,probe,delay,0.890877598152425,1732
RANDOM-CH,S5,1006,middle,data,cost,0.8494061757719715,2105
RANDOM-CH,S5,1006,middle,data,delay,0.81187648456057,2105
RANDOM-CH,S5,1006,late,probe,cost,0.8960716061660865,2011
RANDOM-CH,S5,1006,late,probe,delay,0.894579811039284,2011
RANDOM-CH,S5,1006,late,data,cost,0.8354002254791432,3548
RANDOM-CH,S5,1006,late,data,delay,0.8235625704622322,3548
RANDOM-CH,S5,1007,warmup,probe,cost,0.89625,800
RANDOM-CH,S5,1007,warmup,probe,delay,0.89875,800
RANDOM-CH,S5,1007,warmup,data,cost,0.8903614457831325,830
RANDOM-CH,S5,1007,warmup,data,delay,0.8734939759036144,830
RANDOM-CH,S5,1007,early,probe,cost,0.9085714285714286,1400
RANDOM-CH,S5,1007,early,probe,delay,0.9028571428571428,1400
RANDOM-CH,S5,1007,early,data,cost,0.8870458135860979,1266
RANDOM-CH,S5,1007,early,data,delay,0.8791469194312796,1266
RANDOM-CH,S5,1007,middle,probe,cost,0.8926291352292514,1723
RANDOM-CH,S5,1007,middle,probe,delay,0.8874056877539176,1723
RANDOM-CH,S5,1007,middle,data,cost,0.8775773195876289,1552
RANDOM-CH,S5,1007,middle,data,delay,0.8485824742268041,1552
RANDOM-CH,S5,1007,late,probe,cost,0.8944526264113893,2037
RANDOM-CH,S5,1007,late,probe,delay,0.8949435444280806,2037
RANDOM-CH,S5,1007,late,data,cost,0.8401775804661488,3604
RANDOM-CH,S5,1007,late,data,delay,0.836015538290788,3604
RANDOM-CH,S5,1008,warmup,probe,cost,0.88875,800
RANDOM-CH,S5,1008,warmup,probe,delay,0.89625,800
RANDOM-CH,S5,1008,warmup,data,cost,0.8952380952380953,840
RANDOM-CH,S5,1008,warmup,data,delay,0.8904761904761904,840
RANDOM-CH,S5,1008,early,probe,cost,0.9007142857142857,1400
RANDOM-CH,S5,1008,early,probe,delay,0.8928571428571429,1400
RANDOM-CH,S5,1008,early,data,cost,0.8670756646216768,1467
RANDOM-CH,S5,1008,early,data,delay,0.8643490115882754,1467
RANDOM-CH,S5,1008,middle,probe,cost,0.8922987840185292,1727
RANDOM-CH,S5,1008,middle,probe,delay,0.889982628836132,1727
RANDOM-CH,S5,1008,middle,data,cost,0.8228373702422145,1445
RANDOM-CH,S5,1008,middle,data,delay,0.8145328719723184,1445
RANDOM-CH,S5,1008,late,probe,cost,0.8981527708437343,2003
RANDOM-CH,S5,1008,late,probe,delay,0.8996505242136795,2003
RANDOM-CH,S5,1008,late,data,cost,0.8223740392826644,3513
RANDOM-CH,S5,1008,late,data,delay,0.8181041844577285,3513
RANDOM-CH,S5,1009,warmup,probe,cost,0.9025,800
RANDOM-CH,S5,1009,warmup,probe,delay,0.9,800
RANDOM-CH,S5,1009,warmup,data,cost,0.855,800
RANDOM-CH,S5,1009,warmup,data,delay,0.8425,800
RANDOM-CH,S5,1009,early,probe,cost,0.8985714285714286,1400
RANDOM-CH,S5,1009,early,probe,delay,0.8971428571428571,1400
RANDOM-CH,S5,1009,early,data,cost,0.8743131868131868,1456
RANDOM-CH,S5,1009,early,data,delay,0.8708791208791209,1456
RANDOM-CH,S5,1009,middle,probe,cost,0.8885664538595474,1723
RANDOM-CH,S5,1009,middle,probe,delay,0.8903076030179918,1723
RANDOM-CH,S5,1009,middle,data,cost,0.8539235412474849,2485
RANDOM-CH,S5,1009,middle,data,delay,0.8245472837022133,2485
RANDOM-CH,S5,1009,late,probe,cost,0.8985,2000
RANDOM-CH,S5,1009,late,probe,delay,0.901,2000
RANDOM-CH,S5,1009,late,data,cost,0.8591217982226869,3826
RANDOM-CH,S5,1009,late,data,delay,0.8578149503397805,3826
RANDOM-CH,S5,1010,warmup,probe,cost,0.895,800
RANDOM-CH,S5,1010,warmup,probe,delay,0.89,800
RANDOM-CH,S5,1010,warmup,data,cost,0.906896551724138,290
RANDOM-CH,S5,1010,warmup,data,delay,0.9172413793103448,290
RANDOM-CH,S5,1010,early,probe,cost,0.89,1400
RANDOM-CH,S5,1010,early,probe,delay,0.8957142857142857,1400
RANDOM-CH,S5,1010,early,data,cost,0.8694673668417104,1333
RANDOM-CH,S5,1010,early,data,delay,0.8739684921230307,1333
RANDOM-CH,S5,1010,middle,probe,cost,0.8983739837398373,1722
RANDOM-CH,S5,1010,middle,probe,delay,0.8902439024390244,1722
RANDOM-CH,S5,1010,middle,data,cost,0.8576404005224205,2297
RANDOM-CH,S5,1010,middle,data,delay,0.8154114061819765,2297
RANDOM-CH,S5,1010,late,probe,cost,0.8935400516795866,1935
RANDOM-CH,S5,1010,late,probe,delay,0.8976744186046511,1935
RANDOM-CH,S5,1010,late,data,cost,0.8377433849226161,4006
RANDOM-CH,S5,1010,late,data,delay,0.8407388916625063,4006
RANDOM-CH,S5,1011,warmup,probe,cost,0.8825,800
RANDOM-CH,S5,1011,warmup,probe,delay,0.8925,800
RANDOM-CH,S5,1011,warmup,data,cost,0.8777173913043478,736
RANDOM-CH,S5,1011,warmup,data,delay,0.8994565217391305,736
RANDOM-CH,S5,1011,early,probe,cost,0.8992857142857142,1400
RANDOM-CH,S5,1011,early,probe,delay,0.8992857142857142,1400
RANDOM-CH,S5,1011,early,data,cost,0.8938656280428432,1027
RANDOM-CH,S5,1011,early,data,delay,0.8919182083739046,1027
RANDOM-CH,S5,1011,middle,probe,cost,0.9058891454965358,1732
RANDOM-CH,S5,1011,middle,probe,delay,0.8966512702078522,1732
RANDOM-CH,S5,1011,middle,data,cost,0.8638702018203404,2527
RANDOM-CH,S5,1011,middle,data,delay,0.8405223585278987,2527
RANDOM-CH,S5,1011,late,probe,cost,0.8953953953953954,1998
RANDOM-CH,S5,1011,late,probe,delay,0.8943943943943944,1998
RANDOM-CH,S5,1011,late,data,cost,0.8658263305322129,3570
RANDOM-CH,S5,1011,late,data,delay,0.8652661064425771,3570
RANDOM-CH,S5,1012,warmup,probe,cost,0.89875,800
RANDOM-CH,S5,1012,warmup,probe,delay,0.895,800
RANDOM-CH,S5,1012,warmup,data,cost,0.8677184466019418,824
RANDOM-CH,S5,1012,warmup,data,delay,0.8495145631067961,824
RANDOM-CH,S5,1012,early,probe,cost,0.8971428571428571,1400
RANDOM-CH,S5,1012,early,probe,delay,0.8978571428571429,1400
RANDOM-CH,S5,1012,early,data,cost,0.8621428571428571,1400
RANDOM-CH,S5,1012,early,data,delay,0.8678571428571429,1400
RANDOM-CH,S5,1012,middle,probe,cost,0.897864974033468,1733
RANDOM-CH,S5,1012,middle,probe,delay,0.8880553952683208,1733
RANDOM-CH,S5,1012,middle,data,cost,0.8592923952826352,2459
RANDOM-CH,S5,1012,middle,data,delay,0.8466856445709638,2459
RANDOM-CH,S5,1012,late,probe,cost,0.8972809667673716,1986
RANDOM-CH,S5,1012,late,probe,delay,0.8962739174219537,1986
RANDOM-CH,S5,1012,late,data,cost,0.8555928700594162,3871
RANDOM-CH,S5,1012,late,data,delay,0.8491345905450788,3871
RANDOM-CH,S5,1013,warmup,probe,cost,0.90125,800
RANDOM-CH,S5,1013,warmup,probe,delay,0.8875,800
RANDOM-CH,S5,1013,warmup,data,cost,0.8936170212765957,846
RANDOM-CH,S5,1013,warmup,data,delay,0.8829787234042553,846
RANDOM-CH,S5,1013,early,probe,cost,0.8978571428571429,1400
RANDOM-CH,S5,1013,early,probe,delay,0.9014285714285715,1400
RANDOM-CH,S5,1013,early,data,cost,0.8891873740765615,1489
RANDOM-CH,S5,1013,early,data,delay,0.8797850906648758,1489
RANDOM-CH,S5,1013,middle,probe,cost,0.896551724137931,1740
RANDOM-CH,S5,1013,middle,probe,delay,0.8879310344827587,1740
RANDOM-CH,S5,1013,middle,data,cost,0.8538425271098539,2121
RANDOM-CH,S5,1013,middle,data,delay,0.8345120226308345,2121
RANDOM-CH,S5,1013,late,probe,cost,0.8974619289340101,1970
RANDOM-CH,S5,1013,late,probe,delay,0.898984771573604,1970
RANDOM-CH,S5,1013,late,data,cost,0.832258064516129,2170
RANDOM-CH,S5,1013,late,data,delay,0.8377880184331797,2170
RANDOM-CH,S5,1014,warmup,probe,cost,0.90625,800
RANDOM-CH,S5,1014,warmup,probe,delay,0.905,800
RANDOM-CH,S5,1014,warmup,data,cost,0.8869987849331713,823
RANDOM-CH,S5,1014,warmup,data,delay,0.8699878493317132,823
RANDOM-CH,S5,1014,early,probe,cost,0.8935714285714286,1400
RANDOM-CH,S5,1014,early,probe,delay,0.8942857142857142,1400
RANDOM-CH,S5,1014,early,data,cost,0.8800539083557951,1484
RANDOM-CH,S5,1014,early,data,delay,0.8793800539083558,1484
RANDOM-CH,S5,1014,middle,probe,cost,0.8989023685730791,1731
RANDOM-CH,S5,1014,middle,probe,delay,0.8896591565569035,1731
RANDOM-CH,S5,1014,middle,data,cost,0.8732332155477032,2264
RANDOM-CH,S5,1014,middle,data,delay,0.851148409893993,2264
RANDOM-CH,S5,1014,late,probe,cost,0.9000499750124937,2001
RANDOM-CH,S5,1014,late,probe,delay,0.8975512243878061,2001
RANDOM-CH,S5,1014,late,data,cost,0.8476573728082782,3479
RANDOM-CH,S5,1014,late,data,delay,0.8427709111813739,3479
RANDOM-CH,S5,1015,warmup,probe,cost,0.89,800
RANDOM-CH,S5,1015,warmup,probe,delay,0.8975,800
RANDOM-CH,S5,1015,warmup,data,cost,0.8913308913308914,819
RANDOM-CH,S5,1015,warmup,data,delay,0.8962148962148963,819
RANDOM-CH,S5,1015,early,probe,cost,0.9007142857142857,1400
RANDOM-CH,S5,1015,early,probe,delay,0.9028571428571428,1400
RANDOM-CH,S5,1015,early,data,cost,0.8955717118307998,1513
RANDOM-CH,S5,1015,early,data,delay,0.8909451421017845,1513
RANDOM-CH,S5,1015,middle,probe,cost,0.8932944606413994,1715
RANDOM-CH,S5,1015,middle,probe,delay,0.885131195335277,1715
RANDOM-CH,S5,1015,middle,data,cost,0.8364859184531316,2379
RANDOM-CH,S5,1015,middle,data,delay,0.799915931063472,2379
RANDOM-CH,S5,1015,late,probe,cost,0.899009900990099,2020
RANDOM-CH,S5,1015,late,probe,delay,0.897029702970297,2020
RANDOM-CH,S5,1015,late,data,cost,0.868793475653634,4169
RANDOM-CH,S5,1015,late,data,delay,0.8515231470376589,4169
RANDOM-CH,S5,1016,warmup,probe,cost,0.91625,800
RANDOM-CH,S5,1016,warmup,probe,delay,0.915,800
RANDOM-CH,S5,1016,warmup,data,cost,0.8909090909090909,825
RANDOM-CH,S5,1016,warmup,data,delay,0.8812121212121212,825
RANDOM-CH,S5,1016,early,probe,cost,0.9042857142857142,1400
RANDOM-CH,S5,1016,early,probe,delay,0.9021428571428571,1400
RANDOM-CH,S5,1016,early,data,cost,0.8656716417910447,1474
RANDOM-CH,S5,1016,early,data,delay,0.8575305291723202,1474
RANDOM-CH,S5,1016,middle,probe,cost,0.8922987840185292,1727
RANDOM-CH,S5,1016,middle,probe,delay,0.8882455124493341,1727
RANDOM-CH,S5,1016,middle,data,cost,0.8394012944983819,2472
RANDOM-CH,S5,1016,middle,data,delay,0.8127022653721683,2472
RANDOM-CH,S5,1016,late,probe,cost,0.8941587618572142,2003
RANDOM-CH,S5,1016,late,probe,delay,0.8976535197204194,2003
RANDOM-CH,S5,1016,late,data,cost,0.8457002457002457,4070
RANDOM-CH,S5,1016,late,data,delay,0.845945945945946,4070
RANDOM-CH,S5,1017,warmup,probe,cost,0.895,800
RANDOM-CH,S5,1017,warmup,probe,delay,0.89875,800
RANDOM-CH,S5,1017,warmup,data,cost,0.8667466986794717,833
RANDOM-CH,S5,1017,warmup,data,delay,0.8763505402160864,833
RANDOM-CH,S5,1017,early,probe,cost,0.895,1400
RANDOM-CH,S5,1017,early,probe,delay,0.8957142857142857,1400
RANDOM-CH,S5,1017,early,data,cost,0.8843094721619668,1383
RANDOM-CH,S5,1017,early,data,delay,0.8799710773680405,1383
RANDOM-CH,S5,1017,middle,probe,cost,0.8969310943833236,1727
RANDOM-CH,S5,1017,middle,probe,delay,0.8928778228141285,1727
RANDOM-CH,S5,1017,middle,data,cost,0.8634146341463415,2460
RANDOM-CH,S5,1017,middle,data,delay,0.8361788617886179,2460
RANDOM-CH,S5,1017,late,probe,cost,0.8894277400581959,2062
RANDOM-CH,S5,1017,late,probe,delay,0.8962172647914646,2062
RANDOM-CH,S5,1017,late,data,cost,0.8259943181818182,4224
RANDOM-CH,S5,1017,late,data,delay,0.8165246212121212,4224
RANDOM-CH,S5,1018,warmup,probe,cost,0.89875,800
RANDOM-CH,S5,1018,warmup,probe,delay,0.895,800
RANDOM-CH,S5,1018,warmup,data,cost,0.9034564958283671,839
RANDOM-CH,S5,1018,warmup,data,delay,0.8915375446960667,839
RANDOM-CH,S5,1018,early,probe,cost,0.9035714285714286,1400
RANDOM-CH,S5,1018,early,probe,delay,0.8971428571428571,1400
RANDOM-CH,S5,1018,early,data,cost,0.8763888888888889,1440
RANDOM-CH,S5,1018,early,data,delay,0.8763888888888889,1440
RANDOM-CH,S5,1018,middle,probe,cost,0.896133871898442,1733
RANDOM-CH,S5,1018,middle,probe,delay,0.8857472590882862,1733
RANDOM-CH,S5,1018,middle,data,cost,0.826566811194324,2537
RANDOM-CH,S5,1018,middle,data,delay,0.8092234923137565,2537
RANDOM-CH,S5,1018,late,probe,cost,0.8945491594498217,1963
RANDOM-CH,S5,1018,late,probe,delay,0.9026999490575649,1963
RANDOM-CH,S5,1018,late,data,cost,0.836214953271028,4280
RANDOM-CH,S5,1018,late,data,delay,0.835981308411215,4280
RANDOM-CH,S5,1019,warmup,probe,cost,0.885,800
RANDOM-CH,S5,1019,warmup,probe,delay,0.89,800
RANDOM-CH,S5,1019,warmup,data,cost,0.8727050183598531,817
RANDOM-CH,S5,1019,warmup,data,delay,0.8739290085679314,817
RANDOM-CH,S5,1019,early,probe,cost,0.8921428571428571,1400
RANDOM-CH,S5,1019,early,probe,delay,0.8928571428571429,1400
RANDOM-CH,S5,1019,early,data,cost,0.8797153024911032,1405
RANDOM-CH,S5,1019,early,data,delay,0.8754448398576512,1405
RANDOM-CH,S5,1019,middle,probe,cost,0.8900462962962963,1728
RANDOM-CH,S5,1019,middle,probe,delay,0.8854166666666666,1728
RANDOM-CH,S5,1019,middle,data,cost,0.8683544303797468,2370
RANDOM-CH,S5,1019,middle,data,delay,0.8556962025316456,2370
RANDOM-CH,S5,1019,late,probe,cost,0.8990598713508164,2021
RANDOM-CH,S5,1019,late,probe,delay,0.8995546759030183,2021
RANDOM-CH,S5,1019,late,data,cost,0.8258519388954172,4255
RANDOM-CH,S5,1019,late,data,delay,0.8258519388954172,4255
RANDOM-CH,S5,1020,warmup,probe,cost,0.90625,800
RANDOM-CH,S5,1020,warmup,probe,delay,0.90875,800
RANDOM-CH,S5,1020,warmup,data,cost,0.85875,800
RANDOM-CH,S5,1020,warmup,data,delay,0.8675,800
RANDOM-CH,S5,1020,early,probe,cost,0.895,1400
RANDOM-CH,S5,1020,early,probe,delay,0.8942857142857142,1400
RANDOM-CH,S5,1020,early,data,cost,0.890020366598778,1473
RANDOM-CH,S5,1020,early,data,delay,0.8866259334691107,1473
RANDOM-CH,S5,1020,middle,probe,cost,0.9009843659525189,1727
RANDOM-CH,S5,1020,middle,probe,delay,0.8859293572669369,1727
RANDOM-CH,S5,1020,middle,data,cost,0.8553667633651056,2413
RANDOM-CH,S5,1020,middle,data,delay,0.8433485288023208,2413
RANDOM-CH,S5,1020,late,probe,cost,0.8977159880834161,2014
RANDOM-CH,S5,1020,late,probe,delay,0.8992055610724925,2014
RANDOM-CH,S5,1020,late,data,cost,0.8540481992959653,3693
RANDOM-CH,S5,1020,late,data,delay,0.8470078526942865,3693
RANDOM-CH,S5,1021,warmup,probe,cost,0.8875,800
RANDOM-CH,S5,1021,warmup,probe,delay,0.88,800
RANDOM-CH,S5,1021,warmup,data,cost,0.8769414575866189,837
RANDOM-CH,S5,1021,warmup,data,delay,0.8721624850657109,837
RANDOM-CH,S5,1021,early,probe,cost,0.8942857142857142,1400
RANDOM-CH,S5,1021,early,probe,delay,0.8971428571428571,1400
RANDOM-CH,S5,1021,early,data,cost,0.8733744010951403,1461
RANDOM-CH,S5,1021,early,data,delay,0.865160848733744,1461
RANDOM-CH,S5,1021,middle,probe,cost,0.8978996499416569,1714
RANDOM-CH,S5,1021,middle,probe,delay,0.8920653442240374,1714
RANDOM-CH,S5,1021,middle,data,cost,0.8586387434554974,2101
RANDOM-CH,S5,1021,middle,data,delay,0.8124702522608281,2101
RANDOM-CH,S5,1021,late,probe,cost,0.8963986186482487,2027
RANDOM-CH,S5,1021,late,probe,delay,0.8963986186482487,2027
RANDOM-CH,S5,1021,late,data,cost,0.8547869903802107,4366
RANDOM-CH,S5,1021,late,data,delay,0.8447091158955565,4366
RANDOM-CH,S5,1022,warmup,probe,cost,0.895,800
RANDOM-CH,S5,1022,warmup,probe,delay,0.89875,800
RANDOM-CH,S5,1022,warmup,data,cost,0.8840236686390532,845
RANDOM-CH,S5,1022,warmup,data,delay,0.8840236686390532,845
RANDOM-CH,S5,1022,early,probe,cost,0.9014285714285715,1400
RANDOM-CH,S5,1022,early,probe,delay,0.9028571428571428,1400
RANDOM-CH,S5,1022,early,data,cost,0.8766846361185984,1484
RANDOM-CH,S5,1022,early,data,delay,0.8746630727762803,1484
RANDOM-CH,S5,1022,middle,probe,cost,0.8907611853573504,1721
RANDOM-CH,S5,1022,middle,probe,delay,0.8820453224869262,1721
RANDOM-CH,S5,1022,middle,data,cost,0.8374948833401555,2443
RANDOM-CH,S5,1022,middle,data,delay,0.8051575931232091,2443
RANDOM-CH,S5,1022,late,probe,cost,0.9007792207792208,1925
RANDOM-CH,S5,1022,late,probe,delay,0.9044155844155845,1925
RANDOM-CH,S5,1022,late,data,cost,0.8580410324288551,3022
RANDOM-CH,S5,1022,late,data,delay,0.8580410324288551,3022
RANDOM-CH,S5,1023,warmup,probe,cost,0.88875,800
RANDOM-CH,S5,1023,warmup,probe,delay,0.88875,800
RANDOM-CH,S5,1023,warmup,data,cost,0.8653610771113831,817
RANDOM-CH,S5,1023,warmup,data,delay,0.8653610771113831,817
RANDOM-CH,S5,1023,early,probe,cost,0.8978571428571429,1400
RANDOM-CH,S5,1023,early,probe,delay,0.895,1400
RANDOM-CH,S5,1023,early,data,cost,0.9034676663542643,1067
RANDOM-CH,S5,1023,early,data,delay,0.9044048734770385,1067
RANDOM-CH,S5,1023,middle,probe,cost,0.8966918165989554,1723
RANDOM-CH,S5,1023,middle,probe,delay,0.8966918165989554,1723
RANDOM-CH,S5,1023,middle,data,cost,0.8516129032258064,2480
RANDOM-CH,S5,1023,middle,data,delay,0.8379032258064516,2480
RANDOM-CH,S5,1023,late,probe,cost,0.8978855079938113,1939
RANDOM-CH,S5,1023,late,probe,delay,0.8958225889633832,1939
RANDOM-CH,S5,1023,late,data,cost,0.8288030519790176,4194
RANDOM-CH,S5,1023,late,data,delay,0.8142584644730567,4194
RANDOM-CH,S5,1024,warmup,probe,cost,0.88375,800
RANDOM-CH,S5,1024,warmup,probe,delay,0.8775,800
RANDOM-CH,S5,1024,warmup,data,cost,0.8819362455726092,847
RANDOM-CH,S5,1024,warmup,data,delay,0.8760330578512396,847
RANDOM-CH,S5,1024,early,probe,cost,0.895,1400
RANDOM-CH,S5,1024,early,probe,delay,0.8971428571428571,1400
RANDOM-CH,S5,1024,early,data,cost,0.8753462603878116,1444
RANDOM-CH,S5,1024,early,data,delay,0.8732686980609419,1444
RANDOM-CH,S5,1024,middle,probe,cost,0.8910891089108911,1717
RANDOM-CH,S5,1024,middle,probe,delay,0.8922539312754805,1717
RANDOM-CH,S5,1024,middle,data,cost,0.860236220472441,2540
RANDOM-CH,S5,1024,middle,data,delay,0.8409448818897638,2540
RANDOM-CH,S5,1024,late,probe,cost,0.8998505231689088,2007
RANDOM-CH,S5,1024,late,probe,delay,0.8988540109616343,2007
RANDOM-CH,S5,1024,late,data,cost,0.8452380952380952,4284
RANDOM-CH,S5,1024,late,data,delay,0.830765639589169,4284
RANDOM-CH,S5,1025,warmup,probe,cost,0.91125,800
RANDOM-CH,S5,1025,warmup,probe,delay,0.8975,800
RANDOM-CH,S5,1025,warmup,data,cost,0.8586698337292161,842
RANDOM-CH,S5,1025,warmup,data,delay,0.8432304038004751,842
RANDOM-CH,S5,1025,early,probe,cost,0.8914285714285715,1400
RANDOM-CH,S5,1025,early,probe,delay,0.8928571428571429,1400
RANDOM-CH,S5,1025,early,data,cost,0.8637048192771084,1328
RANDOM-CH,S5,1025,early,data,delay,0.8554216867469879,1328
RANDOM-CH,S5,1025,middle,probe,cost,0.8889531521110469,1729
RANDOM-CH,S5,1025,middle,probe,delay,0.8837478311162522,1729
RANDOM-CH,S5,1025,middle,data,cost,0.8610888710968775,2498
RANDOM-CH,S5,1025,middle,data,delay,0.8350680544435548,2498
RANDOM-CH,S5,1025,late,probe,cost,0.900931829328102,2039
RANDOM-CH,S5,1025,late,probe,delay,0.9004413928396273,2039
RANDOM-CH,S5,1025,late,data,cost,0.8457397003745318,4272
RANDOM-CH,S5,1025,late,data,delay,0.8354400749063671,4272
RANDOM-CH,S5,1026,warmup,probe,cost,0.88875,800
RANDOM-CH,S5,1026,warmup,probe,delay,0.885,800
RANDOM-CH,S5,1026,warmup,data,cost,0.8736462093862816,831
RANDOM-CH,S5,1026,warmup,data,delay,0.8700361010830325,831
RANDOM-CH,S5,1026,early,probe,cost,0.9085714285714286,1400
RANDOM-CH,S5,1026,early,probe,delay,0.9057142857142857,1400
RANDOM-CH,S5,1026,early,data,cost,0.8823933975240715,1454
RANDOM-CH,S5,1026,early,data,delay,0.8768913342503438,1454
RANDOM-CH,S5,1026,middle,probe,cost,0.8940972222222222,1728
RANDOM-CH,S5,1026,middle,probe,delay,0.8825231481481481,1728
RANDOM-CH,S5,1026,middle,data,cost,0.8703374777975134,2252
RANDOM-CH,S5,1026,middle,data,delay,0.8587921847246892,2252
RANDOM-CH,S5,1026,late,probe,cost,0.9042938437661666,1933
RANDOM-CH,S5,1026,late,probe,delay,0.9105018106570099,1933
RANDOM-CH,S5,1026,late,data,cost,0.8531434184675835,4072
RANDOM-CH,S5,1026,late,data,delay,0.8445481335952849,4072
RANDOM-CH,S5,1027,warmup,probe,cost,0.8975,800
RANDOM-CH,S5,1027,warmup,probe,delay,0.89625,800
RANDOM-CH,S5,1027,warmup,data,cost,0.8845686512758202,823
RANDOM-CH,S5,1027,warmup,data,delay,0.8724179829890644,823
RANDOM-CH,S5,1027,early,probe,cost,0.9021428571428571,1400
RANDOM-CH,S5,1027,early,probe,delay,0.8985714285714286,1400
RANDOM-CH,S5,1027,early,data,cost,0.8763888888888889,1440
RANDOM-CH,S5,1027,early,data,delay,0.8694444444444445,1440
RANDOM-CH,S5,1027,middle,probe,cost,0.8948584633160023,1731
RANDOM-CH,S5,1027,middle,probe,delay,0.8885037550548815,1731
RANDOM-CH,S5,1027,middle,data,cost,0.8579409417398244,2506
RANDOM-CH,S5,1027,middle,data,delay,0.8220271348762969,2506
RANDOM-CH,S5,1027,late,probe,cost,0.8976261127596439,2022
RANDOM-CH,S5,1027,late,probe,delay,0.8981206726013847,2022
RANDOM-CH,S5,1027,late,data,cost,0.8492101483963619,4178
RANDOM-CH,S5,1027,late,data,delay,0.8472953566299665,4178
RANDOM-CH,S5,1028,warmup,probe,cost,0.895,800
RANDOM-CH,S5,1028,warmup,probe,delay,0.8975,800
RANDOM-CH,S5,1028,warmup,data,cost,0.9106280193236715,828
RANDOM-CH,S5,1028,warmup,data,delay,0.9118357487922706,828
RANDOM-CH,S5,1028,early,probe,cost,0.9,1400
RANDOM-CH,S5,1028,early,probe,delay,0.8964285714285715,1400
RANDOM-CH,S5,1028,early,data,cost,0.8774676650782846,1469
RANDOM-CH,S5,1028,early,data,delay,0.8692988427501702,1469
RANDOM-CH,S5,1028,middle,probe,cost,0.8895281933256617,1738
RANDOM-CH,S5,1028,middle,probe,delay,0.8901035673187572,1738
RANDOM-CH,S5,1028,middle,data,cost,0.8343949044585988,2512
RANDOM-CH,S5,1028,middle,data,delay,0.8136942675159236,2512
RANDOM-CH,S5,1028,late,probe,cost,0.9016393442622951,2013
RANDOM-CH,S5,1028,late,probe,delay,0.9041231992051664,2013
RANDOM-CH,S5,1028,late,data,cost,0.8569745523091423,4244
RANDOM-CH,S5,1028,late,data,delay,0.8503770028275212,4244
RANDOM-CH,S5,1029,warmup,probe,cost,0.88375,800
RANDOM-CH,S5,1029,warmup,probe,delay,0.8875,800
RANDOM-CH,S5,1029,warmup,data,cost,0.8843373493975903,830
RANDOM-CH,S5,1029,warmup,data,delay,0.8722891566265061,830
RANDOM-CH,S5,1029,early,probe,cost,0.9007142857142857,1400
RANDOM-CH,S5,1029,early,probe,delay,0.9028571428571428,1400
RANDOM-CH,S5,1029,early,data,cost,0.8814866760168303,1426
RANDOM-CH,S5,1029,early,data,delay,0.8758765778401122,1426
RANDOM-CH,S5,1029,middle,probe,cost,0.8847497089639115,1718
RANDOM-CH,S5,1029,middle,probe,delay,0.8847497089639115,1718
RANDOM-CH,S5,1029,middle,data,cost,0.8495684340320592,2433
RANDOM-CH,S5,1029,middle,data,delay,0.8158651870119195,2433
RANDOM-CH,S5,1029,late,probe,cost,0.8981113320079522,2012
RANDOM-CH,S5,1029,late,probe,delay,0.9000994035785288,2012
RANDOM-CH,S5,1029,late,data,cost,0.8310062590274434,4154
RANDOM-CH,S5,1029,late,data,delay,0.8307655272026961,4154
ROLL-CP,S1,1000,warmup,probe,cost,0.88125,800
ROLL-CP,S1,1000,warmup,probe,delay,0.88,800
ROLL-CP,S1,1000,warmup,data,cost,0.8864197530864197,810
ROLL-CP,S1,1000,warmup,data,delay,0.8851851851851852,810
ROLL-CP,S1,1000,early,probe,cost,0.9071428571428571,1400
ROLL-CP,S1,1000,early,probe,delay,0.9035714285714286,1400
ROLL-CP,S1,1000,early,data,cost,0.8876560332871013,1442
ROLL-CP,S1,1000,early,data,delay,0.8841886269070736,1442
ROLL-CP,S1,1000,middle,probe,cost,0.8905555555555555,1800
ROLL-CP,S1,1000,middle,probe,delay,0.8927777777777778,1800
ROLL-CP,S1,1000,middle,data,cost,0.8236870310825295,1866
ROLL-CP,S1,1000,middle,data,delay,0.80010718113612,1866
ROLL-CP,S1,1000,late,probe,cost,0.8947807933194154,2395
ROLL-CP,S1,1000,late,probe,delay,0.8947807933194154,2395
ROLL-CP,S1,1000,late,data,cost,0.8248610007942812,2518
ROLL-CP,S1,1000,late,data,delay,0.7692613185067514,2518
ROLL-CP,S1,1001,warmup,probe,cost,0.89625,800
ROLL-CP,S1,1001,warmup,probe,delay,0.89625,800
ROLL-CP,S1,1001,warmup,data,cost,0.905982905982906,819
ROLL-CP,S1,1001,warmup,data,delay,0.8925518925518926,819
ROLL-CP,S1,1001,early,probe,cost,0.8992857142857142,1400
ROLL-CP,S1,1001,early,probe,delay,0.9007142857142857,1400
ROLL-CP,S1,1001,early,data,cost,0.8624229979466119,1461
ROLL-CP,S1,1001,early,data,delay,0.8631074606433949,1461
ROLL-CP,S1,1001,middle,probe,cost,0.8938888888888888,1800
ROLL-CP,S1,1001,middle,probe,delay,0.8888888888888888,1800
ROLL-CP,S1,1001,middle,data,cost,0.8281674823273518,1839
ROLL-CP,S1,1001,middle,data,delay,0.7917346383904296,1839
ROLL-CP,S1,1001,late,probe,cost,0.8982976865997381,2291
ROLL-CP,S1,1001,late,probe,delay,0.8978611959842864,2291
ROLL-CP,S1,1001,late,data,cost,0.7791181364392679,2404
ROLL-CP,S1,1001,late,data,delay,0.7321131447587355,2404
ROLL-CP,S1,1002,warmup,probe,cost,0.90375,800
ROLL-CP,S1,1002,warmup,probe,delay,0.91,800
ROLL-CP,S1,1002,warmup,data,cost,0.9169719169719169,819
ROLL-CP,S1,1002,warmup,data,delay,0.9084249084249084,819
ROLL-CP,S1,1002,early,probe,cost,0.9014285714285715,1400
ROLL-CP,S1,1002,early,probe,delay,0.9021428571428571,1400
ROLL-CP,S1,1002,early,data,cost,0.8685121107266436,1445
ROLL-CP,S1,1002,early,data,delay,0.8650519031141869,1445
ROLL-CP,S1,1002,middle,probe,cost,0.8822222222222222,1800
ROLL-CP,S1,1002,middle,probe,delay,0.8811111111111111,1800
ROLL-CP,S1,1002,middle,data,cost,0.8294614572333685,1894
ROLL-CP,S1,1002,middle,data,delay,0.8051742344244984,1894
ROLL-CP,S1,1002,late,probe,cost,0.9002557544757033,2346
ROLL-CP,S1,1002,late,probe,delay,0.8959931798806479,2346
ROLL-CP,S1,1002,late,data,cost,0.8281829419035847,2427
ROLL-CP,S1,1002,late,data,delay,0.7569015245158632,2427
ROLL-CP,S1,1003,warmup,probe,cost,0.88375,800
ROLL-CP,S1,1003,warmup,probe,delay,0.8775,800
ROLL-CP,S1,1003,warmup,data,cost,0.8975308641975308,810
ROLL-CP,S1,1003,warmup,data,delay,0.8901234567901235,810
ROLL-CP,S1,1003,early,probe,cost,0.8985714285714286,1400
ROLL-CP,S1,1003,early,probe,delay,0.9,1400
ROLL-CP,S1,1003,early,data,cost,0.8719037508846426,1413
ROLL-CP,S1,1003,early,data,delay,0.8733191790516631,1413
ROLL-CP,S1,1003,middle,probe,cost,0.8922222222222222,1800
ROLL-CP,S1,1003,middle,probe,delay,0.8894444444444445,1800
ROLL-CP,S1,1003,middle,data,cost,0.8224557522123894,1808
ROLL-CP,S1,1003,middle,data,delay,0.7948008849557522,1808
ROLL-CP,S1,1003,late,probe,cost,0.9013356311934511,2321
ROLL-CP,S1,1003,late,probe,delay,0.9000430848772081,2321
ROLL-CP,S1,1003,late,data,cost,0.8396031417941298,2419
ROLL-CP,S1,1003,late,data,delay,0.7875155022736668,2419
ROLL-CP,S1,1004,warmup,probe,cost,0.9025,800
ROLL-CP,S1,1004,warmup,probe,delay,0.89625,800
ROLL-CP,S1,1004,warmup,data,cost,0.8733087330873309,813
ROLL-CP,S1,1004,warmup,data,delay,0.8585485854858549,813
ROLL-CP,S1,1004,early,probe,cost,0.9028571428571428,1400
ROLL-CP,S1,1004,early,probe,delay,0.9021428571428571,1400
ROLL-CP,S1,1004,early,data,cost,0.8649584487534626,1444
ROLL-CP,S1,1004,early,data,delay,0.8594182825484764,1444
ROLL-CP,S1,1004,middle,probe,cost,0.8872222222222222,1800
ROLL-CP,S1,1004,middle,probe,delay,0.8866666666666667,1800
ROLL-CP,S1,1004,middle,data,cost,0.8485342019543974,1842
ROLL-CP,S1,1004,middle,data,delay,0.8116178067318133,1842
ROLL-CP,S1,1004,late,probe,cost,0.8992411467116358,2372
ROLL-CP,S1,1004,late,probe,delay,0.8992411467116358,2372
ROLL-CP,S1,1004,late,data,cost,0.7915986949429038,2452
ROLL-CP,S1,1004,late,data,delay,0.7459216965742251,2452
ROLL-CP,S1,1005,warmup,probe,cost,0.895,800
ROLL-CP,S1,1005,warmup,probe,delay,0.9025,800
ROLL-CP,S1,1005,warmup,data,cost,0.8594132029339854,818
ROLL-CP,S1,1005,warmup,data,delay,0.8533007334963325,818
ROLL-CP,S1,1005,early,probe,cost,0.8935714285714286,1400
ROLL-CP,S1,1005,early,probe,delay,0.8921428571428571,1400
ROLL-CP,S1,1005,early,data,cost,0.859538784067086,1431
ROLL-CP,S1,1005,early,data,delay,0.8532494758909853,1431
ROLL-CP,S1,1005,middle,probe,cost,0.8938888888888888,1800
ROLL-CP,S1,1005,middle,probe,delay,0.8933333333333333,1800
ROLL-CP,S1,1005,middle,data,cost,0.8362021099389229,1801
ROLL-CP,S1,1005,middle,data,delay,0.8145474736257635,1801
ROLL-CP,S1,1005,late,probe,cost,0.8980561555075594,2315
ROLL-CP,S1,1005,late,probe,delay,0.9002159827213823,2315
ROLL-CP,S1,1005,late,data,cost,0.8215923301375573,2399
ROLL-CP,S1,1005,late,data,delay,0.7553147144643602,2399
ROLL-CP,S1,1006,warmup,probe,cost,0.91375,800
ROLL-CP,S1,1006,warmup,probe,delay,0.90375,800
ROLL-CP,S1,1006,warmup,data,cost,0.8878048780487805,820
ROLL-CP,S1,1006,warmup,data,delay,0.875609756097561,820
ROLL-CP,S1,1006,early,probe,cost,0.8978571428571429,1400
ROLL-CP,S1,1006,early,probe,delay,0.8964285714285715,1400
ROLL-CP,S1,1006,early,data,cost,0.8786206896551724,1450
ROLL-CP,S1,1006,early,data,delay,0.8737931034482759,1450
ROLL-CP,S1,1006,middle,probe,cost,0.8911111111111111,1800
ROLL-CP,S1,1006,middle,probe,delay,0.8866666666666667,1800
ROLL-CP,S1,1006,middle,data,cost,0.8245518739815317,1841
ROLL-CP,S1,1006,middle,data,delay,0.7990222705051603,1841
ROLL-CP,S1,1006,late,probe,cost,0.9000430848772081,2321
ROLL-CP,S1,1006,late,probe,delay,0.9009047824213701,2321
ROLL-CP,S1,1006,late,data,cost,0.8206611570247934,2420
ROLL-CP,S1,1006,late,data,delay,0.7723140495867769,2420
ROLL-CP,S1,1007,warmup,probe,cost,0.89625,800
ROLL-CP,S1,1007,warmup,probe,delay,0.89875,800
ROLL-CP,S1,1007,warmup,data,cost,0.8848920863309353,834
ROLL-CP,S1,1007,warmup,data,delay,0.8597122302158273,834
ROLL-CP,S1,1007,early,probe,cost,0.91,1400
ROLL-CP,S1,1007,early,probe,delay,0.905,1400
ROLL-CP,S1,1007,early,data,cost,0.8604810996563574,1455
ROLL-CP,S1,1007,early,data,delay,0.8515463917525773,1455
ROLL-CP,S1,1007,middle,probe,cost,0.8877777777777778,1800
ROLL-CP,S1,1007,middle,probe,delay,0.8833333333333333,1800
ROLL-CP,S1,1007,middle,data,cost,0.8188720173535792,1844
ROLL-CP,S1,1007,middle,data,delay,0.8031453362255966,1844
ROLL-CP,S1,1007,late,probe,cost,0.8939662821650399,2254
ROLL-CP,S1,1007,late,probe,delay,0.8957409050576752,2254
ROLL-CP,S1,1007,late,data,cost,0.8340937370385733,2411
ROLL-CP,S1,1007,late,data,delay,0.7739527167150559,2411
ROLL-CP,S1,1008,warmup,probe,cost,0.88875,800
ROLL-CP,S1,1008,warmup,probe,delay,0.89625,800
ROLL-CP,S1,1008,warmup,data,cost,0.8963051251489869,839
ROLL-CP,S1,1008,warmup,data,delay,0.8903456495828367,839
ROLL-CP,S1,1008,early,probe,cost,0.9021428571428571,1400
ROLL-CP,S1,1008,early,probe,delay,0.8935714285714286,1400
ROLL-CP,S1,1008,early,data,cost,0.8773841961852861,1468
ROLL-CP,S1,1008,early,data,delay,0.8739782016348774,1468
ROLL-CP,S1,1008,middle,probe,cost,0.895,1800
ROLL-CP,S1,1008,middle,probe,delay,0.8916666666666667,1800
ROLL-CP,S1,1008,middle,data,cost,0.8183749336165693,1883
ROLL-CP,S1,1008,middle,data,delay,0.8093467870419543,1883
ROLL-CP,S1,1008,late,probe,cost,0.8953833121558662,2361
ROLL-CP,S1,1008,late,probe,delay,0.8958068614993647,2361
ROLL-CP,S1,1008,late,data,cost,0.8180722891566266,2490
ROLL-CP,S1,1008,late,data,delay,0.7614457831325301,2490
ROLL-CP,S1,1009,warmup,probe,cost,0.9025,800
ROLL-CP,S1,1009,warmup,probe,delay,0.9,800
ROLL-CP,S1,1009,warmup,data,cost,0.894993894993895,819
ROLL-CP,S1,1009,warmup,data,delay,0.8803418803418803,819
ROLL-CP,S1,1009,early,probe,cost,0.8992857142857142,1400
ROLL-CP,S1,1009,early,probe,delay,0.8978571428571429,1400
ROLL-CP,S1,1009,early,data,cost,0.8973121984838043,1451
ROLL-CP,S1,1009,early,data,delay,0.8952446588559614,1451
ROLL-CP,S1,1009,middle,probe,cost,0.8883333333333333,1800
ROLL-CP,S1,1009,middle,probe,delay,0.8905555555555555,1800
ROLL-CP,S1,1009,middle,data,cost,0.8413361169102297,1916
ROLL-CP,S1,1009,middle,data,delay,0.8188935281837161,1916
ROLL-CP,S1,1009,late,probe,cost,0.8943661971830986,2272
ROLL-CP,S1,1009,late,probe,delay,0.8983274647887324,2272
ROLL-CP,S1,1009,late,data,cost,0.8009728415079044,2467
ROLL-CP,S1,1009,late,data,delay,0.744223753546818,2467
ROLL-CP,S1,1010,warmup,probe,cost,0.895,800
ROLL-CP,S1,1010,warmup,probe,delay,0.89,800
ROLL-CP,S1,1010,warmup,data,cost,0.875453446191052,827
ROLL-CP,S1,1010,warmup,data,delay,0.8730350665054414,827
ROLL-CP,S1,1010,early,probe,cost,0.8921428571428571,1400
ROLL-CP,S1,1010,early,probe,delay,0.8978571428571429,1400
ROLL-CP,S1,1010,early,data,cost,0.8703578663065497,1481
ROLL-CP,S1,1010,early,data,delay,0.8683322079675895,1481
ROLL-CP,S1,1010,middle,probe,cost,0.8922222222222222,1800
ROLL-CP,S1,1010,middle,probe,delay,0.8927777777777778,1800
ROLL-CP,S1,1010,middle,data,cost,0.8298208640674394,1898
ROLL-CP,S1,1010,middle,data,delay,0.8229715489989463,1898
ROLL-CP,S1,1010,late,probe,cost,0.891196388261851,2215
ROLL-CP,S1,1010,late,probe,delay,0.8948081264108352,2215
ROLL-CP,S1,1010,late,data,cost,0.7978142076502732,2379
ROLL-CP,S1,1010,late,data,delay,0.7717528373266078,2379
ROLL-CP,S1,1011,warmup,probe,cost,0.8825,800
ROLL-CP,S1,1011,warmup,probe,delay,0.8925,800
ROLL-CP,S1,1011,warmup,data,cost,0.8876678876678876,819
ROLL-CP,S1,1011,warmup,data,delay,0.8852258852258852,819
ROLL-CP,S1,1011,early,probe,cost,0.9014285714285715,1400
ROLL-CP,S1,1011,early,probe,delay,0.9,1400
ROLL-CP,S1,1011,early,data,cost,0.8910081743869209,1468
ROLL-CP,S1,1011,early,data,delay,0.8841961852861036,1468
ROLL-CP,S1,1011,middle,probe,cost,0.8944444444444445,1800
ROLL-CP,S1,1011,middle,probe,delay,0.8916666666666667,1800
ROLL-CP,S1,1011,middle,data,cost,0.8596584845250801,1874
ROLL-CP,S1,1011,middle,data,delay,0.8543223052294557,1874
ROLL-CP,S1,1011,late,probe,cost,0.896551724137931,2291
ROLL-CP,S1,1011,late,probe,delay,0.8996071584460934,2291
ROLL-CP,S1,1011,late,data,cost,0.8258171286719074,2417
ROLL-CP,S1,1011,late,data,delay,0.7980968142325197,2417
ROLL-CP,S1,1012,warmup,probe,cost,0.89875,800
ROLL-CP,S1,1012,warmup,probe,delay,0.895,800
ROLL-CP,S1,1012,warmup,data,cost,0.8682926829268293,820
ROLL-CP,S1,1012,warmup,data,delay,0.8658536585365854,820
ROLL-CP,S1,1012,early,probe,cost,0.8978571428571429,1400
ROLL-CP,S1,1012,early,probe,delay,0.8985714285714286,1400
ROLL-CP,S1,1012,early,data,cost,0.8793584379358438,1434
ROLL-CP,S1,1012,early,data,delay,0.8730822873082287,1434
ROLL-CP,S1,1012,middle,probe,cost,0.8927777777777778,1800
ROLL-CP,S1,1012,middle,probe,delay,0.8872222222222222,1800
ROLL-CP,S1,1012,middle,data,cost,0.8377501352082206,1849
ROLL-CP,S1,1012,middle,data,delay,0.824229313142239,1849
ROLL-CP,S1,1012,late,probe,cost,0.8926315789473684,2375
ROLL-CP,S1,1012,late,probe,delay,0.895578947368421,2375
ROLL-CP,S1,1012,late,data,cost,0.8404605263157895,2432
ROLL-CP,S1,1012,late,data,delay,0.811266447368421,2432
ROLL-CP,S1,1013,warmup,probe,cost,0.90125,800
ROLL-CP,S1,1013,warmup,probe,delay,0.8875,800
ROLL-CP,S1,1013,warmup,data,cost,0.8955773955773956,814
ROLL-CP,S1,1013,warmup,data,delay,0.8845208845208845,814
ROLL-CP,S1,1013,early,probe,cost,0.8985714285714286,1400
ROLL-CP,S1,1013,early,probe,delay,0.9014285714285715,1400
ROLL-CP,S1,1013,early,data,cost,0.8648293963254593,1524
ROLL-CP,S1,1013,early,data,delay,0.860236220472441,1524
ROLL-CP,S1,1013,middle,probe,cost,0.8966666666666666,1800
ROLL-CP,S1,1013,middle,probe,delay,0.8933333333333333,1800
ROLL-CP,S1,1013,middle,data,cost,0.825116761805916,1927
ROLL-CP,S1,1013,middle,data,delay,0.8126621691748832,1927
ROLL-CP,S1,1013,late,probe,cost,0.894712643678161,2175
ROLL-CP,S1,1013,late,probe,delay,0.894712643678161,2175
ROLL-CP,S1,1013,late,data,cost,0.8088723051409619,2412
ROLL-CP,S1,1013,late,data,delay,0.7786069651741293,2412
ROLL-CP,S1,1014,warmup,probe,cost,0.90625,800
ROLL-CP,S1,1014,warmup,probe,delay,0.905,800
ROLL-CP,S1,1014,warmup,data,cost,0.8890243902439025,820
ROLL-CP,S1,1014,warmup,data,delay,0.8792682926829268,820
ROLL-CP,S1,1014,early,probe,cost,0.895,1400
ROLL-CP,S1,1014,early,probe,delay,0.8957142857142857,1400
ROLL-CP,S1,1014,early,data,cost,0.8858131487889274,1445
ROLL-CP,S1,1014,early,data,delay,0.8823529411764706,1445
ROLL-CP,S1,1014,middle,probe,cost,0.8944444444444445,1800
ROLL-CP,S1,1014,middle,probe,delay,0.8888888888888888,1800
ROLL-CP,S1,1014,middle,data,cost,0.8442048517520215,1855
ROLL-CP,S1,1014,middle,data,delay,0.816711590296496,1855
ROLL-CP,S1,1014,late,probe,cost,0.8921651221566975,2374
ROLL-CP,S1,1014,late,probe,delay,0.8959561920808762,2374
ROLL-CP,S1,1014,late,data,cost,0.815409971157808,2427
ROLL-CP,S1,1014,late,data,delay,0.7717346518335394,2427
ROLL-CP,S1,1015,warmup,probe,cost,0.89,800
ROLL-CP,S1,1015,warmup,probe,delay,0.8975,800
ROLL-CP,S1,1015,warmup,data,cost,0.8878048780487805,820
ROLL-CP,S1,1015,warmup,data,delay,0.8804878048780488,820
ROLL-CP,S1,1015,early,probe,cost,0.9021428571428571,1400
ROLL-CP,S1,1015,early,probe,delay,0.9042857142857142,1400
ROLL-CP,S1,1015,early,data,cost,0.8744710860366713,1418
ROLL-CP,S1,1015,early,data,delay,0.8723554301833568,1418
ROLL-CP,S1,1015,middle,probe,cost,0.8855555555555555,1800
ROLL-CP,S1,1015,middle,probe,delay,0.885,1800
ROLL-CP,S1,1015,middle,data,cost,0.850828729281768,1810
ROLL-CP,S1,1015,middle,data,delay,0.8248618784530387,1810
ROLL-CP,S1,1015,late,probe,cost,0.8973136915077989,2308
ROLL-CP,S1,1015,late,probe,delay,0.8973136915077989,2308
ROLL-CP,S1,1015,late,data,cost,0.812161599333611,2401
ROLL-CP,S1,1015,late,data,delay,0.7513536026655561,2401
ROLL-CP,S1,1016,warmup,probe,cost,0.91625,800
ROLL-CP,S1,1016,warmup,probe,delay,0.915,800
ROLL-CP,S1,1016,warmup,data,cost,0.884004884004884,819
ROLL-CP,S1,1016,warmup,data,delay,0.8803418803418803,819
ROLL-CP,S1,1016,early,probe,cost,0.9042857142857142,1400
ROLL-CP,S1,1016,early,probe,delay,0.9021428571428571,1400
ROLL-CP,S1,1016,early,data,cost,0.8569444444444444,1440
ROLL-CP,S1,1016,early,data,delay,0.8555555555555555,1440
ROLL-CP,S1,1016,middle,probe,cost,0.895,1800
ROLL-CP,S1,1016,middle,probe,delay,0.8955555555555555,1800
ROLL-CP,S1,1016,middle,data,cost,0.8352180936995154,1857
ROLL-CP,S1,1016,middle,data,delay,0.823371028540657,1857
ROLL-CP,S1,1016,late,probe,cost,0.8920560747663552,2140
ROLL-CP,S1,1016,late,probe,delay,0.8943925233644859,2140
ROLL-CP,S1,1016,late,data,cost,0.8145299145299145,2340
ROLL-CP,S1,1016,late,data,delay,0.7794871794871795,2340
ROLL-CP,S1,1017,warmup,probe,cost,0.895,800
ROLL-CP,S1,1017,warmup,probe,delay,0.89875,800
ROLL-CP,S1,1017,warmup,data,cost,0.8776009791921665,817
ROLL-CP,S1,1017,warmup,data,delay,0.8788249694002448,817
ROLL-CP,S1,1017,early,probe,cost,0.8957142857142857,1400
ROLL-CP,S1,1017,early,probe,delay,0.8964285714285715,1400
ROLL-CP,S1,1017,early,data,cost,0.8798043326345213,1431
ROLL-CP,S1,1017,early,data,delay,0.8825995807127882,1431
ROLL-CP,S1,1017,middle,probe,cost,0.8855555555555555,1800
ROLL-CP,S1,1017,middle,probe,delay,0.8916666666666667,1800
ROLL-CP,S1,1017,middle,data,cost,0.848568281938326,1816
ROLL-CP,S1,1017,middle,data,delay,0.8105726872246696,1816
ROLL-CP,S1,1017,late,probe,cost,0.9019027484143763,2365
ROLL-CP,S1,1017,late,probe,delay,0.9006342494714588,2365
ROLL-CP,S1,1017,late,data,cost,0.8266112266112267,2405
ROLL-CP,S1,1017,late,data,delay,0.772972972972973,2405
ROLL-CP,S1,1018,warmup,probe,cost,0.89875,800
ROLL-CP,S1,1018,warmup,probe,delay,0.895,800
ROLL-CP,S1,1018,warmup,data,cost,0.9,810
ROLL-CP,S1,1018,warmup,data,delay,0.891358024691358,810
ROLL-CP,S1,1018,early,probe,cost,0.9057142857142857,1400
ROLL-CP,S1,1018,early,probe,delay,0.8978571428571429,1400
ROLL-CP,S1,1018,early,data,cost,0.8899721448467967,1436
ROLL-CP,S1,1018,early,data,delay,0.8809192200557103,1436
ROLL-CP,S1,1018,middle,probe,cost,0.89,1800
ROLL-CP,S1,1018,middle,probe,delay,0.8894444444444445,1800
ROLL-CP,S1,1018,middle,data,cost,0.8325229605618585,1851
ROLL-CP,S1,1018,middle,data,delay,0.8173960021609941,1851
ROLL-CP,S1,1018,late,probe,cost,0.9017167381974249,2330
ROLL-CP,S1,1018,late,probe,delay,0.8978540772532189,2330
ROLL-CP,S1,1018,late,data,cost,0.7939217318900916,2402
ROLL-CP,S1,1018,late,data,delay,0.7127393838467944,2402
ROLL-CP,S1,1019,warmup,probe,cost,0.885,800
ROLL-CP,S1,1019,warmup,probe,delay,0.89,800
ROLL-CP,S1,1019,warmup,data,cost,0.8775,800
ROLL-CP,S1,1019,warmup,data,delay,0.87625,800
ROLL-CP,S1,1019,early,probe,cost,0.8928571428571429,1400
ROLL-CP,S1,1019,early,probe,delay,0.895,1400
ROLL-CP,S1,1019,early,data,cost,0.875,1456
ROLL-CP,S1,1019,early,data,delay,0.8743131868131868,1456
ROLL-CP,S1,1019,middle,probe,cost,0.8838888888888888,1800
ROLL-CP,S1,1019,middle,probe,delay,0.8877777777777778,1800
ROLL-CP,S1,1019,middle,data,cost,0.8233695652173914,1840
ROLL-CP,S1,1019,middle,data,delay,0.8021739130434783,1840
ROLL-CP,S1,1019,late,probe,cost,0.8966292134831461,2225
ROLL-CP,S1,1019,late,probe,delay,0.9029213483146067,2225
ROLL-CP,S1,1019,late,data,cost,0.7933532168726033,2347
ROLL-CP,S1,1019,late,data,delay,0.7456327226246272,2347
ROLL-CP,S1,1020,warmup,probe,cost,0.90625,800
ROLL-CP,S1,1020,warmup,probe,delay,0.90875,800
ROLL-CP,S1,1020,warmup,data,cost,0.87125,800
ROLL-CP,S1,1020,warmup,data,delay,0.875,800
ROLL-CP,S1,1020,early,probe,cost,0.8942857142857142,1400
ROLL-CP,S1,1020,early,probe,delay,0.8935714285714286,1400
ROLL-CP,S1,1020,early,data,cost,0.8757984386089425,1409
ROLL-CP,S1,1020,early,data,delay,0.8701206529453513,1409
ROLL-CP,S1,1020,middle,probe,cost,0.8922222222222222,1800
ROLL-CP,S1,1020,middle,probe,delay,0.8872222222222222,1800
ROLL-CP,S1,1020,middle,data,cost,0.8447513812154697,1810
ROLL-CP,S1,1020,middle,data,delay,0.7939226519337017,1810
ROLL-CP,S1,1020,late,probe,cost,0.8992454505104306,2253
ROLL-CP,S1,1020,late,probe,delay,0.8961384820239681,2253
ROLL-CP,S1,1020,late,data,cost,0.8162574089754445,2362
ROLL-CP,S1,1020,late,data,delay,0.7519051651143099,2362
ROLL-CP,S1,1021,warmup,probe,cost,0.8875,800
ROLL-CP,S1,1021,warmup,probe,delay,0.88,800
ROLL-CP,S1,1021,warmup,data,cost,0.8817073170731707,820
ROLL-CP,S1,1021,warmup,data,delay,0.8731707317073171,820
ROLL-CP,S1,1021,early,probe,cost,0.8957142857142857,1400
ROLL-CP,S1,1021,early,probe,delay,0.9,1400
ROLL-CP,S1,1021,early,data,cost,0.883448275862069,1450
ROLL-CP,S1,1021,early,data,delay,0.8710344827586207,1450
ROLL-CP,S1,1021,middle,probe,cost,0.8966666666666666,1800
ROLL-CP,S1,1021,middle,probe,delay,0.8888888888888888,1800
ROLL-CP,S1,1021,middle,data,cost,0.8473118279569892,1860
ROLL-CP,S1,1021,middle,data,delay,0.7983870967741935,1860
ROLL-CP,S1,1021,late,probe,cost,0.8942054433713784,2278
ROLL-CP,S1,1021,late,probe,delay,0.8937664618086041,2278
ROLL-CP,S1,1021,late,data,cost,0.7942880794701986,2416
ROLL-CP,S1,1021,late,data,delay,0.7218543046357616,2416
ROLL-CP,S1,1022,warmup,probe,cost,0.895,800
ROLL-CP,S1,1022,warmup,probe,delay,0.89875,800
ROLL-CP,S1,1022,warmup,data,cost,0.8800489596083231,817
ROLL-CP,S1,1022,warmup,data,delay,0.8849449204406364,817
ROLL-CP,S1,1022,early,probe,cost,0.9028571428571428,1400
ROLL-CP,S1,1022,early,probe,delay,0.9035714285714286,1400
ROLL-CP,S1,1022,early,data,cost,0.8821478382147838,1434
ROLL-CP,S1,1022,early,data,delay,0.8814504881450488,1434
ROLL-CP,S1,1022,middle,probe,cost,0.8855555555555555,1800
ROLL-CP,S1,1022,middle,probe,delay,0.8838888888888888,1800
ROLL-CP,S1,1022,middle,data,cost,0.8383677795442501,1887
ROLL-CP,S1,1022,middle,data,delay,0.821939586645469,1887
ROLL-CP,S1,1022,late,probe,cost,0.8962585034013606,2352
ROLL-CP,S1,1022,late,probe,delay,0.8996598639455783,2352
ROLL-CP,S1,1022,late,data,cost,0.8086921202274574,2462
ROLL-CP,S1,1022,late,data,delay,0.7461413484971567,2462
ROLL-CP,S1,1023,warmup,probe,cost,0.88875,800
ROLL-CP,S1,1023,warmup,probe,delay,0.88875,800
ROLL-CP,S1,1023,warmup,data,cost,0.8822085889570552,815
ROLL-CP,S1,1023,warmup,data,delay,0.8785276073619632,815
ROLL-CP,S1,1023,early,probe,cost,0.8992857142857142,1400
ROLL-CP,S1,1023,early,probe,delay,0.895,1400
ROLL-CP,S1,1023,early,data,cost,0.869684499314129,1458
ROLL-CP,S1,1023,early,data,delay,0.8641975308641975,1458
ROLL-CP,S1,1023,middle,probe,cost,0.895,1800
ROLL-CP,S1,1023,middle,probe,delay,0.8894444444444445,1800
ROLL-CP,S1,1023,middle,data,cost,0.8301075268817204,1860
ROLL-CP,S1,1023,middle,data,delay,0.8064516129032258,1860
ROLL-CP,S1,1023,late,probe,cost,0.8933333333333333,2400
ROLL-CP,S1,1023,late,probe,delay,0.8991666666666667,2400
ROLL-CP,S1,1023,late,data,cost,0.810351799433886,2473
ROLL-CP,S1,1023,late,data,delay,0.755762232106753,2473
ROLL-CP,S1,1024,warmup,probe,cost,0.88375,800
ROLL-CP,S1,1024,warmup,probe,delay,0.8775,800
ROLL-CP,S1,1024,warmup,data,cost,0.9034564958283671,839
ROLL-CP,S1,1024,warmup,data,delay,0.8939213349225268,839
ROLL-CP,S1,1024,early,probe,cost,0.8992857142857142,1400
ROLL-CP,S1,1024,early,probe,delay,0.8992857142857142,1400
ROLL-CP,S1,1024,early,data,cost,0.8875942426319396,1459
ROLL-CP,S1,1024,early,data,delay,0.8773132282385195,1459
ROLL-CP,S1,1024,middle,probe,cost,0.8877777777777778,1800
ROLL-CP,S1,1024,middle,probe,delay,0.8888888888888888,1800
ROLL-CP,S1,1024,middle,data,cost,0.8528301886792453,1855
ROLL-CP,S1,1024,middle,data,delay,0.8264150943396227,1855
ROLL-CP,S1,1024,late,probe,cost,0.8986599664991625,2388
ROLL-CP,S1,1024,late,probe,delay,0.9045226130653267,2388
ROLL-CP,S1,1024,late,data,cost,0.830423940149626,2406
ROLL-CP,S1,1024,late,data,delay,0.7797173732335827,2406
ROLL-CP,S1,1025,warmup,probe,cost,0.91125,800
ROLL-CP,S1,1025,warmup,probe,delay,0.8975,800
ROLL-CP,S1,1025,warmup,data,cost,0.9024691358024691,810
ROLL-CP,S1,1025,warmup,data,delay,0.891358024691358,810
ROLL-CP,S1,1025,early,probe,cost,0.8935714285714286,1400
ROLL-CP,S1,1025,early,probe,delay,0.8942857142857142,1400
ROLL-CP,S1,1025,early,data,cost,0.8657123381049762,1467
ROLL-CP,S1,1025,early,data,delay,0.8623040218132243,1467
ROLL-CP,S1,1025,middle,probe,cost,0.8894444444444445,1800
ROLL-CP,S1,1025,middle,probe,delay,0.8955555555555555,1800
ROLL-CP,S1,1025,middle,data,cost,0.8450779989241528,1859
ROLL-CP,S1,1025,middle,data,delay,0.8262506724045185,1859
ROLL-CP,S1,1025,late,probe,cost,0.898356401384083,2312
ROLL-CP,S1,1025,late,probe,delay,0.8940311418685121,2312
ROLL-CP,S1,1025,late,data,cost,0.7880767660269498,2449
ROLL-CP,S1,1025,late,data,delay,0.7239689669252756,2449
ROLL-CP,S1,1026,warmup,probe,cost,0.88875,800
ROLL-CP,S1,1026,warmup,probe,delay,0.885,800
ROLL-CP,S1,1026,warmup,data,cost,0.8899521531100478,836
ROLL-CP,S1,1026,warmup,data,delay,0.8851674641148325,836
ROLL-CP,S1,1026,early,probe,cost,0.9085714285714286,1400
ROLL-CP,S1,1026,early,probe,delay,0.9064285714285715,1400
ROLL-CP,S1,1026,early,data,cost,0.8865345181134655,1463
ROLL-CP,S1,1026,early,data,delay,0.8790157211209843,1463
ROLL-CP,S1,1026,middle,probe,cost,0.8877777777777778,1800
ROLL-CP,S1,1026,middle,probe,delay,0.89,1800
ROLL-CP,S1,1026,middle,data,cost,0.8503184713375797,1884
ROLL-CP,S1,1026,middle,data,delay,0.8423566878980892,1884
ROLL-CP,S1,1026,late,probe,cost,0.897126969416126,2158
ROLL-CP,S1,1026,late,probe,delay,0.8999073215940686,2158
ROLL-CP,S1,1026,late,data,cost,0.8197625106022053,2358
ROLL-CP,S1,1026,late,data,delay,0.7905004240882103,2358
ROLL-CP,S1,1027,warmup,probe,cost,0.8975,800
ROLL-CP,S1,1027,warmup,probe,delay,0.89625,800
ROLL-CP,S1,1027,warmup,data,cost,0.89,800
ROLL-CP,S1,1027,warmup,data,delay,0.885,800
ROLL-CP,S1,1027,early,probe,cost,0.9014285714285715,1400
ROLL-CP,S1,1027,early,probe,delay,0.8992857142857142,1400
ROLL-CP,S1,1027,early,data,cost,0.8664359861591695,1445
ROLL-CP,S1,1027,early,data,delay,0.8622837370242215,1445
ROLL-CP,S1,1027,middle,probe,cost,0.8822222222222222,1800
ROLL-CP,S1,1027,middle,probe,delay,0.8905555555555555,1800
ROLL-CP,S1,1027,middle,data,cost,0.8344155844155844,1848
ROLL-CP,S1,1027,middle,data,delay,0.8084415584415584,1848
ROLL-CP,S1,1027,late,probe,cost,0.8956168097605061,2213
ROLL-CP,S1,1027,late,probe,delay,0.9010393131495708,2213
ROLL-CP,S1,1027,late,data,cost,0.7958404074702886,2356
ROLL-CP,S1,1027,late,data,delay,0.7580645161290323,2356
ROLL-CP,S1,1028,warmup,probe,cost,0.895,800
ROLL-CP,S1,1028,warmup,probe,delay,0.8975,800
ROLL-CP,S1,1028,warmup,data,cost,0.8997555012224939,818
ROLL-CP,S1,1028,warmup,data,delay,0.8985330073349633,818
ROLL-CP,S1,1028,early,probe,cost,0.9,1400
ROLL-CP,S1,1028,early,probe,delay,0.8957142857142857,1400
ROLL-CP,S1,1028,early,data,cost,0.8743893928820656,1433
ROLL-CP,S1,1028,early,data,delay,0.8674110258199581,1433
ROLL-CP,S1,1028,middle,probe,cost,0.8877777777777778,1800
ROLL-CP,S1,1028,middle,probe,delay,0.8883333333333333,1800
ROLL-CP,S1,1028,middle,data,cost,0.852529601722282,1858
ROLL-CP,S1,1028,middle,data,delay,0.8315392895586652,1858
ROLL-CP,S1,1028,late,probe,cost,0.8936719758932415,2323
ROLL-CP,S1,1028,late,probe,delay,0.8996986655187258,2323
ROLL-CP,S1,1028,late,data,cost,0.8123711340206186,2425
ROLL-CP,S1,1028,late,data,delay,0.7657731958762887,2425
ROLL-CP,S1,1029,warmup,probe,cost,0.88375,800
ROLL-CP,S1,1029,warmup,probe,delay,0.8875,800
ROLL-CP,S1,1029,warmup,data,cost,0.8864197530864197,810
ROLL-CP,S1,1029,warmup,data,delay,0.8802469135802469,810
ROLL-CP,S1,1029,early,probe,cost,0.8985714285714286,1400
ROLL-CP,S1,1029,early,probe,delay,0.905,1400
ROLL-CP,S1,1029,early,data,cost,0.8752613240418119,1435
ROLL-CP,S1,1029,early,data,delay,0.8752613240418119,1435
ROLL-CP,S1,1029,middle,probe,cost,0.8877777777777778,1800
ROLL-CP,S1,1029,middle,probe,delay,0.8855555555555555,1800
ROLL-CP,S1,1029,middle,data,cost,0.8579175704989154,1844
ROLL-CP,S1,1029,middle,data,delay,0.8177874186550976,1844
ROLL-CP,S1,1029,late,probe,cost,0.895618556701031,2328
ROLL-CP,S1,1029,late,probe,delay,0.8999140893470791,2328
ROLL-CP,S1,1029,late,data,cost,0.8158546655656482,2422
ROLL-CP,S1,1029,late,data,delay,0.7625928984310487,2422
ROLL-CP,S2,1000,warmup,probe,cost,0.88125,800
ROLL-CP,S2,1000,warmup,probe,delay,0.88,800
ROLL-CP,S2,1000,warmup,data,cost,0.8864197530864197,810
ROLL-CP,S2,1000,warmup,data,delay,0.8851851851851852,810
ROLL-CP,S2,1000,early,probe,cost,0.9078571428571428,1400
ROLL-CP,S2,1000,early,probe,delay,0.9035714285714286,1400
ROLL-CP,S2,1000,early,data,cost,0.8890429958391124,1442
ROLL-CP,S2,1000,early,data,delay,0.8855755894590847,1442
ROLL-CP,S2,1000,middle,probe,cost,0.8788888888888889,1800
ROLL-CP,S2,1000,middle,probe,delay,0.8783333333333333,1800
ROLL-CP,S2,1000,middle,data,cost,0.7347275729223995,1817
ROLL-CP,S2,1000,middle,data,delay,0.6884975233902036,1817
ROLL-CP,S2,1000,late,probe,cost,0.9136968656075569,2329
ROLL-CP,S2,1000,late,probe,delay,0.9094031773293259,2329
ROLL-CP,S2,1000,late,data,cost,0.8730800323362975,2474
ROLL-CP,S2,1000,late,data,delay,0.8670169765561844,2474
ROLL-CP,S2,1001,warmup,probe,cost,0.89625,800
ROLL-CP,S2,1001,warmup,probe,delay,0.89625,800
ROLL-CP,S2,1001,warmup,data,cost,0.905982905982906,819
ROLL-CP,S2,1001,warmup,data,delay,0.8925518925518926,819
ROLL-CP,S2,1001,early,probe,cost,0.9007142857142857,1400
ROLL-CP,S2,1001,early,probe,delay,0.9021428571428571,1400
ROLL-CP,S2,1001,early,data,cost,0.863791923340178,1461
ROLL-CP,S2,1001,early,data,delay,0.864476386036961,1461
ROLL-CP,S2,1001,middle,probe,cost,0.8716367713004485,1784
ROLL-CP,S2,1001,middle,probe,delay,0.875,1784
ROLL-CP,S2,1001,middle,data,cost,0.7652221612726275,1823
ROLL-CP,S2,1001,middle,data,delay,0.7218869994514536,1823
ROLL-CP,S2,1001,late,probe,cost,0.9182862190812721,2264
ROLL-CP,S2,1001,late,probe,delay,0.916077738515901,2264
ROLL-CP,S2,1001,late,data,cost,0.8721270371918094,2393
ROLL-CP,S2,1001,late,data,delay,0.8675302966987045,2393
ROLL-CP,S2,1002,warmup,probe,cost,0.90375,800
ROLL-CP,S2,1002,warmup,probe,delay,0.91,800
ROLL-CP,S2,1002,warmup,data,cost,0.9169719169719169,819
ROLL-CP,S2,1002,warmup,data,delay,0.9084249084249084,819
ROLL-CP,S2,1002,early,probe,cost,0.9014285714285715,1400
ROLL-CP,S2,1002,early,probe,delay,0.9035714285714286,1400
ROLL-CP,S2,1002,early,data,cost,0.8698961937716263,1445
ROLL-CP,S2,1002,early,data,delay,0.8671280276816609,1445
ROLL-CP,S2,1002,middle,probe,cost,0.8833333333333333,1800
ROLL-CP,S2,1002,middle,probe,delay,0.8827777777777778,1800
ROLL-CP,S2,1002,middle,data,cost,0.7404748757592491,1811
ROLL-CP,S2,1002,middle,data,delay,0.7045831032578685,1811
ROLL-CP,S2,1002,late,probe,cost,0.9125,2400
ROLL-CP,S2,1002,late,probe,delay,0.9120833333333334,2400
ROLL-CP,S2,1002,late,data,cost,0.8559322033898306,2478
ROLL-CP,S2,1002,late,data,delay,0.8518966908797417,2478
ROLL-CP,S2,1003,warmup,probe,cost,0.88375,800
ROLL-CP,S2,1003,warmup,probe,delay,0.8775,800
ROLL-CP,S2,1003,warmup,data,cost,0.8975308641975308,810
ROLL-CP,S2,1003,warmup,data,delay,0.8901234567901235,810
ROLL-CP,S2,1003,early,probe,cost,0.8985714285714286,1400
ROLL-CP,S2,1003,early,probe,delay,0.9,1400
ROLL-CP,S2,1003,early,data,cost,0.8754423213021939,1413
ROLL-CP,S2,1003,early,data,delay,0.8775654635527247,1413
ROLL-CP,S2,1003,middle,probe,cost,0.885,1800
ROLL-CP,S2,1003,middle,probe,delay,0.8872222222222222,1800
ROLL-CP,S2,1003,middle,data,cost,0.7758810572687225,1816
ROLL-CP,S2,1003,middle,data,delay,0.7411894273127754,1816
ROLL-CP,S2,1003,late,probe,cost,0.9116666666666666,2400
ROLL-CP,S2,1003,late,probe,delay,0.91125,2400
ROLL-CP,S2,1003,late,data,cost,0.8657314629258517,2495
ROLL-CP,S2,1003,late,data,delay,0.8633266533066132,2495
ROLL-CP,S2,1004,warmup,probe,cost,0.9025,800
ROLL-CP,S2,1004,warmup,probe,delay,0.89625,800
ROLL-CP,S2,1004,warmup,data,cost,0.8733087330873309,813
ROLL-CP,S2,1004,warmup,data,delay,0.8585485854858549,813
ROLL-CP,S2,1004,early,probe,cost,0.9042857142857142,1400
ROLL-CP,S2,1004,early,probe,delay,0.9035714285714286,1400
ROLL-CP,S2,1004,early,data,cost,0.8704986149584487,1444
ROLL-CP,S2,1004,early,data,delay,0.8649584487534626,1444
ROLL-CP,S2,1004,middle,probe,cost,0.8755555555555555,1800
ROLL-CP,S2,1004,middle,probe,delay,0.8755555555555555,1800
ROLL-CP,S2,1004,middle,data,cost,0.7760617760617761,1813
ROLL-CP,S2,1004,middle,data,delay,0.7484831770546057,1813
ROLL-CP,S2,1004,late,probe,cost,0.91,2400
ROLL-CP,S2,1004,late,probe,delay,0.9091666666666667,2400
ROLL-CP,S2,1004,late,data,cost,0.8728230052652896,2469
ROLL-CP,S2,1004,late,data,delay,0.871607938436614,2469
ROLL-CP,S2,1005,warmup,probe,cost,0.895,800
ROLL-CP,S2,1005,warmup,probe,delay,0.9025,800
ROLL-CP,S2,1005,warmup,data,cost,0.8594132029339854,818
ROLL-CP,S2,1005,warmup,data,delay,0.8533007334963325,818
ROLL-CP,S2,1005,early,probe,cost,0.8964285714285715,1400
ROLL-CP,S2,1005,early,probe,delay,0.8942857142857142,1400
ROLL-CP,S2,1005,early,data,cost,0.8616352201257862,1431
ROLL-CP,S2,1005,early,data,delay,0.8553459119496856,1431
ROLL-CP,S2,1005,middle,probe,cost,0.8722222222222222,1800
ROLL-CP,S2,1005,middle,probe,delay,0.8794444444444445,1800
ROLL-CP,S2,1005,middle,data,cost,0.7756801776790672,1801
ROLL-CP,S2,1005,middle,data,delay,0.7406996113270405,1801
ROLL-CP,S2,1005,late,probe,cost,0.914501257334451,2386
ROLL-CP,S2,1005,late,probe,delay,0.914501257334451,2386
ROLL-CP,S2,1005,late,data,cost,0.8711147948611687,2413
ROLL-CP,S2,1005,late,data,delay,0.8698715292167426,2413
ROLL-CP,S2,1006,warmup,probe,cost,0.91375,800
ROLL-CP,S2,1006,warmup,probe,delay,0.90375,800
ROLL-CP,S2,1006,warmup,data,cost,0.8878048780487805,820
ROLL-CP,S2,1006,warmup,data,delay,0.875609756097561,820
ROLL-CP,S2,1006,early,probe,cost,0.9,1400
ROLL-CP,S2,1006,early,probe,delay,0.8985714285714286,1400
ROLL-CP,S2,1006,early,data,cost,0.8806896551724138,1450
ROLL-CP,S2,1006,early,data,delay,0.8751724137931034,1450
ROLL-CP,S2,1006,middle,probe,cost,0.8761111111111111,1800
ROLL-CP,S2,1006,middle,probe,delay,0.8722222222222222,1800
ROLL-CP,S2,1006,middle,data,cost,0.7427341227125942,1858
ROLL-CP,S2,1006,middle,data,delay,0.6840688912809473,1858
ROLL-CP,S2,1006,late,probe,cost,0.9150862068965517,2320
ROLL-CP,S2,1006,late,probe,delay,0.9172413793103448,2320
ROLL-CP,S2,1006,late,data,cost,0.8677855096193205,2443
ROLL-CP,S2,1006,late,data,delay,0.8686041751944331,2443
ROLL-CP,S2,1007,warmup,probe,cost,0.89625,800
ROLL-CP,S2,1007,warmup,probe,delay,0.89875,800
ROLL-CP,S2,1007,warmup,data,cost,0.8848920863309353,834
ROLL-CP,S2,1007,warmup,data,delay,0.8597122302158273,834
ROLL-CP,S2,1007,early,probe,cost,0.9107142857142857,1400
ROLL-CP,S2,1007,early,probe,delay,0.9057142857142857,1400
ROLL-CP,S2,1007,early,data,cost,0.8625429553264605,1455
ROLL-CP,S2,1007,early,data,delay,0.8542955326460481,1455
ROLL-CP,S2,1007,middle,probe,cost,0.8823529411764706,1785
ROLL-CP,S2,1007,middle,probe,delay,0.8745098039215686,1785
ROLL-CP,S2,1007,middle,data,cost,0.7705366922234392,1826
ROLL-CP,S2,1007,middle,data,delay,0.735487404162103,1826
ROLL-CP,S2,1007,late,probe,cost,0.9083629893238434,2248
ROLL-CP,S2,1007,late,probe,delay,0.9123665480427047,2248
ROLL-CP,S2,1007,late,data,cost,0.8837018837018837,2442
ROLL-CP,S2,1007,late,data,delay,0.8783783783783784,2442
ROLL-CP,S2,1008,warmup,probe,cost,0.88875,800
ROLL-CP,S2,1008,warmup,probe,delay,0.89625,800
ROLL-CP,S2,1008,warmup,data,cost,0.8963051251489869,839
ROLL-CP,S2,1008,warmup,data,delay,0.8903456495828367,839
ROLL-CP,S2,1008,early,probe,cost,0.9021428571428571,1400
ROLL-CP,S2,1008,early,probe,delay,0.895,1400
ROLL-CP,S2,1008,early,data,cost,0.8773841961852861,1468
ROLL-CP,S2,1008,early,data,delay,0.8739782016348774,1468
ROLL-CP,S2,1008,middle,probe,cost,0.8805555555555555,1800
ROLL-CP,S2,1008,middle,probe,delay,0.8827777777777778,1800
ROLL-CP,S2,1008,middle,data,cost,0.765625,1856
ROLL-CP,S2,1008,middle,data,delay,0.734375,1856
ROLL-CP,S2,1008,late,probe,cost,0.9129520605550883,2378
ROLL-CP,S2,1008,late,probe,delay,0.9137931034482759,2378
ROLL-CP,S2,1008,late,data,cost,0.8755102040816326,2450
ROLL-CP,S2,1008,late,data,delay,0.8722448979591837,2450
ROLL-CP,S2,1009,warmup,probe,cost,0.9025,800
ROLL-CP,S2,1009,warmup,probe,delay,0.9,800
ROLL-CP,S2,1009,warmup,data,cost,0.894993894993895,819
ROLL-CP,S2,1009,warmup,data,delay,0.8803418803418803,819
ROLL-CP,S2,1009,early,probe,cost,0.9,1400
ROLL-CP,S2,1009,early,probe,delay,0.8985714285714286,1400
ROLL-CP,S2,1009,early,data,cost,0.8980013783597519,1451
ROLL-CP,S2,1009,early,data,delay,0.895933838731909,1451
ROLL-CP,S2,1009,middle,probe,cost,0.8805555555555555,1800
ROLL-CP,S2,1009,middle,probe,delay,0.8794444444444445,1800
ROLL-CP,S2,1009,middle,data,cost,0.7594520547945205,1825
ROLL-CP,S2,1009,middle,data,delay,0.7117808219178082,1825
ROLL-CP,S2,1009,late,probe,cost,0.9121764955451845,2357
ROLL-CP,S2,1009,late,probe,delay,0.9126007636826474,2357
ROLL-CP,S2,1009,late,data,cost,0.8735632183908046,2436
ROLL-CP,S2,1009,late,data,delay,0.8706896551724138,2436
ROLL-CP,S2,1010,warmup,probe,cost,0.895,800
ROLL-CP,S2,1010,warmup,probe,delay,0.89,800
ROLL-CP,S2,1010,warmup,data,cost,0.875453446191052,827
ROLL-CP,S2,1010,warmup,data,delay,0.8730350665054414,827
ROLL-CP,S2,1010,early,probe,cost,0.8921428571428571,1400
ROLL-CP,S2,1010,early,probe,delay,0.8985714285714286,1400
ROLL-CP,S2,1010,early,data,cost,0.87508440243079,1481
ROLL-CP,S2,1010,early,data,delay,0.8730587440918298,1481
ROLL-CP,S2,1010,middle,probe,cost,0.8833333333333333,1800
ROLL-CP,S2,1010,middle,probe,delay,0.8772222222222222,1800
ROLL-CP,S2,1010,middle,data,cost,0.7592391304347826,1840
ROLL-CP,S2,1010,middle,data,delay,0.7092391304347826,1840
ROLL-CP,S2,1010,late,probe,cost,0.9178272980501393,2154
ROLL-CP,S2,1010,late,probe,delay,0.9196843082636954,2154
ROLL-CP,S2,1010,late,data,cost,0.8796768707482994,2352
ROLL-CP,S2,1010,late,data,delay,0.8694727891156463,2352
ROLL-CP,S2,1011,warmup,probe,cost,0.8825,800
ROLL-CP,S2,1011,warmup,probe,delay,0.8925,800
ROLL-CP,S2,1011,warmup,data,cost,0.8876678876678876,819
ROLL-CP,S2,1011,warmup,data,delay,0.8852258852258852,819
ROLL-CP,S2,1011,early,probe,cost,0.9035714285714286,1400
ROLL-CP,S2,1011,early,probe,delay,0.9014285714285715,1400
ROLL-CP,S2,1011,early,data,cost,0.8910081743869209,1468
ROLL-CP,S2,1011,early,data,delay,0.8841961852861036,1468
ROLL-CP,S2,1011,middle,probe,cost,0.88,1800
ROLL-CP,S2,1011,middle,probe,delay,0.8788888888888889,1800
ROLL-CP,S2,1011,middle,data,cost,0.789247311827957,1860
ROLL-CP,S2,1011,middle,data,delay,0.7489247311827957,1860
ROLL-CP,S2,1011,late,probe,cost,0.9104859335038363,2346
ROLL-CP,S2,1011,late,probe,delay,0.9121909633418585,2346
ROLL-CP,S2,1011,late,data,cost,0.8920978740473325,2493
ROLL-CP,S2,1011,late,data,delay,0.8844765342960289,2493
ROLL-CP,S2,1012,warmup,probe,cost,0.89875,800
ROLL-CP,S2,1012,warmup,probe,delay,0.895,800
ROLL-CP,S2,1012,warmup,data,cost,0.8682926829268293,820
ROLL-CP,S2,1012,warmup,data,delay,0.8658536585365854,820
ROLL-CP,S2,1012,early,probe,cost,0.9,1400
ROLL-CP,S2,1012,early,probe,delay,0.9,1400
ROLL-CP,S2,1012,early,data,cost,0.8808362369337979,1435
ROLL-CP,S2,1012,early,data,delay,0.8752613240418119,1435
ROLL-CP,S2,1012,middle,probe,cost,0.88,1800
ROLL-CP,S2,1012,middle,probe,delay,0.8738888888888889,1800
ROLL-CP,S2,1012,middle,data,cost,0.7758144671452236,1811
ROLL-CP,S2,1012,middle,data,delay,0.7239094422970734,1811
ROLL-CP,S2,1012,late,probe,cost,0.9058333333333334,2400
ROLL-CP,S2,1012,late,probe,delay,0.90625,2400
ROLL-CP,S2,1012,late,data,cost,0.882421875,2560
ROLL-CP,S2,1012,late,data,delay,0.875,2560
ROLL-CP,S2,1013,warmup,probe,cost,0.90125,800
ROLL-CP,S2,1013,warmup,probe,delay,0.8875,800
ROLL-CP,S2,1013,warmup,data,cost,0.8955773955773956,814
ROLL-CP,S2,1013,warmup,data,delay,0.8845208845208845,814
ROLL-CP,S2,1013,early,probe,cost,0.9,1400
ROLL-CP,S2,1013,early,probe,delay,0.9035714285714286,1400
ROLL-CP,S2,1013,early,data,cost,0.8667979002624672,1524
ROLL-CP,S2,1013,early,data,delay,0.8622047244094488,1524
ROLL-CP,S2,1013,middle,probe,cost,0.8788888888888889,1800
ROLL-CP,S2,1013,middle,probe,delay,0.8777777777777778,1800
ROLL-CP,S2,1013,middle,data,cost,0.7741764080765143,1882
ROLL-CP,S2,1013,middle,data,delay,0.7210414452709883,1882
ROLL-CP,S2,1013,late,probe,cost,0.9108193752829334,2209
ROLL-CP,S2,1013,late,probe,delay,0.9130828429153464,2209
ROLL-CP,S2,1013,late,data,cost,0.8762254901960784,2448
ROLL-CP,S2,1013,late,data,delay,0.872140522875817,2448
ROLL-CP,S2,1014,warmup,probe,cost,0.90625,800
ROLL-CP,S2,1014,warmup,probe,delay,0.905,800
ROLL-CP,S2,1014,warmup,data,cost,0.8890243902439025,820
ROLL-CP,S2,1014,warmup,data,delay,0.8792682926829268,820
ROLL-CP,S2,1014,early,probe,cost,0.8971428571428571,1400
ROLL-CP,S2,1014,early,probe,delay,0.8978571428571429,1400
ROLL-CP,S2,1014,early,data,cost,0.8871972318339101,1445
ROLL-CP,S2,1014,early,data,delay,0.8837370242214533,1445
ROLL-CP,S2,1014,middle,probe,cost,0.8838888888888888,1800
ROLL-CP,S2,1014,middle,probe,delay,0.8827777777777778,1800
ROLL-CP,S2,1014,middle,data,cost,0.7540894220283533,1834
ROLL-CP,S2,1014,middle,data,delay,0.6990185387131952,1834
ROLL-CP,S2,1014,late,probe,cost,0.9133219470538002,2342
ROLL-CP,S2,1014,late,probe,delay,0.9163108454312553,2342
ROLL-CP,S2,1014,late,data,cost,0.8509867096254531,2483
ROLL-CP,S2,1014,late,data,delay,0.842529198550141,2483
ROLL-CP,S2,1015,warmup,probe,cost,0.89,800
ROLL-CP,S2,1015,warmup,probe,delay,0.8975,800
ROLL-CP,S2,1015,warmup,data,cost,0.8878048780487805,820
ROLL-CP,S2,1015,warmup,data,delay,0.8804878048780488,820
ROLL-CP,S2,1015,early,probe,cost,0.905,1400
ROLL-CP,S2,1015,early,probe,delay,0.9078571428571428,1400
ROLL-CP,S2,1015,early,data,cost,0.8751763046544428,1418
ROLL-CP,S2,1015,early,data,delay,0.8737658674188998,1418
ROLL-CP,S2,1015,middle,probe,cost,0.8716666666666667,1800
ROLL-CP,S2,1015,middle,probe,delay,0.8705555555555555,1800
ROLL-CP,S2,1015,middle,data,cost,0.7367847411444142,1835
ROLL-CP,S2,1015,middle,data,delay,0.6773841961852861,1835
ROLL-CP,S2,1015,late,probe,cost,0.9125799573560768,2345
ROLL-CP,S2,1015,late,probe,delay,0.9168443496801706,2345
ROLL-CP,S2,1015,late,data,cost,0.870235198702352,2466
ROLL-CP,S2,1015,late,data,delay,0.8613138686131386,2466
ROLL-CP,S2,1016,warmup,probe,cost,0.91625,800
ROLL-CP,S2,1016,warmup,probe,delay,0.915,800
ROLL-CP,S2,1016,warmup,data,cost,0.884004884004884,819
ROLL-CP,S2,1016,warmup,data,delay,0.8803418803418803,819
ROLL-CP,S2,1016,early,probe,cost,0.9064285714285715,1400
ROLL-CP,S2,1016,early,probe,delay,0.9035714285714286,1400
ROLL-CP,S2,1016,early,data,cost,0.8583333333333333,1440
ROLL-CP,S2,1016,early,data,delay,0.8569444444444444,1440
ROLL-CP,S2,1016,middle,probe,cost,0.8755681818181819,1760
ROLL-CP,S2,1016,middle,probe,delay,0.8789772727272728,1760
ROLL-CP,S2,1016,middle,data,cost,0.7512274959083469,1833
ROLL-CP,S2,1016,middle,data,delay,0.7021276595744681,1833
ROLL-CP,S2,1016,late,probe,cost,0.9138665404637956,2113
ROLL-CP,S2,1016,late,probe,delay,0.9171793658305727,2113
ROLL-CP,S2,1016,late,data,cost,0.8759061833688699,2345
ROLL-CP,S2,1016,late,data,delay,0.8729211087420042,2345
ROLL-CP,S2,1017,warmup,probe,cost,0.895,800
ROLL-CP,S2,1017,warmup,probe,delay,0.89875,800
ROLL-CP,S2,1017,warmup,data,cost,0.8776009791921665,817
ROLL-CP,S2,1017,warmup,data,delay,0.8788249694002448,817
ROLL-CP,S2,1017,early,probe,cost,0.8964285714285715,1400
ROLL-CP,S2,1017,early,probe,delay,0.8971428571428571,1400
ROLL-CP,S2,1017,early,data,cost,0.8819007686932215,1431
ROLL-CP,S2,1017,early,data,delay,0.8860936408106219,1431
ROLL-CP,S2,1017,middle,probe,cost,0.8838888888888888,1800
ROLL-CP,S2,1017,middle,probe,delay,0.8911111111111111,1800
ROLL-CP,S2,1017,middle,data,cost,0.7705914870093975,1809
ROLL-CP,S2,1017,middle,data,delay,0.7390823659480376,1809
ROLL-CP,S2,1017,late,probe,cost,0.9154166666666667,2400
ROLL-CP,S2,1017,late,probe,delay,0.91125,2400
ROLL-CP,S2,1017,late,data,cost,0.875909458367017,2474
ROLL-CP,S2,1017,late,data,delay,0.8726758286176233,2474
ROLL-CP,S2,1018,warmup,probe,cost,0.89875,800
ROLL-CP,S2,1018,warmup,probe,delay,0.895,800
ROLL-CP,S2,1018,warmup,data,cost,0.9,810
ROLL-CP,S2,1018,warmup,data,delay,0.891358024691358,810
ROLL-CP,S2,1018,early,probe,cost,0.9085714285714286,1400
ROLL-CP,S2,1018,early,probe,delay,0.9007142857142857,1400
ROLL-CP,S2,1018,early,data,cost,0.8906685236768802,1436
ROLL-CP,S2,1018,early,data,delay,0.8816155988857939,1436
ROLL-CP,S2,1018,middle,probe,cost,0.8809255079006773,1772
ROLL-CP,S2,1018,middle,probe,delay,0.8781038374717833,1772
ROLL-CP,S2,1018,middle,data,cost,0.7664670658682635,1837
ROLL-CP,S2,1018,middle,data,delay,0.688622754491018,1837
ROLL-CP,S2,1018,late,probe,cost,0.9119858469703671,2261
ROLL-CP,S2,1018,late,probe,delay,0.9115435647943387,2261
ROLL-CP,S2,1018,late,data,cost,0.8787251655629139,2416
ROLL-CP,S2,1018,late,data,delay,0.8741721854304636,2416
ROLL-CP,S2,1019,warmup,probe,cost,0.885,800
ROLL-CP,S2,1019,warmup,probe,delay,0.89,800
ROLL-CP,S2,1019,warmup,data,cost,0.8775,800
ROLL-CP,S2,1019,warmup,data,delay,0.87625,800
ROLL-CP,S2,1019,early,probe,cost,0.8935714285714286,1400
ROLL-CP,S2,1019,early,probe,delay,0.8957142857142857,1400
ROLL-CP,S2,1019,early,data,cost,0.875,1456
ROLL-CP,S2,1019,early,data,delay,0.8743131868131868,1456
ROLL-CP,S2,1019,middle,probe,cost,0.8761111111111111,1800
ROLL-CP,S2,1019,middle,probe,delay,0.8761111111111111,1800
ROLL-CP,S2,1019,middle,data,cost,0.7602436323366556,1806
ROLL-CP,S2,1019,middle,data,delay,0.7142857142857143,1806
ROLL-CP,S2,1019,late,probe,cost,0.9133964817320703,2217
ROLL-CP,S2,1019,late,probe,delay,0.9165539016689219,2217
ROLL-CP,S2,1019,late,data,cost,0.8769100169779287,2356
ROLL-CP,S2,1019,late,data,delay,0.8735144312393888,2356
ROLL-CP,S2,1020,warmup,probe,cost,0.90625,800
ROLL-CP,S2,1020,warmup,probe,delay,0.90875,800
ROLL-CP,S2,1020,warmup,data,cost,0.87125,800
ROLL-CP,S2,1020,warmup,data,delay,0.875,800
ROLL-CP,S2,1020,early,probe,cost,0.8957142857142857,1400
ROLL-CP,S2,1020,early,probe,delay,0.8935714285714286,1400
ROLL-CP,S2,1020,early,data,cost,0.8765081618168914,1409
ROLL-CP,S2,1020,early,data,delay,0.8701206529453513,1409
ROLL-CP,S2,1020,middle,probe,cost,0.8805555555555555,1800
ROLL-CP,S2,1020,middle,probe,delay,0.8733333333333333,1800
ROLL-CP,S2,1020,middle,data,cost,0.7278724573941726,1819
ROLL-CP,S2,1020,middle,data,delay,0.6893897746014294,1819
ROLL-CP,S2,1020,late,probe,cost,0.9111969111969112,2331
ROLL-CP,S2,1020,late,probe,delay,0.909051909051909,2331
ROLL-CP,S2,1020,late,data,cost,0.8755573571139035,2467
ROLL-CP,S2,1020,late,data,delay,0.8723145520875557,2467
ROLL-CP,S2,1021,warmup,probe,cost,0.8875,800
ROLL-CP,S2,1021,warmup,probe,delay,0.88,800
ROLL-CP,S2,1021,warmup,data,cost,0.8817073170731707,820
ROLL-CP,S2,1021,warmup,data,delay,0.8731707317073171,820
ROLL-CP,S2,1021,early,probe,cost,0.8957142857142857,1400
ROLL-CP,S2,1021,early,probe,delay,0.9,1400
ROLL-CP,S2,1021,early,data,cost,0.8848275862068965,1450
ROLL-CP,S2,1021,early,data,delay,0.8731034482758621,1450
ROLL-CP,S2,1021,middle,probe,cost,0.8823860438942037,1777
ROLL-CP,S2,1021,middle,probe,delay,0.8767585818795723,1777
ROLL-CP,S2,1021,middle,data,cost,0.7670485542825969,1833
ROLL-CP,S2,1021,middle,data,delay,0.734860883797054,1833
ROLL-CP,S2,1021,late,probe,cost,0.9166299073665637,2267
ROLL-CP,S2,1021,late,probe,delay,0.9153065725628584,2267
ROLL-CP,S2,1021,late,data,cost,0.8628595248020008,2399
ROLL-CP,S2,1021,late,data,delay,0.8561900791996665,2399
ROLL-CP,S2,1022,warmup,probe,cost,0.895,800
ROLL-CP,S2,1022,warmup,probe,delay,0.89875,800
ROLL-CP,S2,1022,warmup,data,cost,0.8800489596083231,817
ROLL-CP,S2,1022,warmup,data,delay,0.8849449204406364,817
ROLL-CP,S2,1022,early,probe,cost,0.9042857142857142,1400
ROLL-CP,S2,1022,early,probe,delay,0.905,1400
ROLL-CP,S2,1022,early,data,cost,0.8842398884239888,1434
ROLL-CP,S2,1022,early,data,delay,0.8835425383542538,1434
ROLL-CP,S2,1022,middle,probe,cost,0.8766666666666667,1800
ROLL-CP,S2,1022,middle,probe,delay,0.8766666666666667,1800
ROLL-CP,S2,1022,middle,data,cost,0.744426318651441,1839
ROLL-CP,S2,1022,middle,data,delay,0.6998368678629691,1839
ROLL-CP,S2,1022,late,probe,cost,0.9094903339191565,2276
ROLL-CP,S2,1022,late,probe,delay,0.9116871704745168,2276
ROLL-CP,S2,1022,late,data,cost,0.8609190727938186,2459
ROLL-CP,S2,1022,late,data,delay,0.8580723871492476,2459
ROLL-CP,S2,1023,warmup,probe,cost,0.88875,800
ROLL-CP,S2,1023,warmup,probe,delay,0.88875,800
ROLL-CP,S2,1023,warmup,data,cost,0.8822085889570552,815
ROLL-CP,S2,1023,warmup,data,delay,0.8785276073619632,815
ROLL-CP,S2,1023,early,probe,cost,0.9,1400
ROLL-CP,S2,1023,early,probe,delay,0.895,1400
ROLL-CP,S2,1023,early,data,cost,0.8703703703703703,1458
ROLL-CP,S2,1023,early,data,delay,0.864883401920439,1458
ROLL-CP,S2,1023,middle,probe,cost,0.8827777777777778,1800
ROLL-CP,S2,1023,middle,probe,delay,0.8822222222222222,1800
ROLL-CP,S2,1023,middle,data,cost,0.7440706012134584,1813
ROLL-CP,S2,1023,middle,data,delay,0.7038058466629895,1813
ROLL-CP,S2,1023,late,probe,cost,0.9106145251396648,2327
ROLL-CP,S2,1023,late,probe,delay,0.9123334765792867,2327
ROLL-CP,S2,1023,late,data,cost,0.8528932355338223,2454
ROLL-CP,S2,1023,late,data,delay,0.8508557457212714,2454
ROLL-CP,S2,1024,warmup,probe,cost,0.88375,800
ROLL-CP,S2,1024,warmup,probe,delay,0.8775,800
ROLL-CP,S2,1024,warmup,data,cost,0.9034564958283671,839
ROLL-CP,S2,1024,warmup,data,delay,0.8939213349225268,839
ROLL-CP,S2,1024,early,probe,cost,0.9007142857142857,1400
ROLL-CP,S2,1024,early,probe,delay,0.9007142857142857,1400
ROLL-CP,S2,1024,early,data,cost,0.8910212474297464,1459
ROLL-CP,S2,1024,early,data,delay,0.8814256339958876,1459
ROLL-CP,S2,1024,middle,probe,cost,0.8827777777777778,1800
ROLL-CP,S2,1024,middle,probe,delay,0.8827777777777778,1800
ROLL-CP,S2,1024,middle,data,cost,0.729269632070291,1821
ROLL-CP,S2,1024,middle,data,delay,0.6809445359692476,1821
ROLL-CP,S2,1024,late,probe,cost,0.9084418311633767,2381
ROLL-CP,S2,1024,late,probe,delay,0.9092818143637127,2381
ROLL-CP,S2,1024,late,data,cost,0.8765939942410531,2431
ROLL-CP,S2,1024,late,data,delay,0.8716577540106952,2431
ROLL-CP,S2,1025,warmup,probe,cost,0.91125,800
ROLL-CP,S2,1025,warmup,probe,delay,0.8975,800
ROLL-CP,S2,1025,warmup,data,cost,0.9024691358024691,810
ROLL-CP,S2,1025,warmup,data,delay,0.891358024691358,810
ROLL-CP,S2,1025,early,probe,cost,0.8964285714285715,1400
ROLL-CP,S2,1025,early,probe,delay,0.8971428571428571,1400
ROLL-CP,S2,1025,early,data,cost,0.8670756646216768,1467
ROLL-CP,S2,1025,early,data,delay,0.863667348329925,1467
ROLL-CP,S2,1025,middle,probe,cost,0.8827777777777778,1800
ROLL-CP,S2,1025,middle,probe,delay,0.8783333333333333,1800
ROLL-CP,S2,1025,middle,data,cost,0.7595837897042717,1826
ROLL-CP,S2,1025,middle,data,delay,0.7146768893756845,1826
ROLL-CP,S2,1025,late,probe,cost,0.9095878889823381,2378
ROLL-CP,S2,1025,late,probe,delay,0.915475189234651,2378
ROLL-CP,S2,1025,late,data,cost,0.8622240392477515,2446
ROLL-CP,S2,1025,late,data,delay,0.8528209321340965,2446
ROLL-CP,S2,1026,warmup,probe,cost,0.88875,800
ROLL-CP,S2,1026,warmup,probe,delay,0.885,800
ROLL-CP,S2,1026,warmup,data,cost,0.8899521531100478,836
ROLL-CP,S2,1026,warmup,data,delay,0.8851674641148325,836
ROLL-CP,S2,1026,early,probe,cost,0.9085714285714286,1400
ROLL-CP,S2,1026,early,probe,delay,0.9064285714285715,1400
ROLL-CP,S2,1026,early,data,cost,0.8879015721120984,1463
ROLL-CP,S2,1026,early,data,delay,0.8817498291182502,1463
ROLL-CP,S2,1026,middle,probe,cost,0.8859749144811858,1754
ROLL-CP,S2,1026,middle,probe,delay,0.887115165336374,1754
ROLL-CP,S2,1026,middle,data,cost,0.8022813688212928,1841
ROLL-CP,S2,1026,middle,data,delay,0.7588267246061923,1841
ROLL-CP,S2,1026,late,probe,cost,0.912961210974456,2114
ROLL-CP,S2,1026,late,probe,delay,0.9139072847682119,2114
ROLL-CP,S2,1026,late,data,cost,0.8901709401709401,2340
ROLL-CP,S2,1026,late,data,delay,0.8867521367521367,2340
ROLL-CP,S2,1027,warmup,probe,cost,0.8975,800
ROLL-CP,S2,1027,warmup,probe,delay,0.89625,800
ROLL-CP,S2,1027,warmup,data,cost,0.89,800
ROLL-CP,S2,1027,warmup,data,delay,0.885,800
ROLL-CP,S2,1027,early,probe,cost,0.9021428571428571,1400
ROLL-CP,S2,1027,early,probe,delay,0.9,1400
ROLL-CP,S2,1027,early,data,cost,0.8686030428769018,1446
ROLL-CP,S2,1027,early,data,delay,0.8644536652835408,1446
ROLL-CP,S2,1027,middle,probe,cost,0.88,1800
ROLL-CP,S2,1027,middle,probe,delay,0.8761111111111111,1800
ROLL-CP,S2,1027,middle,data,cost,0.7410861217772902,1823
ROLL-CP,S2,1027,middle,data,delay,0.7240811848601206,1823
ROLL-CP,S2,1027,late,probe,cost,0.9140311804008908,2245
ROLL-CP,S2,1027,late,probe,delay,0.912249443207127,2245
ROLL-CP,S2,1027,late,data,cost,0.8474504846186263,2373
ROLL-CP,S2,1027,late,data,delay,0.8381795195954488,2373
ROLL-CP,S2,1028,warmup,probe,cost,0.895,800
ROLL-CP,S2,1028,warmup,probe,delay,0.8975,800
ROLL-CP,S2,1028,warmup,data,cost,0.8997555012224939,818
ROLL-CP,S2,1028,warmup,data,delay,0.8985330073349633,818
ROLL-CP,S2,1028,early,probe,cost,0.9014285714285715,1400
ROLL-CP,S2,1028,early,probe,delay,0.8978571428571429,1400
ROLL-CP,S2,1028,early,data,cost,0.875785066294487,1433
ROLL-CP,S2,1028,early,data,delay,0.8688066992323796,1433
ROLL-CP,S2,1028,middle,probe,cost,0.8827777777777778,1800
ROLL-CP,S2,1028,middle,probe,delay,0.8811111111111111,1800
ROLL-CP,S2,1028,middle,data,cost,0.7424986361156574,1833
ROLL-CP,S2,1028,middle,data,delay,0.7195853791598472,1833
ROLL-CP,S2,1028,late,probe,cost,0.9126050420168067,2380
ROLL-CP,S2,1028,late,probe,delay,0.9176470588235294,2380
ROLL-CP,S2,1028,late,data,cost,0.867664912990692,2471
ROLL-CP,S2,1028,late,data,delay,0.8652367462565763,2471
ROLL-CP,S2,1029,warmup,probe,cost,0.88375,800
ROLL-CP,S2,1029,warmup,probe,delay,0.8875,800
ROLL-CP,S2,1029,warmup,data,cost,0.8864197530864197,810
ROLL-CP,S2,1029,warmup,data,delay,0.8802469135802469,810
ROLL-CP,S2,1029,early,probe,cost,0.8992857142857142,1400
ROLL-CP,S2,1029,early,probe,delay,0.9057142857142857,1400
ROLL-CP,S2,1029,early,data,cost,0.8773519163763066,1435
ROLL-CP,S2,1029,early,data,delay,0.8773519163763066,1435
ROLL-CP,S2,1029,middle,probe,cost,0.8805555555555555,1800
ROLL-CP,S2,1029,middle,probe,delay,0.8744444444444445,1800
ROLL-CP,S2,1029,middle,data,cost,0.7829162132752993,1838
ROLL-CP,S2,1029,middle,data,delay,0.7540805223068553,1838
ROLL-CP,S2,1029,late,probe,cost,0.9150043365134432,2306
ROLL-CP,S2,1029,late,probe,delay,0.9141370338248048,2306
ROLL-CP,S2,1029,late,data,cost,0.8770186335403727,2415
ROLL-CP,S2,1029,late,data,delay,0.8666666666666667,2415
ROLL-CP,S3,1000,warmup,probe,cost,0.89,800
ROLL-CP,S3,1000,warmup,probe,delay,0.8825,800
ROLL-CP,S3,1000,warmup,data,cost,0.8800988875154512,809
ROLL-CP,S3,1000,warmup,data,delay,0.8627935723114957,809
ROLL-CP,S3,1000,early,probe,cost,0.9078571428571428,1400
ROLL-CP,S3,1000,early,probe,delay,0.91,1400
ROLL-CP,S3,1000,early,data,cost,0.881367292225201,1492
ROLL-CP,S3,1000,early,data,delay,0.8760053619302949,1492
ROLL-CP,S3,1000,middle,probe,cost,0.9011111111111111,1800
ROLL-CP,S3,1000,middle,probe,delay,0.8983333333333333,1800
ROLL-CP,S3,1000,middle,data,cost,0.8518926865123116,2721
ROLL-CP,S3,1000,middle,data,delay,0.8375597206909224,2721
ROLL-CP,S3,1000,late,probe,cost,0.9000850340136054,2352
ROLL-CP,S3,1000,late,probe,delay,0.9039115646258503,2352
ROLL-CP,S3,1000,late,data,cost,0.8489255480790102,4607
ROLL-CP,S3,1000,late,data,delay,0.8456696331669199,4607
ROLL-CP,S3,1001,warmup,probe,cost,0.89625,800
ROLL-CP,S3,1001,warmup,probe,delay,0.895,800
ROLL-CP,S3,1001,warmup,data,cost,0.8913308913308914,819
ROLL-CP,S3,1001,warmup,data,delay,0.8803418803418803,819
ROLL-CP,S3,1001,early,probe,cost,0.8971428571428571,1400
ROLL-CP,S3,1001,early,probe,delay,0.9007142857142857,1400
ROLL-CP,S3,1001,early,data,cost,0.8709897610921502,1465
ROLL-CP,S3,1001,early,data,delay,0.868259385665529,1465
ROLL-CP,S3,1001,middle,probe,cost,0.8988888888888888,1800
ROLL-CP,S3,1001,middle,probe,delay,0.8944444444444445,1800
ROLL-CP,S3,1001,middle,data,cost,0.8791697553743514,2698
ROLL-CP,S3,1001,middle,data,delay,0.8706449221645663,2698
ROLL-CP,S3,1001,late,probe,cost,0.9044334975369458,2030
ROLL-CP,S3,1001,late,probe,delay,0.906896551724138,2030
ROLL-CP,S3,1001,late,data,cost,0.8703790360318203,4274
ROLL-CP,S3,1001,late,data,delay,0.8645297145531119,4274
ROLL-CP,S3,1002,warmup,probe,cost,0.89875,800
ROLL-CP,S3,1002,warmup,probe,delay,0.9025,800
ROLL-CP,S3,1002,warmup,data,cost,0.9072039072039072,819
ROLL-CP,S3,1002,warmup,data,delay,0.8986568986568987,819
ROLL-CP,S3,1002,early,probe,cost,0.9057142857142857,1400
ROLL-CP,S3,1002,early,probe,delay,0.9071428571428571,1400
ROLL-CP,S3,1002,early,data,cost,0.8558743169398907,1464
ROLL-CP,S3,1002,early,data,delay,0.8545081967213115,1464
ROLL-CP,S3,1002,middle,probe,cost,0.8988888888888888,1800
ROLL-CP,S3,1002,middle,probe,delay,0.8927777777777778,1800
ROLL-CP,S3,1002,middle,data,cost,0.8388520971302428,2718
ROLL-CP,S3,1002,middle,data,delay,0.8318616629874908,2718
ROLL-CP,S3,1002,late,probe,cost,0.8992775180620485,2353
ROLL-CP,S3,1002,late,probe,delay,0.9031024224394391,2353
ROLL-CP,S3,1002,late,data,cost,0.8482864003492687,4581
ROLL-CP,S3,1002,late,data,delay,0.8410827330277232,4581
ROLL-CP,S3,1003,warmup,probe,cost,0.8775,800
ROLL-CP,S3,1003,warmup,probe,delay,0.88,800
ROLL-CP,S3,1003,warmup,data,cost,0.8876543209876543,810
ROLL-CP,S3,1003,warmup,data,delay,0.8802469135802469,810
ROLL-CP,S3,1003,early,probe,cost,0.9035714285714286,1400
ROLL-CP,S3,1003,early,probe,delay,0.8985714285714286,1400
ROLL-CP,S3,1003,early,data,cost,0.8808180535966149,1418
ROLL-CP,S3,1003,early,data,delay,0.8758815232722144,1418
ROLL-CP,S3,1003,middle,probe,cost,0.905,1800
ROLL-CP,S3,1003,middle,probe,delay,0.8988888888888888,1800
ROLL-CP,S3,1003,middle,data,cost,0.8570894126449682,2673
ROLL-CP,S3,1003,middle,data,delay,0.8477366255144033,2673
ROLL-CP,S3,1003,late,probe,cost,0.8972631578947369,2375
ROLL-CP,S3,1003,late,probe,delay,0.9002105263157895,2375
ROLL-CP,S3,1003,late,data,cost,0.8496110630942092,4628
ROLL-CP,S3,1003,late,data,delay,0.8472342264477096,4628
ROLL-CP,S3,1004,warmup,probe,cost,0.90375,800
ROLL-CP,S3,1004,warmup,probe,delay,0.89375,800
ROLL-CP,S3,1004,warmup,data,cost,0.8646986469864698,813
ROLL-CP,S3,1004,warmup,data,delay,0.8536285362853628,813
ROLL-CP,S3,1004,early,probe,cost,0.9042857142857142,1400
ROLL-CP,S3,1004,early,probe,delay,0.9035714285714286,1400
ROLL-CP,S3,1004,early,data,cost,0.8766550522648083,1435
ROLL-CP,S3,1004,early,data,delay,0.8641114982578397,1435
ROLL-CP,S3,1004,middle,probe,cost,0.8966666666666666,1800
ROLL-CP,S3,1004,middle,probe,delay,0.8927777777777778,1800
ROLL-CP,S3,1004,middle,data,cost,0.8644702358667166,2671
ROLL-CP,S3,1004,middle,data,delay,0.8588543616622988,2671
ROLL-CP,S3,1004,late,probe,cost,0.9026625927542558,2291
ROLL-CP,S3,1004,late,probe,delay,0.9030990833697076,2291
ROLL-CP,S3,1004,late,data,cost,0.8539226519337016,4525
ROLL-CP,S3,1004,late,data,delay,0.8532596685082873,4525
ROLL-CP,S3,1005,warmup,probe,cost,0.895,800
ROLL-CP,S3,1005,warmup,probe,delay,0.89375,800
ROLL-CP,S3,1005,warmup,data,cost,0.8471882640586798,818
ROLL-CP,S3,1005,warmup,data,delay,0.8374083129584352,818
ROLL-CP,S3,1005,early,probe,cost,0.8992857142857142,1400
ROLL-CP,S3,1005,early,probe,delay,0.8957142857142857,1400
ROLL-CP,S3,1005,early,data,cost,0.8534722222222222,1440
ROLL-CP,S3,1005,early,data,delay,0.8354166666666667,1440
ROLL-CP,S3,1005,middle,probe,cost,0.9005555555555556,1800
ROLL-CP,S3,1005,middle,probe,delay,0.8966666666666666,1800
ROLL-CP,S3,1005,middle,data,cost,0.8691312384473198,2705
ROLL-CP,S3,1005,middle,data,delay,0.8654343807763402,2705
ROLL-CP,S3,1005,late,probe,cost,0.9052491103202847,2248
ROLL-CP,S3,1005,late,probe,delay,0.9048042704626335,2248
ROLL-CP,S3,1005,late,data,cost,0.853268119164073,4498
ROLL-CP,S3,1005,late,data,delay,0.8506002667852379,4498
ROLL-CP,S3,1006,warmup,probe,cost,0.91,800
ROLL-CP,S3,1006,warmup,probe,delay,0.90625,800
ROLL-CP,S3,1006,warmup,data,cost,0.8791208791208791,819
ROLL-CP,S3,1006,warmup,data,delay,0.8681318681318682,819
ROLL-CP,S3,1006,early,probe,cost,0.8928571428571429,1400
ROLL-CP,S3,1006,early,probe,delay,0.8964285714285715,1400
ROLL-CP,S3,1006,early,data,cost,0.8770718232044199,1448
ROLL-CP,S3,1006,early,data,delay,0.8736187845303868,1448
ROLL-CP,S3,1006,middle,probe,cost,0.9,1800
ROLL-CP,S3,1006,middle,probe,delay,0.8933333333333333,1800
ROLL-CP,S3,1006,middle,data,cost,0.8537771129394166,2674
ROLL-CP,S3,1006,middle,data,delay,0.8418100224382947,2674
ROLL-CP,S3,1006,late,probe,cost,0.9033687943262412,2256
ROLL-CP,S3,1006,late,probe,delay,0.9024822695035462,2256
ROLL-CP,S3,1006,late,data,cost,0.8385106851729456,4539
ROLL-CP,S3,1006,late,data,delay,0.8347653668208856,4539
ROLL-CP,S3,1007,warmup,probe,cost,0.89,800
ROLL-CP,S3,1007,warmup,probe,delay,0.905,800
ROLL-CP,S3,1007,warmup,data,cost,0.8849449204406364,817
ROLL-CP,S3,1007,warmup,data,delay,0.8714810281517748,817
ROLL-CP,S3,1007,early,probe,cost,0.9114285714285715,1400
ROLL-CP,S3,1007,early,probe,delay,0.9071428571428571,1400
ROLL-CP,S3,1007,early,data,cost,0.865546218487395,1428
ROLL-CP,S3,1007,early,data,delay,0.8641456582633054,1428
ROLL-CP,S3,1007,middle,probe,cost,0.8938888888888888,1800
ROLL-CP,S3,1007,middle,probe,delay,0.8922222222222222,1800
ROLL-CP,S3,1007,middle,data,cost,0.8675918979744937,2666
ROLL-CP,S3,1007,middle,data,delay,0.8578394598649662,2666
ROLL-CP,S3,1007,late,probe,cost,0.9004347826086957,2300
ROLL-CP,S3,1007,late,probe,delay,0.9030434782608696,2300
ROLL-CP,S3,1007,late,data,cost,0.8758771929824561,4560
ROLL-CP,S3,1007,late,data,delay,0.8673245614035088,4560
ROLL-CP,S3,1008,warmup,probe,cost,0.89375,800
ROLL-CP,S3,1008,warmup,probe,delay,0.89,800
ROLL-CP,S3,1008,warmup,data,cost,0.899880810488677,839
ROLL-CP,S3,1008,warmup,data,delay,0.8867699642431466,839
ROLL-CP,S3,1008,early,probe,cost,0.9021428571428571,1400
ROLL-CP,S3,1008,early,probe,delay,0.8992857142857142,1400
ROLL-CP,S3,1008,early,data,cost,0.8732970027247956,1468
ROLL-CP,S3,1008,early,data,delay,0.8732970027247956,1468
ROLL-CP,S3,1008,middle,probe,cost,0.9033333333333333,1800
ROLL-CP,S3,1008,middle,probe,delay,0.8988888888888888,1800
ROLL-CP,S3,1008,middle,data,cost,0.8547383827296011,2733
ROLL-CP,S3,1008,middle,data,delay,0.8393706549579217,2733
ROLL-CP,S3,1008,late,probe,cost,0.9,2400
ROLL-CP,S3,1008,late,probe,delay,0.89875,2400
ROLL-CP,S3,1008,late,data,cost,0.84994640943194,4665
ROLL-CP,S3,1008,late,data,delay,0.8460878885316184,4665
ROLL-CP,S3,1009,warmup,probe,cost,0.9075,800
ROLL-CP,S3,1009,warmup,probe,delay,0.8975,800
ROLL-CP,S3,1009,warmup,data,cost,0.8852258852258852,819
ROLL-CP,S3,1009,warmup,data,delay,0.8693528693528694,819
ROLL-CP,S3,1009,early,probe,cost,0.8942857142857142,1400
ROLL-CP,S3,1009,early,probe,delay,0.8985714285714286,1400
ROLL-CP,S3,1009,early,data,cost,0.8777852802160703,1481
ROLL-CP,S3,1009,early,data,delay,0.8690074274139096,1481
ROLL-CP,S3,1009,middle,probe,cost,0.9011111111111111,1800
ROLL-CP,S3,1009,middle,probe,delay,0.8977777777777778,1800
ROLL-CP,S3,1009,middle,data,cost,0.8710762331838565,2676
ROLL-CP,S3,1009,middle,data,delay,0.8602391629297459,2676
ROLL-CP,S3,1009,late,probe,cost,0.8984509466437177,2324
ROLL-CP,S3,1009,late,probe,delay,0.8997418244406197,2324
ROLL-CP,S3,1009,late,data,cost,0.8534558180227472,4572
ROLL-CP,S3,1009,late,data,delay,0.8464566929133859,4572
ROLL-CP,S3,1010,warmup,probe,cost,0.8925,800
ROLL-CP,S3,1010,warmup,probe,delay,0.88625,800
ROLL-CP,S3,1010,warmup,data,cost,0.8655256723716381,818
ROLL-CP,S3,1010,warmup,data,delay,0.863080684596577,818
ROLL-CP,S3,1010,early,probe,cost,0.8971428571428571,1400
ROLL-CP,S3,1010,early,probe,delay,0.8992857142857142,1400
ROLL-CP,S3,1010,early,data,cost,0.8571428571428571,1435
ROLL-CP,S3,1010,early,data,delay,0.8543554006968641,1435
ROLL-CP,S3,1010,middle,probe,cost,0.9064788732394367,1775
ROLL-CP,S3,1010,middle,probe,delay,0.9008450704225353,1775
ROLL-CP,S3,1010,middle,data,cost,0.8387216648086213,2691
ROLL-CP,S3,1010,middle,data,delay,0.832032701597919,2691
ROLL-CP,S3,1010,late,probe,cost,0.900046490004649,2151
ROLL-CP,S3,1010,late,probe,delay,0.900976290097629,2151
ROLL-CP,S3,1010,late,data,cost,0.8657627118644068,4425
ROLL-CP,S3,1010,late,data,delay,0.8623728813559322,4425
ROLL-CP,S3,1011,warmup,probe,cost,0.885,800
ROLL-CP,S3,1011,warmup,probe,delay,0.89625,800
ROLL-CP,S3,1011,warmup,data,cost,0.8742368742368742,819
ROLL-CP,S3,1011,warmup,data,delay,0.8766788766788767,819
ROLL-CP,S3,1011,early,probe,cost,0.8978571428571429,1400
ROLL-CP,S3,1011,early,probe,delay,0.8978571428571429,1400
ROLL-CP,S3,1011,early,data,cost,0.8902522154055896,1467
ROLL-CP,S3,1011,early,data,delay,0.880027266530334,1467
ROLL-CP,S3,1011,middle,probe,cost,0.9055555555555556,1800
ROLL-CP,S3,1011,middle,probe,delay,0.9,1800
ROLL-CP,S3,1011,middle,data,cost,0.870384047267356,2708
ROLL-CP,S3,1011,middle,data,delay,0.8641063515509602,2708
ROLL-CP,S3,1011,late,probe,cost,0.9006050129645635,2314
ROLL-CP,S3,1011,late,probe,delay,0.902333621434745,2314
ROLL-CP,S3,1011,late,data,cost,0.8778162911611785,4616
ROLL-CP,S3,1011,late,data,delay,0.8719670710571924,4616
ROLL-CP,S3,1012,warmup,probe,cost,0.895,800
ROLL-CP,S3,1012,warmup,probe,delay,0.90125,800
ROLL-CP,S3,1012,warmup,data,cost,0.8621951219512195,820
ROLL-CP,S3,1012,warmup,data,delay,0.8560975609756097,820
ROLL-CP,S3,1012,early,probe,cost,0.8971428571428571,1400
ROLL-CP,S3,1012,early,probe,delay,0.8985714285714286,1400
ROLL-CP,S3,1012,early,data,cost,0.8362369337979094,1435
ROLL-CP,S3,1012,early,data,delay,0.8355400696864111,1435
ROLL-CP,S3,1012,middle,probe,cost,0.9038888888888889,1800
ROLL-CP,S3,1012,middle,probe,delay,0.9,1800
ROLL-CP,S3,1012,middle,data,cost,0.8692907538061642,2693
ROLL-CP,S3,1012,middle,data,delay,0.8562940958039361,2693
ROLL-CP,S3,1012,late,probe,cost,0.8961098398169336,2185
ROLL-CP,S3,1012,late,probe,delay,0.8951945080091533,2185
ROLL-CP,S3,1012,late,data,cost,0.872273442770407,4447
ROLL-CP,S3,1012,late,data,delay,0.8630537440971442,4447
ROLL-CP,S3,1013,warmup,probe,cost,0.90375,800
ROLL-CP,S3,1013,warmup,probe,delay,0.89,800
ROLL-CP,S3,1013,warmup,data,cost,0.8856088560885609,813
ROLL-CP,S3,1013,warmup,data,delay,0.8806888068880688,813
ROLL-CP,S3,1013,early,probe,cost,0.8985714285714286,1400
ROLL-CP,S3,1013,early,probe,delay,0.8992857142857142,1400
ROLL-CP,S3,1013,early,data,cost,0.8576115485564304,1524
ROLL-CP,S3,1013,early,data,delay,0.84251968503937,1524
ROLL-CP,S3,1013,middle,probe,cost,0.9033333333333333,1800
ROLL-CP,S3,1013,middle,probe,delay,0.8922222222222222,1800
ROLL-CP,S3,1013,middle,data,cost,0.86253173739572,2757
ROLL-CP,S3,1013,middle,data,delay,0.8610808850199492,2757
ROLL-CP,S3,1013,late,probe,cost,0.8968440885539332,2123
ROLL-CP,S3,1013,late,probe,delay,0.9024964672633067,2123
ROLL-CP,S3,1013,late,data,cost,0.8659255898366606,4408
ROLL-CP,S3,1013,late,data,delay,0.8602540834845736,4408
ROLL-CP,S3,1014,warmup,probe,cost,0.8975,800
ROLL-CP,S3,1014,warmup,probe,delay,0.9025,800
ROLL-CP,S3,1014,warmup,data,cost,0.8853658536585366,820
ROLL-CP,S3,1014,warmup,data,delay,0.8780487804878049,820
ROLL-CP,S3,1014,early,probe,cost,0.8971428571428571,1400
ROLL-CP,S3,1014,early,probe,delay,0.8971428571428571,1400
ROLL-CP,S3,1014,early,data,cost,0.8710344827586207,1450
ROLL-CP,S3,1014,early,data,delay,0.8696551724137931,1450
ROLL-CP,S3,1014,middle,probe,cost,0.9022222222222223,1800
ROLL-CP,S3,1014,middle,probe,delay,0.8983333333333333,1800
ROLL-CP,S3,1014,middle,data,cost,0.8401792382374906,2678
ROLL-CP,S3,1014,middle,data,delay,0.827109783420463,2678
ROLL-CP,S3,1014,late,probe,cost,0.9002114164904863,2365
ROLL-CP,S3,1014,late,probe,delay,0.8997885835095137,2365
ROLL-CP,S3,1014,late,data,cost,0.8552232336367577,4614
ROLL-CP,S3,1014,late,data,delay,0.8467706978760294,4614
ROLL-CP,S3,1015,warmup,probe,cost,0.8975,800
ROLL-CP,S3,1015,warmup,probe,delay,0.89625,800
ROLL-CP,S3,1015,warmup,data,cost,0.8693528693528694,819
ROLL-CP,S3,1015,warmup,data,delay,0.8583638583638583,819
ROLL-CP,S3,1015,early,probe,cost,0.9035714285714286,1400
ROLL-CP,S3,1015,early,probe,delay,0.9035714285714286,1400
ROLL-CP,S3,1015,early,data,cost,0.8600419874037789,1429
ROLL-CP,S3,1015,early,data,delay,0.8558432470258922,1429
ROLL-CP,S3,1015,middle,probe,cost,0.8916666666666667,1800
ROLL-CP,S3,1015,middle,probe,delay,0.8888888888888888,1800
ROLL-CP,S3,1015,middle,data,cost,0.8742537313432835,2680
ROLL-CP,S3,1015,middle,data,delay,0.8679104477611941,2680
ROLL-CP,S3,1015,late,probe,cost,0.9035984007107952,2251
ROLL-CP,S3,1015,late,probe,delay,0.9062638827187917,2251
ROLL-CP,S3,1015,late,data,cost,0.8598612043877323,4467
ROLL-CP,S3,1015,late,data,delay,0.854936198791135,4467
ROLL-CP,S3,1016,warmup,probe,cost,0.9175,800
ROLL-CP,S3,1016,warmup,probe,delay,0.9125,800
ROLL-CP,S3,1016,warmup,data,cost,0.8803418803418803,819
ROLL-CP,S3,1016,warmup,data,delay,0.8754578754578755,819
ROLL-CP,S3,1016,early,probe,cost,0.9035714285714286,1400
ROLL-CP,S3,1016,early,probe,delay,0.9035714285714286,1400
ROLL-CP,S3,1016,early,data,cost,0.8535564853556485,1434
ROLL-CP,S3,1016,early,data,delay,0.8437935843793585,1434
ROLL-CP,S3,1016,middle,probe,cost,0.8977777777777778,1800
ROLL-CP,S3,1016,middle,probe,delay,0.8966666666666666,1800
ROLL-CP,S3,1016,middle,data,cost,0.8453837597330367,2697
ROLL-CP,S3,1016,middle,data,delay,0.8461253244345569,2697
ROLL-CP,S3,1016,late,probe,cost,0.8993682310469314,2216
ROLL-CP,S3,1016,late,probe,delay,0.901173285198556,2216
ROLL-CP,S3,1016,late,data,cost,0.8607453693372015,4481
ROLL-CP,S3,1016,late,data,delay,0.856058915420665,4481
ROLL-CP,S3,1017,warmup,probe,cost,0.89375,800
ROLL-CP,S3,1017,warmup,probe,delay,0.895,800
ROLL-CP,S3,1017,warmup,data,cost,0.8590686274509803,816
ROLL-CP,S3,1017,warmup,data,delay,0.8566176470588235,816
ROLL-CP,S3,1017,early,probe,cost,0.8992857142857142,1400
ROLL-CP,S3,1017,early,probe,delay,0.9007142857142857,1400
ROLL-CP,S3,1017,early,data,cost,0.8783216783216783,1430
ROLL-CP,S3,1017,early,data,delay,0.8755244755244755,1430
ROLL-CP,S3,1017,middle,probe,cost,0.9005555555555556,1800
ROLL-CP,S3,1017,middle,probe,delay,0.8966666666666666,1800
ROLL-CP,S3,1017,middle,data,cost,0.8528415506210011,2657
ROLL-CP,S3,1017,middle,data,delay,0.8487015430937147,2657
ROLL-CP,S3,1017,late,probe,cost,0.9020947176684881,2196
ROLL-CP,S3,1017,late,probe,delay,0.901183970856102,2196
ROLL-CP,S3,1017,late,data,cost,0.8487051340299864,4402
ROLL-CP,S3,1017,late,data,delay,0.8457519309404816,4402
ROLL-CP,S3,1018,warmup,probe,cost,0.90125,800
ROLL-CP,S3,1018,warmup,probe,delay,0.9025,800
ROLL-CP,S3,1018,warmup,data,cost,0.8862793572311496,809
ROLL-CP,S3,1018,warmup,data,delay,0.8751545117428925,809
ROLL-CP,S3,1018,early,probe,cost,0.9035714285714286,1400
ROLL-CP,S3,1018,early,probe,delay,0.9014285714285715,1400
ROLL-CP,S3,1018,early,data,cost,0.8548499651081647,1433
ROLL-CP,S3,1018,early,data,delay,0.8548499651081647,1433
ROLL-CP,S3,1018,middle,probe,cost,0.9077777777777778,1800
ROLL-CP,S3,1018,middle,probe,delay,0.8983333333333333,1800
ROLL-CP,S3,1018,middle,data,cost,0.8555389221556886,2672
ROLL-CP,S3,1018,middle,data,delay,0.843562874251497,2672
ROLL-CP,S3,1018,late,probe,cost,0.8997668997668997,2145
ROLL-CP,S3,1018,late,probe,delay,0.9053613053613053,2145
ROLL-CP,S3,1018,late,data,cost,0.8824874256973022,4374
ROLL-CP,S3,1018,late,data,delay,0.8754000914494742,4374
ROLL-CP,S3,1019,warmup,probe,cost,0.8825,800
ROLL-CP,S3,1019,warmup,probe,delay,0.88875,800
ROLL-CP,S3,1019,warmup,data,cost,0.85375,800
ROLL-CP,S3,1019,warmup,data,delay,0.85375,800
ROLL-CP,S3,1019,early,probe,cost,0.8928571428571429,1400
ROLL-CP,S3,1019,early,probe,delay,0.8935714285714286,1400
ROLL-CP,S3,1019,early,data,cost,0.8661581137309292,1442
ROLL-CP,S3,1019,early,data,delay,0.8675450762829403,1442
ROLL-CP,S3,1019,middle,probe,cost,0.9016666666666666,1800
ROLL-CP,S3,1019,middle,probe,delay,0.8966666666666666,1800
ROLL-CP,S3,1019,middle,data,cost,0.8637214526394609,2671
ROLL-CP,S3,1019,middle,data,delay,0.8509921377761138,2671
ROLL-CP,S3,1019,late,probe,cost,0.9056147144240078,2066
ROLL-CP,S3,1019,late,probe,delay,0.9065827686350436,2066
ROLL-CP,S3,1019,late,data,cost,0.8570420879379261,4253
ROLL-CP,S3,1019,late,data,delay,0.85398542205502,4253
ROLL-CP,S3,1020,warmup,probe,cost,0.90125,800
ROLL-CP,S3,1020,warmup,probe,delay,0.90375,800
ROLL-CP,S3,1020,warmup,data,cost,0.8475,800
ROLL-CP,S3,1020,warmup,data,delay,0.85375,800
ROLL-CP,S3,1020,early,probe,cost,0.8964285714285715,1400
ROLL-CP,S3,1020,early,probe,delay,0.8992857142857142,1400
ROLL-CP,S3,1020,early,data,cost,0.8622377622377623,1430
ROLL-CP,S3,1020,early,data,delay,0.8601398601398601,1430
ROLL-CP,S3,1020,middle,probe,cost,0.8929577464788733,1775
ROLL-CP,S3,1020,middle,probe,delay,0.8890140845070422,1775
ROLL-CP,S3,1020,middle,data,cost,0.8535942792623259,2657
ROLL-CP,S3,1020,middle,data,delay,0.8494542717350395,2657
ROLL-CP,S3,1020,late,probe,cost,0.9010346378767431,2223
ROLL-CP,S3,1020,late,probe,delay,0.9005847953216374,2223
ROLL-CP,S3,1020,late,data,cost,0.8725687458081824,4473
ROLL-CP,S3,1020,late,data,delay,0.8667560921082048,4473
ROLL-CP,S3,1021,warmup,probe,cost,0.8875,800
ROLL-CP,S3,1021,warmup,probe,delay,0.88375,800
ROLL-CP,S3,1021,warmup,data,cost,0.8792682926829268,820
ROLL-CP,S3,1021,warmup,data,delay,0.875609756097561,820
ROLL-CP,S3,1021,early,probe,cost,0.9,1400
ROLL-CP,S3,1021,early,probe,delay,0.9042857142857142,1400
ROLL-CP,S3,1021,early,data,cost,0.8720445062586927,1438
ROLL-CP,S3,1021,early,data,delay,0.8602225312934632,1438
ROLL-CP,S3,1021,middle,probe,cost,0.9027777777777778,1800
ROLL-CP,S3,1021,middle,probe,delay,0.8933333333333333,1800
ROLL-CP,S3,1021,middle,data,cost,0.8651436993367723,2714
ROLL-CP,S3,1021,middle,data,delay,0.8526160648489315,2714
ROLL-CP,S3,1021,late,probe,cost,0.8992112182296231,2282
ROLL-CP,S3,1021,late,probe,delay,0.9027169149868537,2282
ROLL-CP,S3,1021,late,data,cost,0.8637560333479596,4558
ROLL-CP,S3,1021,late,data,delay,0.8611232996928477,4558
ROLL-CP,S3,1022,warmup,probe,cost,0.9075,800
ROLL-CP,S3,1022,warmup,probe,delay,0.90375,800
ROLL-CP,S3,1022,warmup,data,cost,0.8935128518971848,817
ROLL-CP,S3,1022,warmup,data,delay,0.8861689106487148,817
ROLL-CP,S3,1022,early,probe,cost,0.9014285714285715,1400
ROLL-CP,S3,1022,early,probe,delay,0.9028571428571428,1400
ROLL-CP,S3,1022,early,data,cost,0.8657858136300417,1438
ROLL-CP,S3,1022,early,data,delay,0.8609179415855355,1438
ROLL-CP,S3,1022,middle,probe,cost,0.8961111111111111,1800
ROLL-CP,S3,1022,middle,probe,delay,0.8894444444444445,1800
ROLL-CP,S3,1022,middle,data,cost,0.8612229952398389,2731
ROLL-CP,S3,1022,middle,data,delay,0.8487733430977664,2731
ROLL-CP,S3,1022,late,probe,cost,0.8979246082168573,2361
ROLL-CP,S3,1022,late,probe,delay,0.9021601016518425,2361
ROLL-CP,S3,1022,late,data,cost,0.8624052004333694,4615
ROLL-CP,S3,1022,late,data,delay,0.8589382448537378,4615
ROLL-CP,S3,1023,warmup,probe,cost,0.87875,800
ROLL-CP,S3,1023,warmup,probe,delay,0.88625,800
ROLL-CP,S3,1023,warmup,data,cost,0.8674846625766871,815
ROLL-CP,S3,1023,warmup,data,delay,0.8601226993865031,815
ROLL-CP,S3,1023,early,probe,cost,0.9021428571428571,1400
ROLL-CP,S3,1023,early,probe,delay,0.9021428571428571,1400
ROLL-CP,S3,1023,early,data,cost,0.8705234159779615,1452
ROLL-CP,S3,1023,early,data,delay,0.8581267217630854,1452
ROLL-CP,S3,1023,middle,probe,cost,0.9005555555555556,1800
ROLL-CP,S3,1023,middle,probe,delay,0.8994444444444445,1800
ROLL-CP,S3,1023,middle,data,cost,0.8397748592870544,2665
ROLL-CP,S3,1023,middle,data,delay,0.8345215759849907,2665
ROLL-CP,S3,1023,late,probe,cost,0.9007601351351351,2368
ROLL-CP,S3,1023,late,probe,delay,0.9016047297297297,2368
ROLL-CP,S3,1023,late,data,cost,0.8415004336513443,4612
ROLL-CP,S3,1023,late,data,delay,0.8349956634865568,4612
ROLL-CP,S3,1024,warmup,probe,cost,0.88625,800
ROLL-CP,S3,1024,warmup,probe,delay,0.88,800
ROLL-CP,S3,1024,warmup,data,cost,0.8939213349225268,839
ROLL-CP,S3,1024,warmup,data,delay,0.8820023837902264,839
ROLL-CP,S3,1024,early,probe,cost,0.8992857142857142,1400
ROLL-CP,S3,1024,early,probe,delay,0.9007142857142857,1400
ROLL-CP,S3,1024,early,data,cost,0.8812286689419795,1465
ROLL-CP,S3,1024,early,data,delay,0.8737201365187713,1465
ROLL-CP,S3,1024,middle,probe,cost,0.9022222222222223,1800
ROLL-CP,S3,1024,middle,probe,delay,0.8961111111111111,1800
ROLL-CP,S3,1024,middle,data,cost,0.875,2688
ROLL-CP,S3,1024,middle,data,delay,0.8642113095238095,2688
ROLL-CP,S3,1024,late,probe,cost,0.8996999571367338,2333
ROLL-CP,S3,1024,late,probe,delay,0.909558508358337,2333
ROLL-CP,S3,1024,late,data,cost,0.8714568226763348,4551
ROLL-CP,S3,1024,late,data,delay,0.8653043287189629,4551
ROLL-CP,S3,1025,warmup,probe,cost,0.9075,800
ROLL-CP,S3,1025,warmup,probe,delay,0.89375,800
ROLL-CP,S3,1025,warmup,data,cost,0.8876543209876543,810
ROLL-CP,S3,1025,warmup,data,delay,0.8790123456790123,810
ROLL-CP,S3,1025,early,probe,cost,0.8957142857142857,1400
ROLL-CP,S3,1025,early,probe,delay,0.8964285714285715,1400
ROLL-CP,S3,1025,early,data,cost,0.854706684856753,1466
ROLL-CP,S3,1025,early,data,delay,0.8519781718963165,1466
ROLL-CP,S3,1025,middle,probe,cost,0.9011111111111111,1800
ROLL-CP,S3,1025,middle,probe,delay,0.8966666666666666,1800
ROLL-CP,S3,1025,middle,data,cost,0.8666666666666667,2700
ROLL-CP,S3,1025,middle,data,delay,0.8525925925925926,2700
ROLL-CP,S3,1025,late,probe,cost,0.8994340444057466,2297
ROLL-CP,S3,1025,late,probe,delay,0.9033521985198084,2297
ROLL-CP,S3,1025,late,data,cost,0.8525992542224172,4559
ROLL-CP,S3,1025,late,data,delay,0.8457995174380346,4559
ROLL-CP,S3,1026,warmup,probe,cost,0.88625,800
ROLL-CP,S3,1026,warmup,probe,delay,0.88625,800
ROLL-CP,S3,1026,warmup,data,cost,0.8755980861244019,836
ROLL-CP,S3,1026,warmup,data,delay,0.8696172248803827,836
ROLL-CP,S3,1026,early,probe,cost,0.9057142857142857,1400
ROLL-CP,S3,1026,early,probe,delay,0.9035714285714286,1400
ROLL-CP,S3,1026,early,data,cost,0.8810663021189337,1463
ROLL-CP,S3,1026,early,data,delay,0.8796992481203008,1463
ROLL-CP,S3,1026,middle,probe,cost,0.8966666666666666,1800
ROLL-CP,S3,1026,middle,probe,delay,0.8933333333333333,1800
ROLL-CP,S3,1026,middle,data,cost,0.8689320388349514,2678
ROLL-CP,S3,1026,middle,data,delay,0.8566094100074683,2678
ROLL-CP,S3,1026,late,probe,cost,0.9017621145374449,2270
ROLL-CP,S3,1026,late,probe,delay,0.9061674008810573,2270
ROLL-CP,S3,1026,late,data,cost,0.8835359116022099,4525
ROLL-CP,S3,1026,late,data,delay,0.8822099447513813,4525
ROLL-CP,S3,1027,warmup,probe,cost,0.89625,800
ROLL-CP,S3,1027,warmup,probe,delay,0.88875,800
ROLL-CP,S3,1027,warmup,data,cost,0.875,800
ROLL-CP,S3,1027,warmup,data,delay,0.87,800
ROLL-CP,S3,1027,early,probe,cost,0.9035714285714286,1400
ROLL-CP,S3,1027,early,probe,delay,0.9028571428571428,1400
ROLL-CP,S3,1027,early,data,cost,0.865160848733744,1461
ROLL-CP,S3,1027,early,data,delay,0.8617385352498289,1461
ROLL-CP,S3,1027,middle,probe,cost,0.8972222222222223,1800
ROLL-CP,S3,1027,middle,probe,delay,0.8955555555555555,1800
ROLL-CP,S3,1027,middle,data,cost,0.8532689450222882,2692
ROLL-CP,S3,1027,middle,data,delay,0.8450965824665676,2692
ROLL-CP,S3,1027,late,probe,cost,0.8996088657105606,2301
ROLL-CP,S3,1027,late,probe,delay,0.8983050847457628,2301
ROLL-CP,S3,1027,late,data,cost,0.8511341114292006,4541
ROLL-CP,S3,1027,late,data,delay,0.8416648315349042,4541
ROLL-CP,S3,1028,warmup,probe,cost,0.90125,800
ROLL-CP,S3,1028,warmup,probe,delay,0.89625,800
ROLL-CP,S3,1028,warmup,data,cost,0.9046454767726161,818
ROLL-CP,S3,1028,warmup,data,delay,0.8973105134474327,818
ROLL-CP,S3,1028,early,probe,cost,0.8985714285714286,1400
ROLL-CP,S3,1028,early,probe,delay,0.9014285714285715,1400
ROLL-CP,S3,1028,early,data,cost,0.8825155494125777,1447
ROLL-CP,S3,1028,early,data,delay,0.8693849343469247,1447
ROLL-CP,S3,1028,middle,probe,cost,0.9023150762281197,1771
ROLL-CP,S3,1028,middle,probe,delay,0.8932806324110671,1771
ROLL-CP,S3,1028,middle,data,cost,0.8665149791429655,2637
ROLL-CP,S3,1028,middle,data,delay,0.8547591960561244,2637
ROLL-CP,S3,1028,late,probe,cost,0.9008498583569405,2118
ROLL-CP,S3,1028,late,probe,delay,0.908876298394712,2118
ROLL-CP,S3,1028,late,data,cost,0.8666666666666667,4410
ROLL-CP,S3,1028,late,data,delay,0.8657596371882086,4410
ROLL-CP,S3,1029,warmup,probe,cost,0.88125,800
ROLL-CP,S3,1029,warmup,probe,delay,0.8825,800
ROLL-CP,S3,1029,warmup,data,cost,0.8753086419753087,810
ROLL-CP,S3,1029,warmup,data,delay,0.8666666666666667,810
ROLL-CP,S3,1029,early,probe,cost,0.9035714285714286,1400
ROLL-CP,S3,1029,early,probe,delay,0.9035714285714286,1400
ROLL-CP,S3,1029,early,data,cost,0.8638268156424581,1432
ROLL-CP,S3,1029,early,data,delay,0.8631284916201117,1432
ROLL-CP,S3,1029,middle,probe,cost,0.895,1800
ROLL-CP,S3,1029,middle,probe,delay,0.8911111111111111,1800
ROLL-CP,S3,1029,middle,data,cost,0.8808557727775729,2711
ROLL-CP,S3,1029,middle,data,delay,0.8742161563998525,2711
ROLL-CP,S3,1029,late,probe,cost,0.907035175879397,2388
ROLL-CP,S3,1029,late,probe,delay,0.9049413735343383,2388
ROLL-CP,S3,1029,late,data,cost,0.8691507798960139,4616
ROLL-CP,S3,1029,late,data,delay,0.862001733102253,4616
ROLL-CP,S4,1000,warmup,probe,cost,0.89875,800
ROLL-CP,S4,1000,warmup,probe,delay,0.88375,800
ROLL-CP,S4,1000,warmup,data,cost,0.895,800
ROLL-CP,S4,1000,warmup,data,delay,0.87625,800
ROLL-CP,S4,1000,early,probe,cost,0.9078571428571428,1400
ROLL-CP,S4,1000,early,probe,delay,0.9114285714285715,1400
ROLL-CP,S4,1000,early,data,cost,0.8756080611535789,1439
ROLL-CP,S4,1000,early,data,delay,0.8693537178596248,1439
ROLL-CP,S4,1000,middle,probe,cost,0.901213171577123,1731
ROLL-CP,S4,1000,middle,probe,delay,0.901213171577123,1731
ROLL-CP,S4,1000,middle,data,cost,0.8497297297297297,1850
ROLL-CP,S4,1000,middle,data,delay,0.8475675675675676,1850
ROLL-CP,S4,1000,late,probe,cost,0.8983308042488619,1977
ROLL-CP,S4,1000,late,probe,delay,0.9013657056145675,1977
ROLL-CP,S4,1000,late,data,cost,0.8411378555798688,2285
ROLL-CP,S4,1000,late,data,delay,0.8393873085339169,2285
ROLL-CP,S4,1001,warmup,probe,cost,0.89125,800
ROLL-CP,S4,1001,warmup,probe,delay,0.89375,800
ROLL-CP,S4,1001,warmup,data,cost,0.8901098901098901,819
ROLL-CP,S4,1001,warmup,data,delay,0.8754578754578755,819
ROLL-CP,S4,1001,early,probe,cost,0.9014285714285715,1400
ROLL-CP,S4,1001,early,probe,delay,0.9014285714285715,1400
ROLL-CP,S4,1001,early,data,cost,0.8633879781420765,1464
ROLL-CP,S4,1001,early,data,delay,0.8592896174863388,1464
ROLL-CP,S4,1001,middle,probe,cost,0.8983246678220682,1731
ROLL-CP,S4,1001,middle,probe,delay,0.901213171577123,1731
ROLL-CP,S4,1001,middle,data,cost,0.87472647702407,1828
ROLL-CP,S4,1001,middle,data,delay,0.8659737417943107,1828
ROLL-CP,S4,1001,late,probe,cost,0.9052204764318297,1973
ROLL-CP,S4,1001,late,probe,delay,0.9087683730359858,1973
ROLL-CP,S4,1001,late,data,cost,0.8572056239015817,2276
ROLL-CP,S4,1001,late,data,delay,0.8536906854130053,2276
ROLL-CP,S4,1002,warmup,probe,cost,0.9025,800
ROLL-CP,S4,1002,warmup,probe,delay,0.9,800
ROLL-CP,S4,1002,warmup,data,cost,0.9133089133089133,819
ROLL-CP,S4,1002,warmup,data,delay,0.8998778998778999,819
ROLL-CP,S4,1002,early,probe,cost,0.905,1400
ROLL-CP,S4,1002,early,probe,delay,0.91,1400
ROLL-CP,S4,1002,early,data,cost,0.8621160409556314,1465
ROLL-CP,S4,1002,early,data,delay,0.8525597269624573,1465
ROLL-CP,S4,1002,middle,probe,cost,0.8954703832752613,1722
ROLL-CP,S4,1002,middle,probe,delay,0.9012775842044135,1722
ROLL-CP,S4,1002,middle,data,cost,0.8505997818974919,1834
ROLL-CP,S4,1002,middle,data,delay,0.8440567066521265,1834
ROLL-CP,S4,1002,late,probe,cost,0.9000492368291482,2031
ROLL-CP,S4,1002,late,probe,delay,0.8995568685376661,2031
ROLL-CP,S4,1002,late,data,cost,0.8475298126064736,2348
ROLL-CP,S4,1002,late,data,delay,0.8334752981260647,2348
ROLL-CP,S4,1003,warmup,probe,cost,0.87875,800
ROLL-CP,S4,1003,warmup,probe,delay,0.87875,800
ROLL-CP,S4,1003,warmup,data,cost,0.8658536585365854,820
ROLL-CP,S4,1003,warmup,data,delay,0.8536585365853658,820
ROLL-CP,S4,1003,early,probe,cost,0.9,1400
ROLL-CP,S4,1003,early,probe,delay,0.9,1400
ROLL-CP,S4,1003,early,data,cost,0.8459422283356258,1454
ROLL-CP,S4,1003,early,data,delay,0.8459422283356258,1454
ROLL-CP,S4,1003,middle,probe,cost,0.902834008097166,1729
ROLL-CP,S4,1003,middle,probe,delay,0.9016772700983228,1729
ROLL-CP,S4,1003,middle,data,cost,0.849004424778761,1808
ROLL-CP,S4,1003,middle,data,delay,0.8396017699115044,1808
ROLL-CP,S4,1003,late,probe,cost,0.8995983935742972,1992
ROLL-CP,S4,1003,late,probe,delay,0.9031124497991968,1992
ROLL-CP,S4,1003,late,data,cost,0.8759025270758123,2216
ROLL-CP,S4,1003,late,data,delay,0.8736462093862816,2216
ROLL-CP,S4,1004,warmup,probe,cost,0.9025,800
ROLL-CP,S4,1004,warmup,probe,delay,0.8975,800
ROLL-CP,S4,1004,warmup,data,cost,0.8585485854858549,813
ROLL-CP,S4,1004,warmup,data,delay,0.8487084870848709,813
ROLL-CP,S4,1004,early,probe,cost,0.9014285714285715,1400
ROLL-CP,S4,1004,early,probe,delay,0.9007142857142857,1400
ROLL-CP,S4,1004,early,data,cost,0.8675034867503487,1434
ROLL-CP,S4,1004,early,data,delay,0.8549511854951185,1434
ROLL-CP,S4,1004,middle,probe,cost,0.8927113702623907,1715
ROLL-CP,S4,1004,middle,probe,delay,0.8997084548104957,1715
ROLL-CP,S4,1004,middle,data,cost,0.8569096844396082,1838
ROLL-CP,S4,1004,middle,data,delay,0.8596300326441785,1838
ROLL-CP,S4,1004,late,probe,cost,0.9064676616915422,2010
ROLL-CP,S4,1004,late,probe,delay,0.9034825870646767,2010
ROLL-CP,S4,1004,late,data,cost,0.8559580969009166,2291
ROLL-CP,S4,1004,late,data,delay,0.8537756438236578,2291
ROLL-CP,S4,1005,warmup,probe,cost,0.9,800
ROLL-CP,S4,1005,warmup,probe,delay,0.8925,800
ROLL-CP,S4,1005,warmup,data,cost,0.8349633251833741,818
ROLL-CP,S4,1005,warmup,data,delay,0.8312958435207825,818
ROLL-CP,S4,1005,early,probe,cost,0.8964285714285715,1400
ROLL-CP,S4,1005,early,probe,delay,0.8928571428571429,1400
ROLL-CP,S4,1005,early,data,cost,0.8625,1440
ROLL-CP,S4,1005,early,data,delay,0.8479166666666667,1440
ROLL-CP,S4,1005,middle,probe,cost,0.9012775842044135,1722
ROLL-CP,S4,1005,middle,probe,delay,0.9012775842044135,1722
ROLL-CP,S4,1005,middle,data,cost,0.878804347826087,1840
ROLL-CP,S4,1005,middle,data,delay,0.866304347826087,1840
ROLL-CP,S4,1005,late,probe,cost,0.9044044044044044,1998
ROLL-CP,S4,1005,late,probe,delay,0.9054054054054054,1998
ROLL-CP,S4,1005,late,data,cost,0.8353552859618717,2308
ROLL-CP,S4,1005,late,data,delay,0.8292894280762565,2308
ROLL-CP,S4,1006,warmup,probe,cost,0.9075,800
ROLL-CP,S4,1006,warmup,probe,delay,0.90625,800
ROLL-CP,S4,1006,warmup,data,cost,0.8620268620268621,819
ROLL-CP,S4,1006,warmup,data,delay,0.8547008547008547,819
ROLL-CP,S4,1006,early,probe,cost,0.8928571428571429,1400
ROLL-CP,S4,1006,early,probe,delay,0.895,1400
ROLL-CP,S4,1006,early,data,cost,0.8603351955307262,1432
ROLL-CP,S4,1006,early,data,delay,0.8519553072625698,1432
ROLL-CP,S4,1006,middle,probe,cost,0.8978060046189377,1732
ROLL-CP,S4,1006,middle,probe,delay,0.8966512702078522,1732
ROLL-CP,S4,1006,middle,data,cost,0.8375831485587583,1804
ROLL-CP,S4,1006,middle,data,delay,0.8298226164079823,1804
ROLL-CP,S4,1006,late,probe,cost,0.9003595274781715,1947
ROLL-CP,S4,1006,late,probe,delay,0.9019003595274782,1947
ROLL-CP,S4,1006,late,data,cost,0.8471731448763251,2264
ROLL-CP,S4,1006,late,data,delay,0.8423144876325088,2264
ROLL-CP,S4,1007,warmup,probe,cost,0.89375,800
ROLL-CP,S4,1007,warmup,probe,delay,0.90125,800
ROLL-CP,S4,1007,warmup,data,cost,0.8727050183598531,817
ROLL-CP,S4,1007,warmup,data,delay,0.8653610771113831,817
ROLL-CP,S4,1007,early,probe,cost,0.9078571428571428,1400
ROLL-CP,S4,1007,early,probe,delay,0.9064285714285715,1400
ROLL-CP,S4,1007,early,data,cost,0.8811333794056669,1447
ROLL-CP,S4,1007,early,data,delay,0.8686938493434693,1447
ROLL-CP,S4,1007,middle,probe,cost,0.8961114335461404,1723
ROLL-CP,S4,1007,middle,probe,delay,0.8955310504933256,1723
ROLL-CP,S4,1007,middle,data,cost,0.8498367791077258,1838
ROLL-CP,S4,1007,middle,data,delay,0.8389553862894451,1838
ROLL-CP,S4,1007,late,probe,cost,0.8986452584044154,1993
ROLL-CP,S4,1007,late,probe,delay,0.8991470145509283,1993
ROLL-CP,S4,1007,late,data,cost,0.865665046398586,2263
ROLL-CP,S4,1007,late,data,delay,0.8683163941670349,2263
ROLL-CP,S4,1008,warmup,probe,cost,0.89125,800
ROLL-CP,S4,1008,warmup,probe,delay,0.88875,800
ROLL-CP,S4,1008,warmup,data,cost,0.8866348448687351,838
ROLL-CP,S4,1008,warmup,data,delay,0.8723150357995226,838
ROLL-CP,S4,1008,early,probe,cost,0.9021428571428571,1400
ROLL-CP,S4,1008,early,probe,delay,0.8985714285714286,1400
ROLL-CP,S4,1008,early,data,cost,0.8692098092643051,1468
ROLL-CP,S4,1008,early,data,delay,0.8685286103542235,1468
ROLL-CP,S4,1008,middle,probe,cost,0.9038795599305154,1727
ROLL-CP,S4,1008,middle,probe,delay,0.905037637521714,1727
ROLL-CP,S4,1008,middle,data,cost,0.8514376996805112,1878
ROLL-CP,S4,1008,middle,data,delay,0.8439829605963791,1878
ROLL-CP,S4,1008,late,probe,cost,0.8984220907297831,2028
ROLL-CP,S4,1008,late,probe,delay,0.8979289940828402,2028
ROLL-CP,S4,1008,late,data,cost,0.8454312553373186,2342
ROLL-CP,S4,1008,late,data,delay,0.8377455166524338,2342
ROLL-CP,S4,1009,warmup,probe,cost,0.9075,800
ROLL-CP,S4,1009,warmup,probe,delay,0.9,800
ROLL-CP,S4,1009,warmup,data,cost,0.8876678876678876,819
ROLL-CP,S4,1009,warmup,data,delay,0.8705738705738706,819
ROLL-CP,S4,1009,early,probe,cost,0.8914285714285715,1400
ROLL-CP,S4,1009,early,probe,delay,0.9007142857142857,1400
ROLL-CP,S4,1009,early,data,cost,0.8607681755829903,1458
ROLL-CP,S4,1009,early,data,delay,0.8470507544581619,1458
ROLL-CP,S4,1009,middle,probe,cost,0.8995937318630296,1723
ROLL-CP,S4,1009,middle,probe,delay,0.9001741149158444,1723
ROLL-CP,S4,1009,middle,data,cost,0.8567538126361656,1836
ROLL-CP,S4,1009,middle,data,delay,0.8507625272331155,1836
ROLL-CP,S4,1009,late,probe,cost,0.9033066132264529,1996
ROLL-CP,S4,1009,late,probe,delay,0.9083166332665331,1996
ROLL-CP,S4,1009,late,data,cost,0.8524096385542169,2324
ROLL-CP,S4,1009,late,data,delay,0.8463855421686747,2324
ROLL-CP,S4,1010,warmup,probe,cost,0.88625,800
ROLL-CP,S4,1010,warmup,probe,delay,0.88375,800
ROLL-CP,S4,1010,warmup,data,cost,0.8606356968215159,818
ROLL-CP,S4,1010,warmup,data,delay,0.8581907090464548,818
ROLL-CP,S4,1010,early,probe,cost,0.8971428571428571,1400
ROLL-CP,S4,1010,early,probe,delay,0.9028571428571428,1400
ROLL-CP,S4,1010,early,data,cost,0.8707250341997264,1462
ROLL-CP,S4,1010,early,data,delay,0.8666210670314638,1462
ROLL-CP,S4,1010,middle,probe,cost,0.9076655052264808,1722
ROLL-CP,S4,1010,middle,probe,delay,0.9076655052264808,1722
ROLL-CP,S4,1010,middle,data,cost,0.847385272145144,1874
ROLL-CP,S4,1010,middle,data,delay,0.8452508004268944,1874
ROLL-CP,S4,1010,late,probe,cost,0.8988596926127913,2017
ROLL-CP,S4,1010,late,probe,delay,0.8983639067922657,2017
ROLL-CP,S4,1010,late,data,cost,0.8562204046491606,2323
ROLL-CP,S4,1010,late,data,delay,0.8557899268187689,2323
ROLL-CP,S4,1011,warmup,probe,cost,0.8875,800
ROLL-CP,S4,1011,warmup,probe,delay,0.89625,800
ROLL-CP,S4,1011,warmup,data,cost,0.873015873015873,819
ROLL-CP,S4,1011,warmup,data,delay,0.8681318681318682,819
ROLL-CP,S4,1011,early,probe,cost,0.8978571428571429,1400
ROLL-CP,S4,1011,early,probe,delay,0.8985714285714286,1400
ROLL-CP,S4,1011,early,data,cost,0.8744855967078189,1458
ROLL-CP,S4,1011,early,data,delay,0.8703703703703703,1458
ROLL-CP,S4,1011,middle,probe,cost,0.9035796766743649,1732
ROLL-CP,S4,1011,middle,probe,delay,0.9018475750577367,1732
ROLL-CP,S4,1011,middle,data,cost,0.8777292576419214,1832
ROLL-CP,S4,1011,middle,data,delay,0.8733624454148472,1832
ROLL-CP,S4,1011,late,probe,cost,0.900931829328102,2039
ROLL-CP,S4,1011,late,probe,delay,0.9033840117704757,2039
ROLL-CP,S4,1011,late,data,cost,0.8445618670189344,2271
ROLL-CP,S4,1011,late,data,delay,0.8388375165125496,2271
ROLL-CP,S4,1012,warmup,probe,cost,0.9,800
ROLL-CP,S4,1012,warmup,probe,delay,0.895,800
ROLL-CP,S4,1012,warmup,data,cost,0.8621951219512195,820
ROLL-CP,S4,1012,warmup,data,delay,0.8451219512195122,820
ROLL-CP,S4,1012,early,probe,cost,0.8971428571428571,1400
ROLL-CP,S4,1012,early,probe,delay,0.9021428571428571,1400
ROLL-CP,S4,1012,early,data,cost,0.8506629448709002,1433
ROLL-CP,S4,1012,early,data,delay,0.8506629448709002,1433
ROLL-CP,S4,1012,middle,probe,cost,0.9030582804385459,1733
ROLL-CP,S4,1012,middle,probe,delay,0.9047893825735719,1733
ROLL-CP,S4,1012,middle,data,cost,0.8483333333333334,1800
ROLL-CP,S4,1012,middle,data,delay,0.8388888888888889,1800
ROLL-CP,S4,1012,late,probe,cost,0.8989098116947473,2018
ROLL-CP,S4,1012,late,probe,delay,0.8964321110009911,2018
ROLL-CP,S4,1012,late,data,cost,0.8575197889182058,2274
ROLL-CP,S4,1012,late,data,delay,0.8430079155672823,2274
ROLL-CP,S4,1013,warmup,probe,cost,0.89875,800
ROLL-CP,S4,1013,warmup,probe,delay,0.89125,800
ROLL-CP,S4,1013,warmup,data,cost,0.8880688806888068,813
ROLL-CP,S4,1013,warmup,data,delay,0.8794587945879458,813
ROLL-CP,S4,1013,early,probe,cost,0.8985714285714286,1400
ROLL-CP,S4,1013,early,probe,delay,0.8992857142857142,1400
ROLL-CP,S4,1013,early,data,cost,0.846514745308311,1492
ROLL-CP,S4,1013,early,data,delay,0.8357908847184986,1492
ROLL-CP,S4,1013,middle,probe,cost,0.9017241379310345,1740
ROLL-CP,S4,1013,middle,probe,delay,0.8988505747126436,1740
ROLL-CP,S4,1013,middle,data,cost,0.8612903225806452,1860
ROLL-CP,S4,1013,middle,data,delay,0.8586021505376344,1860
ROLL-CP,S4,1013,late,probe,cost,0.8992842535787321,1956
ROLL-CP,S4,1013,late,probe,delay,0.8997955010224948,1956
ROLL-CP,S4,1013,late,data,cost,0.8598003629764065,2204
ROLL-CP,S4,1013,late,data,delay,0.8539019963702359,2204
ROLL-CP,S4,1014,warmup,probe,cost,0.895,800
ROLL-CP,S4,1014,warmup,probe,delay,0.89625,800
ROLL-CP,S4,1014,warmup,data,cost,0.8792682926829268,820
ROLL-CP,S4,1014,warmup,data,delay,0.8719512195121951,820
ROLL-CP,S4,1014,early,probe,cost,0.8971428571428571,1400
ROLL-CP,S4,1014,early,probe,delay,0.8971428571428571,1400
ROLL-CP,S4,1014,early,data,cost,0.8659722222222223,1440
ROLL-CP,S4,1014,early,data,delay,0.8652777777777778,1440
ROLL-CP,S4,1014,middle,probe,cost,0.903523974581167,1731
ROLL-CP,S4,1014,middle,probe,delay,0.9000577700751011,1731
ROLL-CP,S4,1014,middle,data,cost,0.8600756347920043,1851
ROLL-CP,S4,1014,middle,data,delay,0.8481901674770395,1851
ROLL-CP,S4,1014,late,probe,cost,0.8968609865470852,2007
ROLL-CP,S4,1014,late,probe,delay,0.8968609865470852,2007
ROLL-CP,S4,1014,late,data,cost,0.8630077787381158,2314
ROLL-CP,S4,1014,late,data,delay,0.8504753673293,2314
ROLL-CP,S4,1015,warmup,probe,cost,0.895,800
ROLL-CP,S4,1015,warmup,probe,delay,0.895,800
ROLL-CP,S4,1015,warmup,data,cost,0.8620268620268621,819
ROLL-CP,S4,1015,warmup,data,delay,0.8559218559218559,819
ROLL-CP,S4,1015,early,probe,cost,0.9028571428571428,1400
ROLL-CP,S4,1015,early,probe,delay,0.9028571428571428,1400
ROLL-CP,S4,1015,early,data,cost,0.8500697350069735,1434
ROLL-CP,S4,1015,early,data,delay,0.8437935843793585,1434
ROLL-CP,S4,1015,middle,probe,cost,0.894460641399417,1715
ROLL-CP,S4,1015,middle,probe,delay,0.8932944606413994,1715
ROLL-CP,S4,1015,middle,data,cost,0.8554016620498615,1805
ROLL-CP,S4,1015,middle,data,delay,0.8481994459833795,1805
ROLL-CP,S4,1015,late,probe,cost,0.9054455445544555,2020
ROLL-CP,S4,1015,late,probe,delay,0.9054455445544555,2020
ROLL-CP,S4,1015,late,data,cost,0.8571428571428571,2296
ROLL-CP,S4,1015,late,data,delay,0.8479965156794426,2296
ROLL-CP,S4,1016,warmup,probe,cost,0.91625,800
ROLL-CP,S4,1016,warmup,probe,delay,0.915,800
ROLL-CP,S4,1016,warmup,data,cost,0.8693528693528694,819
ROLL-CP,S4,1016,warmup,data,delay,0.8669108669108669,819
ROLL-CP,S4,1016,early,probe,cost,0.9014285714285715,1400
ROLL-CP,S4,1016,early,probe,delay,0.9035714285714286,1400
ROLL-CP,S4,1016,early,data,cost,0.8507670850767085,1434
ROLL-CP,S4,1016,early,data,delay,0.8375174337517434,1434
ROLL-CP,S4,1016,middle,probe,cost,0.8986682107701216,1727
ROLL-CP,S4,1016,middle,probe,delay,0.9021424435437174,1727
ROLL-CP,S4,1016,middle,data,cost,0.8379120879120879,1820
ROLL-CP,S4,1016,middle,data,delay,0.8401098901098901,1820
ROLL-CP,S4,1016,late,probe,cost,0.9020408163265307,1960
ROLL-CP,S4,1016,late,probe,delay,0.9015306122448979,1960
ROLL-CP,S4,1016,late,data,cost,0.85121412803532,2265
ROLL-CP,S4,1016,late,data,delay,0.8437086092715231,2265
ROLL-CP,S4,1017,warmup,probe,cost,0.89125,800
ROLL-CP,S4,1017,warmup,probe,delay,0.8925,800
ROLL-CP,S4,1017,warmup,data,cost,0.8504901960784313,816
ROLL-CP,S4,1017,warmup,data,delay,0.8468137254901961,816
ROLL-CP,S4,1017,early,probe,cost,0.8985714285714286,1400
ROLL-CP,S4,1017,early,probe,delay,0.9007142857142857,1400
ROLL-CP,S4,1017,early,data,cost,0.8784067085953878,1431
ROLL-CP,S4,1017,early,data,delay,0.8777078965758212,1431
ROLL-CP,S4,1017,middle,probe,cost,0.9027214823393167,1727
ROLL-CP,S4,1017,middle,probe,delay,0.9009843659525189,1727
ROLL-CP,S4,1017,middle,data,cost,0.8501683501683501,1782
ROLL-CP,S4,1017,middle,data,delay,0.8417508417508418,1782
ROLL-CP,S4,1017,late,probe,cost,0.9000969932104753,2062
ROLL-CP,S4,1017,late,probe,delay,0.9000969932104753,2062
ROLL-CP,S4,1017,late,data,cost,0.8394898856640282,2274
ROLL-CP,S4,1017,late,data,delay,0.8434476693051891,2274
ROLL-CP,S4,1018,warmup,probe,cost,0.89625,800
ROLL-CP,S4,1018,warmup,probe,delay,0.89875,800
ROLL-CP,S4,1018,warmup,data,cost,0.8950617283950617,810
ROLL-CP,S4,1018,warmup,data,delay,0.8876543209876543,810
ROLL-CP,S4,1018,early,probe,cost,0.9021428571428571,1400
ROLL-CP,S4,1018,early,probe,delay,0.9021428571428571,1400
ROLL-CP,S4,1018,early,data,cost,0.852054794520548,1460
ROLL-CP,S4,1018,early,data,delay,0.8452054794520548,1460
ROLL-CP,S4,1018,middle,probe,cost,0.9076745527986151,1733
ROLL-CP,S4,1018,middle,probe,delay,0.9030582804385459,1733
ROLL-CP,S4,1018,middle,data,cost,0.8505434782608695,1840
ROLL-CP,S4,1018,middle,data,delay,0.845108695652174,1840
ROLL-CP,S4,1018,late,probe,cost,0.8952380952380953,1995
ROLL-CP,S4,1018,late,probe,delay,0.8982456140350877,1995
ROLL-CP,S4,1018,late,data,cost,0.8640350877192983,2280
ROLL-CP,S4,1018,late,data,delay,0.8583333333333333,2280
ROLL-CP,S4,1019,warmup,probe,cost,0.885,800
ROLL-CP,S4,1019,warmup,probe,delay,0.89125,800
ROLL-CP,S4,1019,warmup,data,cost,0.84875,800
ROLL-CP,S4,1019,warmup,data,delay,0.85,800
ROLL-CP,S4,1019,early,probe,cost,0.895,1400
ROLL-CP,S4,1019,early,probe,delay,0.8978571428571429,1400
ROLL-CP,S4,1019,early,data,cost,0.8550624133148405,1442
ROLL-CP,S4,1019,early,data,delay,0.8543689320388349,1442
ROLL-CP,S4,1019,middle,probe,cost,0.9021990740740741,1728
ROLL-CP,S4,1019,middle,probe,delay,0.9033564814814815,1728
ROLL-CP,S4,1019,middle,data,cost,0.8674033149171271,1810
ROLL-CP,S4,1019,middle,data,delay,0.8607734806629834,1810
ROLL-CP,S4,1019,late,probe,cost,0.9054923305294409,2021
ROLL-CP,S4,1019,late,probe,delay,0.904997525977239,2021
ROLL-CP,S4,1019,late,data,cost,0.8458188153310104,2296
ROLL-CP,S4,1019,late,data,delay,0.8405923344947736,2296
ROLL-CP,S4,1020,warmup,probe,cost,0.90875,800
ROLL-CP,S4,1020,warmup,probe,delay,0.9075,800
ROLL-CP,S4,1020,warmup,data,cost,0.8425,800
ROLL-CP,S4,1020,warmup,data,delay,0.8475,800
ROLL-CP,S4,1020,early,probe,cost,0.895,1400
ROLL-CP,S4,1020,early,probe,delay,0.8985714285714286,1400
ROLL-CP,S4,1020,early,data,cost,0.8666666666666667,1410
ROLL-CP,S4,1020,early,data,delay,0.8581560283687943,1410
ROLL-CP,S4,1020,middle,probe,cost,0.8980891719745223,1727
ROLL-CP,S4,1020,middle,probe,delay,0.8986682107701216,1727
ROLL-CP,S4,1020,middle,data,cost,0.8400222965440357,1794
ROLL-CP,S4,1020,middle,data,delay,0.8377926421404682,1794
ROLL-CP,S4,1020,late,probe,cost,0.9065,2000
ROLL-CP,S4,1020,late,probe,delay,0.901,2000
ROLL-CP,S4,1020,late,data,cost,0.8620539599651871,2298
ROLL-CP,S4,1020,late,data,delay,0.8507397737162751,2298
ROLL-CP,S4,1021,warmup,probe,cost,0.88375,800
ROLL-CP,S4,1021,warmup,probe,delay,0.8825,800
ROLL-CP,S4,1021,warmup,data,cost,0.8695121951219512,820
ROLL-CP,S4,1021,warmup,data,delay,0.8658536585365854,820
ROLL-CP,S4,1021,early,probe,cost,0.9014285714285715,1400
ROLL-CP,S4,1021,early,probe,delay,0.9042857142857142,1400
ROLL-CP,S4,1021,early,data,cost,0.8651761517615176,1476
ROLL-CP,S4,1021,early,data,delay,0.8590785907859079,1476
ROLL-CP,S4,1021,middle,probe,cost,0.9014002333722287,1714
ROLL-CP,S4,1021,middle,probe,delay,0.9049008168028004,1714
ROLL-CP,S4,1021,middle,data,cost,0.8461959496442255,1827
ROLL-CP,S4,1021,middle,data,delay,0.8379857690202518,1827
ROLL-CP,S4,1021,late,probe,cost,0.9018253576714356,2027
ROLL-CP,S4,1021,late,probe,delay,0.9013320177602367,2027
ROLL-CP,S4,1021,late,data,cost,0.8618618618618619,2331
ROLL-CP,S4,1021,late,data,delay,0.8537108537108538,2331
ROLL-CP,S4,1022,warmup,probe,cost,0.9075,800
ROLL-CP,S4,1022,warmup,probe,delay,0.90625,800
ROLL-CP,S4,1022,warmup,data,cost,0.8800489596083231,817
ROLL-CP,S4,1022,warmup,data,delay,0.8751529987760098,817
ROLL-CP,S4,1022,early,probe,cost,0.9028571428571428,1400
ROLL-CP,S4,1022,early,probe,delay,0.9007142857142857,1400
ROLL-CP,S4,1022,early,data,cost,0.8626220362622036,1434
ROLL-CP,S4,1022,early,data,delay,0.8577405857740585,1434
ROLL-CP,S4,1022,middle,probe,cost,0.8971528181289947,1721
ROLL-CP,S4,1022,middle,probe,delay,0.8994770482277745,1721
ROLL-CP,S4,1022,middle,data,cost,0.8441208198489751,1854
ROLL-CP,S4,1022,middle,data,delay,0.8322545846817692,1854
ROLL-CP,S4,1022,late,probe,cost,0.8952853598014888,2015
ROLL-CP,S4,1022,late,probe,delay,0.8982630272952854,2015
ROLL-CP,S4,1022,late,data,cost,0.8469475494411006,2326
ROLL-CP,S4,1022,late,data,delay,0.8383490971625107,2326
ROLL-CP,S4,1023,warmup,probe,cost,0.87875,800
ROLL-CP,S4,1023,warmup,probe,delay,0.885,800
ROLL-CP,S4,1023,warmup,data,cost,0.8613496932515338,815
ROLL-CP,S4,1023,warmup,data,delay,0.8552147239263803,815
ROLL-CP,S4,1023,early,probe,cost,0.9035714285714286,1400
ROLL-CP,S4,1023,early,probe,delay,0.9028571428571428,1400
ROLL-CP,S4,1023,early,data,cost,0.8575478384124734,1411
ROLL-CP,S4,1023,early,data,delay,0.8490432317505315,1411
ROLL-CP,S4,1023,middle,probe,cost,0.9042367962855484,1723
ROLL-CP,S4,1023,middle,probe,delay,0.9013348810214742,1723
ROLL-CP,S4,1023,middle,data,cost,0.8390993959362988,1821
ROLL-CP,S4,1023,middle,data,delay,0.8374519494783086,1821
ROLL-CP,S4,1023,late,probe,cost,0.89931906614786,2056
ROLL-CP,S4,1023,late,probe,delay,0.8983463035019456,2056
ROLL-CP,S4,1023,late,data,cost,0.8536371603856266,2282
ROLL-CP,S4,1023,late,data,delay,0.8523225241016652,2282
ROLL-CP,S4,1024,warmup,probe,cost,0.88625,800
ROLL-CP,S4,1024,warmup,probe,delay,0.88625,800
ROLL-CP,S4,1024,warmup,data,cost,0.8855780691299165,839
ROLL-CP,S4,1024,warmup,data,delay,0.8748510131108462,839
ROLL-CP,S4,1024,early,probe,cost,0.8942857142857142,1400
ROLL-CP,S4,1024,early,probe,delay,0.8978571428571429,1400
ROLL-CP,S4,1024,early,data,cost,0.8722677595628415,1464
ROLL-CP,S4,1024,early,data,delay,0.8661202185792349,1464
ROLL-CP,S4,1024,middle,probe,cost,0.9050669772859639,1717
ROLL-CP,S4,1024,middle,probe,delay,0.9056493884682586,1717
ROLL-CP,S4,1024,middle,data,cost,0.8809393773894046,1831
ROLL-CP,S4,1024,middle,data,delay,0.8683779355543418,1831
ROLL-CP,S4,1024,late,probe,cost,0.8978723404255319,1880
ROLL-CP,S4,1024,late,probe,delay,0.901595744680851,1880
ROLL-CP,S4,1024,late,data,cost,0.8632439800090868,2201
ROLL-CP,S4,1024,late,data,delay,0.8596092685143116,2201
ROLL-CP,S4,1025,warmup,probe,cost,0.90375,800
ROLL-CP,S4,1025,warmup,probe,delay,0.89375,800
ROLL-CP,S4,1025,warmup,data,cost,0.8691358024691358,810
ROLL-CP,S4,1025,warmup,data,delay,0.8604938271604938,810
ROLL-CP,S4,1025,early,probe,cost,0.8942857142857142,1400
ROLL-CP,S4,1025,early,probe,delay,0.895,1400
ROLL-CP,S4,1025,early,data,cost,0.834924965893588,1466
ROLL-CP,S4,1025,early,data,delay,0.8369713506139154,1466
ROLL-CP,S4,1025,middle,probe,cost,0.9005205320994795,1729
ROLL-CP,S4,1025,middle,probe,delay,0.9005205320994795,1729
ROLL-CP,S4,1025,middle,data,cost,0.8518719479110146,1843
ROLL-CP,S4,1025,middle,data,delay,0.8415626695604992,1843
ROLL-CP,S4,1025,late,probe,cost,0.8971867007672635,1955
ROLL-CP,S4,1025,late,probe,delay,0.89923273657289,1955
ROLL-CP,S4,1025,late,data,cost,0.836,2250
ROLL-CP,S4,1025,late,data,delay,0.8302222222222222,2250
ROLL-CP,S4,1026,warmup,probe,cost,0.89,800
ROLL-CP,S4,1026,warmup,probe,delay,0.88375,800
ROLL-CP,S4,1026,warmup,data,cost,0.868421052631579,836
ROLL-CP,S4,1026,warmup,data,delay,0.8624401913875598,836
ROLL-CP,S4,1026,early,probe,cost,0.905,1400
ROLL-CP,S4,1026,early,probe,delay,0.9042857142857142,1400
ROLL-CP,S4,1026,early,data,cost,0.87920384351407,1457
ROLL-CP,S4,1026,early,data,delay,0.8840082361015786,1457
ROLL-CP,S4,1026,middle,probe,cost,0.8964120370370371,1728
ROLL-CP,S4,1026,middle,probe,delay,0.8958333333333334,1728
ROLL-CP,S4,1026,middle,data,cost,0.8651564185544768,1854
ROLL-CP,S4,1026,middle,data,delay,0.8597626752966558,1854
ROLL-CP,S4,1026,late,probe,cost,0.9067713444553483,2038
ROLL-CP,S4,1026,late,probe,delay,0.908243375858685,2038
ROLL-CP,S4,1026,late,data,cost,0.8579931972789115,2352
ROLL-CP,S4,1026,late,data,delay,0.8550170068027211,2352
ROLL-CP,S4,1027,warmup,probe,cost,0.8925,800
ROLL-CP,S4,1027,warmup,probe,delay,0.88125,800
ROLL-CP,S4,1027,warmup,data,cost,0.85625,800
ROLL-CP,S4,1027,warmup,data,delay,0.85,800
ROLL-CP,S4,1027,early,probe,cost,0.9014285714285715,1400
ROLL-CP,S4,1027,early,probe,delay,0.9028571428571428,1400
ROLL-CP,S4,1027,early,data,cost,0.864920744314266,1451
ROLL-CP,S4,1027,early,data,delay,0.8628532046864231,1451
ROLL-CP,S4,1027,middle,probe,cost,0.9000577700751011,1731
ROLL-CP,S4,1027,middle,probe,delay,0.901213171577123,1731
ROLL-CP,S4,1027,middle,data,cost,0.8464912280701754,1824
ROLL-CP,S4,1027,middle,data,delay,0.8426535087719298,1824
ROLL-CP,S4,1027,late,probe,cost,0.8982968369829684,2055
ROLL-CP,S4,1027,late,probe,delay,0.8968369829683698,2055
ROLL-CP,S4,1027,late,data,cost,0.8528896672504378,2284
ROLL-CP,S4,1027,late,data,delay,0.8528896672504378,2284
ROLL-CP,S4,1028,warmup,probe,cost,0.9,800
ROLL-CP,S4,1028,warmup,probe,delay,0.895,800
ROLL-CP,S4,1028,warmup,data,cost,0.9034229828850856,818
ROLL-CP,S4,1028,warmup,data,delay,0.8960880195599022,818
ROLL-CP,S4,1028,early,probe,cost,0.8957142857142857,1400
ROLL-CP,S4,1028,early,probe,delay,0.8992857142857142,1400
ROLL-CP,S4,1028,early,data,cost,0.8439024390243902,1435
ROLL-CP,S4,1028,early,data,delay,0.8355400696864111,1435
ROLL-CP,S4,1028,middle,probe,cost,0.9004602991944765,1738
ROLL-CP,S4,1028,middle,probe,delay,0.8998849252013809,1738
ROLL-CP,S4,1028,middle,data,cost,0.8699501936912009,1807
ROLL-CP,S4,1028,middle,data,delay,0.8627559490868844,1807
ROLL-CP,S4,1028,late,probe,cost,0.9056047197640118,2034
ROLL-CP,S4,1028,late,probe,delay,0.9036381514257621,2034
ROLL-CP,S4,1028,late,data,cost,0.870670758439281,2281
ROLL-CP,S4,1028,late,data,delay,0.864094695309075,2281
ROLL-CP,S4,1029,warmup,probe,cost,0.8775,800
ROLL-CP,S4,1029,warmup,probe,delay,0.885,800
ROLL-CP,S4,1029,warmup,data,cost,0.8665018541409147,809
ROLL-CP,S4,1029,warmup,data,delay,0.8603213844252163,809
ROLL-CP,S4,1029,early,probe,cost,0.9028571428571428,1400
ROLL-CP,S4,1029,early,probe,delay,0.9021428571428571,1400
ROLL-CP,S4,1029,early,data,cost,0.8707435719249479,1439
ROLL-CP,S4,1029,early,data,delay,0.8658790826963169,1439
ROLL-CP,S4,1029,middle,probe,cost,0.8952270081490105,1718
ROLL-CP,S4,1029,middle,probe,delay,0.8993015133876601,1718
ROLL-CP,S4,1029,middle,data,cost,0.8451012588943624,1827
ROLL-CP,S4,1029,middle,data,delay,0.8418171866447729,1827
ROLL-CP,S4,1029,late,probe,cost,0.9040755467196819,2012
ROLL-CP,S4,1029,late,probe,delay,0.9060636182902585,2012
ROLL-CP,S4,1029,late,data,cost,0.8622516556291391,2265
ROLL-CP,S4,1029,late,data,delay,0.856953642384106,2265
ROLL-CP,S5,1000,warmup,probe,cost,0.88125,800
ROLL-CP,S5,1000,warmup,probe,delay,0.88,800
ROLL-CP,S5,1000,warmup,data,cost,0.8864197530864197,810
ROLL-CP,S5,1000,warmup,data,delay,0.8851851851851852,810
ROLL-CP,S5,1000,early,probe,cost,0.9035714285714286,1400
ROLL-CP,S5,1000,early,probe,delay,0.9042857142857142,1400
ROLL-CP,S5,1000,early,data,cost,0.8876560332871013,1442
ROLL-CP,S5,1000,early,data,delay,0.883495145631068,1442
ROLL-CP,S5,1000,middle,probe,cost,0.8931253610629694,1731
ROLL-CP,S5,1000,middle,probe,delay,0.8885037550548815,1731
ROLL-CP,S5,1000,middle,data,cost,0.8160508541914978,2517
ROLL-CP,S5,1000,middle,data,delay,0.7632101708382996,2517
ROLL-CP,S5,1000,late,probe,cost,0.8982097186700767,1955
ROLL-CP,S5,1000,late,probe,delay,0.8961636828644501,1955
ROLL-CP,S5,1000,late,data,cost,0.8160075775515037,4223
ROLL-CP,S5,1000,late,data,delay,0.7923277291025338,4223
ROLL-CP,S5,1001,warmup,probe,cost,0.89625,800
ROLL-CP,S5,1001,warmup,probe,delay,0.89625,800
ROLL-CP,S5,1001,warmup,data,cost,0.905982905982906,819
ROLL-CP,S5,1001,warmup,data,delay,0.8925518925518926,819
ROLL-CP,S5,1001,early,probe,cost,0.8971428571428571,1400
ROLL-CP,S5,1001,early,probe,delay,0.8978571428571429,1400
ROLL-CP,S5,1001,early,data,cost,0.8628257887517147,1458
ROLL-CP,S5,1001,early,data,delay,0.8635116598079561,1458
ROLL-CP,S5,1001,middle,probe,cost,0.8919699595609474,1731
ROLL-CP,S5,1001,middle,probe,delay,0.8925476603119584,1731
ROLL-CP,S5,1001,middle,data,cost,0.8103312302839116,2536
ROLL-CP,S5,1001,middle,data,delay,0.7590694006309149,2536
ROLL-CP,S5,1001,late,probe,cost,0.8954314720812183,1970
ROLL-CP,S5,1001,late,probe,delay,0.9,1970
ROLL-CP,S5,1001,late,data,cost,0.7982832618025751,4194
ROLL-CP,S5,1001,late,data,delay,0.7854077253218884,4194
ROLL-CP,S5,1002,warmup,probe,cost,0.90375,800
ROLL-CP,S5,1002,warmup,probe,delay,0.91,800
ROLL-CP,S5,1002,warmup,data,cost,0.9169719169719169,819
ROLL-CP,S5,1002,warmup,data,delay,0.9084249084249084,819
ROLL-CP,S5,1002,early,probe,cost,0.9007142857142857,1400
ROLL-CP,S5,1002,early,probe,delay,0.9028571428571428,1400
ROLL-CP,S5,1002,early,data,cost,0.8657439446366783,1445
ROLL-CP,S5,1002,early,data,delay,0.8608996539792387,1445
ROLL-CP,S5,1002,middle,probe,cost,0.8943089430894309,1722
ROLL-CP,S5,1002,middle,probe,delay,0.8914053426248548,1722
ROLL-CP,S5,1002,middle,data,cost,0.8050339592489013,2503
ROLL-CP,S5,1002,middle,data,delay,0.7570914902117459,2503
ROLL-CP,S5,1002,late,probe,cost,0.8982188295165394,1965
ROLL-CP,S5,1002,late,probe,delay,0.8987277353689568,1965
ROLL-CP,S5,1002,late,data,cost,0.7997175806072017,4249
ROLL-CP,S5,1002,late,data,delay,0.7655919039774064,4249
ROLL-CP,S5,1003,warmup,probe,cost,0.88375,800
ROLL-CP,S5,1003,warmup,probe,delay,0.8775,800
ROLL-CP,S5,1003,warmup,data,cost,0.8975308641975308,810
ROLL-CP,S5,1003,warmup,data,delay,0.8901234567901235,810
ROLL-CP,S5,1003,early,probe,cost,0.8957142857142857,1400
ROLL-CP,S5,1003,early,probe,delay,0.8978571428571429,1400
ROLL-CP,S5,1003,early,data,cost,0.8690728945506015,1413
ROLL-CP,S5,1003,early,data,delay,0.8697806086341118,1413
ROLL-CP,S5,1003,middle,probe,cost,0.8912666281087334,1729
ROLL-CP,S5,1003,middle,probe,delay,0.8906882591093117,1729
ROLL-CP,S5,1003,middle,data,cost,0.8397129186602871,2508
ROLL-CP,S5,1003,middle,data,delay,0.7874800637958532,2508
ROLL-CP,S5,1003,late,probe,cost,0.8979187314172448,2018
ROLL-CP,S5,1003,late,probe,delay,0.8999008919722498,2018
ROLL-CP,S5,1003,late,data,cost,0.8098116717042548,4301
ROLL-CP,S5,1003,late,data,delay,0.7993489886073006,4301
ROLL-CP,S5,1004,warmup,probe,cost,0.9025,800
ROLL-CP,S5,1004,warmup,probe,delay,0.89625,800
ROLL-CP,S5,1004,warmup,data,cost,0.8733087330873309,813
ROLL-CP,S5,1004,warmup,data,delay,0.8585485854858549,813
ROLL-CP,S5,1004,early,probe,cost,0.9021428571428571,1400
ROLL-CP,S5,1004,early,probe,delay,0.9007142857142857,1400
ROLL-CP,S5,1004,early,data,cost,0.8688750862663907,1449
ROLL-CP,S5,1004,early,data,delay,0.8619737750172533,1449
ROLL-CP,S5,1004,middle,probe,cost,0.892128279883382,1715
ROLL-CP,S5,1004,middle,probe,delay,0.8833819241982507,1715
ROLL-CP,S5,1004,middle,data,cost,0.8610662358642972,2476
ROLL-CP,S5,1004,middle,data,delay,0.81421647819063,2476
ROLL-CP,S5,1004,late,probe,cost,0.9012671594508975,1894
ROLL-CP,S5,1004,late,probe,delay,0.9039070749736009,1894
ROLL-CP,S5,1004,late,data,cost,0.7991255768763663,4117
ROLL-CP,S5,1004,late,data,delay,0.7908671362642701,4117
ROLL-CP,S5,1005,warmup,probe,cost,0.895,800
ROLL-CP,S5,1005,warmup,probe,delay,0.9025,800
ROLL-CP,S5,1005,warmup,data,cost,0.8594132029339854,818
ROLL-CP,S5,1005,warmup,data,delay,0.8533007334963325,818
ROLL-CP,S5,1005,early,probe,cost,0.8957142857142857,1400
ROLL-CP,S5,1005,early,probe,delay,0.8921428571428571,1400
ROLL-CP,S5,1005,early,data,cost,0.8579426172148356,1429
ROLL-CP,S5,1005,early,data,delay,0.8502449265220434,1429
ROLL-CP,S5,1005,middle,probe,cost,0.89198606271777,1722
ROLL-CP,S5,1005,middle,probe,delay,0.8943089430894309,1722
ROLL-CP,S5,1005,middle,data,cost,0.8383013474887709,2449
ROLL-CP,S5,1005,middle,data,delay,0.7893017558187015,2449
ROLL-CP,S5,1005,late,probe,cost,0.900896151818661,1897
ROLL-CP,S5,1005,late,probe,delay,0.9024775962045335,1897
ROLL-CP,S5,1005,late,data,cost,0.8222275679576617,4157
ROLL-CP,S5,1005,late,data,delay,0.8118835698821265,4157
ROLL-CP,S5,1006,warmup,probe,cost,0.91375,800
ROLL-CP,S5,1006,warmup,probe,delay,0.90375,800
ROLL-CP,S5,1006,warmup,data,cost,0.8878048780487805,820
ROLL-CP,S5,1006,warmup,data,delay,0.875609756097561,820
ROLL-CP,S5,1006,early,probe,cost,0.8957142857142857,1400
ROLL-CP,S5,1006,early,probe,delay,0.895,1400
ROLL-CP,S5,1006,early,data,cost,0.8779310344827587,1450
ROLL-CP,S5,1006,early,data,delay,0.8731034482758621,1450
ROLL-CP,S5,1006,middle,probe,cost,0.8914549653579676,1732
ROLL-CP,S5,1006,middle,probe,delay,0.890877598152425,1732
ROLL-CP,S5,1006,middle,data,cost,0.8263665594855305,2488
ROLL-CP,S5,1006,middle,data,delay,0.7640675241157556,2488
ROLL-CP,S5,1006,late,probe,cost,0.8951048951048951,1859
ROLL-CP,S5,1006,late,probe,delay,0.8951048951048951,1859
ROLL-CP,S5,1006,late,data,cost,0.8099613152804642,4136
ROLL-CP,S5,1006,late,data,delay,0.800531914893617,4136
ROLL-CP,S5,1007,warmup,probe,cost,0.89625,800
ROLL-CP,S5,1007,warmup,probe,delay,0.89875,800
ROLL-CP,S5,1007,warmup,data,cost,0.8848920863309353,834
ROLL-CP,S5,1007,warmup,data,delay,0.8597122302158273,834
ROLL-CP,S5,1007,early,probe,cost,0.9085714285714286,1400
ROLL-CP,S5,1007,early,probe,delay,0.9028571428571428,1400
ROLL-CP,S5,1007,early,data,cost,0.8597938144329897,1455
ROLL-CP,S5,1007,early,data,delay,0.8515463917525773,1455
ROLL-CP,S5,1007,middle,probe,cost,0.8926291352292514,1723
ROLL-CP,S5,1007,middle,probe,delay,0.8874056877539176,1723
ROLL-CP,S5,1007,middle,data,cost,0.8348734431498593,2489
ROLL-CP,S5,1007,middle,data,delay,0.7926878264363199,2489
ROLL-CP,S5,1007,late,probe,cost,0.8949256791389031,1951
ROLL-CP,S5,1007,late,probe,delay,0.894413121476166,1951
ROLL-CP,S5,1007,late,data,cost,0.8227634434530986,4147
ROLL-CP,S5,1007,late,data,delay,0.8123945020496744,4147
ROLL-CP,S5,1008,warmup,probe,cost,0.88875,800
ROLL-CP,S5,1008,warmup,probe,delay,0.89625,800
ROLL-CP,S5,1008,warmup,data,cost,0.8963051251489869,839
ROLL-CP,S5,1008,warmup,data,delay,0.8903456495828367,839
ROLL-CP,S5,1008,early,probe,cost,0.9007142857142857,1400
ROLL-CP,S5,1008,early,probe,delay,0.8928571428571429,1400
ROLL-CP,S5,1008,early,data,cost,0.8760217983651226,1468
ROLL-CP,S5,1008,early,data,delay,0.8726158038147139,1468
ROLL-CP,S5,1008,middle,probe,cost,0.8922987840185292,1727
ROLL-CP,S5,1008,middle,probe,delay,0.889982628836132,1727
ROLL-CP,S5,1008,middle,data,cost,0.8252,2500
ROLL-CP,S5,1008,middle,data,delay,0.7924,2500
ROLL-CP,S5,1008,late,probe,cost,0.9013429752066116,1936
ROLL-CP,S5,1008,late,probe,delay,0.9018595041322314,1936
ROLL-CP,S5,1008,late,data,cost,0.8163753890351927,4177
ROLL-CP,S5,1008,late,data,delay,0.8075173569547522,4177
ROLL-CP,S5,1009,warmup,probe,cost,0.9025,800
ROLL-CP,S5,1009,warmup,probe,delay,0.9,800
ROLL-CP,S5,1009,warmup,data,cost,0.894993894993895,819
ROLL-CP,S5,1009,warmup,data,delay,0.8803418803418803,819
ROLL-CP,S5,1009,early,probe,cost,0.8985714285714286,1400
ROLL-CP,S5,1009,early,probe,delay,0.8971428571428571,1400
ROLL-CP,S5,1009,early,data,cost,0.8937931034482759,1450
ROLL-CP,S5,1009,early,data,delay,0.8924137931034483,1450
ROLL-CP,S5,1009,middle,probe,cost,0.8885664538595474,1723
ROLL-CP,S5,1009,middle,probe,delay,0.8903076030179918,1723
ROLL-CP,S5,1009,middle,data,cost,0.843432289548597,2459
ROLL-CP,S5,1009,middle,data,delay,0.8031720211468076,2459
ROLL-CP,S5,1009,late,probe,cost,0.8960422163588391,1895
ROLL-CP,S5,1009,late,probe,delay,0.8992084432717679,1895
ROLL-CP,S5,1009,late,data,cost,0.815994166261546,4114
ROLL-CP,S5,1009,late,data,delay,0.8055420515313564,4114
ROLL-CP,S5,1010,warmup,probe,cost,0.895,800
ROLL-CP,S5,1010,warmup,probe,delay,0.89,800
ROLL-CP,S5,1010,warmup,data,cost,0.875453446191052,827
ROLL-CP,S5,1010,warmup,data,delay,0.8730350665054414,827
ROLL-CP,S5,1010,early,probe,cost,0.89,1400
ROLL-CP,S5,1010,early,probe,delay,0.8957142857142857,1400
ROLL-CP,S5,1010,early,data,cost,0.8690074274139096,1481
ROLL-CP,S5,1010,early,data,delay,0.8663065496286293,1481
ROLL-CP,S5,1010,middle,probe,cost,0.8967780429594272,1676
ROLL-CP,S5,1010,middle,probe,delay,0.8902147971360382,1676
ROLL-CP,S5,1010,middle,data,cost,0.8442723196086425,2453
ROLL-CP,S5,1010,middle,data,delay,0.8043212392988178,2453
ROLL-CP,S5,1010,late,probe,cost,0.8951376684241359,1707
ROLL-CP,S5,1010,late,probe,delay,0.8986526069127123,1707
ROLL-CP,S5,1010,late,data,cost,0.817931379914851,3993
ROLL-CP,S5,1010,late,data,delay,0.808915602304032,3993
ROLL-CP,S5,1011,warmup,probe,cost,0.8825,800
ROLL-CP,S5,1011,warmup,probe,delay,0.8925,800
ROLL-CP,S5,1011,warmup,data,cost,0.8876678876678876,819
ROLL-CP,S5,1011,warmup,data,delay,0.8852258852258852,819
ROLL-CP,S5,1011,early,probe,cost,0.8992857142857142,1400
ROLL-CP,S5,1011,early,probe,delay,0.8992857142857142,1400
ROLL-CP,S5,1011,early,data,cost,0.896457765667575,1468
ROLL-CP,S5,1011,early,data,delay,0.8876021798365122,1468
ROLL-CP,S5,1011,middle,probe,cost,0.9058891454965358,1732
ROLL-CP,S5,1011,middle,probe,delay,0.8966512702078522,1732
ROLL-CP,S5,1011,middle,data,cost,0.8698602794411178,2505
ROLL-CP,S5,1011,middle,data,delay,0.837125748502994,2505
ROLL-CP,S5,1011,late,probe,cost,0.8938244853737811,1846
ROLL-CP,S5,1011,late,probe,delay,0.8959913326110509,1846
ROLL-CP,S5,1011,late,data,cost,0.8342272062408581,4102
ROLL-CP,S5,1011,late,data,delay,0.8198439785470503,4102
ROLL-CP,S5,1012,warmup,probe,cost,0.89875,800
ROLL-CP,S5,1012,warmup,probe,delay,0.895,800
ROLL-CP,S5,1012,warmup,data,cost,0.8682926829268293,820
ROLL-CP,S5,1012,warmup,data,delay,0.8658536585365854,820
ROLL-CP,S5,1012,early,probe,cost,0.8971428571428571,1400
ROLL-CP,S5,1012,early,probe,delay,0.8978571428571429,1400
ROLL-CP,S5,1012,early,data,cost,0.8744769874476988,1434
ROLL-CP,S5,1012,early,data,delay,0.8695955369595537,1434
ROLL-CP,S5,1012,middle,probe,cost,0.897864974033468,1733
ROLL-CP,S5,1012,middle,probe,delay,0.8880553952683208,1733
ROLL-CP,S5,1012,middle,data,cost,0.8592681946119823,2487
ROLL-CP,S5,1012,middle,data,delay,0.8222758343385606,2487
ROLL-CP,S5,1012,late,probe,cost,0.8963541666666667,1920
ROLL-CP,S5,1012,late,probe,delay,0.896875,1920
ROLL-CP,S5,1012,late,data,cost,0.822700119474313,4185
ROLL-CP,S5,1012,late,data,delay,0.801194743130227,4185
ROLL-CP,S5,1013,warmup,probe,cost,0.90125,800
ROLL-CP,S5,1013,warmup,probe,delay,0.8875,800
ROLL-CP,S5,1013,warmup,data,cost,0.8955773955773956,814
ROLL-CP,S5,1013,warmup,data,delay,0.8845208845208845,814
ROLL-CP,S5,1013,early,probe,cost,0.8978571428571429,1400
ROLL-CP,S5,1013,early,probe,delay,0.9014285714285715,1400
ROLL-CP,S5,1013,early,data,cost,0.8641732283464567,1524
ROLL-CP,S5,1013,early,data,delay,0.8589238845144357,1524
ROLL-CP,S5,1013,middle,probe,cost,0.896551724137931,1740
ROLL-CP,S5,1013,middle,probe,delay,0.8879310344827587,1740
ROLL-CP,S5,1013,middle,data,cost,0.8331360946745562,2535
ROLL-CP,S5,1013,middle,data,delay,0.7877712031558185,2535
ROLL-CP,S5,1013,late,probe,cost,0.8937360178970917,1788
ROLL-CP,S5,1013,late,probe,delay,0.8959731543624161,1788
ROLL-CP,S5,1013,late,data,cost,0.835931700074239,4041
ROLL-CP,S5,1013,late,data,delay,0.8257856966097501,4041
ROLL-CP,S5,1014,warmup,probe,cost,0.90625,800
ROLL-CP,S5,1014,warmup,probe,delay,0.905,800
ROLL-CP,S5,1014,warmup,data,cost,0.8890243902439025,820
ROLL-CP,S5,1014,warmup,data,delay,0.8792682926829268,820
ROLL-CP,S5,1014,early,probe,cost,0.8935714285714286,1400
ROLL-CP,S5,1014,early,probe,delay,0.8942857142857142,1400
ROLL-CP,S5,1014,early,data,cost,0.8754325259515571,1445
ROLL-CP,S5,1014,early,data,delay,0.8719723183391004,1445
ROLL-CP,S5,1014,middle,probe,cost,0.8989023685730791,1731
ROLL-CP,S5,1014,middle,probe,delay,0.8896591565569035,1731
ROLL-CP,S5,1014,middle,data,cost,0.8196591359492668,2523
ROLL-CP,S5,1014,middle,data,delay,0.7657550535077289,2523
ROLL-CP,S5,1014,late,probe,cost,0.899492385786802,1970
ROLL-CP,S5,1014,late,probe,delay,0.8984771573604061,1970
ROLL-CP,S5,1014,late,data,cost,0.8278145695364238,4228
ROLL-CP,S5,1014,late,data,delay,0.8159886471144749,4228
ROLL-CP,S5,1015,warmup,probe,cost,0.89,800
ROLL-CP,S5,1015,warmup,probe,delay,0.8975,800
ROLL-CP,S5,1015,warmup,data,cost,0.8878048780487805,820
ROLL-CP,S5,1015,warmup,data,delay,0.8804878048780488,820
ROLL-CP,S5,1015,early,probe,cost,0.9007142857142857,1400
ROLL-CP,S5,1015,early,probe,delay,0.9028571428571428,1400
ROLL-CP,S5,1015,early,data,cost,0.8695345557122708,1418
ROLL-CP,S5,1015,early,data,delay,0.8674188998589563,1418
ROLL-CP,S5,1015,middle,probe,cost,0.8932944606413994,1715
ROLL-CP,S5,1015,middle,probe,delay,0.885131195335277,1715
ROLL-CP,S5,1015,middle,data,cost,0.8551193848644274,2471
ROLL-CP,S5,1015,middle,data,delay,0.8004856333468231,2471
ROLL-CP,S5,1015,late,probe,cost,0.897761953204476,1966
ROLL-CP,S5,1015,late,probe,delay,0.8972533062054934,1966
ROLL-CP,S5,1015,late,data,cost,0.8316167664670658,4175
ROLL-CP,S5,1015,late,data,delay,0.7942514970059881,4175
ROLL-CP,S5,1016,warmup,probe,cost,0.91625,800
ROLL-CP,S5,1016,warmup,probe,delay,0.915,800
ROLL-CP,S5,1016,warmup,data,cost,0.884004884004884,819
ROLL-CP,S5,1016,warmup,data,delay,0.8803418803418803,819
ROLL-CP,S5,1016,early,probe,cost,0.9042857142857142,1400
ROLL-CP,S5,1016,early,probe,delay,0.9021428571428571,1400
ROLL-CP,S5,1016,early,data,cost,0.8578397212543554,1435
ROLL-CP,S5,1016,early,data,delay,0.8543554006968641,1435
ROLL-CP,S5,1016,middle,probe,cost,0.8922987840185292,1727
ROLL-CP,S5,1016,middle,probe,delay,0.8882455124493341,1727
ROLL-CP,S5,1016,middle,data,cost,0.8377403846153846,2496
ROLL-CP,S5,1016,middle,data,delay,0.7836538461538461,2496
ROLL-CP,S5,1016,late,probe,cost,0.8945916114790287,1812
ROLL-CP,S5,1016,late,probe,delay,0.8956953642384106,1812
ROLL-CP,S5,1016,late,data,cost,0.8061630218687873,4024
ROLL-CP,S5,1016,late,data,delay,0.7964711729622267,4024
ROLL-CP,S5,1017,warmup,probe,cost,0.895,800
ROLL-CP,S5,1017,warmup,probe,delay,0.89875,800
ROLL-CP,S5,1017,warmup,data,cost,0.8776009791921665,817
ROLL-CP,S5,1017,warmup,data,delay,0.8788249694002448,817
ROLL-CP,S5,1017,early,probe,cost,0.895,1400
ROLL-CP,S5,1017,early,probe,delay,0.8957142857142857,1400
ROLL-CP,S5,1017,early,data,cost,0.8804195804195805,1430
ROLL-CP,S5,1017,early,data,delay,0.8832167832167832,1430
ROLL-CP,S5,1017,middle,probe,cost,0.8969310943833236,1727
ROLL-CP,S5,1017,middle,probe,delay,0.8928778228141285,1727
ROLL-CP,S5,1017,middle,data,cost,0.8530959125859976,2471
ROLL-CP,S5,1017,middle,data,delay,0.8016997167138811,2471
ROLL-CP,S5,1017,late,probe,cost,0.8912493677288822,1977
ROLL-CP,S5,1017,late,probe,delay,0.8963075366717248,1977
ROLL-CP,S5,1017,late,data,cost,0.7819262782401902,4205
ROLL-CP,S5,1017,late,data,delay,0.7476813317479192,4205
ROLL-CP,S5,1018,warmup,probe,cost,0.89875,800
ROLL-CP,S5,1018,warmup,probe,delay,0.895,800
ROLL-CP,S5,1018,warmup,data,cost,0.9,810
ROLL-CP,S5,1018,warmup,data,delay,0.891358024691358,810
ROLL-CP,S5,1018,early,probe,cost,0.9035714285714286,1400
ROLL-CP,S5,1018,early,probe,delay,0.8971428571428571,1400
ROLL-CP,S5,1018,early,data,cost,0.8892757660167131,1436
ROLL-CP,S5,1018,early,data,delay,0.8788300835654597,1436
ROLL-CP,S5,1018,middle,probe,cost,0.896133871898442,1733
ROLL-CP,S5,1018,middle,probe,delay,0.8857472590882862,1733
ROLL-CP,S5,1018,middle,data,cost,0.8179601787891101,2461
ROLL-CP,S5,1018,middle,data,delay,0.778138967899228,2461
ROLL-CP,S5,1018,late,probe,cost,0.8957569408067051,1909
ROLL-CP,S5,1018,late,probe,delay,0.9009952854897852,1909
ROLL-CP,S5,1018,late,data,cost,0.8173053747891058,4149
ROLL-CP,S5,1018,late,data,delay,0.8062183658712943,4149
ROLL-CP,S5,1019,warmup,probe,cost,0.885,800
ROLL-CP,S5,1019,warmup,probe,delay,0.89,800
ROLL-CP,S5,1019,warmup,data,cost,0.8775,800
ROLL-CP,S5,1019,warmup,data,delay,0.87625,800
ROLL-CP,S5,1019,early,probe,cost,0.8921428571428571,1400
ROLL-CP,S5,1019,early,probe,delay,0.8928571428571429,1400
ROLL-CP,S5,1019,early,data,cost,0.872852233676976,1455
ROLL-CP,S5,1019,early,data,delay,0.872852233676976,1455
ROLL-CP,S5,1019,middle,probe,cost,0.8900462962962963,1728
ROLL-CP,S5,1019,middle,probe,delay,0.8854166666666666,1728
ROLL-CP,S5,1019,middle,data,cost,0.8321108394458028,2454
ROLL-CP,S5,1019,middle,data,delay,0.7815810920945395,2454
ROLL-CP,S5,1019,late,probe,cost,0.8973941368078175,1842
ROLL-CP,S5,1019,late,probe,delay,0.9017372421281216,1842
ROLL-CP,S5,1019,late,data,cost,0.8249442102653112,4033
ROLL-CP,S5,1019,late,data,delay,0.8137862633275478,4033
ROLL-CP,S5,1020,warmup,probe,cost,0.90625,800
ROLL-CP,S5,1020,warmup,probe,delay,0.90875,800
ROLL-CP,S5,1020,warmup,data,cost,0.87125,800
ROLL-CP,S5,1020,warmup,data,delay,0.875,800
ROLL-CP,S5,1020,early,probe,cost,0.895,1400
ROLL-CP,S5,1020,early,probe,delay,0.8942857142857142,1400
ROLL-CP,S5,1020,early,data,cost,0.872249822569198,1409
ROLL-CP,S5,1020,early,data,delay,0.8665720369056068,1409
ROLL-CP,S5,1020,middle,probe,cost,0.9009843659525189,1727
ROLL-CP,S5,1020,middle,probe,delay,0.8859293572669369,1727
ROLL-CP,S5,1020,middle,data,cost,0.8125760649087221,2465
ROLL-CP,S5,1020,middle,data,delay,0.7675456389452333,2465
ROLL-CP,S5,1020,late,probe,cost,0.8967674661105318,1918
ROLL-CP,S5,1020,late,probe,delay,0.8983315954118873,1918
ROLL-CP,S5,1020,late,data,cost,0.8200526441732472,4179
ROLL-CP,S5,1020,late,data,delay,0.8018664752333095,4179
ROLL-CP,S5,1021,warmup,probe,cost,0.8875,800
ROLL-CP,S5,1021,warmup,probe,delay,0.88,800
ROLL-CP,S5,1021,warmup,data,cost,0.8817073170731707,820
ROLL-CP,S5,1021,warmup,data,delay,0.8731707317073171,820
ROLL-CP,S5,1021,early,probe,cost,0.8942857142857142,1400
ROLL-CP,S5,1021,early,probe,delay,0.8971428571428571,1400
ROLL-CP,S5,1021,early,data,cost,0.8806896551724138,1450
ROLL-CP,S5,1021,early,data,delay,0.8675862068965517,1450
ROLL-CP,S5,1021,middle,probe,cost,0.8978996499416569,1714
ROLL-CP,S5,1021,middle,probe,delay,0.8920653442240374,1714
ROLL-CP,S5,1021,middle,data,cost,0.8256185155626496,2506
ROLL-CP,S5,1021,middle,data,delay,0.7873104549082203,2506
ROLL-CP,S5,1021,late,probe,cost,0.8965336134453782,1904
ROLL-CP,S5,1021,late,probe,delay,0.8970588235294118,1904
ROLL-CP,S5,1021,late,data,cost,0.8285094066570188,4146
ROLL-CP,S5,1021,late,data,delay,0.8137964302942595,4146
ROLL-CP,S5,1022,warmup,probe,cost,0.895,800
ROLL-CP,S5,1022,warmup,probe,delay,0.89875,800
ROLL-CP,S5,1022,warmup,data,cost,0.8800489596083231,817
ROLL-CP,S5,1022,warmup,data,delay,0.8849449204406364,817
ROLL-CP,S5,1022,early,probe,cost,0.9014285714285715,1400
ROLL-CP,S5,1022,early,probe,delay,0.9028571428571428,1400
ROLL-CP,S5,1022,early,data,cost,0.8786610878661087,1434
ROLL-CP,S5,1022,early,data,delay,0.8779637377963738,1434
ROLL-CP,S5,1022,middle,probe,cost,0.8907611853573504,1721
ROLL-CP,S5,1022,middle,probe,delay,0.8820453224869262,1721
ROLL-CP,S5,1022,middle,data,cost,0.8272690923630548,2501
ROLL-CP,S5,1022,middle,data,delay,0.7832866853258696,2501
ROLL-CP,S5,1022,late,probe,cost,0.9021739130434783,1840
ROLL-CP,S5,1022,late,probe,delay,0.9059782608695652,1840
ROLL-CP,S5,1022,late,data,cost,0.8204433497536946,4060
ROLL-CP,S5,1022,late,data,delay,0.804679802955665,4060
ROLL-CP,S5,1023,warmup,probe,cost,0.88875,800
ROLL-CP,S5,1023,warmup,probe,delay,0.88875,800
ROLL-CP,S5,1023,warmup,data,cost,0.8822085889570552,815
ROLL-CP,S5,1023,warmup,data,delay,0.8785276073619632,815
ROLL-CP,S5,1023,early,probe,cost,0.8978571428571429,1400
ROLL-CP,S5,1023,early,probe,delay,0.895,1400
ROLL-CP,S5,1023,early,data,cost,0.864883401920439,1458
ROLL-CP,S5,1023,early,data,delay,0.8600823045267489,1458
ROLL-CP,S5,1023,middle,probe,cost,0.8966918165989554,1723
ROLL-CP,S5,1023,middle,probe,delay,0.8966918165989554,1723
ROLL-CP,S5,1023,middle,data,cost,0.8219066937119676,2465
ROLL-CP,S5,1023,middle,data,delay,0.7732251521298175,2465
ROLL-CP,S5,1023,late,probe,cost,0.8976793248945147,1896
ROLL-CP,S5,1023,late,probe,delay,0.8982067510548524,1896
ROLL-CP,S5,1023,late,data,cost,0.810678422728386,4083
ROLL-CP,S5,1023,late,data,delay,0.8003918687239775,4083
ROLL-CP,S5,1024,warmup,probe,cost,0.88375,800
ROLL-CP,S5,1024,warmup,probe,delay,0.8775,800
ROLL-CP,S5,1024,warmup,data,cost,0.9034564958283671,839
ROLL-CP,S5,1024,warmup,data,delay,0.8939213349225268,839
ROLL-CP,S5,1024,early,probe,cost,0.895,1400
ROLL-CP,S5,1024,early,probe,delay,0.8971428571428571,1400
ROLL-CP,S5,1024,early,data,cost,0.8870523415977961,1452
ROLL-CP,S5,1024,early,data,delay,0.8787878787878788,1452
ROLL-CP,S5,1024,middle,probe,cost,0.8910891089108911,1717
ROLL-CP,S5,1024,middle,probe,delay,0.8922539312754805,1717
ROLL-CP,S5,1024,middle,data,cost,0.8400483481063659,2482
ROLL-CP,S5,1024,middle,data,delay,0.7945205479452054,2482
ROLL-CP,S5,1024,late,probe,cost,0.8983140147523709,1898
ROLL-CP,S5,1024,late,probe,delay,0.8977871443624869,1898
ROLL-CP,S5,1024,late,data,cost,0.8268858800773694,4136
ROLL-CP,S5,1024,late,data,delay,0.8099613152804642,4136
ROLL-CP,S5,1025,warmup,probe,cost,0.91125,800
ROLL-CP,S5,1025,warmup,probe,delay,0.8975,800
ROLL-CP,S5,1025,warmup,data,cost,0.9024691358024691,810
ROLL-CP,S5,1025,warmup,data,delay,0.891358024691358,810
ROLL-CP,S5,1025,early,probe,cost,0.8914285714285715,1400
ROLL-CP,S5,1025,early,probe,delay,0.8928571428571429,1400
ROLL-CP,S5,1025,early,data,cost,0.8657123381049762,1467
ROLL-CP,S5,1025,early,data,delay,0.8616223585548739,1467
ROLL-CP,S5,1025,middle,probe,cost,0.8889531521110469,1729
ROLL-CP,S5,1025,middle,probe,delay,0.8837478311162522,1729
ROLL-CP,S5,1025,middle,data,cost,0.8461845785057931,2503
ROLL-CP,S5,1025,middle,data,delay,0.8034358769476628,2503
ROLL-CP,S5,1025,late,probe,cost,0.8999502239920358,2009
ROLL-CP,S5,1025,late,probe,delay,0.8994524639123942,2009
ROLL-CP,S5,1025,late,data,cost,0.8198005698005698,4212
ROLL-CP,S5,1025,late,data,delay,0.7981956315289649,4212
ROLL-CP,S5,1026,warmup,probe,cost,0.88875,800
ROLL-CP,S5,1026,warmup,probe,delay,0.885,800
ROLL-CP,S5,1026,warmup,data,cost,0.8899521531100478,836
ROLL-CP,S5,1026,warmup,data,delay,0.8851674641148325,836
ROLL-CP,S5,1026,early,probe,cost,0.9085714285714286,1400
ROLL-CP,S5,1026,early,probe,delay,0.9057142857142857,1400
ROLL-CP,S5,1026,early,data,cost,0.8838004101161996,1463
ROLL-CP,S5,1026,early,data,delay,0.8769651401230348,1463
ROLL-CP,S5,1026,middle,probe,cost,0.8950437317784257,1715
ROLL-CP,S5,1026,middle,probe,delay,0.8845481049562682,1715
ROLL-CP,S5,1026,middle,data,cost,0.8510212254705647,2497
ROLL-CP,S5,1026,middle,data,delay,0.801762114537445,2497
ROLL-CP,S5,1026,late,probe,cost,0.9040632054176072,1772
ROLL-CP,S5,1026,late,probe,delay,0.9102708803611738,1772
ROLL-CP,S5,1026,late,data,cost,0.8368526897938663,3978
ROLL-CP,S5,1026,late,data,delay,0.8262946204122674,3978
ROLL-CP,S5,1027,warmup,probe,cost,0.8975,800
ROLL-CP,S5,1027,warmup,probe,delay,0.89625,800
ROLL-CP,S5,1027,warmup,data,cost,0.89,800
ROLL-CP,S5,1027,warmup,data,delay,0.885,800
ROLL-CP,S5,1027,early,probe,cost,0.9021428571428571,1400
ROLL-CP,S5,1027,early,probe,delay,0.8985714285714286,1400
ROLL-CP,S5,1027,early,data,cost,0.8629757785467128,1445
ROLL-CP,S5,1027,early,data,delay,0.859515570934256,1445
ROLL-CP,S5,1027,middle,probe,cost,0.8948584633160023,1731
ROLL-CP,S5,1027,middle,probe,delay,0.8885037550548815,1731
ROLL-CP,S5,1027,middle,data,cost,0.8106365834004835,2482
ROLL-CP,S5,1027,middle,data,delay,0.7574536663980661,2482
ROLL-CP,S5,1027,late,probe,cost,0.895002523977789,1981
ROLL-CP,S5,1027,late,probe,delay,0.895002523977789,1981
ROLL-CP,S5,1027,late,data,cost,0.7941035474592522,4172
ROLL-CP,S5,1027,late,data,delay,0.7696548418024928,4172
ROLL-CP,S5,1028,warmup,probe,cost,0.895,800
ROLL-CP,S5,1028,warmup,probe,delay,0.8975,800
ROLL-CP,S5,1028,warmup,data,cost,0.8997555012224939,818
ROLL-CP,S5,1028,warmup,data,delay,0.8985330073349633,818
ROLL-CP,S5,1028,early,probe,cost,0.9,1400
ROLL-CP,S5,1028,early,probe,delay,0.8964285714285715,1400
ROLL-CP,S5,1028,early,data,cost,0.8722958827634334,1433
ROLL-CP,S5,1028,early,data,delay,0.8653175157013259,1433
ROLL-CP,S5,1028,middle,probe,cost,0.8895281933256617,1738
ROLL-CP,S5,1028,middle,probe,delay,0.8901035673187572,1738
ROLL-CP,S5,1028,middle,data,cost,0.8242109468637635,2503
ROLL-CP,S5,1028,middle,data,delay,0.7918497802636836,2503
ROLL-CP,S5,1028,late,probe,cost,0.9015069967707212,1858
ROLL-CP,S5,1028,late,probe,delay,0.9047362755651238,1858
ROLL-CP,S5,1028,late,data,cost,0.822287677957781,4074
ROLL-CP,S5,1028,late,data,delay,0.7997054491899853,4074
ROLL-CP,S5,1029,warmup,probe,cost,0.88375,800
ROLL-CP,S5,1029,warmup,probe,delay,0.8875,800
ROLL-CP,S5,1029,warmup,data,cost,0.8864197530864197,810
ROLL-CP,S5,1029,warmup,data,delay,0.8802469135802469,810
ROLL-CP,S5,1029,early,probe,cost,0.9007142857142857,1400
ROLL-CP,S5,1029,early,probe,delay,0.9028571428571428,1400
ROLL-CP,S5,1029,early,data,cost,0.8752613240418119,1435
ROLL-CP,S5,1029,early,data,delay,0.8759581881533101,1435
ROLL-CP,S5,1029,middle,probe,cost,0.8847497089639115,1718
ROLL-CP,S5,1029,middle,probe,delay,0.8847497089639115,1718
ROLL-CP,S5,1029,middle,data,cost,0.8315454906634883,2517
ROLL-CP,S5,1029,middle,data,delay,0.787445371473977,2517
ROLL-CP,S5,1029,late,probe,cost,0.8977395048439182,1858
ROLL-CP,S5,1029,late,probe,delay,0.9009687836383208,1858
ROLL-CP,S5,1029,late,data,cost,0.8171833048572126,4097
ROLL-CP,S5,1029,late,data,delay,0.8101049548450086,4097
